{"type" : "FeatureCollection", "features" : [{"type" : "Feature", "geometry" : {"type":"Point","coordinates":[121.5505691,25.061082]}, "properties" : {"name" : "《扶風堂》披薩。義麵。吉拉朵", "district" : "松山區", "address" : "臺北市松山區敦化北路165巷5號1樓", "category" : "環保餐廳", "phone" : "(02)27153377", "eco_tags" : "環境管理, 惜食(善用食材), 環境教育"}}, {"type" : "Feature", "geometry" : {"type":"Point","coordinates":[121.5434155,25.0214125]}, "properties" : {"name" : "6：35 Brunch & Dinner(大安旗艦店)", "district" : "大安區", "address" : "臺北市大安區復興南路二段288號", "category" : "環保餐廳", "phone" : "(02)23770100", "eco_tags" : "環境管理"}}, {"type" : "Feature", "geometry" : {"type":"Point","coordinates":[121.574603,25.0634322]}, "properties" : {"name" : "88號樂章-88 La Plaza", "district" : "內湖區", "address" : "臺北市內湖區民善街88號5樓", "category" : "環保餐廳", "phone" : "(02)27943800", "eco_tags" : "環境管理, 綠色採購"}}, {"type" : "Feature", "geometry" : {"type":"Point","coordinates":[121.534395,25.0265152]}, "properties" : {"name" : "Aunt Stella 詩特莉", "district" : "大安區", "address" : "臺北市大安區忠孝東路三段300號B3", "category" : "環保餐廳", "phone" : "(02)87721638", "eco_tags" : "環境管理, 源頭減量, 惜食(善用食材)"}}, {"type" : "Feature", "geometry" : {"type":"Point","coordinates":[121.5595527,25.0329947]}, "properties" : {"name" : "AW Cafe Wine Bistro", "district" : "信義區", "address" : "臺北市信義區信義路四段115-2號", "category" : "環保餐廳", "phone" : "(02)27012498", "eco_tags" : "環境管理, 綠色採購, 食材及餐點, 源頭減量, 惜食(打包服務), 惜食(善用食材), 環境教育"}}, {"type" : "Feature", "geometry" : {"type":"Point","coordinates":[121.562988,25.0412465]}, "properties" : {"name" : "BaganHood 蔬食餐酒館", "district" : "信義區", "address" : "臺北市信義區忠孝東路四段553巷46弄11號", "category" : "環保餐廳", "phone" : "(02)37622557", "eco_tags" : "惜食(善用食材), 環境教育"}}, {"type" : "Feature", "geometry" : {"type":"Point","coordinates":[121.5437599,25.0379046]}, "properties" : {"name" : "Bar. Tender 八天餐酒館", "district" : "大安區", "address" : "臺北市大安區復興南路一段107巷5弄2號", "category" : "環保餐廳", "phone" : "(02)27782105", "eco_tags" : "環境管理, 源頭減量"}}, {"type" : "Feature", "geometry" : {"type":"Point","coordinates":[121.5269522,25.0287945]}, "properties" : {"name" : "Bea's Bistro 美式餐館", "district" : "大安區", "address" : "臺北市大安區潮州街133號", "category" : "環保餐廳", "phone" : "(02)23918827", "eco_tags" : "環境管理, 惜食(善用食材), 環境教育"}}, {"type" : "Feature", "geometry" : {"type":"Point","coordinates":[121.5443162,25.062185]}, "properties" : {"name" : "Blooming 花漾蒔光", "district" : "松山區", "address" : "臺北市松山區復興北路313巷38號", "category" : "環保餐廳", "phone" : "(02)25460909", "eco_tags" : "環境管理"}}, {"type" : "Feature", "geometry" : {"type":"Point","coordinates":[121.4993322,25.0319327]}, "properties" : {"name" : "Blue磚塊義法廚房", "district" : "萬華區", "address" : "臺北市萬華區武昌街二段83之8號", "category" : "環保餐廳", "phone" : "(02)23110070", "eco_tags" : "環境管理"}}, {"type" : "Feature", "geometry" : {"type":"Point","coordinates":[121.524177,25.0270164]}, "properties" : {"name" : "Camo咖啡", "district" : "大安區", "address" : "臺北市大安區和平東路一段129號", "category" : "環保餐廳", "phone" : "(02)33433931", "eco_tags" : "環境管理, 綠色採購, 源頭減量, 惜食(善用食材), 環境教育"}}, {"type" : "Feature", "geometry" : {"type":"Point","coordinates":[121.5242068,25.0918396]}, "properties" : {"name" : "Capricciosa卡布里喬莎(天母SOGO店)", "district" : "士林區", "address" : "臺北市士林區中山北路六段77號8F", "category" : "環保餐廳", "phone" : "(02)28332558", "eco_tags" : "環境管理, 綠色採購, 源頭減量, 惜食(善用食材), 環境教育"}}, {"type" : "Feature", "geometry" : {"type":"Point","coordinates":[121.5460074,25.0355809]}, "properties" : {"name" : "Chao?炒炒蔬食熱炒", "district" : "大安區", "address" : "臺北市大安區大安路一段52巷21號", "category" : "環保餐廳", "phone" : "(02)27753005", "eco_tags" : "環境管理, 綠色採購, 源頭減量, 惜食(善用食材)"}}, {"type" : "Feature", "geometry" : {"type":"Point","coordinates":[121.5504743,25.0378868]}, "properties" : {"name" : "Chinese Whispers 悄悄話餐酒館", "district" : "大安區", "address" : "臺北市大安區仁愛路四段345巷2弄11號", "category" : "環保餐廳", "phone" : "(02)27783988", "eco_tags" : "環境管理"}}, {"type" : "Feature", "geometry" : {"type":"Point","coordinates":[121.534395,25.0265152]}, "properties" : {"name" : "COFFEE LOVER's PLANET", "district" : "大安區", "address" : "臺北市大安區敦化南路一段246號B1", "category" : "環保餐廳", "phone" : "(02)27524157", "eco_tags" : "環境管理, 綠色採購, 源頭減量, 惜食(善用食材), 環境教育"}}, {"type" : "Feature", "geometry" : {"type":"Point","coordinates":[121.5578486,25.0467168]}, "properties" : {"name" : "Coming Bistro", "district" : "松山區", "address" : "臺北市松山區光復南路55號1樓", "category" : "環保餐廳", "phone" : "(02)27479225", "eco_tags" : "環境管理"}}, {"type" : "Feature", "geometry" : {"type":"Point","coordinates":[121.5460074,25.0355809]}, "properties" : {"name" : "CYCLO 洛城 忠孝門市", "district" : "大安區", "address" : "臺北市大安區大安路一段75巷9號", "category" : "環保餐廳", "phone" : "(02)27782569", "eco_tags" : "環境管理, 綠色採購, 環境教育"}}, {"type" : "Feature", "geometry" : {"type":"Point","coordinates":[121.5371359,25.0416416]}, "properties" : {"name" : "EN和食(復興SOGO店)", "district" : "大安區", "address" : "臺北市大安區忠孝東路三段300號11樓", "category" : "環保餐廳", "phone" : "(02)77450796", "eco_tags" : "--"}}, {"type" : "Feature", "geometry" : {"type":"Point","coordinates":[121.534395,25.0265152]}, "properties" : {"name" : "EN壽司．和食", "district" : "大安區", "address" : "臺北市大安區敦化南路一段246號B2", "category" : "環保餐廳", "phone" : "(02)27730246", "eco_tags" : "環境管理, 綠色採購, 源頭減量, 惜食(善用食材), 環境教育"}}, {"type" : "Feature", "geometry" : {"type":"Point","coordinates":[121.5505691,25.061082]}, "properties" : {"name" : "Fun 心 caf?", "district" : "松山區", "address" : "臺北市松山區敦化北路244巷29號1樓", "category" : "環保餐廳", "phone" : "(02)27125565", "eco_tags" : "環境管理, 綠色採購, 源頭減量, 惜食(善用食材), 環境教育"}}, {"type" : "Feature", "geometry" : {"type":"Point","coordinates":[121.5487889,25.0332347]}, "properties" : {"name" : "GUSTOSO", "district" : "大安區", "address" : "臺北市大安區敦化南路一段331號", "category" : "環保餐廳", "phone" : "(02)77269099", "eco_tags" : "環境管理, 綠色採購, 源頭減量, 惜食(善用食材), 環境教育"}}, {"type" : "Feature", "geometry" : {"type":"Point","coordinates":[121.5285215,25.021432]}, "properties" : {"name" : "inn cafe x 台北師大店", "district" : "大安區", "address" : "臺北市大安區龍泉街7號", "category" : "環保餐廳", "phone" : "(02)23690055", "eco_tags" : "環境管理, 綠色採購"}}, {"type" : "Feature", "geometry" : {"type":"Point","coordinates":[121.5337023,25.030641]}, "properties" : {"name" : "JeeWoo吉屋", "district" : "大安區", "address" : "臺北市大安區金華街145號", "category" : "環保餐廳", "phone" : "(02)23918563", "eco_tags" : "環境管理, 綠色採購, 源頭減量, 環境教育"}}, {"type" : "Feature", "geometry" : {"type":"Point","coordinates":[121.5332652,25.1102574]}, "properties" : {"name" : "KANPAI CLASSIC 天母店", "district" : "士林區", "address" : "臺北市士林區台北市士林區忠誠路二段 200 號 2 樓", "category" : "環保餐廳", "phone" : "(02)28771550", "eco_tags" : "環境管理, 源頭減量"}}, {"type" : "Feature", "geometry" : {"type":"Point","coordinates":[121.5537286,25.0414995]}, "properties" : {"name" : "Lady nara台北忠孝SOGO店", "district" : "大安區", "address" : "臺北市大安區忠孝東路四段45號12樓", "category" : "環保餐廳", "phone" : "(02)27712585", "eco_tags" : "環境管理, 綠色採購, 源頭減量, 惜食(善用食材), 環境教育"}}, {"type" : "Feature", "geometry" : {"type":"Point","coordinates":[121.584484,25.0656665]}, "properties" : {"name" : "LIFE KITCHEN", "district" : "內湖區", "address" : "臺北市內湖區新湖三路134號", "category" : "環保餐廳", "phone" : "(02)27931818", "eco_tags" : "環境管理, 綠色採購, 源頭減量, 惜食(善用食材)"}}, {"type" : "Feature", "geometry" : {"type":"Point","coordinates":[121.5081904,25.1150167]}, "properties" : {"name" : "Los TOAST 洛城吐司", "district" : "北投區", "address" : "臺北市北投區實踐街82巷6號", "category" : "環保餐廳", "phone" : "(02)28208206", "eco_tags" : "源頭減量, 惜食(善用食材)"}}, {"type" : "Feature", "geometry" : {"type":"Point","coordinates":[121.533468,25.0643611]}, "properties" : {"name" : "Machikaka 智允餐飲", "district" : "中山區", "address" : "臺北市中山區南京東路三段216巷4號一樓", "category" : "環保餐廳", "phone" : "(02)27772777", "eco_tags" : "環境管理"}}, {"type" : "Feature", "geometry" : {"type":"Point","coordinates":[121.5408594,25.0281801]}, "properties" : {"name" : "Mama Inca印加媽媽 秘魯餐館", "district" : "大安區", "address" : "臺北市大安區瑞安街31巷1-1號", "category" : "環保餐廳", "phone" : "(02)27092832", "eco_tags" : "環境管理, 綠色採購, 惜食(善用食材), 環境教育, 8"}}, {"type" : "Feature", "geometry" : {"type":"Point","coordinates":[121.5243855,25.0634632]}, "properties" : {"name" : "Maya Bistro 瑪亞餐酒", "district" : "中山區", "address" : "臺北市中山區雙城街46巷1號1樓", "category" : "環保餐廳", "phone" : "(02)25850305", "eco_tags" : "環境管理, 綠色採購, 源頭減量, 惜食(善用食材)"}}, {"type" : "Feature", "geometry" : {"type":"Point","coordinates":[121.5113074,25.0400708]}, "properties" : {"name" : "meet蘋果咖啡館", "district" : "中正區", "address" : "臺北市中正區博愛路86號", "category" : "環保餐廳", "phone" : "(02)23820025", "eco_tags" : "環境管理"}}, {"type" : "Feature", "geometry" : {"type":"Point","coordinates":[121.518267,25.0323611]}, "properties" : {"name" : "Mentari萌太利(微風台大醫院商場)", "district" : "中正區", "address" : "臺北市中正區中山南路77號B1F", "category" : "環保餐廳", "phone" : "(02)23952298", "eco_tags" : "環境管理, 環境教育"}}, {"type" : "Feature", "geometry" : {"type":"Point","coordinates":[121.5259872,25.0268024]}, "properties" : {"name" : "Miso微笑韓國料理", "district" : "大安區", "address" : "臺北市大安區金山南路二段6號", "category" : "環保餐廳", "phone" : "(02)23670281", "eco_tags" : "環境管理"}}, {"type" : "Feature", "geometry" : {"type":"Point","coordinates":[121.4993322,25.0319327]}, "properties" : {"name" : "mister donut", "district" : "萬華區", "address" : "臺北市萬華區台北市萬華區桂林路1號", "category" : "環保餐廳", "phone" : "(02)23816949", "eco_tags" : "環境管理"}}, {"type" : "Feature", "geometry" : {"type":"Point","coordinates":[121.501379,25.132419]}, "properties" : {"name" : "Mos摩斯漢堡(北榮美食街)", "district" : "北投區", "address" : "臺北市北投區石牌路二段201號生活廣場", "category" : "環保餐廳", "phone" : "(02)28710185", "eco_tags" : "環境管理, 綠色採購, 食材及餐點, 源頭減量, 惜食(打包服務), 惜食(善用食材), 環境教育"}}, {"type" : "Feature", "geometry" : {"type":"Point","coordinates":[121.518267,25.0323611]}, "properties" : {"name" : "Mos摩斯漢堡(微風台大醫院商場)", "district" : "中正區", "address" : "臺北市中正區中山南路77號B1F", "category" : "環保餐廳", "phone" : "(02)23952298", "eco_tags" : "環境管理, 環境教育"}}, {"type" : "Feature", "geometry" : {"type":"Point","coordinates":[121.534395,25.0265152]}, "properties" : {"name" : "N° 168 PRIME", "district" : "大安區", "address" : "臺北市大安區敦化南路一段246號7F", "category" : "環保餐廳", "phone" : "(02)66176168", "eco_tags" : "環境管理, 綠色採購, 源頭減量, 惜食(善用食材), 環境教育"}}, {"type" : "Feature", "geometry" : {"type":"Point","coordinates":[121.5537286,25.0414995]}, "properties" : {"name" : "Nara Thai Cuisine 台北忠孝SOGO 店", "district" : "大安區", "address" : "臺北市大安區忠孝東路四段45號11樓", "category" : "環保餐廳", "phone" : "(02)27718939", "eco_tags" : "環境管理, 綠色採購, 源頭減量, 惜食(善用食材), 環境教育"}}, {"type" : "Feature", "geometry" : {"type":"Point","coordinates":[121.518267,25.0323611]}, "properties" : {"name" : "OEC蚌麵", "district" : "中正區", "address" : "臺北市中正區台北市中正區中山南路8號B1", "category" : "環保餐廳", "phone" : "(02)23117819", "eco_tags" : "環境管理"}}, {"type" : "Feature", "geometry" : {"type":"Point","coordinates":[121.5248942,25.1040501]}, "properties" : {"name" : "omo cafe （天母SOGO店）", "district" : "士林區", "address" : "臺北市士林區中山北路六段77號5樓", "category" : "環保餐廳", "phone" : "(02)28341668", "eco_tags" : "環境管理, 綠色採購, 源頭減量, 惜食(善用食材), 環境教育"}}, {"type" : "Feature", "geometry" : {"type":"Point","coordinates":[121.524453,25.0240262]}, "properties" : {"name" : "Oohchacha自然食(古亭店)", "district" : "中正區", "address" : "臺北市中正區南昌路二段207號", "category" : "環保餐廳", "phone" : "(02)23677133", "eco_tags" : "環境管理, 惜食(善用食材), 環境教育"}}, {"type" : "Feature", "geometry" : {"type":"Point","coordinates":[121.5459381,25.0480517]}, "properties" : {"name" : "PAI CAF? & LIFE", "district" : "松山區", "address" : "臺北市松山區八德路二段366巷11號", "category" : "環保餐廳", "phone" : "", "eco_tags" : "環境管理, 源頭減量, 惜食(善用食材)"}}, {"type" : "Feature", "geometry" : {"type":"Point","coordinates":[121.5331387,25.057972]}, "properties" : {"name" : "PAI Coffee", "district" : "中山區", "address" : "臺北市中山區民生東路二段147巷6弄1號", "category" : "環保餐廳", "phone" : "(02)25179787", "eco_tags" : "環境管理, 源頭減量, 惜食(善用食材), 環境教育"}}, {"type" : "Feature", "geometry" : {"type":"Point","coordinates":[121.5537286,25.0414995]}, "properties" : {"name" : "PARADE 和巴黎人吃一樣的日常", "district" : "大安區", "address" : "臺北市大安區忠孝東路四段170巷11號", "category" : "環保餐廳", "phone" : "(02)27110800", "eco_tags" : "環境管理"}}, {"type" : "Feature", "geometry" : {"type":"Point","coordinates":[121.534395,25.0265152]}, "properties" : {"name" : "pd by petit doux 忠孝SOGO店", "district" : "大安區", "address" : "臺北市大安區台北市大安區忠孝東路四段45號 11樓(忠孝SOGO百貨)", "category" : "環保餐廳", "phone" : "(02)27213008", "eco_tags" : "環境管理, 綠色採購, 源頭減量"}}, {"type" : "Feature", "geometry" : {"type":"Point","coordinates":[121.5307116,25.0327055]}, "properties" : {"name" : "petit doux 微兜  永康店", "district" : "大安區", "address" : "臺北市大安區台北市大安區信義路二段 198 巷 7-3 號1樓", "category" : "環保餐廳", "phone" : "(02)23951336", "eco_tags" : "環境管理, 綠色採購, 源頭減量"}}, {"type" : "Feature", "geometry" : {"type":"Point","coordinates":[121.515514,25.065986]}, "properties" : {"name" : "petit doux 微兜  京站店", "district" : "大同區", "address" : "臺北市大同區台北市大同區承德路一段1號1樓", "category" : "環保餐廳", "phone" : "(02)77290009", "eco_tags" : "環境管理, 綠色採購, 源頭減量"}}, {"type" : "Feature", "geometry" : {"type":"Point","coordinates":[121.5778547,25.0407693]}, "properties" : {"name" : "PINK SALT｜披薩｜義麵 ", "district" : "信義區", "address" : "臺北市信義區忠孝東路五段423巷28號", "category" : "環保餐廳", "phone" : "(02)27564233", "eco_tags" : "環境管理, 惜食(善用食材), 環境教育"}}, {"type" : "Feature", "geometry" : {"type":"Point","coordinates":[121.54348,25.03701]}, "properties" : {"name" : "Plants", "district" : "大安區", "address" : "臺北市大安區復興南路1段253巷10號1樓", "category" : "環保餐廳", "phone" : "(02)27845677", "eco_tags" : "環境管理, 綠色採購, 食材及餐點, 源頭減量, 惜食(打包服務), 惜食(善用食材), 環境教育"}}, {"type" : "Feature", "geometry" : {"type":"Point","coordinates":[121.5064639,25.0355974]}, "properties" : {"name" : "PRIME ONE 牛排館", "district" : "中正區", "address" : "臺北市中正區中華路二段1號", "category" : "環保餐廳", "phone" : "(02)23143300", "eco_tags" : "環境管理, 綠色採購, 惜食(善用食材)"}}, {"type" : "Feature", "geometry" : {"type":"Point","coordinates":[121.5156805,25.0895949]}, "properties" : {"name" : "Q Burger士林大南店", "district" : "士林區", "address" : "臺北市士林區大南路315號1樓", "category" : "環保餐廳", "phone" : "(02)28820058", "eco_tags" : "--"}}, {"type" : "Feature", "geometry" : {"type":"Point","coordinates":[121.509288,25.0867284]}, "properties" : {"name" : "Q Burger士林延平店", "district" : "士林區", "address" : "臺北市士林區延平北路五段179號", "category" : "環保餐廳", "phone" : "(02)28110658", "eco_tags" : "--"}}, {"type" : "Feature", "geometry" : {"type":"Point","coordinates":[121.5330382,25.1077214]}, "properties" : {"name" : "Q Burger士林忠義店", "district" : "士林區", "address" : "臺北市士林區忠義街113-1號一樓", "category" : "環保餐廳", "phone" : "(02)28343148", "eco_tags" : "--"}}, {"type" : "Feature", "geometry" : {"type":"Point","coordinates":[121.5063217,25.0874598]}, "properties" : {"name" : "Q Burger士林社子店", "district" : "士林區", "address" : "臺北市士林區社子街36號", "category" : "環保餐廳", "phone" : "(02)28168058", "eco_tags" : "--"}}, {"type" : "Feature", "geometry" : {"type":"Point","coordinates":[121.5206515,25.0808995]}, "properties" : {"name" : "Q Burger士林通河店", "district" : "士林區", "address" : "臺北市士林區通河街125號", "category" : "環保餐廳", "phone" : "(02)28853848", "eco_tags" : "--"}}, {"type" : "Feature", "geometry" : {"type":"Point","coordinates":[121.5668963,25.0333448]}, "properties" : {"name" : "Q Burger大同大龍店", "district" : "信義區", "address" : "臺北市信義區大龍街150號", "category" : "環保餐廳", "phone" : "(02)25996128", "eco_tags" : "--"}}, {"type" : "Feature", "geometry" : {"type":"Point","coordinates":[121.55055,25.022161]}, "properties" : {"name" : "Q Burger大安樂業店", "district" : "大安區", "address" : "臺北市大安區樂業街153號", "category" : "環保餐廳", "phone" : "(02)27360209", "eco_tags" : "--"}}, {"type" : "Feature", "geometry" : {"type":"Point","coordinates":[121.5195737,25.0629708]}, "properties" : {"name" : "Q Burger大橋頭店", "district" : "信義區", "address" : "臺北市信義區民權西路226號", "category" : "環保餐廳", "phone" : "(02)25500147", "eco_tags" : "--"}}, {"type" : "Feature", "geometry" : {"type":"Point","coordinates":[121.5289118,25.0574876]}, "properties" : {"name" : "Q Burger中山中原店", "district" : "中山區", "address" : "臺北市中山區中原街41號1樓", "category" : "環保餐廳", "phone" : "(02)25232521", "eco_tags" : "--"}}, {"type" : "Feature", "geometry" : {"type":"Point","coordinates":[121.5208319,25.0628162]}, "properties" : {"name" : "Q Burger中山天祥店", "district" : "中山區", "address" : "臺北市中山區天祥路22號1樓", "category" : "環保餐廳", "phone" : "(02)25311238", "eco_tags" : "--"}}, {"type" : "Feature", "geometry" : {"type":"Point","coordinates":[121.5242068,25.0918396]}, "properties" : {"name" : "Q Burger中山吉林店", "district" : "士林區", "address" : "臺北市士林區吉林路397號", "category" : "環保餐廳", "phone" : "(02)25910182", "eco_tags" : "--"}}, {"type" : "Feature", "geometry" : {"type":"Point","coordinates":[121.533468,25.0643611]}, "properties" : {"name" : "Q Burger中山復興店", "district" : "中山區", "address" : "臺北市中山區復興北路514巷34號一樓", "category" : "環保餐廳", "phone" : "(02)25090565", "eco_tags" : "--"}}, {"type" : "Feature", "geometry" : {"type":"Point","coordinates":[121.5248958,25.0649148]}, "properties" : {"name" : "Q Burger中山農安店", "district" : "中山區", "address" : "臺北市中山區農安街170號1樓、地下室", "category" : "環保餐廳", "phone" : "(02)25150024", "eco_tags" : "環境管理, 綠色採購, 源頭減量, 環境教育"}}, {"type" : "Feature", "geometry" : {"type":"Point","coordinates":[121.533468,25.0643611]}, "properties" : {"name" : "Q Burger中山榮星店", "district" : "中山區", "address" : "臺北市中山區行仁里五常街63號", "category" : "環保餐廳", "phone" : "(02)25016190", "eco_tags" : "--"}}, {"type" : "Feature", "geometry" : {"type":"Point","coordinates":[121.5303757,25.065439]}, "properties" : {"name" : "Q Burger中山錦州店", "district" : "中山區", "address" : "臺北市中山區吉林路205號", "category" : "環保餐廳", "phone" : "(02)25222997", "eco_tags" : "--"}}, {"type" : "Feature", "geometry" : {"type":"Point","coordinates":[121.5116685,25.0284675]}, "properties" : {"name" : "Q Burger中正寧波店", "district" : "中正區", "address" : "臺北市中正區寧波西街100號1樓", "category" : "環保餐廳", "phone" : "(02)23325085", "eco_tags" : "--"}}, {"type" : "Feature", "geometry" : {"type":"Point","coordinates":[121.5875696,25.087531]}, "properties" : {"name" : "Q Burger內湖金龍店", "district" : "內湖區", "address" : "臺北市內湖區金龍路74號", "category" : "環保餐廳", "phone" : "(02)27928292", "eco_tags" : "--"}}, {"type" : "Feature", "geometry" : {"type":"Point","coordinates":[121.5960403,25.0804626]}, "properties" : {"name" : "Q Burger內湖星雲店", "district" : "內湖區", "address" : "臺北市內湖區星雲街14號", "category" : "環保餐廳", "phone" : "(02)27922009", "eco_tags" : "--"}}, {"type" : "Feature", "geometry" : {"type":"Point","coordinates":[121.5877046,25.0813908]}, "properties" : {"name" : "Q Burger內湖達人店", "district" : "內湖區", "address" : "臺北市內湖區內湖路二段326號", "category" : "環保餐廳", "phone" : "(02)27909865", "eco_tags" : "--"}}, {"type" : "Feature", "geometry" : {"type":"Point","coordinates":[121.5783972,25.0787253]}, "properties" : {"name" : "Q Burger內湖麗山店", "district" : "內湖區", "address" : "臺北市內湖區內湖路一段629巷41號1樓", "category" : "環保餐廳", "phone" : "(02)26276424", "eco_tags" : "環境管理, 綠色採購, 源頭減量, 環境教育"}}, {"type" : "Feature", "geometry" : {"type":"Point","coordinates":[121.5706707,24.9871658]}, "properties" : {"name" : "Q Burger文山木新店", "district" : "文山區", "address" : "臺北市文山區木新路二段229號", "category" : "環保餐廳", "phone" : "(02)29396817", "eco_tags" : "--"}}, {"type" : "Feature", "geometry" : {"type":"Point","coordinates":[121.5420248,24.9883006]}, "properties" : {"name" : "Q Burger文山世新店", "district" : "文山區", "address" : "臺北市文山區木柵路一段101號1樓及地下室", "category" : "環保餐廳", "phone" : "(02)22369201", "eco_tags" : "環境管理, 綠色採購, 源頭減量, 環境教育"}}, {"type" : "Feature", "geometry" : {"type":"Point","coordinates":[121.5363436,24.997046]}, "properties" : {"name" : "Q Burger文山景福店", "district" : "文山區", "address" : "臺北市文山區景福街234號", "category" : "環保餐廳", "phone" : "(02)89351881", "eco_tags" : "--"}}, {"type" : "Feature", "geometry" : {"type":"Point","coordinates":[121.5447325,24.996061]}, "properties" : {"name" : "Q Burger文山景興店", "district" : "文山區", "address" : "臺北市文山區景興路99號", "category" : "環保餐廳", "phone" : "(02)29320217", "eco_tags" : "--"}}, {"type" : "Feature", "geometry" : {"type":"Point","coordinates":[121.570458,24.989786]}, "properties" : {"name" : "Q Burger文山萬隆店", "district" : "文山區", "address" : "臺北市文山區萬隆里景福街4號1樓", "category" : "環保餐廳", "phone" : "(02)29331380", "eco_tags" : "--"}}, {"type" : "Feature", "geometry" : {"type":"Point","coordinates":[121.5514916,25.0058824]}, "properties" : {"name" : "Q Burger文山福興店", "district" : "文山區", "address" : "臺北市文山區福興路45號", "category" : "環保餐廳", "phone" : "(02)29308228", "eco_tags" : "環境管理, 綠色採購, 源頭減量, 環境教育"}}, {"type" : "Feature", "geometry" : {"type":"Point","coordinates":[121.5595526,24.989967]}, "properties" : {"name" : "Q Burger文山興隆店", "district" : "文山區", "address" : "臺北市文山區興隆路四段112號", "category" : "環保餐廳", "phone" : "(02)29371568", "eco_tags" : "--"}}, {"type" : "Feature", "geometry" : {"type":"Point","coordinates":[121.570458,24.989786]}, "properties" : {"name" : "Q Burger文山興德店", "district" : "文山區", "address" : "臺北市文山區興隆路二段215之2號1樓", "category" : "環保餐廳", "phone" : "(02)29343805", "eco_tags" : "--"}}, {"type" : "Feature", "geometry" : {"type":"Point","coordinates":[121.5003939,25.1304774]}, "properties" : {"name" : "Q Burger北投大興店", "district" : "北投區", "address" : "臺北市北投區大興街48號", "category" : "環保餐廳", "phone" : "(02)28941027", "eco_tags" : "環境管理, 綠色採購, 源頭減量, 環境教育"}}, {"type" : "Feature", "geometry" : {"type":"Point","coordinates":[121.5014356,25.1393311]}, "properties" : {"name" : "Q Burger北投中和店", "district" : "北投區", "address" : "臺北市北投區中和街402號", "category" : "環保餐廳", "phone" : "(02)28915262", "eco_tags" : "--"}}, {"type" : "Feature", "geometry" : {"type":"Point","coordinates":[121.5151163,25.1187652]}, "properties" : {"name" : "Q Burger北投立農店", "district" : "北投區", "address" : "臺北市北投區立農街二段259號1樓", "category" : "環保餐廳", "phone" : "(02)28236017", "eco_tags" : "環境管理, 綠色採購, 源頭減量, 環境教育"}}, {"type" : "Feature", "geometry" : {"type":"Point","coordinates":[121.4673389,25.1214296]}, "properties" : {"name" : "Q Burger北投知行店", "district" : "北投區", "address" : "臺北市北投區知行路249號", "category" : "環保餐廳", "phone" : "(02)28585885", "eco_tags" : "環境管理, 綠色採購, 源頭減量, 環境教育"}}, {"type" : "Feature", "geometry" : {"type":"Point","coordinates":[121.5159888,25.1087535]}, "properties" : {"name" : "Q Burger北投致遠店", "district" : "北投區", "address" : "臺北市北投區致遠一路一段95號", "category" : "環保餐廳", "phone" : "(02)28250606", "eco_tags" : "--"}}, {"type" : "Feature", "geometry" : {"type":"Point","coordinates":[121.5081904,25.1150167]}, "properties" : {"name" : "Q Burger北投實踐店", "district" : "北投區", "address" : "臺北市北投區實踐街61號", "category" : "環保餐廳", "phone" : "(02)28250909", "eco_tags" : "--"}}, {"type" : "Feature", "geometry" : {"type":"Point","coordinates":[121.5198408,25.1115179]}, "properties" : {"name" : "Q Burger北投懷德店", "district" : "北投區", "address" : "臺北市北投區建民路161-5號1樓", "category" : "環保餐廳", "phone" : "(02)28202320", "eco_tags" : "--"}}, {"type" : "Feature", "geometry" : {"type":"Point","coordinates":[121.5498911,25.0577298]}, "properties" : {"name" : "Q Burger松山民生店", "district" : "松山區", "address" : "臺北市松山區民生東路四段103號1樓", "category" : "環保餐廳", "phone" : "(02)25471072", "eco_tags" : "--"}}, {"type" : "Feature", "geometry" : {"type":"Point","coordinates":[121.5645956,25.0514637]}, "properties" : {"name" : "Q Burger松山南京五店", "district" : "松山區", "address" : "臺北市松山區南京東路五段250巷18弄2-1號", "category" : "環保餐廳", "phone" : "(02)27565258", "eco_tags" : "環境管理, 綠色採購, 源頭減量, 環境教育"}}, {"type" : "Feature", "geometry" : {"type":"Point","coordinates":[121.5660077,25.0632452]}, "properties" : {"name" : "Q Burger松山撫遠店", "district" : "松山區", "address" : "臺北市松山區撫遠街352號", "category" : "環保餐廳", "phone" : "(02)27533262", "eco_tags" : "--"}}, {"type" : "Feature", "geometry" : {"type":"Point","coordinates":[121.5807276,25.0453176]}, "properties" : {"name" : "Q Burger信義永吉店", "district" : "信義區", "address" : "臺北市信義區永吉路120巷1號1樓", "category" : "環保餐廳", "phone" : "(02)27653337", "eco_tags" : "--"}}, {"type" : "Feature", "geometry" : {"type":"Point","coordinates":[121.5647512,25.0256419]}, "properties" : {"name" : "Q Burger信義吳興店", "district" : "信義區", "address" : "臺北市信義區吳興街281巷59號", "category" : "環保餐廳", "phone" : "(02)27200965", "eco_tags" : "--"}}, {"type" : "Feature", "geometry" : {"type":"Point","coordinates":[121.5779168,25.0401662]}, "properties" : {"name" : "Q Burger信義松山店", "district" : "信義區", "address" : "臺北市信義區松山路465巷2號", "category" : "環保餐廳", "phone" : "(02)27279620", "eco_tags" : "--"}}, {"type" : "Feature", "geometry" : {"type":"Point","coordinates":[121.5684044,25.0343593]}, "properties" : {"name" : "Q Burger信義松仁店", "district" : "信義區", "address" : "臺北市信義區松仁路227號1樓", "category" : "環保餐廳", "phone" : "(02)27208119", "eco_tags" : "--"}}, {"type" : "Feature", "geometry" : {"type":"Point","coordinates":[121.5765038,25.0350811]}, "properties" : {"name" : "Q Burger信義虎林店", "district" : "信義區", "address" : "臺北市信義區信義路六段106號1樓", "category" : "環保餐廳", "phone" : "(02)27279868", "eco_tags" : "--"}}, {"type" : "Feature", "geometry" : {"type":"Point","coordinates":[121.558261,25.0272856]}, "properties" : {"name" : "Q Burger信義信安店", "district" : "信義區", "address" : "臺北市信義區信安街127號", "category" : "環保餐廳", "phone" : "(02)87321008", "eco_tags" : "--"}}, {"type" : "Feature", "geometry" : {"type":"Point","coordinates":[121.5900762,25.040245]}, "properties" : {"name" : "Q Burger南港福德店", "district" : "南港區", "address" : "臺北市南港區福德街312號1樓", "category" : "環保餐廳", "phone" : "(02)26519876", "eco_tags" : "--"}}, {"type" : "Feature", "geometry" : {"type":"Point","coordinates":[121.5028229,25.0209593]}, "properties" : {"name" : "Q Burger萬華青年店", "district" : "萬華區", "address" : "臺北市萬華區青年路140號1樓", "category" : "環保餐廳", "phone" : "(02)23070701", "eco_tags" : "--"}}, {"type" : "Feature", "geometry" : {"type":"Point","coordinates":[121.505287,25.0273742]}, "properties" : {"name" : "Q Burger萬華國興店", "district" : "萬華區", "address" : "臺北市萬華區國興路98號", "category" : "環保餐廳", "phone" : "(02)23056683", "eco_tags" : "--"}}, {"type" : "Feature", "geometry" : {"type":"Point","coordinates":[121.4926434,25.031162]}, "properties" : {"name" : "Q Burger萬華雙園店", "district" : "萬華區", "address" : "臺北市萬華區雙園街15號", "category" : "環保餐廳", "phone" : "(02)23087655", "eco_tags" : "--"}}, {"type" : "Feature", "geometry" : {"type":"Point","coordinates":[121.4942208,25.026249]}, "properties" : {"name" : "Q Burger萬華寶興店", "district" : "萬華區", "address" : "臺北市萬華區寶興街149號1樓", "category" : "環保餐廳", "phone" : "(02)23010052", "eco_tags" : "--"}}, {"type" : "Feature", "geometry" : {"type":"Point","coordinates":[121.534395,25.0265152]}, "properties" : {"name" : "SAISON du SOLEIL", "district" : "大安區", "address" : "臺北市大安區敦化南路一段246號B2", "category" : "環保餐廳", "phone" : "(02)27310258", "eco_tags" : "環境管理, 綠色採購, 源頭減量, 惜食(善用食材), 環境教育"}}, {"type" : "Feature", "geometry" : {"type":"Point","coordinates":[121.534395,25.0265152]}, "properties" : {"name" : "Sarabeth's", "district" : "大安區", "address" : "臺北市大安區敦化南路一段246號B1", "category" : "環保餐廳", "phone" : "(02)27526998", "eco_tags" : "環境管理, 綠色採購, 源頭減量, 惜食(善用食材), 環境教育"}}, {"type" : "Feature", "geometry" : {"type":"Point","coordinates":[121.5248942,25.1040501]}, "properties" : {"name" : "Sarabeth's 天母店", "district" : "士林區", "address" : "臺北市士林區中山北路六段77號2樓", "category" : "環保餐廳", "phone" : "(02)28335669", "eco_tags" : "環境管理, 環境教育"}}, {"type" : "Feature", "geometry" : {"type":"Point","coordinates":[121.5242068,25.0918396]}, "properties" : {"name" : "SKYLARK加州風洋食館-士林中山北店", "district" : "士林區", "address" : "臺北市士林區台北市士林區中山北路5段565號", "category" : "環保餐廳", "phone" : "(02)28837742", "eco_tags" : "環境管理, 食材及餐點, 源頭減量, 惜食(打包服務), 惜食(善用食材), 環境教育"}}, {"type" : "Feature", "geometry" : {"type":"Point","coordinates":[121.5889983,25.069664]}, "properties" : {"name" : "SKYLARK加州風洋食館-內湖大潤發2店", "district" : "內湖區", "address" : "臺北市內湖區台北市內湖區舊宗路188號1樓", "category" : "環保餐廳", "phone" : "(02)27966280", "eco_tags" : "環境管理, 食材及餐點, 源頭減量, 惜食(打包服務), 惜食(善用食材), 環境教育"}}, {"type" : "Feature", "geometry" : {"type":"Point","coordinates":[121.518267,25.0323611]}, "properties" : {"name" : "SKYLARK加州風洋食館-和平公園店", "district" : "中正區", "address" : "臺北市中正區台北市中正區懷寧街90號", "category" : "環保餐廳", "phone" : "(02)23756364", "eco_tags" : "環境管理, 食材及餐點, 源頭減量, 惜食(打包服務), 惜食(善用食材), 環境教育"}}, {"type" : "Feature", "geometry" : {"type":"Point","coordinates":[121.5889983,25.069664]}, "properties" : {"name" : "SKYLARK加州風洋食館-東湖康寧店", "district" : "內湖區", "address" : "臺北市內湖區台北市內湖區康寧路3段72號", "category" : "環保餐廳", "phone" : "(02)26332850", "eco_tags" : "環境管理, 食材及餐點, 源頭減量, 惜食(打包服務), 惜食(善用食材), 環境教育"}}, {"type" : "Feature", "geometry" : {"type":"Point","coordinates":[121.518267,25.0323611]}, "properties" : {"name" : "SKYLARK加州風洋食館-寶慶遠百店", "district" : "中正區", "address" : "臺北市中正區台北市中正區寶慶路32號1樓(遠東百貨1樓)", "category" : "環保餐廳", "phone" : "(02)23754730", "eco_tags" : "環境管理, 食材及餐點, 源頭減量, 惜食(打包服務), 惜食(善用食材), 環境教育"}}, {"type" : "Feature", "geometry" : {"type":"Point","coordinates":[121.5057117,25.0343274]}, "properties" : {"name" : "Twinkle Twinkle Cafe & Brunch 小星星 早午餐&輕食", "district" : "萬華區", "address" : "臺北市萬華區中華路二段416巷84號", "category" : "環保餐廳", "phone" : "(02)23039889", "eco_tags" : "環境管理, 綠色採購, 源頭減量, 惜食(善用食材)"}}, {"type" : "Feature", "geometry" : {"type":"Point","coordinates":[121.5242068,25.0918396]}, "properties" : {"name" : "UCC Caf? Mercado (天母SOGO店)", "district" : "士林區", "address" : "臺北市士林區中山北路六段77號B1樓", "category" : "環保餐廳", "phone" : "(02)28350652", "eco_tags" : "環境管理, 源頭減量, 惜食(善用食材), 環境教育"}}, {"type" : "Feature", "geometry" : {"type":"Point","coordinates":[121.534395,25.0265152]}, "properties" : {"name" : "UCC Caf? Mercado (忠孝SOGO店)", "district" : "大安區", "address" : "臺北市大安區忠孝東路四段45號B2", "category" : "環保餐廳", "phone" : "(02)27416800", "eco_tags" : "環境管理, 食材及餐點, 源頭減量, 惜食(打包服務)"}}, {"type" : "Feature", "geometry" : {"type":"Point","coordinates":[121.518267,25.0323611]}, "properties" : {"name" : "一雙牛肉麵", "district" : "中正區", "address" : "臺北市中正區台北市中正區中山南路8號B1", "category" : "環保餐廳", "phone" : "(02)23117819", "eco_tags" : "環境管理"}}, {"type" : "Feature", "geometry" : {"type":"Point","coordinates":[121.5264842,25.0520273]}, "properties" : {"name" : "九湯屋日本拉麵(台北南京店)", "district" : "中山區", "address" : "臺北市中山區南京東路一段132巷33號", "category" : "環保餐廳", "phone" : "(02)25813100", "eco_tags" : "環境管理, 綠色採購, 源頭減量"}}, {"type" : "Feature", "geometry" : {"type":"Point","coordinates":[121.5537286,25.0414995]}, "properties" : {"name" : "二本餐廳", "district" : "大安區", "address" : "臺北市大安區忠孝東路四段101巷27號", "category" : "環保餐廳", "phone" : "(02)87737033", "eco_tags" : "環境管理, 綠色採購, 惜食(打包服務), 惜食(善用食材)"}}, {"type" : "Feature", "geometry" : {"type":"Point","coordinates":[121.5441243,25.0560572]}, "properties" : {"name" : "十八廚", "district" : "松山區", "address" : "臺北市松山區興安街212號1樓", "category" : "環保餐廳", "phone" : "(02)27547890", "eco_tags" : "環境管理, 綠色採購, 源頭減量, 環境教育"}}, {"type" : "Feature", "geometry" : {"type":"Point","coordinates":[121.5285134,25.0265944]}, "properties" : {"name" : "十六饗雀-泰式酸辣湯", "district" : "大安區", "address" : "臺北市大安區師大路106號", "category" : "環保餐廳", "phone" : "(02)33651606", "eco_tags" : "環境管理, 綠色採購, 源頭減量, 惜食(善用食材)"}}, {"type" : "Feature", "geometry" : {"type":"Point","coordinates":[121.5889983,25.069664]}, "properties" : {"name" : "十里安?手麵 瑞光旗艦店", "district" : "內湖區", "address" : "臺北市內湖區台北市內湖區瑞光路413號", "category" : "環保餐廳", "phone" : "(02)87975398", "eco_tags" : "環境管理"}}, {"type" : "Feature", "geometry" : {"type":"Point","coordinates":[121.501379,25.132419]}, "properties" : {"name" : "十勝石燒(北榮美食街)", "district" : "北投區", "address" : "臺北市北投區石牌路二段201號生活廣場", "category" : "環保餐廳", "phone" : "", "eco_tags" : "環境管理, 綠色採購, 食材及餐點, 源頭減量, 惜食(打包服務), 惜食(善用食材), 環境教育"}}, {"type" : "Feature", "geometry" : {"type":"Point","coordinates":[121.5404627,25.0519256]}, "properties" : {"name" : "三友拉麵(龍江店)", "district" : "中山區", "address" : "臺北市中山區龍江路93號", "category" : "環保餐廳", "phone" : "(02)8772997", "eco_tags" : "環境管理"}}, {"type" : "Feature", "geometry" : {"type":"Point","coordinates":[121.534395,25.0265152]}, "properties" : {"name" : "三合院 (忠孝SOGO店)", "district" : "大安區", "address" : "臺北市大安區忠孝東路四段45號11F", "category" : "環保餐廳", "phone" : "(02)27816667", "eco_tags" : "環境管理, 綠色採購, 食材及餐點, 源頭減量, 惜食(打包服務), 惜食(善用食材), 環境教育"}}, {"type" : "Feature", "geometry" : {"type":"Point","coordinates":[121.524177,25.0270164]}, "properties" : {"name" : "下港老麵攤(台師大店)", "district" : "大安區", "address" : "臺北市大安區和平東路一段162號", "category" : "環保餐廳", "phone" : "", "eco_tags" : "環境管理, 綠色採購, 源頭減量, 惜食(善用食材)"}}, {"type" : "Feature", "geometry" : {"type":"Point","coordinates":[121.5889983,25.069664]}, "properties" : {"name" : "大井屋(微風．三總商店街)", "district" : "內湖區", "address" : "臺北市內湖區成功路二段325號B1樓", "category" : "環保餐廳", "phone" : "(02)87923311", "eco_tags" : "環境管理"}}, {"type" : "Feature", "geometry" : {"type":"Point","coordinates":[121.5248942,25.1040501]}, "properties" : {"name" : "大心新泰式麵食（天母SOGO店）", "district" : "士林區", "address" : "臺北市士林區中山北路六段77號8樓", "category" : "環保餐廳", "phone" : "(02)28325366", "eco_tags" : "環境管理, 源頭減量"}}, {"type" : "Feature", "geometry" : {"type":"Point","coordinates":[121.534395,25.0265152]}, "properties" : {"name" : "大戶屋大安店", "district" : "大安區", "address" : "臺北市大安區復興南路一段323號B1", "category" : "環保餐廳", "phone" : "(02)89782668", "eco_tags" : "環境管理, 綠色採購, 源頭減量"}}, {"type" : "Feature", "geometry" : {"type":"Point","coordinates":[121.5242068,25.0918396]}, "properties" : {"name" : "大戶屋大葉?島屋店", "district" : "士林區", "address" : "臺北市士林區忠誠路二段55號B1F", "category" : "環保餐廳", "phone" : "(02)28326050", "eco_tags" : "環境管理, 綠色採購, 源頭減量"}}, {"type" : "Feature", "geometry" : {"type":"Point","coordinates":[121.518267,25.0323611]}, "properties" : {"name" : "大戶屋台北凱撒店", "district" : "中正區", "address" : "臺北市中正區忠孝西路一段38號B1", "category" : "環保餐廳", "phone" : "(02)23612377", "eco_tags" : "環境管理, 綠色採購, 源頭減量"}}, {"type" : "Feature", "geometry" : {"type":"Point","coordinates":[121.533468,25.0643611]}, "properties" : {"name" : "大戶屋民權東路一段店", "district" : "中山區", "address" : "臺北市中山區民權東路一段9號B1", "category" : "環保餐廳", "phone" : "(02)25958663", "eco_tags" : "環境管理, 綠色採購, 源頭減量"}}, {"type" : "Feature", "geometry" : {"type":"Point","coordinates":[121.5329975,25.0464726]}, "properties" : {"name" : "大戶屋行天宮站店", "district" : "中山區", "address" : "臺北市中山區松江路276號2樓", "category" : "環保餐廳", "phone" : "(02)25625811", "eco_tags" : "環境管理, 綠色採購, 源頭減量"}}, {"type" : "Feature", "geometry" : {"type":"Point","coordinates":[121.515514,25.065986]}, "properties" : {"name" : "大戶屋京站店", "district" : "大同區", "address" : "臺北市大同區承德路一段1號B3", "category" : "環保餐廳", "phone" : "(02)25553255", "eco_tags" : "環境管理, 綠色採購, 源頭減量"}}, {"type" : "Feature", "geometry" : {"type":"Point","coordinates":[121.5537286,25.0414995]}, "properties" : {"name" : "大戶屋忠孝復興店", "district" : "大安區", "address" : "臺北市大安區忠孝東路四段52號2樓", "category" : "環保餐廳", "phone" : "(02)27785077", "eco_tags" : "環境管理, 綠色採購, 源頭減量"}}, {"type" : "Feature", "geometry" : {"type":"Point","coordinates":[121.6105845,25.0708764]}, "properties" : {"name" : "大戶屋東湖店", "district" : "內湖區", "address" : "臺北市內湖區康寧路三段187號2樓", "category" : "環保餐廳", "phone" : "(02)26338839", "eco_tags" : "環境管理, 綠色採購, 源頭減量"}}, {"type" : "Feature", "geometry" : {"type":"Point","coordinates":[121.5779168,25.0401662]}, "properties" : {"name" : "大戶屋松山車站店", "district" : "信義區", "address" : "臺北市信義區松山路11號1樓", "category" : "環保餐廳", "phone" : "(02)25287775", "eco_tags" : "環境管理, 綠色採購, 源頭減量"}}, {"type" : "Feature", "geometry" : {"type":"Point","coordinates":[121.5486323,25.0516656]}, "properties" : {"name" : "大戶屋南京復興店", "district" : "松山區", "address" : "臺北市松山區南京東路三段258號2樓", "category" : "環保餐廳", "phone" : "(02)27715337", "eco_tags" : "環境管理, 綠色採購, 源頭減量"}}, {"type" : "Feature", "geometry" : {"type":"Point","coordinates":[121.6065999,25.0545779]}, "properties" : {"name" : "大戶屋南港車站店", "district" : "南港區", "address" : "臺北市南港區忠孝東路7段369號7樓", "category" : "環保餐廳", "phone" : "(02)26512778", "eco_tags" : "環境管理, 綠色採購, 源頭減量"}}, {"type" : "Feature", "geometry" : {"type":"Point","coordinates":[121.533468,25.0643611]}, "properties" : {"name" : "大戶屋美麗華店", "district" : "中山區", "address" : "臺北市中山區敬業三路20號B1", "category" : "環保餐廳", "phone" : "(02)85012772", "eco_tags" : "環境管理, 綠色採購, 源頭減量"}}, {"type" : "Feature", "geometry" : {"type":"Point","coordinates":[121.5668963,25.0333448]}, "properties" : {"name" : "大戶屋統一時代店", "district" : "信義區", "address" : "臺北市信義區忠孝東路五段8號B2", "category" : "環保餐廳", "phone" : "(02)89780886", "eco_tags" : "環境管理, 綠色採購, 源頭減量"}}, {"type" : "Feature", "geometry" : {"type":"Point","coordinates":[121.5115866,25.0482987]}, "properties" : {"name" : "大戶屋微風台北車站店", "district" : "中正區", "address" : "臺北市中正區北平西路3號2樓(東3門)", "category" : "環保餐廳", "phone" : "(02)23319337", "eco_tags" : "環境管理, 綠色採購, 源頭減量"}}, {"type" : "Feature", "geometry" : {"type":"Point","coordinates":[121.5772719,25.0498852]}, "properties" : {"name" : "大戶屋微風廣場店", "district" : "松山區", "address" : "臺北市松山區復興南路一段39號GF", "category" : "環保餐廳", "phone" : "(02)87720835", "eco_tags" : "環境管理, 綠色採購, 源頭減量"}}, {"type" : "Feature", "geometry" : {"type":"Point","coordinates":[121.501379,25.132419]}, "properties" : {"name" : "大戶屋新北投店", "district" : "北投區", "address" : "臺北市北投區中心里泉源路１２號２樓之１", "category" : "環保餐廳", "phone" : "(02)28951255", "eco_tags" : "環境管理, 綠色採購, 源頭減量"}}, {"type" : "Feature", "geometry" : {"type":"Point","coordinates":[121.533468,25.0643611]}, "properties" : {"name" : "大戶屋誠品南西店", "district" : "中山區", "address" : "臺北市中山區南京西路14號B1", "category" : "環保餐廳", "phone" : "(02)25311808", "eco_tags" : "環境管理, 綠色採購, 源頭減量"}}, {"type" : "Feature", "geometry" : {"type":"Point","coordinates":[121.5095565,25.1280864]}, "properties" : {"name" : "大地酒店-月兒彎彎", "district" : "北投區", "address" : "臺北市北投區奇岩路1號", "category" : "環保餐廳", "phone" : "(02)55518888", "eco_tags" : "環境管理, 源頭減量, 惜食(善用食材)"}}, {"type" : "Feature", "geometry" : {"type":"Point","coordinates":[121.5095565,25.1280864]}, "properties" : {"name" : "大地酒店-奇岩一號", "district" : "北投區", "address" : "臺北市北投區奇岩路1號", "category" : "環保餐廳", "phone" : "(02)55518888", "eco_tags" : "環境管理, 源頭減量, 惜食(善用食材)"}}, {"type" : "Feature", "geometry" : {"type":"Point","coordinates":[121.501379,25.132419]}, "properties" : {"name" : "大地酒店-喜歡廳", "district" : "北投區", "address" : "臺北市北投區奇岩路一號", "category" : "環保餐廳", "phone" : "(02)55518888", "eco_tags" : "環境管理, 源頭減量, 惜食(善用食材)"}}, {"type" : "Feature", "geometry" : {"type":"Point","coordinates":[121.5230193,25.0614803]}, "properties" : {"name" : "大根日本料亭", "district" : "中山區", "address" : "臺北市中山區中山北路二段39巷14-1號", "category" : "環保餐廳", "phone" : "(02)25817776", "eco_tags" : "環境管理, 源頭減量, 惜食(善用食材)"}}, {"type" : "Feature", "geometry" : {"type":"Point","coordinates":[121.5428839,25.1365887]}, "properties" : {"name" : "大衛小小羊", "district" : "士林區", "address" : "臺北市士林區國泰街9號", "category" : "環保餐廳", "phone" : "(02)28619668", "eco_tags" : "環境管理, 惜食(善用食材)"}}, {"type" : "Feature", "geometry" : {"type":"Point","coordinates":[121.5062096,25.0458025]}, "properties" : {"name" : "小小蔬房", "district" : "萬華區", "address" : "臺北市萬華區漢口街二段125號", "category" : "環保餐廳", "phone" : "(02)23111168", "eco_tags" : "環境管理, 綠色採購, 環境教育"}}, {"type" : "Feature", "geometry" : {"type":"Point","coordinates":[121.518267,25.0323611]}, "properties" : {"name" : "小南門(微風台大醫院商場)", "district" : "中正區", "address" : "臺北市中正區中山南路77號B1F", "category" : "環保餐廳", "phone" : "(02)23952298", "eco_tags" : "環境管理, 環境教育"}}, {"type" : "Feature", "geometry" : {"type":"Point","coordinates":[121.501379,25.132419]}, "properties" : {"name" : "小南門/小南門點心世界(北榮美食街)", "district" : "北投區", "address" : "臺北市北投區石牌路二段201號生活廣場", "category" : "環保餐廳", "phone" : "(02)28751220", "eco_tags" : "環境管理, 綠色採購, 食材及餐點, 源頭減量, 惜食(打包服務), 惜食(善用食材), 環境教育"}}, {"type" : "Feature", "geometry" : {"type":"Point","coordinates":[121.5889983,25.069664]}, "properties" : {"name" : "小南門傳統豆花(微風．三總商店街)", "district" : "內湖區", "address" : "臺北市內湖區成功路二段325號B1樓", "category" : "環保餐廳", "phone" : "(02)87923311", "eco_tags" : "環境管理"}}, {"type" : "Feature", "geometry" : {"type":"Point","coordinates":[121.5434155,25.0214125]}, "properties" : {"name" : "小拾聚 餐食館", "district" : "大安區", "address" : "臺北市大安區復興南路二段325號", "category" : "環保餐廳", "phone" : "(02)27388980", "eco_tags" : "環境管理, 綠色採購, 源頭減量, 惜食(善用食材), 環境教育, 8"}}, {"type" : "Feature", "geometry" : {"type":"Point","coordinates":[121.5778547,25.0407693]}, "properties" : {"name" : "小醉好(信義店)|法式下午茶Day Drink & 小餐酒館", "district" : "信義區", "address" : "臺北市信義區忠孝東路五段61號", "category" : "環保餐廳", "phone" : "(02)27566629", "eco_tags" : "環境管理, 惜食(善用食材), 環境教育"}}, {"type" : "Feature", "geometry" : {"type":"Point","coordinates":[121.5099502,25.1363255]}, "properties" : {"name" : "山?咖啡", "district" : "北投區", "address" : "臺北市北投區溫泉路110-1號1樓", "category" : "環保餐廳", "phone" : "(02)28939325", "eco_tags" : "環境管理, 綠色採購, 源頭減量, 惜食(善用食材), 環境教育"}}, {"type" : "Feature", "geometry" : {"type":"Point","coordinates":[121.5326036,25.1071982]}, "properties" : {"name" : "中東人的私房菜", "district" : "士林區", "address" : "臺北市士林區忠義街117-3號1樓", "category" : "環保餐廳", "phone" : "(02)28330117", "eco_tags" : "環境管理, 綠色採購, 源頭減量, 惜食(善用食材)"}}, {"type" : "Feature", "geometry" : {"type":"Point","coordinates":[121.5772719,25.0498852]}, "properties" : {"name" : "中國人壽總部員工餐廳(自有)", "district" : "松山區", "address" : "臺北市松山區敦化北路135號B2", "category" : "環保餐廳", "phone" : "(02)27196678", "eco_tags" : "環境管理, 綠色採購, 環境教育, 8"}}, {"type" : "Feature", "geometry" : {"type":"Point","coordinates":[121.5913912,25.0621251]}, "properties" : {"name" : "中國信託內湖行政大樓員工餐廳", "district" : "內湖區", "address" : "臺北市內湖區安康路22巷33號4樓", "category" : "環保餐廳", "phone" : "(02)81787777", "eco_tags" : "環境管理, 綠色採購"}}, {"type" : "Feature", "geometry" : {"type":"Point","coordinates":[121.6168985,25.0577048]}, "properties" : {"name" : "中國信託金融園區員工餐廳", "district" : "南港區", "address" : "臺北市南港區經貿二路168號4樓", "category" : "環保餐廳", "phone" : "(02)33277777", "eco_tags" : "環境管理, 綠色採購"}}, {"type" : "Feature", "geometry" : {"type":"Point","coordinates":[121.5531142,25.0481799]}, "properties" : {"name" : "中崙涼麵", "district" : "松山區", "address" : "臺北市松山區八德路三段12巷5弄30號", "category" : "環保餐廳", "phone" : "(02)27188177", "eco_tags" : "環境管理, 綠色採購, 源頭減量, 惜食(善用食材), 環境教育"}}, {"type" : "Feature", "geometry" : {"type":"Point","coordinates":[121.513788,25.0654451]}, "properties" : {"name" : "天下奇冰", "district" : "大同區", "address" : "臺北市大同區重慶北路三段232號1樓", "category" : "環保餐廳", "phone" : "(02)25867867", "eco_tags" : "環境管理"}}, {"type" : "Feature", "geometry" : {"type":"Point","coordinates":[121.533468,25.0643611]}, "properties" : {"name" : "天下食堂", "district" : "中山區", "address" : "臺北市中山區安東街4之5號", "category" : "環保餐廳", "phone" : "(02)27771163", "eco_tags" : "環境管理"}}, {"type" : "Feature", "geometry" : {"type":"Point","coordinates":[121.534395,25.0265152]}, "properties" : {"name" : "日本橋海鮮丼?半Tsujihan( SOGO復興店)", "district" : "大安區", "address" : "臺北市大安區忠孝東路3段300號B2", "category" : "環保餐廳", "phone" : "(02)77553346", "eco_tags" : "環境管理"}}, {"type" : "Feature", "geometry" : {"type":"Point","coordinates":[121.5066466,25.0375415]}, "properties" : {"name" : "王品餐飲股份有限公禾七台北家樂福桂林店", "district" : "萬華區", "address" : "臺北市萬華區桂林路1號4樓", "category" : "環保餐廳", "phone" : "(02)77074941", "eco_tags" : "環境管理"}}, {"type" : "Feature", "geometry" : {"type":"Point","coordinates":[121.5615225,25.038384]}, "properties" : {"name" : "王鍋屋逸仙創始總店", "district" : "信義區", "address" : "臺北市信義區逸仙路50巷20號1樓", "category" : "環保餐廳", "phone" : "(02)27588380", "eco_tags" : "環境管理"}}, {"type" : "Feature", "geometry" : {"type":"Point","coordinates":[121.518267,25.0323611]}, "properties" : {"name" : "功夫肉圓(微風台大醫院商場)", "district" : "中正區", "address" : "臺北市中正區中山南路77號B1F", "category" : "環保餐廳", "phone" : "(02)23952298", "eco_tags" : "環境管理, 環境教育"}}, {"type" : "Feature", "geometry" : {"type":"Point","coordinates":[121.518267,25.0323611]}, "properties" : {"name" : "包家小鎮(微風台大醫院商場)", "district" : "中正區", "address" : "臺北市中正區中山南路77號B1F", "category" : "環保餐廳", "phone" : "(02)23952298", "eco_tags" : "環境管理, 環境教育"}}, {"type" : "Feature", "geometry" : {"type":"Point","coordinates":[121.533468,25.0643611]}, "properties" : {"name" : "古拉爵 義式屋-欣欣百貨店", "district" : "中山區", "address" : "臺北市中山區台北市中山區林森北路247號2樓", "category" : "環保餐廳", "phone" : "(02)25427680", "eco_tags" : "環境管理, 食材及餐點, 源頭減量, 惜食(打包服務), 惜食(善用食材), 環境教育"}}, {"type" : "Feature", "geometry" : {"type":"Point","coordinates":[121.6065999,25.0545779]}, "properties" : {"name" : "古拉爵 義式屋-南港中信店", "district" : "南港區", "address" : "臺北市南港區台北市南港區經貿二路166號2樓(中信總部A棟)", "category" : "環保餐廳", "phone" : "(02)27892688", "eco_tags" : "環境管理, 食材及餐點, 源頭減量, 惜食(打包服務), 惜食(善用食材), 環境教育"}}, {"type" : "Feature", "geometry" : {"type":"Point","coordinates":[121.5064639,25.0355974]}, "properties" : {"name" : "台北花園大酒店-花園thai thai", "district" : "中正區", "address" : "臺北市中正區中華路二段1號", "category" : "環保餐廳", "phone" : "(02)23121000", "eco_tags" : "環境管理, 綠色採購, 源頭減量, 惜食(善用食材)"}}, {"type" : "Feature", "geometry" : {"type":"Point","coordinates":[121.5362173,25.0259332]}, "properties" : {"name" : "永和樓中華料理店", "district" : "大安區", "address" : "臺北市大安區和平東路二段118巷52弄3號", "category" : "環保餐廳", "phone" : "(02)23772077", "eco_tags" : "環境管理, 環境教育"}}, {"type" : "Feature", "geometry" : {"type":"Point","coordinates":[121.5505691,25.061082]}, "properties" : {"name" : "玉山銀行(第二總部大樓)員工餐廳", "district" : "松山區", "address" : "臺北市松山區敦化北路315號", "category" : "環保餐廳", "phone" : "(02)21751313", "eco_tags" : "環境管理, 綠色採購, 源頭減量, 環境教育"}}, {"type" : "Feature", "geometry" : {"type":"Point","coordinates":[121.5491456,25.0576659]}, "properties" : {"name" : "玉山銀行員工餐廳", "district" : "松山區", "address" : "臺北市松山區民生東路三段117號", "category" : "環保餐廳", "phone" : "(02)21751313", "eco_tags" : "環境管理, 綠色採購"}}, {"type" : "Feature", "geometry" : {"type":"Point","coordinates":[121.4993322,25.0319327]}, "properties" : {"name" : "甘物家 x 甘物日飲(桂林家樂福店)", "district" : "萬華區", "address" : "臺北市萬華區萬華區桂林路1號", "category" : "環保餐廳", "phone" : "(02)23816607", "eco_tags" : "環境管理, 綠色採購"}}, {"type" : "Feature", "geometry" : {"type":"Point","coordinates":[121.501379,25.132419]}, "properties" : {"name" : "甲大鴻港式燒臘(北榮美食街)", "district" : "北投區", "address" : "臺北市北投區石牌路二段201號生活廣場", "category" : "環保餐廳", "phone" : "", "eco_tags" : "環境管理, 綠色採購, 食材及餐點, 源頭減量, 惜食(打包服務), 惜食(善用食材), 環境教育"}}, {"type" : "Feature", "geometry" : {"type":"Point","coordinates":[121.534395,25.0265152]}, "properties" : {"name" : "立馬吃一鍋。有機水產火鍋專賣", "district" : "大安區", "address" : "臺北市大安區仁愛路四段27巷9號B1", "category" : "環保餐廳", "phone" : "(02)27417668", "eco_tags" : "環境管理, 惜食(善用食材), 環境教育"}}, {"type" : "Feature", "geometry" : {"type":"Point","coordinates":[121.533468,25.0643611]}, "properties" : {"name" : "丼賞和食??物vs刺身丼丼專門店", "district" : "中山區", "address" : "臺北市中山區南京東路二段140號B1", "category" : "環保餐廳", "phone" : "(02)25175526", "eco_tags" : "環境管理, 惜食(善用食材), 環境教育"}}, {"type" : "Feature", "geometry" : {"type":"Point","coordinates":[121.5371359,25.0416416]}, "properties" : {"name" : "伊勢路勝勢日式豬排(復興 SOGO店)", "district" : "大安區", "address" : "臺北市大安區忠孝東路三段300號10樓", "category" : "環保餐廳", "phone" : "(02)87729822", "eco_tags" : "環境管理, 綠色採購, 源頭減量, 惜食(善用食材), 環境教育"}}, {"type" : "Feature", "geometry" : {"type":"Point","coordinates":[121.534395,25.0265152]}, "properties" : {"name" : "再見 麵", "district" : "大安區", "address" : "臺北市大安區忠孝東路三段205之1號", "category" : "環保餐廳", "phone" : "(02)87730086", "eco_tags" : "環境管理"}}, {"type" : "Feature", "geometry" : {"type":"Point","coordinates":[121.534395,25.0265152]}, "properties" : {"name" : "吉 天婦羅 (忠孝SOGO店)", "district" : "大安區", "address" : "臺北市大安區忠孝東路四段45號11F", "category" : "環保餐廳", "phone" : "(02)27312518", "eco_tags" : "環境管理, 綠色採購, 食材及餐點, 源頭減量, 惜食(打包服務), 惜食(善用食材), 環境教育"}}, {"type" : "Feature", "geometry" : {"type":"Point","coordinates":[121.515514,25.065986]}, "properties" : {"name" : "向樂達工房(Caf? Chat Leopard 豹紋喵喵)", "district" : "大同區", "address" : "臺北市大同區蘭州街蘭州街14號1樓", "category" : "環保餐廳", "phone" : "(02)26256499", "eco_tags" : "環境管理, 綠色採購, 食材及餐點, 源頭減量, 惜食(打包服務), 環境教育"}}, {"type" : "Feature", "geometry" : {"type":"Point","coordinates":[121.515514,25.065986]}, "properties" : {"name" : "在她家", "district" : "大同區", "address" : "臺北市大同區貴德街47－2號", "category" : "環保餐廳", "phone" : "", "eco_tags" : "環境管理, 綠色採購, 食材及餐點, 源頭減量, 惜食(打包服務), 惜食(善用食材), 環境教育"}}, {"type" : "Feature", "geometry" : {"type":"Point","coordinates":[121.5889983,25.069664]}, "properties" : {"name" : "好好吃大餛飩(微風．三總商店街)", "district" : "內湖區", "address" : "臺北市內湖區成功路二段325號B1樓", "category" : "環保餐廳", "phone" : "(02)87923311#1", "eco_tags" : "環境管理"}}, {"type" : "Feature", "geometry" : {"type":"Point","coordinates":[121.518267,25.0323611]}, "properties" : {"name" : "好好吃大餛飩(微風台大醫院商場)", "district" : "中正區", "address" : "臺北市中正區中山南路77號B1F", "category" : "環保餐廳", "phone" : "(02)23952298#8", "eco_tags" : "環境管理, 環境教育"}}, {"type" : "Feature", "geometry" : {"type":"Point","coordinates":[121.501379,25.132419]}, "properties" : {"name" : "安永鮮食(北榮美食街)", "district" : "北投區", "address" : "臺北市北投區石牌路二段201號生活廣場", "category" : "環保餐廳", "phone" : "", "eco_tags" : "環境管理, 綠色採購, 食材及餐點, 源頭減量, 惜食(打包服務), 惜食(善用食材), 環境教育"}}, {"type" : "Feature", "geometry" : {"type":"Point","coordinates":[121.518267,25.0323611]}, "properties" : {"name" : "安永鮮食(微風台大醫院商場)", "district" : "中正區", "address" : "臺北市中正區中山南路77號B1F", "category" : "環保餐廳", "phone" : "(02)23952298#8", "eco_tags" : "環境管理, 環境教育"}}, {"type" : "Feature", "geometry" : {"type":"Point","coordinates":[121.5545093,24.9800962]}, "properties" : {"name" : "成家小館", "district" : "文山區", "address" : "臺北市文山區木新路三段154號", "category" : "環保餐廳", "phone" : "(02)29374611", "eco_tags" : "綠色採購, 惜食(善用食材), 環境教育"}}, {"type" : "Feature", "geometry" : {"type":"Point","coordinates":[121.5326036,25.1071982]}, "properties" : {"name" : "成家小館(天母店)", "district" : "士林區", "address" : "臺北市士林區忠義街84號", "category" : "環保餐廳", "phone" : "(02)28366668", "eco_tags" : "環境管理"}}, {"type" : "Feature", "geometry" : {"type":"Point","coordinates":[121.5242068,25.0918396]}, "properties" : {"name" : "成真咖啡（天母SOGO店）", "district" : "士林區", "address" : "臺北市士林區士林區中山北路六段77號1樓", "category" : "環保餐廳", "phone" : "(02)28368881", "eco_tags" : "環境管理, 綠色採購, 惜食(善用食材)"}}, {"type" : "Feature", "geometry" : {"type":"Point","coordinates":[121.5371359,25.0416416]}, "properties" : {"name" : "成真咖啡台北sogo復興店", "district" : "大安區", "address" : "臺北市大安區忠孝東路三段300號9樓", "category" : "環保餐廳", "phone" : "(02)87723722", "eco_tags" : "環境管理, 綠色採購, 源頭減量"}}, {"type" : "Feature", "geometry" : {"type":"Point","coordinates":[121.5668963,25.0333448]}, "properties" : {"name" : "有之和牛台北忠孝", "district" : "信義區", "address" : "臺北市信義區110臺北市信義區忠孝東路五段497號1樓", "category" : "環保餐廳", "phone" : "(02)87851117", "eco_tags" : "環境管理, 惜食(善用食材)"}}, {"type" : "Feature", "geometry" : {"type":"Point","coordinates":[121.50763,25.0486362]}, "properties" : {"name" : "有點辣正宗麻辣串串鍋", "district" : "萬華區", "address" : "臺北市萬華區西寧南路285號1樓", "category" : "環保餐廳", "phone" : "(02)23111085", "eco_tags" : "環境管理"}}, {"type" : "Feature", "geometry" : {"type":"Point","coordinates":[121.5242068,25.0918396]}, "properties" : {"name" : "朱記餡餅粥(天母SOGO店)", "district" : "士林區", "address" : "臺北市士林區中山北路6段77號8樓", "category" : "環保餐廳", "phone" : "(02)28353619", "eco_tags" : "環境管理, 源頭減量, 惜食(善用食材)"}}, {"type" : "Feature", "geometry" : {"type":"Point","coordinates":[121.518267,25.0323611]}, "properties" : {"name" : "朱記餡餅粥(微風台大醫院商場)", "district" : "中正區", "address" : "臺北市中正區中山南路77號B1F", "category" : "環保餐廳", "phone" : "(02)23952298#8", "eco_tags" : "環境管理, 環境教育"}}, {"type" : "Feature", "geometry" : {"type":"Point","coordinates":[121.6065999,25.0545779]}, "properties" : {"name" : "朱記餡餅粥店", "district" : "南港區", "address" : "臺北市南港區忠孝東路七段371號B1", "category" : "環保餐廳", "phone" : "(02)26510264", "eco_tags" : "環境管理, 綠色採購, 源頭減量, 惜食(善用食材), 環境教育"}}, {"type" : "Feature", "geometry" : {"type":"Point","coordinates":[121.5668963,25.0333448]}, "properties" : {"name" : "老乾杯 信義店", "district" : "信義區", "address" : "臺北市信義區台北市信義區松壽路9號8樓", "category" : "環保餐廳", "phone" : "(02)27253311", "eco_tags" : "環境管理, 源頭減量"}}, {"type" : "Feature", "geometry" : {"type":"Point","coordinates":[121.5772719,25.0498852]}, "properties" : {"name" : "老乾杯 慶城店", "district" : "松山區", "address" : "臺北市松山區台北市松山區慶城街29號1樓", "category" : "環保餐廳", "phone" : "(02)27139000", "eco_tags" : "環境管理, 源頭減量"}}, {"type" : "Feature", "geometry" : {"type":"Point","coordinates":[121.5371359,25.0416416]}, "properties" : {"name" : "老乾杯(復興SOGO店)", "district" : "大安區", "address" : "臺北市大安區忠孝東路三段300號11樓", "category" : "環保餐廳", "phone" : "(02)27316555", "eco_tags" : "環境管理, 源頭減量, 惜食(善用食材)"}}, {"type" : "Feature", "geometry" : {"type":"Point","coordinates":[121.5553498,25.082665]}, "properties" : {"name" : "老乾杯大直忠泰店", "district" : "中山區", "address" : "臺北市中山區樂群三路200號5樓", "category" : "環保餐廳", "phone" : "(02)85025551", "eco_tags" : "環境管理, 源頭減量"}}, {"type" : "Feature", "geometry" : {"type":"Point","coordinates":[121.533468,25.0643611]}, "properties" : {"name" : "老乾杯南西店", "district" : "中山區", "address" : "臺北市中山區台北市中山區南京西路12號號7樓", "category" : "環保餐廳", "phone" : "(02)25215255", "eco_tags" : "環境管理, 源頭減量"}}, {"type" : "Feature", "geometry" : {"type":"Point","coordinates":[121.562988,25.0412465]}, "properties" : {"name" : "老莫派咖哩", "district" : "信義區", "address" : "臺北市信義區忠孝東路四段553巷2弄7號", "category" : "環保餐廳", "phone" : "(02)66039032", "eco_tags" : "環境管理, 綠色採購, 源頭減量, 惜食(善用食材)"}}, {"type" : "Feature", "geometry" : {"type":"Point","coordinates":[121.5443162,25.062185]}, "properties" : {"name" : "老舅的家鄉味", "district" : "松山區", "address" : "臺北市松山區復興北路307號", "category" : "環保餐廳", "phone" : "(02)27181122", "eco_tags" : "環境管理"}}, {"type" : "Feature", "geometry" : {"type":"Point","coordinates":[121.5889983,25.069664]}, "properties" : {"name" : "老董(微風．三總商店街)", "district" : "內湖區", "address" : "臺北市內湖區成功路二段325號B1樓", "category" : "環保餐廳", "phone" : "(02)87923311#1", "eco_tags" : "環境管理"}}, {"type" : "Feature", "geometry" : {"type":"Point","coordinates":[121.518267,25.0323611]}, "properties" : {"name" : "老董牛肉麵(微風台大醫院商場)", "district" : "中正區", "address" : "臺北市中正區中山南路77號B1F", "category" : "環保餐廳", "phone" : "(02)23952298#8", "eco_tags" : "環境管理, 環境教育"}}, {"type" : "Feature", "geometry" : {"type":"Point","coordinates":[121.501379,25.132419]}, "properties" : {"name" : "西雅圖極品咖啡(北榮美食街)", "district" : "北投區", "address" : "臺北市北投區石牌路二段201號生活廣場", "category" : "環保餐廳", "phone" : "(02)28760276", "eco_tags" : "環境管理, 綠色採購, 食材及餐點, 源頭減量, 惜食(打包服務), 惜食(善用食材), 環境教育"}}, {"type" : "Feature", "geometry" : {"type":"Point","coordinates":[121.5889983,25.069664]}, "properties" : {"name" : "西雅圖極品咖啡(微風．三總商店街)", "district" : "內湖區", "address" : "臺北市內湖區成功路二段325號B1樓", "category" : "環保餐廳", "phone" : "(02)87923311#1", "eco_tags" : "環境管理"}}, {"type" : "Feature", "geometry" : {"type":"Point","coordinates":[121.5825313,25.040638]}, "properties" : {"name" : "吾家可歸朝食販賣部", "district" : "信義區", "address" : "臺北市信義區大道路42巷21號", "category" : "環保餐廳", "phone" : "(02)27599075", "eco_tags" : "環境管理, 綠色採購, 源頭減量"}}, {"type" : "Feature", "geometry" : {"type":"Point","coordinates":[121.5889983,25.069664]}, "properties" : {"name" : "李記中式餐廳(微風．三總商店街)", "district" : "內湖區", "address" : "臺北市內湖區成功路二段325號B1樓", "category" : "環保餐廳", "phone" : "(02)87923311#1", "eco_tags" : "環境管理"}}, {"type" : "Feature", "geometry" : {"type":"Point","coordinates":[121.518267,25.0323611]}, "properties" : {"name" : "李記港式燒臘", "district" : "中正區", "address" : "臺北市中正區台北市中正區中山南路8號B1", "category" : "環保餐廳", "phone" : "(02)82872296", "eco_tags" : "環境管理"}}, {"type" : "Feature", "geometry" : {"type":"Point","coordinates":[121.5328219,25.060334]}, "properties" : {"name" : "沙渡垂陽碳烤(錦州店)", "district" : "中山區", "address" : "臺北市中山區錦州街241巷1弄20號", "category" : "環保餐廳", "phone" : "", "eco_tags" : "環境管理, 綠色採購, 源頭減量"}}, {"type" : "Feature", "geometry" : {"type":"Point","coordinates":[121.5668963,25.0333448]}, "properties" : {"name" : "芋品苑．先森吃麵", "district" : "信義區", "address" : "臺北市信義區吳興街26號一樓", "category" : "環保餐廳", "phone" : "(02)87333373", "eco_tags" : "環境管理, 源頭減量, 惜食(善用食材), 環境教育, 8"}}, {"type" : "Feature", "geometry" : {"type":"Point","coordinates":[121.534395,25.0265152]}, "properties" : {"name" : "谷炭燒肉(市民店)", "district" : "大安區", "address" : "臺北市大安區市民大道四段12之2號", "category" : "環保餐廳", "phone" : "(02)27119500", "eco_tags" : "環境管理, 綠色採購, 源頭減量"}}, {"type" : "Feature", "geometry" : {"type":"Point","coordinates":[121.5081904,25.1150167]}, "properties" : {"name" : "味?屋", "district" : "北投區", "address" : "臺北市北投區實踐街67號", "category" : "環保餐廳", "phone" : "(02)28283230", "eco_tags" : "源頭減量, 惜食(善用食材), 環境教育"}}, {"type" : "Feature", "geometry" : {"type":"Point","coordinates":[121.518267,25.0323611]}, "properties" : {"name" : "咖食堂", "district" : "中正區", "address" : "臺北市中正區八德路1段82巷9弄13號", "category" : "環保餐廳", "phone" : "(02)23965252", "eco_tags" : "環境管理, 綠色採購, 環境教育"}}, {"type" : "Feature", "geometry" : {"type":"Point","coordinates":[121.5242068,25.0918396]}, "properties" : {"name" : "咖啡弄(士林店)", "district" : "士林區", "address" : "臺北市士林區台北市士林區中正路253號2樓", "category" : "環保餐廳", "phone" : "(02)28883322", "eco_tags" : "環境管理"}}, {"type" : "Feature", "geometry" : {"type":"Point","coordinates":[121.5150254,25.045746]}, "properties" : {"name" : "咖啡弄(站前店)", "district" : "中正區", "address" : "臺北市中正區館前路18號2樓", "category" : "環保餐廳", "phone" : "(02)23883000", "eco_tags" : "環境管理"}}, {"type" : "Feature", "geometry" : {"type":"Point","coordinates":[121.534395,25.0265152]}, "properties" : {"name" : "咖啡弄(敦化店)", "district" : "大安區", "address" : "臺北市大安區台北市大安區敦化南路一段187巷42號2樓", "category" : "環保餐廳", "phone" : "(02)27111910", "eco_tags" : "環境管理"}}, {"type" : "Feature", "geometry" : {"type":"Point","coordinates":[121.5123559,25.0422859]}, "properties" : {"name" : "呷米蔬食 / 素食餐廳 Rice revolution vegetarian restaurant", "district" : "中正區", "address" : "臺北市中正區衡陽路9號", "category" : "環保餐廳", "phone" : "(02)23319662", "eco_tags" : "環境管理, 綠色採購, 食材及餐點, 源頭減量, 惜食(打包服務), 惜食(善用食材), 環境教育"}}, {"type" : "Feature", "geometry" : {"type":"Point","coordinates":[121.518267,25.0323611]}, "properties" : {"name" : "幸福時光廚房", "district" : "中正區", "address" : "臺北市中正區台北市中正區濟南路一段321號", "category" : "環保餐廳", "phone" : "(02)23930255", "eco_tags" : "環境管理, 綠色採購, 源頭減量, 惜食(善用食材), 環境教育"}}, {"type" : "Feature", "geometry" : {"type":"Point","coordinates":[121.518267,25.0323611]}, "properties" : {"name" : "幸福道小籠包(微風台大醫院商場)", "district" : "中正區", "address" : "臺北市中正區中山南路77號B1F", "category" : "環保餐廳", "phone" : "(02)23952298#8", "eco_tags" : "環境管理, 環境教育"}}, {"type" : "Feature", "geometry" : {"type":"Point","coordinates":[121.5668963,25.0333448]}, "properties" : {"name" : "府宴餐廳", "district" : "信義區", "address" : "臺北市信義區市府路1號B1", "category" : "環保餐廳", "phone" : "(02)27588950", "eco_tags" : "環境管理"}}, {"type" : "Feature", "geometry" : {"type":"Point","coordinates":[121.5889983,25.069664]}, "properties" : {"name" : "怡來養生食舖(微風．三總商店街)", "district" : "內湖區", "address" : "臺北市內湖區成功路二段325號B1樓", "category" : "環保餐廳", "phone" : "(02)87923311#1", "eco_tags" : "環境管理"}}, {"type" : "Feature", "geometry" : {"type":"Point","coordinates":[121.5487889,25.0332347]}, "properties" : {"name" : "房間餐酒 The Room Bistro", "district" : "大安區", "address" : "臺北市大安區敦化南路一段160巷56號", "category" : "環保餐廳", "phone" : "(02)27731665", "eco_tags" : "環境管理, 源頭減量"}}, {"type" : "Feature", "geometry" : {"type":"Point","coordinates":[121.501379,25.132419]}, "properties" : {"name" : "明德素食園(北榮美食街)", "district" : "北投區", "address" : "臺北市北投區石牌路二段201號生活廣場", "category" : "環保餐廳", "phone" : "(02)28739465", "eco_tags" : "環境管理, 綠色採購, 食材及餐點, 源頭減量, 惜食(打包服務), 惜食(善用食材), 環境教育"}}, {"type" : "Feature", "geometry" : {"type":"Point","coordinates":[121.5889983,25.069664]}, "properties" : {"name" : "明德素食園(微風．三總商店街)", "district" : "內湖區", "address" : "臺北市內湖區成功路二段325號B1樓", "category" : "環保餐廳", "phone" : "(02)87923311#1", "eco_tags" : "環境管理"}}, {"type" : "Feature", "geometry" : {"type":"Point","coordinates":[121.518267,25.0323611]}, "properties" : {"name" : "明德素食園(微風台大醫院商場)", "district" : "中正區", "address" : "臺北市中正區中山南路77號B1F", "category" : "環保餐廳", "phone" : "(02)23952298#8", "eco_tags" : "環境管理, 環境教育"}}, {"type" : "Feature", "geometry" : {"type":"Point","coordinates":[121.5491456,25.0576659]}, "properties" : {"name" : "杭州小籠湯包-民生店", "district" : "松山區", "address" : "臺北市松山區民生東路三段118號", "category" : "環保餐廳", "phone" : "(02)66130666", "eco_tags" : "環境管理, 綠色採購, 惜食(善用食材), 環境教育"}}, {"type" : "Feature", "geometry" : {"type":"Point","coordinates":[121.5097636,25.0575561]}, "properties" : {"name" : "東方饌黔天下(迪化)", "district" : "大同區", "address" : "臺北市大同區迪化街一段358-2號", "category" : "環保餐廳", "phone" : "(02)25577872", "eco_tags" : "環境管理"}}, {"type" : "Feature", "geometry" : {"type":"Point","coordinates":[121.518267,25.0323611]}, "properties" : {"name" : "欣豐自助餐(微風台大醫院商場)", "district" : "中正區", "address" : "臺北市中正區中山南路77號B1F", "category" : "環保餐廳", "phone" : "(02)23952298#8", "eco_tags" : "環境管理, 環境教育"}}, {"type" : "Feature", "geometry" : {"type":"Point","coordinates":[121.4993322,25.0319327]}, "properties" : {"name" : "爭鮮迴轉壽司", "district" : "萬華區", "address" : "臺北市萬華區台北市萬華區桂林路1號1樓", "category" : "環保餐廳", "phone" : "(02)23812806", "eco_tags" : "環境管理"}}, {"type" : "Feature", "geometry" : {"type":"Point","coordinates":[121.5768435,24.9896313]}, "properties" : {"name" : "芽米早午餐(木柵店)", "district" : "文山區", "address" : "臺北市文山區秀明路二段16號", "category" : "環保餐廳", "phone" : "(02)29393166", "eco_tags" : "環境管理, 綠色採購, 環境教育"}}, {"type" : "Feature", "geometry" : {"type":"Point","coordinates":[121.5889983,25.069664]}, "properties" : {"name" : "花蓮扁食(微風．三總商店街)", "district" : "內湖區", "address" : "臺北市內湖區成功路二段325號B1樓", "category" : "環保餐廳", "phone" : "(02)87923311#1", "eco_tags" : "環境管理"}}, {"type" : "Feature", "geometry" : {"type":"Point","coordinates":[121.518267,25.0323611]}, "properties" : {"name" : "花蓮扁食(微風台大醫院商場)", "district" : "中正區", "address" : "臺北市中正區中山南路77號B1F", "category" : "環保餐廳", "phone" : "(02)23952298#8", "eco_tags" : "環境管理, 環境教育"}}, {"type" : "Feature", "geometry" : {"type":"Point","coordinates":[121.5404627,25.0519256]}, "properties" : {"name" : "初點良食 Dim sum shop", "district" : "中山區", "address" : "臺北市中山區龍江路394巷2號", "category" : "環保餐廳", "phone" : "", "eco_tags" : "環境管理, 綠色採購, 源頭減量, 惜食(善用食材)"}}, {"type" : "Feature", "geometry" : {"type":"Point","coordinates":[121.5668963,25.0333448]}, "properties" : {"name" : "金色三麥 UMAMI微風南山店", "district" : "信義區", "address" : "臺北市信義區台北市信義區松智路17號7樓", "category" : "環保餐廳", "phone" : "(02)27291229", "eco_tags" : "環境管理, 綠色採購, 源頭減量"}}, {"type" : "Feature", "geometry" : {"type":"Point","coordinates":[121.515514,25.065986]}, "properties" : {"name" : "金色三麥 台北京站店", "district" : "大同區", "address" : "臺北市大同區台北市大同區承德路1段1號4樓", "category" : "環保餐廳", "phone" : "(02)77370909", "eco_tags" : "環境管理, 綠色採購, 源頭減量"}}, {"type" : "Feature", "geometry" : {"type":"Point","coordinates":[121.533468,25.0643611]}, "properties" : {"name" : "金色三麥 台北美麗華店", "district" : "中山區", "address" : "臺北市中山區台北市中山區敬業3路20號5樓", "category" : "環保餐廳", "phone" : "(02)21753739", "eco_tags" : "環境管理, 綠色採購, 源頭減量"}}, {"type" : "Feature", "geometry" : {"type":"Point","coordinates":[121.5668963,25.0333448]}, "properties" : {"name" : "金色三麥 信義誠品店", "district" : "信義區", "address" : "臺北市信義區台北市信義區松高路11號B1", "category" : "環保餐廳", "phone" : "(02)87895911", "eco_tags" : "環境管理, 綠色採購, 源頭減量"}}, {"type" : "Feature", "geometry" : {"type":"Point","coordinates":[121.6065999,25.0545779]}, "properties" : {"name" : "金色三麥南港CITYLINK店", "district" : "南港區", "address" : "臺北市南港區台北市南港區忠孝東路七段299號C棟1樓", "category" : "環保餐廳", "phone" : "(02)27827000", "eco_tags" : "環境管理, 綠色採購, 源頭減量"}}, {"type" : "Feature", "geometry" : {"type":"Point","coordinates":[121.5881605,25.0489915]}, "properties" : {"name" : "金春發牛肉店(昆陽店)", "district" : "南港區", "address" : "臺北市南港區忠孝東路六段372號", "category" : "環保餐廳", "phone" : "(02)26538189", "eco_tags" : "環境管理, 綠色採購"}}, {"type" : "Feature", "geometry" : {"type":"Point","coordinates":[121.5440152,25.0539419]}, "properties" : {"name" : "金春發牛肉店(復北店)", "district" : "中山區", "address" : "臺北市中山區復興北路202號", "category" : "環保餐廳", "phone" : "(02)25026806", "eco_tags" : "環境管理, 綠色採購"}}, {"type" : "Feature", "geometry" : {"type":"Point","coordinates":[121.534395,25.0265152]}, "properties" : {"name" : "金澤美味壽司 (忠孝SOGO店)", "district" : "大安區", "address" : "臺北市大安區忠孝東路四段45號11F", "category" : "環保餐廳", "phone" : "(02)87717770", "eco_tags" : "環境管理, 綠色採購, 食材及餐點, 源頭減量, 惜食(善用食材), 環境教育"}}, {"type" : "Feature", "geometry" : {"type":"Point","coordinates":[121.5371359,25.0416416]}, "properties" : {"name" : "阿瑪迪斯咖啡館", "district" : "大安區", "address" : "臺北市大安區忠孝東路三段300號10樓", "category" : "環保餐廳", "phone" : "(02)87728679", "eco_tags" : "環境管理, 源頭減量, 惜食(善用食材)"}}, {"type" : "Feature", "geometry" : {"type":"Point","coordinates":[121.5586151,25.112032]}, "properties" : {"name" : "青青食尚花園會館", "district" : "士林區", "address" : "臺北市士林區至善路二段266巷32號", "category" : "環保餐廳", "phone" : "(02)28411996#3", "eco_tags" : "環境管理, 綠色採購, 源頭減量, 惜食(善用食材), 環境教育, 8"}}, {"type" : "Feature", "geometry" : {"type":"Point","coordinates":[121.5248942,25.1040501]}, "properties" : {"name" : "非常泰（天母sogo 店）", "district" : "士林區", "address" : "臺北市士林區中山北路六段77號8樓", "category" : "環保餐廳", "phone" : "(02)28310188", "eco_tags" : "環境管理, 源頭減量"}}, {"type" : "Feature", "geometry" : {"type":"Point","coordinates":[121.5353821,25.0536226]}, "properties" : {"name" : "侯黑鍋物 酸菜小火鍋 Ho Hey Hot Pot", "district" : "中山區", "address" : "臺北市中山區四平街19號", "category" : "環保餐廳", "phone" : "(02)25677889", "eco_tags" : "環境管理, 綠色採購"}}, {"type" : "Feature", "geometry" : {"type":"Point","coordinates":[121.5329787,25.0167043]}, "properties" : {"name" : "恬園餐廳", "district" : "大安區", "address" : "臺北市大安區新生南路三段30號", "category" : "環保餐廳", "phone" : "(02)77122323#2", "eco_tags" : "環境管理, 綠色採購, 源頭減量, 惜食(善用食材), 環境教育"}}, {"type" : "Feature", "geometry" : {"type":"Point","coordinates":[121.4993322,25.0319327]}, "properties" : {"name" : "星巴克", "district" : "萬華區", "address" : "臺北市萬華區台北市萬華區桂林路1號", "category" : "環保餐廳", "phone" : "(02)23616931", "eco_tags" : "環境管理"}}, {"type" : "Feature", "geometry" : {"type":"Point","coordinates":[121.557495,25.0364488]}, "properties" : {"name" : "星辰牛排", "district" : "大安區", "address" : "臺北市大安區光復南路180巷16號", "category" : "環保餐廳", "phone" : "(02)27217512", "eco_tags" : "環境管理, 綠色採購, 源頭減量, 惜食(善用食材)"}}, {"type" : "Feature", "geometry" : {"type":"Point","coordinates":[121.501379,25.132419]}, "properties" : {"name" : "洪祖師擔仔麵(北榮美食街)", "district" : "北投區", "address" : "臺北市北投區石牌路二段201號生活廣場", "category" : "環保餐廳", "phone" : "", "eco_tags" : "環境管理, 綠色採購, 食材及餐點, 源頭減量, 惜食(打包服務), 惜食(善用食材), 環境教育"}}, {"type" : "Feature", "geometry" : {"type":"Point","coordinates":[121.5487889,25.0332347]}, "properties" : {"name" : "洗心壽司割烹", "district" : "大安區", "address" : "臺北市大安區敦化南路一段295巷9號", "category" : "環保餐廳", "phone" : "", "eco_tags" : "惜食(善用食材)"}}, {"type" : "Feature", "geometry" : {"type":"Point","coordinates":[121.4993322,25.0319327]}, "properties" : {"name" : "炸雞大獅", "district" : "萬華區", "address" : "臺北市萬華區台北市萬華區桂林路1號", "category" : "環保餐廳", "phone" : "(02)23813607", "eco_tags" : "環境管理"}}, {"type" : "Feature", "geometry" : {"type":"Point","coordinates":[121.5877046,25.0813908]}, "properties" : {"name" : "珍珠?子喫茶屋", "district" : "內湖區", "address" : "臺北市內湖區內湖路二段103巷38號", "category" : "環保餐廳", "phone" : "(02)27973972", "eco_tags" : "環境管理, 綠色採購, 惜食(善用食材), 環境教育"}}, {"type" : "Feature", "geometry" : {"type":"Point","coordinates":[121.534395,25.0265152]}, "properties" : {"name" : "皇家哥本哈根咖啡輕食複合店 (忠孝SOGO店)", "district" : "大安區", "address" : "臺北市大安區忠孝東路四段45號4F", "category" : "環保餐廳", "phone" : "(02)27113362", "eco_tags" : "環境管理, 綠色採購, 食材及餐點, 源頭減量, 惜食(打包服務), 惜食(善用食材), 環境教育"}}, {"type" : "Feature", "geometry" : {"type":"Point","coordinates":[121.501379,25.132419]}, "properties" : {"name" : "皇家傳承(北榮美食街)", "district" : "北投區", "address" : "臺北市北投區石牌路二段201號生活廣場", "category" : "環保餐廳", "phone" : "(02)28747328", "eco_tags" : "環境管理, 食材及餐點, 源頭減量, 惜食(打包服務), 惜食(善用食材), 環境教育"}}, {"type" : "Feature", "geometry" : {"type":"Point","coordinates":[121.5346567,25.1180623]}, "properties" : {"name" : "紅瓦厝懷舊風味餐坊", "district" : "士林區", "address" : "臺北市士林區天母東路8巷67號", "category" : "環保餐廳", "phone" : "(02)28767407", "eco_tags" : "--"}}, {"type" : "Feature", "geometry" : {"type":"Point","coordinates":[121.534395,25.0265152]}, "properties" : {"name" : "紅豆食府", "district" : "大安區", "address" : "臺北市大安區敦化南路一段246號B2", "category" : "環保餐廳", "phone" : "(02)87715511", "eco_tags" : "環境管理, 綠色採購, 源頭減量, 惜食(善用食材), 環境教育"}}, {"type" : "Feature", "geometry" : {"type":"Point","coordinates":[121.5242068,25.0918396]}, "properties" : {"name" : "紅豆食府(天母SOGO店)", "district" : "士林區", "address" : "臺北市士林區中山北路六段77號8F", "category" : "環保餐廳", "phone" : "(02)28332208", "eco_tags" : "環境管理, 綠色採購, 源頭減量, 惜食(善用食材), 環境教育"}}, {"type" : "Feature", "geometry" : {"type":"Point","coordinates":[121.501379,25.132419]}, "properties" : {"name" : "紅豆食府(北榮美食街)", "district" : "北投區", "address" : "臺北市北投區石牌路二段201號生活廣場", "category" : "環保餐廳", "phone" : "(02)28713068", "eco_tags" : "環境管理, 綠色採購, 食材及餐點, 源頭減量, 惜食(打包服務), 惜食(善用食材), 環境教育"}}, {"type" : "Feature", "geometry" : {"type":"Point","coordinates":[121.5371359,25.0416416]}, "properties" : {"name" : "紅花鐵板燒(復興SOGO店)", "district" : "大安區", "address" : "臺北市大安區忠孝東路三段300號10樓", "category" : "環保餐廳", "phone" : "(02)27316555", "eco_tags" : "--"}}, {"type" : "Feature", "geometry" : {"type":"Point","coordinates":[121.5504743,25.0378868]}, "properties" : {"name" : "美術系壽司(台北大安店)", "district" : "大安區", "address" : "臺北市大安區仁愛路四段300巷9弄4號", "category" : "環保餐廳", "phone" : "(02)27017989", "eco_tags" : "環境管理, 綠色採購"}}, {"type" : "Feature", "geometry" : {"type":"Point","coordinates":[121.5003939,25.1304774]}, "properties" : {"name" : "美華閣湯包麵食館", "district" : "北投區", "address" : "臺北市北投區大興街58號", "category" : "環保餐廳", "phone" : "(02)28977288", "eco_tags" : "環境管理"}}, {"type" : "Feature", "geometry" : {"type":"Point","coordinates":[121.518267,25.0323611]}, "properties" : {"name" : "美樂家速食坊", "district" : "中正區", "address" : "臺北市中正區常德街1號B1", "category" : "環保餐廳", "phone" : "(02)23111298", "eco_tags" : "環境管理, 惜食(善用食材), 環境教育"}}, {"type" : "Feature", "geometry" : {"type":"Point","coordinates":[121.534395,25.0265152]}, "properties" : {"name" : "風尚咖啡廳", "district" : "大安區", "address" : "臺北市大安區新生南路3段30號B1", "category" : "環保餐廳", "phone" : "(02)88122323#2", "eco_tags" : "環境管理, 綠色採購, 源頭減量, 惜食(善用食材), 環境教育"}}, {"type" : "Feature", "geometry" : {"type":"Point","coordinates":[121.5059253,25.0468988]}, "properties" : {"name" : "食光/此拾此客", "district" : "萬華區", "address" : "臺北市萬華區昆明街214號", "category" : "環保餐廳", "phone" : "(02)23147302", "eco_tags" : "環境管理"}}, {"type" : "Feature", "geometry" : {"type":"Point","coordinates":[121.5808151,25.0515449]}, "properties" : {"name" : "宮保王食品有限公司", "district" : "南港區", "address" : "臺北市南港區南港路三段149巷49弄12號", "category" : "環保餐廳", "phone" : "(02)26519947", "eco_tags" : "環境管理, 惜食(善用食材), 環境教育"}}, {"type" : "Feature", "geometry" : {"type":"Point","coordinates":[121.5498911,25.0577298]}, "properties" : {"name" : "島津和牛咖哩 (民生店)", "district" : "松山區", "address" : "臺北市松山區民生東路四段97巷1弄2號", "category" : "環保餐廳", "phone" : "(02)27171007", "eco_tags" : "環境管理"}}, {"type" : "Feature", "geometry" : {"type":"Point","coordinates":[121.5236132,25.040694]}, "properties" : {"name" : "徐州路2號庭園會館", "district" : "中正區", "address" : "臺北市中正區徐州路2號", "category" : "環保餐廳", "phone" : "(02)23928888", "eco_tags" : "環境管理, 源頭減量, 惜食(善用食材)"}}, {"type" : "Feature", "geometry" : {"type":"Point","coordinates":[121.5668963,25.0333448]}, "properties" : {"name" : "捌伍添第", "district" : "信義區", "address" : "臺北市信義區信義路五段7號85號樓B側", "category" : "環保餐廳", "phone" : "(02)81010085", "eco_tags" : "環境管理, 綠色採購, 源頭減量"}}, {"type" : "Feature", "geometry" : {"type":"Point","coordinates":[121.5260945,25.0226073]}, "properties" : {"name" : "書屋花甲(台大店)", "district" : "大安區", "address" : "臺北市大安區羅斯福路三段283巷20號1樓", "category" : "環保餐廳", "phone" : "(02)23680824", "eco_tags" : "環境管理, 綠色採購, 源頭減量, 惜食(善用食材), 環境教育"}}, {"type" : "Feature", "geometry" : {"type":"Point","coordinates":[121.5371359,25.0416416]}, "properties" : {"name" : "泰迪農園咖哩", "district" : "大安區", "address" : "臺北市大安區忠孝東路三段300號7樓", "category" : "環保餐廳", "phone" : "(02)87726099", "eco_tags" : "環境管理, 綠色採購, 源頭減量, 惜食(善用食材), 環境教育"}}, {"type" : "Feature", "geometry" : {"type":"Point","coordinates":[121.4993322,25.0319327]}, "properties" : {"name" : "海底撈", "district" : "萬華區", "address" : "臺北市萬華區台北市萬華區桂林路1號4樓", "category" : "環保餐廳", "phone" : "(02)23146868", "eco_tags" : "環境管理"}}, {"type" : "Feature", "geometry" : {"type":"Point","coordinates":[121.5668963,25.0333448]}, "properties" : {"name" : "海底撈火鍋", "district" : "信義區", "address" : "臺北市信義區松智路17號2B", "category" : "環保餐廳", "phone" : "(02)87801855", "eco_tags" : "環境管理, 惜食(善用食材)"}}, {"type" : "Feature", "geometry" : {"type":"Point","coordinates":[121.5537286,25.0414995]}, "properties" : {"name" : "烤肉工廠", "district" : "大安區", "address" : "臺北市大安區忠孝東路四段216巷27弄2號", "category" : "環保餐廳", "phone" : "(02)87717345", "eco_tags" : "源頭減量, 惜食(善用食材), 環境教育"}}, {"type" : "Feature", "geometry" : {"type":"Point","coordinates":[121.5557163,25.035507]}, "properties" : {"name" : "真飽餐盒", "district" : "大安區", "address" : "臺北市大安區延吉街70巷6弄3號", "category" : "環保餐廳", "phone" : "(02)27720506", "eco_tags" : "環境管理"}}, {"type" : "Feature", "geometry" : {"type":"Point","coordinates":[121.5537286,25.0414995]}, "properties" : {"name" : "神樂家（忠孝SOGO店）", "district" : "大安區", "address" : "臺北市大安區忠孝東路四段45號11樓", "category" : "環保餐廳", "phone" : "(02)89785666", "eco_tags" : "環境管理, 綠色採購, 源頭減量, 環境教育"}}, {"type" : "Feature", "geometry" : {"type":"Point","coordinates":[121.5260945,25.0226073]}, "properties" : {"name" : "秘徑小食光", "district" : "大安區", "address" : "臺北市大安區羅斯福路三段283巷3號", "category" : "環保餐廳", "phone" : "(02)33651995", "eco_tags" : "環境管理, 源頭減量"}}, {"type" : "Feature", "geometry" : {"type":"Point","coordinates":[121.5140035,25.1373836]}, "properties" : {"name" : "財團法人福祿文化基金會北投文物館", "district" : "北投區", "address" : "臺北市北投區幽雅路32號", "category" : "環保餐廳", "phone" : "(02)28912318#1", "eco_tags" : "環境管理, 綠色採購, 源頭減量, 惜食(善用食材)"}}, {"type" : "Feature", "geometry" : {"type":"Point","coordinates":[121.533468,25.0643611]}, "properties" : {"name" : "鬥牛士(長安店)", "district" : "中山區", "address" : "臺北市中山區長安東路二段169之12號2樓", "category" : "環保餐廳", "phone" : "(02)27406660", "eco_tags" : "環境管理"}}, {"type" : "Feature", "geometry" : {"type":"Point","coordinates":[121.5115866,25.0482987]}, "properties" : {"name" : "乾杯列車台北總站", "district" : "中正區", "address" : "臺北市中正區北平西路3號2樓", "category" : "環保餐廳", "phone" : "(02)23618000", "eco_tags" : "環境管理, 源頭減量"}}, {"type" : "Feature", "geometry" : {"type":"Point","coordinates":[121.515514,25.065986]}, "properties" : {"name" : "乾杯燒肉居酒屋 中山店", "district" : "大同區", "address" : "臺北市大同區台北市大同區南京西路25巷2-1號", "category" : "環保餐廳", "phone" : "(02)25556110", "eco_tags" : "環境管理, 源頭減量"}}, {"type" : "Feature", "geometry" : {"type":"Point","coordinates":[121.534395,25.0265152]}, "properties" : {"name" : "乾杯燒肉居酒屋 本店", "district" : "大安區", "address" : "臺北市大安區台北市大安區敦化南路一段236巷17號", "category" : "環保餐廳", "phone" : "(02)87731150", "eco_tags" : "環境管理, 源頭減量"}}, {"type" : "Feature", "geometry" : {"type":"Point","coordinates":[121.5668963,25.0333448]}, "properties" : {"name" : "乾杯燒肉居酒屋 信義 ATT 店", "district" : "信義區", "address" : "臺北市信義區台北市信義區松壽路12號3樓", "category" : "環保餐廳", "phone" : "(02)87860808", "eco_tags" : "環境管理, 源頭減量"}}, {"type" : "Feature", "geometry" : {"type":"Point","coordinates":[121.6065999,25.0545779]}, "properties" : {"name" : "乾杯燒肉居酒屋 南港中信店", "district" : "南港區", "address" : "臺北市南港區台北市南港區經貿二路186-1號2樓", "category" : "環保餐廳", "phone" : "(02)27866066", "eco_tags" : "環境管理, 源頭減量"}}, {"type" : "Feature", "geometry" : {"type":"Point","coordinates":[121.5772719,25.0498852]}, "properties" : {"name" : "基督復臨安息日會醫療財團法人臺安醫院 嗎哪天然之味餐廳", "district" : "松山區", "address" : "臺北市松山區八德路二段424號B1", "category" : "環保餐廳", "phone" : "(02)27718151#3", "eco_tags" : "環境管理, 綠色採購, 食材及餐點, 源頭減量, 惜食(打包服務), 惜食(善用食材), 環境教育"}}, {"type" : "Feature", "geometry" : {"type":"Point","coordinates":[121.6162714,25.053105]}, "properties" : {"name" : "敘日全日餐廳", "district" : "南港區", "address" : "臺北市南港區忠孝東路七段359號7樓", "category" : "環保餐廳", "phone" : "(02)66156526", "eco_tags" : "環境管理, 環境教育"}}, {"type" : "Feature", "geometry" : {"type":"Point","coordinates":[121.5727946,25.1351779]}, "properties" : {"name" : "梅居休閒農場", "district" : "士林區", "address" : "臺北市士林區平菁街43巷99號", "category" : "環保餐廳", "phone" : "", "eco_tags" : "環境管理, 綠色採購, 食材及餐點, 源頭減量, 惜食(打包服務), 惜食(善用食材), 環境教育"}}, {"type" : "Feature", "geometry" : {"type":"Point","coordinates":[121.533468,25.0643611]}, "properties" : {"name" : "涮乃葉-欣欣百貨店", "district" : "中山區", "address" : "臺北市中山區台北市中山區林森北路247號2樓", "category" : "環保餐廳", "phone" : "(02)25416320", "eco_tags" : "環境管理, 食材及餐點, 源頭減量, 惜食(打包服務), 惜食(善用食材), 環境教育"}}, {"type" : "Feature", "geometry" : {"type":"Point","coordinates":[121.5668963,25.0333448]}, "properties" : {"name" : "涮乃葉-信義遠百店", "district" : "信義區", "address" : "臺北市信義區台北市信義區松仁路58號7樓", "category" : "環保餐廳", "phone" : "(02)27230698", "eco_tags" : "環境管理, 食材及餐點, 源頭減量, 惜食(打包服務), 惜食(善用食材), 環境教育"}}, {"type" : "Feature", "geometry" : {"type":"Point","coordinates":[121.6065999,25.0545779]}, "properties" : {"name" : "涮乃葉-南港中信店", "district" : "南港區", "address" : "臺北市南港區台北市南港區經貿二路188-1號2樓(中信總部C棟)", "category" : "環保餐廳", "phone" : "(02)26530155", "eco_tags" : "環境管理, 食材及餐點, 源頭減量, 惜食(打包服務), 惜食(善用食材), 環境教育"}}, {"type" : "Feature", "geometry" : {"type":"Point","coordinates":[121.5668963,25.0333448]}, "properties" : {"name" : "涮乃葉-統一時代市府店", "district" : "信義區", "address" : "臺北市信義區台北市信義區忠孝東路5段8號3樓", "category" : "環保餐廳", "phone" : "(02)27230646", "eco_tags" : "環境管理, 食材及餐點, 源頭減量, 惜食(打包服務), 惜食(善用食材), 環境教育"}}, {"type" : "Feature", "geometry" : {"type":"Point","coordinates":[121.518267,25.0323611]}, "properties" : {"name" : "涮乃葉-寶慶遠百店", "district" : "中正區", "address" : "臺北市中正區台北市中正區寶慶路32號6樓(遠東百貨6樓)", "category" : "環保餐廳", "phone" : "(02)23611258", "eco_tags" : "環境管理, 食材及餐點, 源頭減量, 惜食(打包服務), 惜食(善用食材), 環境教育"}}, {"type" : "Feature", "geometry" : {"type":"Point","coordinates":[121.534395,25.0265152]}, "properties" : {"name" : "深紅鍋物", "district" : "大安區", "address" : "臺北市大安區敦化南路一段246號B2", "category" : "環保餐廳", "phone" : "(02)87730035", "eco_tags" : "環境管理"}}, {"type" : "Feature", "geometry" : {"type":"Point","coordinates":[121.518267,25.0323611]}, "properties" : {"name" : "第一佳(微風台大醫院商場)", "district" : "中正區", "address" : "臺北市中正區中山南路77號B1F", "category" : "環保餐廳", "phone" : "(02)23952298#8", "eco_tags" : "環境管理, 環境教育"}}, {"type" : "Feature", "geometry" : {"type":"Point","coordinates":[121.5132459,25.0455786]}, "properties" : {"name" : "第一銀行總行大樓員工餐廳", "district" : "中正區", "address" : "臺北市中正區重慶南路一段30號21樓", "category" : "環保餐廳", "phone" : "(02)23481520", "eco_tags" : "環境管理, 綠色採購, 惜食(善用食材), 環境教育"}}, {"type" : "Feature", "geometry" : {"type":"Point","coordinates":[121.534395,25.0265152]}, "properties" : {"name" : "荷李活茶街 (忠孝SOGO店)", "district" : "大安區", "address" : "臺北市大安區忠孝東路四段45號2F", "category" : "環保餐廳", "phone" : "(02)27780369", "eco_tags" : "環境管理, 綠色採購, 食材及餐點, 源頭減量, 惜食(打包服務), 惜食(善用食材), 環境教育"}}, {"type" : "Feature", "geometry" : {"type":"Point","coordinates":[121.534395,25.0265152]}, "properties" : {"name" : "莆田 (忠孝SOGO店)", "district" : "大安區", "address" : "臺北市大安區忠孝東路四段45號12F", "category" : "環保餐廳", "phone" : "(02)87710767", "eco_tags" : "環境管理, 綠色採購, 食材及餐點, 源頭減量, 惜食(打包服務), 惜食(善用食材), 環境教育"}}, {"type" : "Feature", "geometry" : {"type":"Point","coordinates":[121.534395,25.0265152]}, "properties" : {"name" : "野橙咖啡", "district" : "大安區", "address" : "臺北市大安區羅斯福路三段269巷6之1號", "category" : "環保餐廳", "phone" : "(02)27025522", "eco_tags" : "環境管理, 綠色採購, 源頭減量"}}, {"type" : "Feature", "geometry" : {"type":"Point","coordinates":[121.5248942,25.1040501]}, "properties" : {"name" : "魚君 ????? 天母SOGO店", "district" : "士林區", "address" : "臺北市士林區中山北路六段77號8樓", "category" : "環保餐廳", "phone" : "(02)88661170", "eco_tags" : "環境管理, 綠色採購, 源頭減量, 環境教育"}}, {"type" : "Feature", "geometry" : {"type":"Point","coordinates":[121.562988,25.0412465]}, "properties" : {"name" : "鳥作洋食", "district" : "信義區", "address" : "臺北市信義區忠孝東路四段553巷16弄2號1樓", "category" : "環保餐廳", "phone" : "(02)27567966", "eco_tags" : "環境管理"}}, {"type" : "Feature", "geometry" : {"type":"Point","coordinates":[121.511086,25.0836157]}, "properties" : {"name" : "麥味登士林葫東", "district" : "士林區", "address" : "臺北市士林區葫東街28-1號", "category" : "環保餐廳", "phone" : "(02)28112112", "eco_tags" : "環境管理, 綠色採購, 源頭減量, 惜食(善用食材), 環境教育"}}, {"type" : "Feature", "geometry" : {"type":"Point","coordinates":[121.540222,25.0794226]}, "properties" : {"name" : "麥味登大直北安羅伯", "district" : "中山區", "address" : "臺北市中山區北安路595巷19號", "category" : "環保餐廳", "phone" : "(02)85092968", "eco_tags" : "環境管理, 綠色採購, 源頭減量, 惜食(善用食材), 環境教育"}}, {"type" : "Feature", "geometry" : {"type":"Point","coordinates":[121.5615921,25.086527]}, "properties" : {"name" : "麥味登內湖文湖", "district" : "內湖區", "address" : "臺北市內湖區文湖街49號", "category" : "環保餐廳", "phone" : "(02)87516996", "eco_tags" : "環境管理, 綠色採購, 源頭減量, 惜食(善用食材), 環境教育"}}, {"type" : "Feature", "geometry" : {"type":"Point","coordinates":[121.5807431,25.0722598]}, "properties" : {"name" : "麥味登內湖光寶", "district" : "內湖區", "address" : "臺北市內湖區瑞光路392號", "category" : "環保餐廳", "phone" : "", "eco_tags" : "環境管理, 綠色採購, 源頭減量, 惜食(善用食材), 環境教育"}}, {"type" : "Feature", "geometry" : {"type":"Point","coordinates":[121.5783972,25.0787253]}, "properties" : {"name" : "麥味登內湖波士店", "district" : "內湖區", "address" : "臺北市內湖區內湖路一段411巷9弄4號", "category" : "環保餐廳", "phone" : "(02)26277311", "eco_tags" : "環境管理, 綠色採購, 源頭減量, 惜食(善用食材), 環境教育"}}, {"type" : "Feature", "geometry" : {"type":"Point","coordinates":[121.5889983,25.069664]}, "properties" : {"name" : "麥味登內湖星雲", "district" : "內湖區", "address" : "臺北市內湖區星雲街10號1F", "category" : "環保餐廳", "phone" : "(02)87920660", "eco_tags" : "環境管理, 綠色採購, 源頭減量, 惜食(善用食材), 環境教育"}}, {"type" : "Feature", "geometry" : {"type":"Point","coordinates":[121.5783972,25.0787253]}, "properties" : {"name" : "麥味登內湖園區", "district" : "內湖區", "address" : "臺北市內湖區內湖路一段323巷30號", "category" : "環保餐廳", "phone" : "(02)26275822", "eco_tags" : "環境管理, 綠色採購, 源頭減量, 惜食(善用食材), 環境教育"}}, {"type" : "Feature", "geometry" : {"type":"Point","coordinates":[121.588039,25.0584583]}, "properties" : {"name" : "麥味登內湖新明", "district" : "內湖區", "address" : "臺北市內湖區新明路198號", "category" : "環保餐廳", "phone" : "(02)27960603", "eco_tags" : "環境管理, 綠色採購, 源頭減量, 惜食(善用食材), 環境教育"}}, {"type" : "Feature", "geometry" : {"type":"Point","coordinates":[121.584484,25.0656665]}, "properties" : {"name" : "麥味登內湖新湖", "district" : "內湖區", "address" : "臺北市內湖區新湖三路118號", "category" : "環保餐廳", "phone" : "(02)27956995", "eco_tags" : "環境管理, 綠色採購, 源頭減量, 惜食(善用食材), 環境教育"}}, {"type" : "Feature", "geometry" : {"type":"Point","coordinates":[121.5779765,25.0665434]}, "properties" : {"name" : "麥味登內湖葫洲", "district" : "內湖區", "address" : "臺北市內湖區民權東路六段296巷67號", "category" : "環保餐廳", "phone" : "(02)26333323", "eco_tags" : "環境管理, 綠色採購, 源頭減量, 惜食(善用食材), 環境教育"}}, {"type" : "Feature", "geometry" : {"type":"Point","coordinates":[121.5803707,25.0784403]}, "properties" : {"name" : "麥味登內湖旗艦", "district" : "內湖區", "address" : "臺北市內湖區文德路90巷43號", "category" : "環保餐廳", "phone" : "(02)26272227", "eco_tags" : "環境管理, 綠色採購, 源頭減量, 惜食(善用食材), 環境教育"}}, {"type" : "Feature", "geometry" : {"type":"Point","coordinates":[121.5875696,25.087531]}, "properties" : {"name" : "麥味登內湖碧湖", "district" : "內湖區", "address" : "臺北市內湖區金龍路107號", "category" : "環保餐廳", "phone" : "(02)87916778", "eco_tags" : "環境管理, 綠色採購, 源頭減量, 惜食(善用食材), 環境教育"}}, {"type" : "Feature", "geometry" : {"type":"Point","coordinates":[121.528459,25.1120509]}, "properties" : {"name" : "麥味登天母士東", "district" : "士林區", "address" : "臺北市士林區士東路71號", "category" : "環保餐廳", "phone" : "(02)28712828", "eco_tags" : "環境管理, 綠色採購, 源頭減量, 惜食(善用食材), 環境教育"}}, {"type" : "Feature", "geometry" : {"type":"Point","coordinates":[121.5545093,24.9800962]}, "properties" : {"name" : "麥味登文山木星好運", "district" : "文山區", "address" : "臺北市文山區木新路三段315號", "category" : "環保餐廳", "phone" : "(02)29360988", "eco_tags" : "環境管理, 綠色採購, 源頭減量, 惜食(善用食材), 環境教育"}}, {"type" : "Feature", "geometry" : {"type":"Point","coordinates":[121.5706707,24.9871658]}, "properties" : {"name" : "麥味登文山木新", "district" : "文山區", "address" : "臺北市文山區木新路二段277號", "category" : "環保餐廳", "phone" : "(02)29398080", "eco_tags" : "環境管理, 綠色採購, 源頭減量, 惜食(善用食材), 環境教育"}}, {"type" : "Feature", "geometry" : {"type":"Point","coordinates":[121.5447325,24.996061]}, "properties" : {"name" : "麥味登文山世新", "district" : "文山區", "address" : "臺北市文山區景興路288號", "category" : "環保餐廳", "phone" : "(02)29350818", "eco_tags" : "環境管理, 綠色採購, 源頭減量, 惜食(善用食材), 環境教育"}}, {"type" : "Feature", "geometry" : {"type":"Point","coordinates":[121.5539081,24.9994535]}, "properties" : {"name" : "麥味登文山辛亥", "district" : "文山區", "address" : "臺北市文山區辛亥路五段5號", "category" : "環保餐廳", "phone" : "(02)29315015", "eco_tags" : "環境管理, 綠色採購, 源頭減量, 惜食(善用食材), 環境教育"}}, {"type" : "Feature", "geometry" : {"type":"Point","coordinates":[121.5764703,24.9883958]}, "properties" : {"name" : "麥味登文山政大", "district" : "文山區", "address" : "臺北市文山區萬壽路25巷3號", "category" : "環保餐廳", "phone" : "(02)29381314", "eco_tags" : "環境管理, 綠色採購, 源頭減量, 惜食(善用食材), 環境教育"}}, {"type" : "Feature", "geometry" : {"type":"Point","coordinates":[121.5399702,24.9910074]}, "properties" : {"name" : "麥味登文山滬江", "district" : "文山區", "address" : "臺北市文山區羅斯福路六段455巷21號1樓", "category" : "環保餐廳", "phone" : "(02)29351157", "eco_tags" : "環境管理, 綠色採購, 源頭減量, 惜食(善用食材), 環境教育"}}, {"type" : "Feature", "geometry" : {"type":"Point","coordinates":[121.5595526,24.989967]}, "properties" : {"name" : "麥味登文山興隆", "district" : "文山區", "address" : "臺北市文山區興隆路四段119號", "category" : "環保餐廳", "phone" : "(02)29392619", "eco_tags" : "環境管理, 綠色採購, 源頭減量, 惜食(善用食材), 環境教育"}}, {"type" : "Feature", "geometry" : {"type":"Point","coordinates":[121.5390694,25.0062379]}, "properties" : {"name" : "麥味登文山饗食大亨", "district" : "文山區", "address" : "臺北市文山區羅斯福路五段218巷25號", "category" : "環保餐廳", "phone" : "(02)29301098", "eco_tags" : "環境管理, 綠色採購, 源頭減量, 惜食(善用食材), 環境教育"}}, {"type" : "Feature", "geometry" : {"type":"Point","coordinates":[121.5460078,25.028533]}, "properties" : {"name" : "麥味登北市大安", "district" : "大安區", "address" : "臺北市大安區大安路二段134號", "category" : "環保餐廳", "phone" : "(02)27017080", "eco_tags" : "環境管理, 綠色採購, 源頭減量, 惜食(善用食材), 環境教育"}}, {"type" : "Feature", "geometry" : {"type":"Point","coordinates":[121.5825313,25.040638]}, "properties" : {"name" : "麥味登北市大道", "district" : "信義區", "address" : "臺北市信義區大道路50號", "category" : "環保餐廳", "phone" : "(02)27598668", "eco_tags" : "環境管理, 綠色採購, 源頭減量, 惜食(善用食材), 環境教育"}}, {"type" : "Feature", "geometry" : {"type":"Point","coordinates":[121.5328767,25.0381207]}, "properties" : {"name" : "麥味登北市仁愛", "district" : "大安區", "address" : "臺北市大安區仁愛路三段24巷1-6號", "category" : "環保餐廳", "phone" : "(02)27037182", "eco_tags" : "環境管理, 綠色採購, 源頭減量, 惜食(善用食材), 環境教育"}}, {"type" : "Feature", "geometry" : {"type":"Point","coordinates":[121.5596656,25.0330471]}, "properties" : {"name" : "麥味登北市六張犁店", "district" : "信義區", "address" : "臺北市信義區基隆路二段183號1樓", "category" : "環保餐廳", "phone" : "(02)27323011", "eco_tags" : "環境管理, 綠色採購, 源頭減量, 惜食(善用食材), 環境教育"}}, {"type" : "Feature", "geometry" : {"type":"Point","coordinates":[121.5574781,25.031365]}, "properties" : {"name" : "麥味登北市天秤獅", "district" : "信義區", "address" : "臺北市信義區光復南路473巷29號", "category" : "環保餐廳", "phone" : "(02)27589477", "eco_tags" : "環境管理, 綠色採購, 源頭減量, 惜食(善用食材), 環境教育"}}, {"type" : "Feature", "geometry" : {"type":"Point","coordinates":[121.570977,24.9909756]}, "properties" : {"name" : "麥味登北市文山木柵店", "district" : "文山區", "address" : "臺北市文山區木柵路三段55號", "category" : "環保餐廳", "phone" : "(02)86617903", "eco_tags" : "環境管理, 綠色採購, 源頭減量, 惜食(善用食材), 環境教育"}}, {"type" : "Feature", "geometry" : {"type":"Point","coordinates":[121.5642505,25.0278477]}, "properties" : {"name" : "麥味登北市世貿莊敬店", "district" : "信義區", "address" : "臺北市信義區莊敬路203號", "category" : "環保餐廳", "phone" : "(02)87861811", "eco_tags" : "環境管理, 綠色採購, 源頭減量, 惜食(善用食材), 環境教育"}}, {"type" : "Feature", "geometry" : {"type":"Point","coordinates":[121.5370004,25.0111948]}, "properties" : {"name" : "麥味登北市台大", "district" : "中正區", "address" : "臺北市中正區羅斯福路四段118號", "category" : "環保餐廳", "phone" : "(02)23657279", "eco_tags" : "環境管理, 綠色採購, 源頭減量, 惜食(善用食材), 環境教育"}}, {"type" : "Feature", "geometry" : {"type":"Point","coordinates":[121.5531142,25.0481799]}, "properties" : {"name" : "麥味登北市台視店", "district" : "松山區", "address" : "臺北市松山區八德路三段12巷5弄6號", "category" : "環保餐廳", "phone" : "(02)25795877", "eco_tags" : "環境管理, 綠色採購, 源頭減量, 惜食(善用食材), 環境教育"}}, {"type" : "Feature", "geometry" : {"type":"Point","coordinates":[121.5689965,25.0592881]}, "properties" : {"name" : "麥味登北市民生", "district" : "松山區", "address" : "臺北市松山區民生東路五段153-5號", "category" : "環保餐廳", "phone" : "(02)27607148", "eco_tags" : "環境管理, 綠色採購, 源頭減量, 惜食(善用食材), 環境教育"}}, {"type" : "Feature", "geometry" : {"type":"Point","coordinates":[121.5625161,25.0567932]}, "properties" : {"name" : "麥味登北市民生延壽店", "district" : "松山區", "address" : "臺北市松山區延壽街173號", "category" : "環保餐廳", "phone" : "(02)27476967", "eco_tags" : "環境管理, 綠色採購, 源頭減量, 惜食(善用食材), 環境教育"}}, {"type" : "Feature", "geometry" : {"type":"Point","coordinates":[121.519403,25.0628506]}, "properties" : {"name" : "麥味登北市民權", "district" : "大同區", "address" : "臺北市大同區民權西路234號", "category" : "環保餐廳", "phone" : "(02)25506676", "eco_tags" : "環境管理, 綠色採購, 源頭減量, 惜食(善用食材), 環境教育"}}, {"type" : "Feature", "geometry" : {"type":"Point","coordinates":[121.5778547,25.0407693]}, "properties" : {"name" : "麥味登北市永春", "district" : "信義區", "address" : "臺北市信義區忠孝東路五段372巷27弄77-1號", "category" : "環保餐廳", "phone" : "(02)27220602", "eco_tags" : "環境管理, 綠色採購, 源頭減量, 惜食(善用食材), 環境教育"}}, {"type" : "Feature", "geometry" : {"type":"Point","coordinates":[121.5863949,25.0462137]}, "properties" : {"name" : "麥味登北市同德", "district" : "南港區", "address" : "臺北市南港區同德路54號", "category" : "環保餐廳", "phone" : "(02)27855330", "eco_tags" : "環境管理, 綠色採購, 源頭減量, 惜食(善用食材), 環境教育"}}, {"type" : "Feature", "geometry" : {"type":"Point","coordinates":[121.501038,25.0250308]}, "properties" : {"name" : "麥味登北市成功", "district" : "萬華區", "address" : "臺北市萬華區萬大路177號", "category" : "環保餐廳", "phone" : "(02)23075752", "eco_tags" : "環境管理, 綠色採購, 源頭減量, 惜食(善用食材), 環境教育"}}, {"type" : "Feature", "geometry" : {"type":"Point","coordinates":[121.5647512,25.0256419]}, "properties" : {"name" : "麥味登北市百勝", "district" : "信義區", "address" : "臺北市信義區吳興街281巷14號", "category" : "環保餐廳", "phone" : "(02)27584827", "eco_tags" : "環境管理, 綠色採購, 源頭減量, 惜食(善用食材), 環境教育"}}, {"type" : "Feature", "geometry" : {"type":"Point","coordinates":[121.5655753,25.0541888]}, "properties" : {"name" : "麥味登北市西松", "district" : "松山區", "address" : "臺北市松山區健康路325巷6弄2號", "category" : "環保餐廳", "phone" : "(02)85095201", "eco_tags" : "環境管理, 綠色採購, 源頭減量, 惜食(善用食材), 環境教育"}}, {"type" : "Feature", "geometry" : {"type":"Point","coordinates":[121.50763,25.0486362]}, "properties" : {"name" : "麥味登北市西門", "district" : "萬華區", "address" : "臺北市萬華區西寧南路24號", "category" : "環保餐廳", "phone" : "(02)23717288", "eco_tags" : "環境管理, 綠色採購, 源頭減量, 惜食(善用食材), 環境教育"}}, {"type" : "Feature", "geometry" : {"type":"Point","coordinates":[121.5178804,25.026447]}, "properties" : {"name" : "麥味登北市和平", "district" : "中正區", "address" : "臺北市中正區廈門街75號", "category" : "環保餐廳", "phone" : "(02)23652299", "eco_tags" : "環境管理, 綠色採購, 源頭減量, 惜食(善用食材), 環境教育"}}, {"type" : "Feature", "geometry" : {"type":"Point","coordinates":[121.5668963,25.0333448]}, "properties" : {"name" : "麥味登北市府捷運店", "district" : "信義區", "address" : "臺北市信義區基隆路1段147巷12號", "category" : "環保餐廳", "phone" : "(02)27491801", "eco_tags" : "環境管理, 綠色採購, 源頭減量, 惜食(善用食材), 環境教育"}}, {"type" : "Feature", "geometry" : {"type":"Point","coordinates":[121.5668963,25.0333448]}, "properties" : {"name" : "麥味登北市忠孝店", "district" : "信義區", "address" : "臺北市信義區忠孝東路5段524巷6號", "category" : "環保餐廳", "phone" : "(02)23463923", "eco_tags" : "環境管理, 綠色採購, 源頭減量, 惜食(善用食材), 環境教育"}}, {"type" : "Feature", "geometry" : {"type":"Point","coordinates":[121.570458,24.989786]}, "properties" : {"name" : "麥味登北市忠順", "district" : "文山區", "address" : "臺北市文山區忠順街2段25號", "category" : "環保餐廳", "phone" : "(02)29399358", "eco_tags" : "環境管理, 綠色採購, 源頭減量, 惜食(善用食材), 環境教育"}}, {"type" : "Feature", "geometry" : {"type":"Point","coordinates":[121.516022,25.065893]}, "properties" : {"name" : "麥味登北市昌吉", "district" : "大同區", "address" : "臺北市大同區昌吉街27號", "category" : "環保餐廳", "phone" : "(02)25996761", "eco_tags" : "環境管理, 綠色採購, 源頭減量, 惜食(善用食材), 環境教育"}}, {"type" : "Feature", "geometry" : {"type":"Point","coordinates":[121.5934408,25.0481827]}, "properties" : {"name" : "麥味登北市昆陽", "district" : "南港區", "address" : "臺北市南港區昆陽街94號", "category" : "環保餐廳", "phone" : "(02)27883965", "eco_tags" : "環境管理, 綠色採購, 源頭減量, 惜食(善用食材), 環境教育"}}, {"type" : "Feature", "geometry" : {"type":"Point","coordinates":[121.5779168,25.0401662]}, "properties" : {"name" : "麥味登北市松山", "district" : "信義區", "address" : "臺北市信義區松山路241號", "category" : "環保餐廳", "phone" : "(02)27682899", "eco_tags" : "環境管理, 綠色採購, 源頭減量, 惜食(善用食材), 環境教育"}}, {"type" : "Feature", "geometry" : {"type":"Point","coordinates":[121.5684044,25.0343593]}, "properties" : {"name" : "麥味登北市松仁", "district" : "信義區", "address" : "臺北市信義區松仁路232號", "category" : "環保餐廳", "phone" : "(02)27585197", "eco_tags" : "環境管理, 綠色採購, 源頭減量, 惜食(善用食材), 環境教育"}}, {"type" : "Feature", "geometry" : {"type":"Point","coordinates":[121.5745737,25.0325485]}, "properties" : {"name" : "麥味登北市松德", "district" : "信義區", "address" : "臺北市信義區松德路193號", "category" : "環保餐廳", "phone" : "(02)27260169", "eco_tags" : "環境管理, 綠色採購, 源頭減量, 惜食(善用食材), 環境教育"}}, {"type" : "Feature", "geometry" : {"type":"Point","coordinates":[121.5329698,25.0484608]}, "properties" : {"name" : "麥味登北市長安東", "district" : "中山區", "address" : "臺北市中山區長安東路二段72號", "category" : "環保餐廳", "phone" : "(02)25065763", "eco_tags" : "環境管理, 綠色採購, 源頭減量, 惜食(善用食材), 環境教育"}}, {"type" : "Feature", "geometry" : {"type":"Point","coordinates":[121.5303381,25.0548583]}, "properties" : {"name" : "麥味登北市長春", "district" : "中山區", "address" : "臺北市中山區長春路238號", "category" : "環保餐廳", "phone" : "(02)25071770", "eco_tags" : "環境管理, 綠色採購, 源頭減量, 惜食(善用食材), 環境教育"}}, {"type" : "Feature", "geometry" : {"type":"Point","coordinates":[121.5596656,25.0330471]}, "properties" : {"name" : "麥味登北市信義基隆店", "district" : "信義區", "address" : "臺北市信義區基隆路二段131-2號", "category" : "環保餐廳", "phone" : "(02)27327880", "eco_tags" : "環境管理, 綠色採購, 源頭減量, 惜食(善用食材), 環境教育"}}, {"type" : "Feature", "geometry" : {"type":"Point","coordinates":[121.5645956,25.0514637]}, "properties" : {"name" : "麥味登北市南京三民(togo外賣專門店)", "district" : "松山區", "address" : "臺北市松山區南京東路五段186號", "category" : "環保餐廳", "phone" : "(02)27489768", "eco_tags" : "環境管理, 綠色採購, 源頭減量, 惜食(善用食材), 環境教育"}}, {"type" : "Feature", "geometry" : {"type":"Point","coordinates":[121.515514,25.065986]}, "properties" : {"name" : "麥味登北市重慶", "district" : "大同區", "address" : "臺北市大同區重慶北路一段61號1F", "category" : "環保餐廳", "phone" : "(02)25593866", "eco_tags" : "環境管理, 綠色採購, 源頭減量, 惜食(善用食材), 環境教育"}}, {"type" : "Feature", "geometry" : {"type":"Point","coordinates":[121.5280564,25.0686082]}, "properties" : {"name" : "麥味登北市神通", "district" : "中山區", "address" : "臺北市中山區新生北路三段69-1號", "category" : "環保餐廳", "phone" : "(02)25866260", "eco_tags" : "環境管理, 綠色採購, 源頭減量, 惜食(善用食材), 環境教育"}}, {"type" : "Feature", "geometry" : {"type":"Point","coordinates":[121.5655753,25.0541888]}, "properties" : {"name" : "麥味登北市健康店", "district" : "松山區", "address" : "臺北市松山區健康路15巷13號", "category" : "環保餐廳", "phone" : "(02)25148117", "eco_tags" : "環境管理, 綠色採購, 源頭減量, 惜食(善用食材), 環境教育"}}, {"type" : "Feature", "geometry" : {"type":"Point","coordinates":[121.5553129,25.0578565]}, "properties" : {"name" : "麥味登北市參食", "district" : "松山區", "address" : "臺北市松山區光復北路60巷19-4號", "category" : "環保餐廳", "phone" : "(02)25782800", "eco_tags" : "環境管理, 綠色採購, 源頭減量, 惜食(善用食材), 環境教育"}}, {"type" : "Feature", "geometry" : {"type":"Point","coordinates":[121.526892,25.0580328]}, "properties" : {"name" : "麥味登北市國王", "district" : "中山區", "address" : "臺北市中山區民生東路一段5號", "category" : "環保餐廳", "phone" : "(02)25115091", "eco_tags" : "環境管理, 綠色採購, 源頭減量, 惜食(善用食材), 環境教育"}}, {"type" : "Feature", "geometry" : {"type":"Point","coordinates":[121.5303381,25.0548583]}, "properties" : {"name" : "麥味登北市國王二", "district" : "中山區", "address" : "臺北市中山區長春路147-2號", "category" : "環保餐廳", "phone" : "(02)25312636", "eco_tags" : "環境管理, 綠色採購, 源頭減量, 惜食(善用食材), 環境教育"}}, {"type" : "Feature", "geometry" : {"type":"Point","coordinates":[121.5526192,25.0282132]}, "properties" : {"name" : "麥味登北市通化", "district" : "大安區", "address" : "臺北市大安區通安街54號", "category" : "環保餐廳", "phone" : "(02)27065066", "eco_tags" : "環境管理, 綠色採購, 源頭減量, 惜食(善用食材), 環境教育"}}, {"type" : "Feature", "geometry" : {"type":"Point","coordinates":[121.5505691,25.061082]}, "properties" : {"name" : "麥味登北市敦北", "district" : "松山區", "address" : "臺北市松山區敦化北路222巷11號", "category" : "環保餐廳", "phone" : "(02)27120158", "eco_tags" : "環境管理, 綠色採購, 源頭減量, 惜食(善用食材), 環境教育"}}, {"type" : "Feature", "geometry" : {"type":"Point","coordinates":[121.5486956,25.0208568]}, "properties" : {"name" : "麥味登北市敦南遠企店", "district" : "大安區", "address" : "臺北市大安區敦化南路二段63巷5號", "category" : "環保餐廳", "phone" : "(02)27035003", "eco_tags" : "環境管理, 綠色採購, 源頭減量, 惜食(善用食材), 環境教育"}}, {"type" : "Feature", "geometry" : {"type":"Point","coordinates":[121.5279316,25.0437216]}, "properties" : {"name" : "麥味登北市新生店", "district" : "中正區", "address" : "臺北市中正區忠孝東路二段116號", "category" : "環保餐廳", "phone" : "(02)23919493", "eco_tags" : "環境管理, 綠色採購, 源頭減量, 惜食(善用食材), 環境教育"}}, {"type" : "Feature", "geometry" : {"type":"Point","coordinates":[121.5672489,25.0491324]}, "properties" : {"name" : "麥味登北市新東興", "district" : "松山區", "address" : "臺北市松山區八德路四段245巷36號", "category" : "環保餐廳", "phone" : "(02)27476080", "eco_tags" : "環境管理, 綠色採購, 源頭減量, 惜食(善用食材), 環境教育"}}, {"type" : "Feature", "geometry" : {"type":"Point","coordinates":[121.5408594,25.0281801]}, "properties" : {"name" : "麥味登北市瑞安", "district" : "大安區", "address" : "臺北市大安區瑞安街208巷26號", "category" : "環保餐廳", "phone" : "(02)27077551", "eco_tags" : "環境管理, 綠色採購, 源頭減量, 惜食(善用食材), 環境教育"}}, {"type" : "Feature", "geometry" : {"type":"Point","coordinates":[121.5475617,25.0845828]}, "properties" : {"name" : "麥味登北市實踐", "district" : "中山區", "address" : "臺北市中山區大直街70號", "category" : "環保餐廳", "phone" : "(02)25336934", "eco_tags" : "環境管理, 綠色採購, 源頭減量, 惜食(善用食材), 環境教育"}}, {"type" : "Feature", "geometry" : {"type":"Point","coordinates":[121.5399114,25.0643115]}, "properties" : {"name" : "麥味登北市榮星花園", "district" : "中山區", "address" : "臺北市中山區五常街85號", "category" : "環保餐廳", "phone" : "(02)25082251", "eco_tags" : "環境管理, 綠色採購, 源頭減量, 惜食(善用食材), 環境教育"}}, {"type" : "Feature", "geometry" : {"type":"Point","coordinates":[121.5404627,25.0519256]}, "properties" : {"name" : "麥味登北市龍江1店", "district" : "中山區", "address" : "臺北市中山區龍江路244號", "category" : "環保餐廳", "phone" : "(02)77292550", "eco_tags" : "環境管理, 綠色採購, 源頭減量, 惜食(善用食材), 環境教育"}}, {"type" : "Feature", "geometry" : {"type":"Point","coordinates":[121.4995908,25.1259601]}, "properties" : {"name" : "麥味登北投奇岩", "district" : "北投區", "address" : "臺北市北投區三合街二段463號", "category" : "環保餐廳", "phone" : "(02)28985212", "eco_tags" : "環境管理, 綠色採購, 源頭減量, 惜食(善用食材), 環境教育"}}, {"type" : "Feature", "geometry" : {"type":"Point","coordinates":[121.5151163,25.1187652]}, "properties" : {"name" : "麥味登北投陽明", "district" : "北投區", "address" : "臺北市北投區立農街二段275號", "category" : "環保餐廳", "phone" : "(02)28220198", "eco_tags" : "環境管理, 綠色採購, 源頭減量, 惜食(善用食材), 環境教育"}}, {"type" : "Feature", "geometry" : {"type":"Point","coordinates":[121.5081904,25.1150167]}, "properties" : {"name" : "麥味登北投實踐", "district" : "北投區", "address" : "臺北市北投區實踐街62號", "category" : "環保餐廳", "phone" : "(02)28201888", "eco_tags" : "環境管理, 綠色採購, 源頭減量, 惜食(善用食材), 環境教育"}}, {"type" : "Feature", "geometry" : {"type":"Point","coordinates":[121.5104012,25.0526451]}, "properties" : {"name" : "麥味登北門塔城", "district" : "大同區", "address" : "臺北市大同區塔城街48號", "category" : "環保餐廳", "phone" : "(02)25522215", "eco_tags" : "環境管理, 綠色採購, 源頭減量, 惜食(善用食材), 環境教育"}}, {"type" : "Feature", "geometry" : {"type":"Point","coordinates":[121.532856,25.0381057]}, "properties" : {"name" : "麥味登台北科大to-go 專門店", "district" : "大安區", "address" : "臺北市大安區新生南路一段1號", "category" : "環保餐廳", "phone" : "(02)87729001", "eco_tags" : "環境管理, 綠色採購, 源頭減量, 惜食(善用食材), 環境教育"}}, {"type" : "Feature", "geometry" : {"type":"Point","coordinates":[121.558261,25.0272856]}, "properties" : {"name" : "麥味登台北陽光店", "district" : "信義區", "address" : "臺北市信義區信安街155號", "category" : "環保餐廳", "phone" : "(02)27339595", "eco_tags" : "環境管理, 綠色採購, 源頭減量, 惜食(善用食材), 環境教育"}}, {"type" : "Feature", "geometry" : {"type":"Point","coordinates":[121.5390694,25.0062379]}, "properties" : {"name" : "麥味登台北萬隆", "district" : "文山區", "address" : "臺北市文山區羅斯福路五段233號", "category" : "環保餐廳", "phone" : "(02)29356080", "eco_tags" : "環境管理, 綠色採購, 源頭減量, 惜食(善用食材), 環境教育"}}, {"type" : "Feature", "geometry" : {"type":"Point","coordinates":[121.5839499,25.038165]}, "properties" : {"name" : "麥味登信義福德", "district" : "信義區", "address" : "臺北市信義區福德街246號", "category" : "環保餐廳", "phone" : "(02)27271825", "eco_tags" : "環境管理, 綠色採購, 源頭減量, 惜食(善用食材), 環境教育"}}, {"type" : "Feature", "geometry" : {"type":"Point","coordinates":[121.6129541,25.0562317]}, "properties" : {"name" : "麥味登南軟園區", "district" : "南港區", "address" : "臺北市南港區新民街81號", "category" : "環保餐廳", "phone" : "(02)27833313", "eco_tags" : "環境管理, 綠色採購, 源頭減量, 惜食(善用食材), 環境教育"}}, {"type" : "Feature", "geometry" : {"type":"Point","coordinates":[121.5447325,24.996061]}, "properties" : {"name" : "麥味登景興饗食大亨", "district" : "文山區", "address" : "臺北市文山區景興路40號", "category" : "環保餐廳", "phone" : "(02)29325657", "eco_tags" : "環境管理, 綠色採購, 源頭減量, 惜食(善用食材), 環境教育"}}, {"type" : "Feature", "geometry" : {"type":"Point","coordinates":[121.4926434,25.031162]}, "properties" : {"name" : "麥味登萬華雙園", "district" : "萬華區", "address" : "臺北市萬華區雙園街148號", "category" : "環保餐廳", "phone" : "(02)22123484", "eco_tags" : "環境管理, 綠色採購, 源頭減量, 惜食(善用食材), 環境教育"}}, {"type" : "Feature", "geometry" : {"type":"Point","coordinates":[121.4942208,25.026249]}, "properties" : {"name" : "麥味登萬華寶興", "district" : "萬華區", "address" : "臺北市萬華區寶興街109號", "category" : "環保餐廳", "phone" : "(02)23395976", "eco_tags" : "環境管理, 綠色採購, 源頭減量, 惜食(善用食材), 環境教育"}}, {"type" : "Feature", "geometry" : {"type":"Point","coordinates":[121.5668963,25.0333448]}, "properties" : {"name" : "麻辣45 本店", "district" : "信義區", "address" : "臺北市信義區台北市信義區忠孝東路五段 68 號 45 樓", "category" : "環保餐廳", "phone" : "(02)27253358", "eco_tags" : "環境管理, 源頭減量"}}, {"type" : "Feature", "geometry" : {"type":"Point","coordinates":[121.534395,25.0265152]}, "properties" : {"name" : "凱林鐵板燒", "district" : "大安區", "address" : "臺北市大安區忠孝東路三段300號B2", "category" : "環保餐廳", "phone" : "(02)87728551", "eco_tags" : "環境管理, 源頭減量, 惜食(善用食材)"}}, {"type" : "Feature", "geometry" : {"type":"Point","coordinates":[121.533468,25.0643611]}, "properties" : {"name" : "凱基證券總公司員工餐廳(自有)", "district" : "中山區", "address" : "臺北市中山區成功里明水路700號4樓", "category" : "環保餐廳", "phone" : "(02)21818888", "eco_tags" : "環境管理, 綠色採購, 環境教育"}}, {"type" : "Feature", "geometry" : {"type":"Point","coordinates":[121.533468,25.0643611]}, "properties" : {"name" : "勝利廚房", "district" : "中山區", "address" : "臺北市中山區八德路二段174巷28號1-2樓", "category" : "環保餐廳", "phone" : "(02)27766603", "eco_tags" : "環境管理, 綠色採購, 源頭減量, 惜食(善用食材), 環境教育, 8"}}, {"type" : "Feature", "geometry" : {"type":"Point","coordinates":[121.5668963,25.0333448]}, "properties" : {"name" : "博多天麩羅山海", "district" : "信義區", "address" : "臺北市信義區忠孝東路五段8號B2", "category" : "環保餐廳", "phone" : "(02)27231885", "eco_tags" : "環境管理, 綠色採購, 源頭減量"}}, {"type" : "Feature", "geometry" : {"type":"Point","coordinates":[121.5889983,25.069664]}, "properties" : {"name" : "喜陽鮮食(微風．三總商店街)", "district" : "內湖區", "address" : "臺北市內湖區成功路二段325號B1樓", "category" : "環保餐廳", "phone" : "(02)87923311#1", "eco_tags" : "環境管理"}}, {"type" : "Feature", "geometry" : {"type":"Point","coordinates":[121.562988,25.0412465]}, "properties" : {"name" : "帽哥海味", "district" : "信義區", "address" : "臺北市信義區忠孝東路四段559巷16弄8號1樓", "category" : "環保餐廳", "phone" : "", "eco_tags" : "環境管理"}}, {"type" : "Feature", "geometry" : {"type":"Point","coordinates":[121.5537286,25.0414995]}, "properties" : {"name" : "晶湯匙泰式主題餐廳", "district" : "大安區", "address" : "臺北市大安區忠孝東路四段300號10樓", "category" : "環保餐廳", "phone" : "(02)87725006", "eco_tags" : "環境管理, 綠色採購, 源頭減量, 環境教育"}}, {"type" : "Feature", "geometry" : {"type":"Point","coordinates":[121.526892,25.0580328]}, "properties" : {"name" : "港都熱炒 中山旗艦店", "district" : "中山區", "address" : "臺北市中山區民生東路一段52號", "category" : "環保餐廳", "phone" : "(02)25221918", "eco_tags" : "環境管理, 綠色採購, 源頭減量, 環境教育"}}, {"type" : "Feature", "geometry" : {"type":"Point","coordinates":[121.5222968,25.0309225]}, "properties" : {"name" : "無二會所", "district" : "大安區", "address" : "臺北市大安區杭州南路二段61巷12號", "category" : "環保餐廳", "phone" : "(02)23917599", "eco_tags" : "環境管理, 綠色採購, 源頭減量, 環境教育"}}, {"type" : "Feature", "geometry" : {"type":"Point","coordinates":[121.5505691,25.061082]}, "properties" : {"name" : "發肉燒肉餐酒(敦化本店)", "district" : "松山區", "address" : "臺北市松山區敦化北路4巷56號", "category" : "環保餐廳", "phone" : "(02)27113331", "eco_tags" : "環境管理, 惜食(善用食材), 環境教育"}}, {"type" : "Feature", "geometry" : {"type":"Point","coordinates":[121.5684044,25.0343593]}, "properties" : {"name" : "華南銀行員工餐廳", "district" : "信義區", "address" : "臺北市信義區松仁路123號3樓", "category" : "環保餐廳", "phone" : "(02)23713111#3", "eco_tags" : "環境管理, 綠色採購, 源頭減量"}}, {"type" : "Feature", "geometry" : {"type":"Point","coordinates":[121.5063921,25.0393921]}, "properties" : {"name" : "貴陽柳州螺螄粉", "district" : "萬華區", "address" : "臺北市萬華區貴陽街二段36號", "category" : "環保餐廳", "phone" : "(02)23612627", "eco_tags" : "環境管理"}}, {"type" : "Feature", "geometry" : {"type":"Point","coordinates":[121.534395,25.0265152]}, "properties" : {"name" : "開飯川食堂", "district" : "大安區", "address" : "臺北市大安區敦化南路一段246號B2", "category" : "環保餐廳", "phone" : "(02)27515618", "eco_tags" : "環境管理, 綠色採購, 源頭減量, 惜食(善用食材), 環境教育"}}, {"type" : "Feature", "geometry" : {"type":"Point","coordinates":[121.5242068,25.0918396]}, "properties" : {"name" : "陽明山春天書食創作料理士林店", "district" : "士林區", "address" : "臺北市士林區?山路119-1號", "category" : "環保餐廳", "phone" : "(02)28620178", "eco_tags" : "環境管理, 綠色採購, 食材及餐點, 源頭減量, 惜食(打包服務), 惜食(善用食材), 環境教育"}}, {"type" : "Feature", "geometry" : {"type":"Point","coordinates":[121.5370004,25.0111948]}, "properties" : {"name" : "雲泰小鎮泰式料理", "district" : "中正區", "address" : "臺北市中正區羅斯福路四段90巷2-2號", "category" : "環保餐廳", "phone" : "(02)23675625", "eco_tags" : "源頭減量, 惜食(善用食材), 環境教育"}}, {"type" : "Feature", "geometry" : {"type":"Point","coordinates":[121.5609453,25.0367227]}, "properties" : {"name" : "黑毛屋 信義 ATT 店", "district" : "信義區", "address" : "臺北市信義區台北市信義區松壽路 12 號 4 樓", "category" : "環保餐廳", "phone" : "(02)77362698", "eco_tags" : "環境管理, 源頭減量"}}, {"type" : "Feature", "geometry" : {"type":"Point","coordinates":[121.6078946,25.0538242]}, "properties" : {"name" : "黑毛屋 南港中信店", "district" : "南港區", "address" : "臺北市南港區台北市南港區經貿二路 186-1 號 2 樓", "category" : "環保餐廳", "phone" : "(02)27865669", "eco_tags" : "環境管理, 源頭減量"}}, {"type" : "Feature", "geometry" : {"type":"Point","coordinates":[121.55514,25.08271]}, "properties" : {"name" : "黑毛屋大直忠泰店", "district" : "中正區", "address" : "臺北市中正區樂群三路200號5樓", "category" : "環保餐廳", "phone" : "(02)85025991", "eco_tags" : "環境管理, 源頭減量"}}, {"type" : "Feature", "geometry" : {"type":"Point","coordinates":[121.5242068,25.0918396]}, "properties" : {"name" : "黑毛屋天母SOGO店", "district" : "士林區", "address" : "臺北市士林區中山北路6段77號8樓", "category" : "環保餐廳", "phone" : "(02)28366018", "eco_tags" : "環境管理, 綠色採購, 源頭減量, 惜食(善用食材), 環境教育"}}, {"type" : "Feature", "geometry" : {"type":"Point","coordinates":[121.5766817,25.0343006]}, "properties" : {"name" : "黑毛屋本家 信義店", "district" : "信義區", "address" : "臺北市信義區台北市信義區松高路 19 號 6 樓", "category" : "環保餐廳", "phone" : "(02)27237722", "eco_tags" : "環境管理, 源頭減量"}}, {"type" : "Feature", "geometry" : {"type":"Point","coordinates":[121.5371359,25.0416416]}, "properties" : {"name" : "黑毛屋本家(復興SOGO店)", "district" : "大安區", "address" : "臺北市大安區忠孝東路三段300號11樓", "category" : "環保餐廳", "phone" : "(02)27315199", "eco_tags" : "環境管理, 源頭減量, 惜食(善用食材)"}}, {"type" : "Feature", "geometry" : {"type":"Point","coordinates":[121.5170662,25.0471769]}, "properties" : {"name" : "黑毛屋微風台北車站店", "district" : "中正區", "address" : "臺北市中正區北平西路 3 號 2 樓", "category" : "環保餐廳", "phone" : "(02)23751511", "eco_tags" : "環境管理, 源頭減量"}}, {"type" : "Feature", "geometry" : {"type":"Point","coordinates":[121.570458,24.989786]}, "properties" : {"name" : "愛加倍餐廳", "district" : "文山區", "address" : "臺北市文山區萬美街一段19巷5之1", "category" : "環保餐廳", "phone" : "(02)22303518", "eco_tags" : "環境管理, 綠色採購, 惜食(善用食材), 環境教育"}}, {"type" : "Feature", "geometry" : {"type":"Point","coordinates":[121.518267,25.0323611]}, "properties" : {"name" : "新盛員工餐廳", "district" : "中正區", "address" : "臺北市中正區忠孝東路一段12號B3", "category" : "環保餐廳", "phone" : "", "eco_tags" : "環境管理, 綠色採購, 源頭減量, 惜食(善用食材), 環境教育"}}, {"type" : "Feature", "geometry" : {"type":"Point","coordinates":[121.5242068,25.0918396]}, "properties" : {"name" : "新葡苑（天母SOGO店）", "district" : "士林區", "address" : "臺北市士林區中山北路6段77號8樓", "category" : "環保餐廳", "phone" : "(02)28366628", "eco_tags" : "環境管理, 綠色採購, 源頭減量, 惜食(善用食材), 環境教育"}}, {"type" : "Feature", "geometry" : {"type":"Point","coordinates":[121.5371359,25.0416416]}, "properties" : {"name" : "新葡苑(復興SOGO店)", "district" : "大安區", "address" : "臺北市大安區忠孝東路三段300號10樓", "category" : "環保餐廳", "phone" : "(02)87720177", "eco_tags" : "--"}}, {"type" : "Feature", "geometry" : {"type":"Point","coordinates":[121.5889983,25.069664]}, "properties" : {"name" : "楊記(微風．三總商店街)", "district" : "內湖區", "address" : "臺北市內湖區成功路二段325號B1樓", "category" : "環保餐廳", "phone" : "(02)87923311#1", "eco_tags" : "環境管理"}}, {"type" : "Feature", "geometry" : {"type":"Point","coordinates":[121.5772719,25.0498852]}, "properties" : {"name" : "萬芳冰室-南京店", "district" : "松山區", "address" : "臺北市松山區台北市松山區南京東路五段66巷16號", "category" : "環保餐廳", "phone" : "(02)27494069", "eco_tags" : "環境管理, 綠色採購, 源頭減量, 惜食(善用食材), 環境教育"}}, {"type" : "Feature", "geometry" : {"type":"Point","coordinates":[121.501379,25.132419]}, "properties" : {"name" : "義美見學餐廳(北榮美食街)", "district" : "北投區", "address" : "臺北市北投區石牌路二段201號生活廣場", "category" : "環保餐廳", "phone" : "(02)28749302", "eco_tags" : "環境管理, 綠色採購, 食材及餐點, 源頭減量, 惜食(打包服務), 惜食(善用食材), 環境教育"}}, {"type" : "Feature", "geometry" : {"type":"Point","coordinates":[121.5553129,25.0578565]}, "properties" : {"name" : "蜂蜜窩桌遊咖啡館", "district" : "松山區", "address" : "臺北市松山區光復北路103巷38號", "category" : "環保餐廳", "phone" : "(02)27425922", "eco_tags" : "環境管理, 惜食(善用食材)"}}, {"type" : "Feature", "geometry" : {"type":"Point","coordinates":[121.534395,25.0265152]}, "properties" : {"name" : "詩特莉 Aunt Stella (忠孝SOGO店)", "district" : "大安區", "address" : "臺北市大安區忠孝東路四段45號B1", "category" : "環保餐廳", "phone" : "(02)27403072", "eco_tags" : "環境管理, 綠色採購, 食材及餐點, 源頭減量, 惜食(打包服務), 惜食(善用食材), 環境教育"}}, {"type" : "Feature", "geometry" : {"type":"Point","coordinates":[121.5115866,25.0482987]}, "properties" : {"name" : "頌丹樂泰式伊善料理", "district" : "中正區", "address" : "臺北市中正區北平西路3號2樓", "category" : "環保餐廳", "phone" : "(02)23882968", "eco_tags" : "環境管理, 綠色採購, 源頭減量, 惜食(善用食材), 環境教育"}}, {"type" : "Feature", "geometry" : {"type":"Point","coordinates":[121.5230193,25.0614803]}, "properties" : {"name" : "彰化商業銀行員工餐廳", "district" : "中山區", "address" : "臺北市中山區中山北路二段57號13樓", "category" : "環保餐廳", "phone" : "", "eco_tags" : "環境管理, 綠色採購, 惜食(善用食材), 環境教育"}}, {"type" : "Feature", "geometry" : {"type":"Point","coordinates":[121.5487889,25.0332347]}, "properties" : {"name" : "漢來名人坊", "district" : "大安區", "address" : "臺北市大安區敦化南路一段246號4樓", "category" : "環保餐廳", "phone" : "(02)87732111", "eco_tags" : "環境管理, 綠色採購, 源頭減量, 惜食(善用食材), 環境教育"}}, {"type" : "Feature", "geometry" : {"type":"Point","coordinates":[121.5242068,25.0918396]}, "properties" : {"name" : "漢來海港-天母店", "district" : "士林區", "address" : "臺北市士林區中山北路六段77號7F", "category" : "環保餐廳", "phone" : "(07)4128068", "eco_tags" : "環境管理, 環境教育"}}, {"type" : "Feature", "geometry" : {"type":"Point","coordinates":[121.5487889,25.0332347]}, "properties" : {"name" : "漢來海港-敦化店", "district" : "大安區", "address" : "臺北市大安區敦化南路一段246號6樓", "category" : "環保餐廳", "phone" : "(07)4128068", "eco_tags" : "環境管理, 環境教育"}}, {"type" : "Feature", "geometry" : {"type":"Point","coordinates":[121.534395,25.0265152]}, "properties" : {"name" : "漢來蔬食 (忠孝SOGO店)", "district" : "大安區", "address" : "臺北市大安區忠孝東路四段45號11F", "category" : "環保餐廳", "phone" : "(02)27311128", "eco_tags" : "環境管理, 綠色採購, 食材及餐點, 源頭減量, 惜食(打包服務), 惜食(善用食材), 環境教育"}}, {"type" : "Feature", "geometry" : {"type":"Point","coordinates":[121.5689965,25.0592881]}, "properties" : {"name" : "綠帶純植物烘焙", "district" : "松山區", "address" : "臺北市松山區民生東路五段36巷8弄64號1樓", "category" : "環保餐廳", "phone" : "(02)27477668", "eco_tags" : "環境管理, 綠色採購, 惜食(善用食材), 環境教育"}}, {"type" : "Feature", "geometry" : {"type":"Point","coordinates":[121.5526192,25.0282132]}, "properties" : {"name" : "翟記牛肉麵食館", "district" : "大安區", "address" : "臺北市大安區通安街80號", "category" : "環保餐廳", "phone" : "(02)87717195", "eco_tags" : "環境管理"}}, {"type" : "Feature", "geometry" : {"type":"Point","coordinates":[121.534395,25.0265152]}, "properties" : {"name" : "聚 北海道鍋物 (忠孝SOGO店)", "district" : "大安區", "address" : "臺北市大安區忠孝東路四段45號11F", "category" : "環保餐廳", "phone" : "(02)27218787", "eco_tags" : "環境管理, 綠色採購, 食材及餐點, 源頭減量, 惜食(善用食材), 環境教育"}}, {"type" : "Feature", "geometry" : {"type":"Point","coordinates":[121.5505691,25.061082]}, "properties" : {"name" : "聚寶員工餐廳", "district" : "松山區", "address" : "臺北市松山區敦化北路158號", "category" : "環保餐廳", "phone" : "(02)27156888", "eco_tags" : "環境管理, 綠色採購, 源頭減量, 惜食(善用食材), 環境教育"}}, {"type" : "Feature", "geometry" : {"type":"Point","coordinates":[121.5104012,25.0526451]}, "properties" : {"name" : "臺灣企銀總行大樓員工餐廳", "district" : "大同區", "address" : "臺北市大同區塔城街30號18樓", "category" : "環保餐廳", "phone" : "(02)25597171", "eco_tags" : "環境管理, 源頭減量"}}, {"type" : "Feature", "geometry" : {"type":"Point","coordinates":[121.5371359,25.0416416]}, "properties" : {"name" : "蓋子普拉斯小餐館", "district" : "大安區", "address" : "臺北市大安區忠孝東路三段10巷22號", "category" : "環保餐廳", "phone" : "(02)27118571", "eco_tags" : "環境管理, 綠色採購, 源頭減量"}}, {"type" : "Feature", "geometry" : {"type":"Point","coordinates":[121.5537286,25.0414995]}, "properties" : {"name" : "遠東SOGO忠孝店員工餐廳", "district" : "大安區", "address" : "臺北市大安區忠孝東路四段45號", "category" : "環保餐廳", "phone" : "(02)27765555", "eco_tags" : "環境管理, 綠色採購, 源頭減量, 惜食(善用食材), 環境教育"}}, {"type" : "Feature", "geometry" : {"type":"Point","coordinates":[121.518267,25.0323611]}, "properties" : {"name" : "廟口蚵仔煎(微風台大醫院商場)", "district" : "中正區", "address" : "臺北市中正區中山南路77號B1F", "category" : "環保餐廳", "phone" : "(02)23952298", "eco_tags" : "環境管理, 環境教育"}}, {"type" : "Feature", "geometry" : {"type":"Point","coordinates":[121.5248942,25.1040501]}, "properties" : {"name" : "摩斯漢堡(天母SOGO店)", "district" : "士林區", "address" : "臺北市士林區中山北路六段77號", "category" : "環保餐廳", "phone" : "(02)28343204", "eco_tags" : "環境管理, 綠色採購, 源頭減量, 惜食(善用食材), 環境教育"}}, {"type" : "Feature", "geometry" : {"type":"Point","coordinates":[121.5537286,25.0414995]}, "properties" : {"name" : "樂檸漢堡（忠孝敦化門市）", "district" : "大安區", "address" : "臺北市大安區忠孝東路四段223巷47號", "category" : "環保餐廳", "phone" : "(02)87720607", "eco_tags" : "環境管理"}}, {"type" : "Feature", "geometry" : {"type":"Point","coordinates":[121.5668963,25.0333448]}, "properties" : {"name" : "樂檸漢堡（信義遠百門市）", "district" : "信義區", "address" : "臺北市信義區松仁路58號B3（A13 信義遠百 B3）", "category" : "環保餐廳", "phone" : "(02)27255260", "eco_tags" : "環境管理"}}, {"type" : "Feature", "geometry" : {"type":"Point","coordinates":[121.5553129,25.0578565]}, "properties" : {"name" : "樂檸漢堡（南京三民門市）", "district" : "松山區", "address" : "臺北市松山區光復北路11巷99-1號", "category" : "環保餐廳", "phone" : "(02)27620398", "eco_tags" : "環境管理"}}, {"type" : "Feature", "geometry" : {"type":"Point","coordinates":[121.5437599,25.0379046]}, "properties" : {"name" : "蔬店手作鍋物復興店", "district" : "大安區", "address" : "臺北市大安區復興南路一段107巷2號", "category" : "環保餐廳", "phone" : "(02)27311008", "eco_tags" : "環境管理, 惜食(善用食材), 環境教育"}}, {"type" : "Feature", "geometry" : {"type":"Point","coordinates":[121.5668963,25.0333448]}, "properties" : {"name" : "蔬漫小姐Miss Shumaan.house", "district" : "信義區", "address" : "臺北市信義區永吉路120巷82號1F", "category" : "環保餐廳", "phone" : "(02)27662386", "eco_tags" : "環境管理, 綠色採購, 源頭減量, 惜食(善用食材), 環境教育"}}, {"type" : "Feature", "geometry" : {"type":"Point","coordinates":[121.5554747,25.0323074]}, "properties" : {"name" : "醉美餐酒水煙館 Drunk Night", "district" : "大安區", "address" : "臺北市大安區文昌街128號", "category" : "環保餐廳", "phone" : "", "eco_tags" : "環境管理, 綠色採購"}}, {"type" : "Feature", "geometry" : {"type":"Point","coordinates":[121.5329975,25.0464726]}, "properties" : {"name" : "養心茶樓", "district" : "中山區", "address" : "臺北市中山區松江路128號2樓", "category" : "環保餐廳", "phone" : "(02)25428828", "eco_tags" : "環境管理, 源頭減量, 惜食(善用食材), 環境教育"}}, {"type" : "Feature", "geometry" : {"type":"Point","coordinates":[121.5371964,25.0112151]}, "properties" : {"name" : "曉鹿鳴樓上海菜", "district" : "大安區", "address" : "臺北市大安區羅斯福路四段85號", "category" : "環保餐廳", "phone" : "(02)23688994", "eco_tags" : "環境管理, 源頭減量, 惜食(善用食材), 環境教育"}}, {"type" : "Feature", "geometry" : {"type":"Point","coordinates":[121.5475247,25.0509069]}, "properties" : {"name" : "橫濱牛排-微風南京店", "district" : "松山區", "address" : "臺北市松山區南京東路3段337號3樓", "category" : "環保餐廳", "phone" : "(02)87125575", "eco_tags" : "環境管理, 食材及餐點, 源頭減量, 惜食(打包服務), 惜食(善用食材), 環境教育"}}, {"type" : "Feature", "geometry" : {"type":"Point","coordinates":[121.534395,25.0265152]}, "properties" : {"name" : "燒肉Smile大安忠孝店", "district" : "大安區", "address" : "臺北市大安區台北市大安區忠孝東路四段104號號2樓之1", "category" : "環保餐廳", "phone" : "(02)27522000", "eco_tags" : "環境管理, 惜食(善用食材)"}}, {"type" : "Feature", "geometry" : {"type":"Point","coordinates":[121.5889983,25.069664]}, "properties" : {"name" : "燒肉Smile台北內湖店", "district" : "內湖區", "address" : "臺北市內湖區台北市內湖區內湖路一段320號", "category" : "環保餐廳", "phone" : "(02)26599555", "eco_tags" : "惜食(善用食材)"}}, {"type" : "Feature", "geometry" : {"type":"Point","coordinates":[121.5778547,25.0407693]}, "properties" : {"name" : "燒肉Smile台北忠孝", "district" : "信義區", "address" : "臺北市信義區忠孝東路五段497號2樓", "category" : "環保餐廳", "phone" : "(02)87852227", "eco_tags" : "環境管理, 惜食(善用食材)"}}, {"type" : "Feature", "geometry" : {"type":"Point","coordinates":[121.5889983,25.069664]}, "properties" : {"name" : "築間幸福鍋物內湖成功", "district" : "內湖區", "address" : "臺北市內湖區114臺北市內湖區成功路4段34號1樓", "category" : "環保餐廳", "phone" : "(02)27952275", "eco_tags" : "環境管理, 惜食(善用食材)"}}, {"type" : "Feature", "geometry" : {"type":"Point","coordinates":[121.501379,25.132419]}, "properties" : {"name" : "築間幸福鍋物北投石牌", "district" : "北投區", "address" : "臺北市北投區112臺北市北投區石牌路一段160號", "category" : "環保餐廳", "phone" : "(02)28289366", "eco_tags" : "環境管理, 惜食(善用食材)"}}, {"type" : "Feature", "geometry" : {"type":"Point","coordinates":[121.5772719,25.0498852]}, "properties" : {"name" : "築間幸福鍋物台北三民", "district" : "松山區", "address" : "臺北市松山區105臺北市松山區三民路25號", "category" : "環保餐廳", "phone" : "(02)25289191", "eco_tags" : "環境管理, 惜食(善用食材)"}}, {"type" : "Feature", "geometry" : {"type":"Point","coordinates":[121.5889983,25.069664]}, "properties" : {"name" : "築間幸福鍋物台北內湖", "district" : "內湖區", "address" : "臺北市內湖區114台北市內湖區內湖路一段318號", "category" : "環保餐廳", "phone" : "(02)26561277", "eco_tags" : "環境管理, 惜食(善用食材)"}}, {"type" : "Feature", "geometry" : {"type":"Point","coordinates":[121.4993322,25.0319327]}, "properties" : {"name" : "築間幸福鍋物台北西門町", "district" : "萬華區", "address" : "臺北市萬華區108臺北市萬華區昆明街92-1號2樓", "category" : "環保餐廳", "phone" : "(02)23310003", "eco_tags" : "環境管理, 惜食(善用食材)"}}, {"type" : "Feature", "geometry" : {"type":"Point","coordinates":[121.5668963,25.0333448]}, "properties" : {"name" : "築間幸福鍋物台北忠孝一", "district" : "信義區", "address" : "臺北市信義區110臺北市信義區忠孝東路五段695號", "category" : "環保餐廳", "phone" : "(02)87852222", "eco_tags" : "環境管理, 惜食(善用食材)"}}, {"type" : "Feature", "geometry" : {"type":"Point","coordinates":[121.534395,25.0265152]}, "properties" : {"name" : "築間幸福鍋物台北忠孝二", "district" : "大安區", "address" : "臺北市大安區106臺北市大安區忠孝東路四段120號2樓", "category" : "環保餐廳", "phone" : "(02)27732727", "eco_tags" : "環境管理, 惜食(善用食材)"}}, {"type" : "Feature", "geometry" : {"type":"Point","coordinates":[121.533468,25.0643611]}, "properties" : {"name" : "築間幸福鍋物台北松江", "district" : "中山區", "address" : "臺北市中山區104臺北市中山區松江路27號", "category" : "環保餐廳", "phone" : "(02)25068633", "eco_tags" : "環境管理, 惜食(善用食材)"}}, {"type" : "Feature", "geometry" : {"type":"Point","coordinates":[121.533468,25.0643611]}, "properties" : {"name" : "築間幸福鍋物台北南京一", "district" : "中山區", "address" : "臺北市中山區104臺北市中山區南京東路一段138號1樓", "category" : "環保餐廳", "phone" : "(02)25429099", "eco_tags" : "環境管理, 惜食(善用食材)"}}, {"type" : "Feature", "geometry" : {"type":"Point","coordinates":[121.533468,25.0643611]}, "properties" : {"name" : "築間幸福鍋物台北南京二", "district" : "中山區", "address" : "臺北市中山區104臺北市中山區南京東路一段138號2樓", "category" : "環保餐廳", "phone" : "(02)25429199", "eco_tags" : "環境管理, 惜食(善用食材)"}}, {"type" : "Feature", "geometry" : {"type":"Point","coordinates":[121.6065999,25.0545779]}, "properties" : {"name" : "築間幸福鍋物台北南港", "district" : "南港區", "address" : "臺北市南港區115臺北市南港區興中路56巷3號", "category" : "環保餐廳", "phone" : "(02)26516268", "eco_tags" : "環境管理, 惜食(善用食材)"}}, {"type" : "Feature", "geometry" : {"type":"Point","coordinates":[121.5772719,25.0498852]}, "properties" : {"name" : "築間幸福鍋物台北復興南", "district" : "松山區", "address" : "臺北市松山區105臺北市松山區復興南路一段1之1號", "category" : "環保餐廳", "phone" : "(02)27525568", "eco_tags" : "環境管理, 惜食(善用食材)"}}, {"type" : "Feature", "geometry" : {"type":"Point","coordinates":[121.533468,25.0643611]}, "properties" : {"name" : "築間幸福鍋物台北農安", "district" : "中山區", "address" : "臺北市中山區104臺北市中山區農安街57號", "category" : "環保餐廳", "phone" : "(02)25911717", "eco_tags" : "環境管理, 惜食(善用食材)"}}, {"type" : "Feature", "geometry" : {"type":"Point","coordinates":[121.533468,25.0643611]}, "properties" : {"name" : "築間幸福鍋物台北雙城", "district" : "中山區", "address" : "臺北市中山區104臺北市中山區雙城街34號1樓", "category" : "環保餐廳", "phone" : "(02)25960707", "eco_tags" : "環境管理, 惜食(善用食材)"}}, {"type" : "Feature", "geometry" : {"type":"Point","coordinates":[121.5668963,25.0333448]}, "properties" : {"name" : "築間幸福鍋物信義世貿店", "district" : "信義區", "address" : "臺北市信義區台北市信義區基隆路一段426號", "category" : "環保餐廳", "phone" : "(02)27201555", "eco_tags" : "惜食(善用食材)"}}, {"type" : "Feature", "geometry" : {"type":"Point","coordinates":[121.5337023,25.030641]}, "properties" : {"name" : "隨意吧(公企店)", "district" : "大安區", "address" : "臺北市大安區金華街187號1樓", "category" : "環保餐廳", "phone" : "(02)23416777", "eco_tags" : "環境管理, 綠色採購, 源頭減量, 惜食(善用食材)"}}, {"type" : "Feature", "geometry" : {"type":"Point","coordinates":[121.5242068,25.0918396]}, "properties" : {"name" : "靜岡勝政日式豬排", "district" : "士林區", "address" : "臺北市士林區中山北路六段77號8F", "category" : "環保餐廳", "phone" : "(02)28363899", "eco_tags" : "環境管理, 綠色採購, 源頭減量, 惜食(善用食材), 環境教育"}}, {"type" : "Feature", "geometry" : {"type":"Point","coordinates":[121.6065999,25.0545779]}, "properties" : {"name" : "靜岡勝政豬排 南港環球店", "district" : "南港區", "address" : "臺北市南港區忠孝東路七段371號B1", "category" : "環保餐廳", "phone" : "(02)27865589", "eco_tags" : "環境管理, 綠色採購, 源頭減量, 惜食(善用食材), 環境教育"}}, {"type" : "Feature", "geometry" : {"type":"Point","coordinates":[121.5329975,25.0464726]}, "properties" : {"name" : "餡老滿(台北吉林店)", "district" : "中山區", "address" : "臺北市中山區松江路90巷23號", "category" : "環保餐廳", "phone" : "(02)25672028", "eco_tags" : "環境管理, 綠色採購, 源頭減量, 惜食(善用食材)"}}, {"type" : "Feature", "geometry" : {"type":"Point","coordinates":[121.6168985,25.0577048]}, "properties" : {"name" : "餡老滿(南港旗艦店)", "district" : "南港區", "address" : "臺北市南港區經貿二路66號2樓", "category" : "環保餐廳", "phone" : "(02)27893423", "eco_tags" : "環境管理, 綠色採購, 源頭減量, 惜食(善用食材)"}}, {"type" : "Feature", "geometry" : {"type":"Point","coordinates":[121.5645867,25.039128]}, "properties" : {"name" : "默爾Pasta Pizza(信義誠品店)", "district" : "信義區", "address" : "臺北市信義區松高路11號5樓", "category" : "環保餐廳", "phone" : "(02)27224660", "eco_tags" : "環境管理, 綠色採購, 食材及餐點, 源頭減量, 惜食(打包服務), 惜食(善用食材), 環境教育"}}, {"type" : "Feature", "geometry" : {"type":"Point","coordinates":[121.5389674,25.066009]}, "properties" : {"name" : "龍江涼麵", "district" : "中山區", "address" : "臺北市中山區龍江路356巷5號(近濱江市場)", "category" : "環保餐廳", "phone" : "(02)25062623", "eco_tags" : "環境管理, 綠色採購, 源頭減量, 惜食(善用食材)"}}, {"type" : "Feature", "geometry" : {"type":"Point","coordinates":[121.5889983,25.069664]}, "properties" : {"name" : "龍凰號(微風．三總商店街)", "district" : "內湖區", "address" : "臺北市內湖區成功路二段325號B1樓", "category" : "環保餐廳", "phone" : "(02)87923311", "eco_tags" : "環境管理"}}, {"type" : "Feature", "geometry" : {"type":"Point","coordinates":[121.5889983,25.069664]}, "properties" : {"name" : "優米自助餐(微風．三總商店街)", "district" : "內湖區", "address" : "臺北市內湖區成功路二段325號B1樓", "category" : "環保餐廳", "phone" : "(02)87923311", "eco_tags" : "環境管理"}}, {"type" : "Feature", "geometry" : {"type":"Point","coordinates":[121.5687628,25.0486217]}, "properties" : {"name" : "優喜-鍋物專門店", "district" : "信義區", "address" : "臺北市信義區基隆路一段147巷5弄5號", "category" : "環保餐廳", "phone" : "(02)27493636", "eco_tags" : "環境管理, 綠色採購"}}, {"type" : "Feature", "geometry" : {"type":"Point","coordinates":[121.5174897,25.0387551]}, "properties" : {"name" : "戲台酒館 Theater Trattoria", "district" : "中正區", "address" : "臺北市中正區中山南路21-1號", "category" : "環保餐廳", "phone" : "(02)23971920", "eco_tags" : "環境管理"}}, {"type" : "Feature", "geometry" : {"type":"Point","coordinates":[121.5329975,25.0464726]}, "properties" : {"name" : "禪風茶樓 Zen Tea Restaurant", "district" : "中山區", "address" : "臺北市中山區松江路182號2樓", "category" : "環保餐廳", "phone" : "(02)25678977", "eco_tags" : "環境管理, 惜食(善用食材), 環境教育"}}, {"type" : "Feature", "geometry" : {"type":"Point","coordinates":[121.533468,25.0643611]}, "properties" : {"name" : "韓宮韓式料理", "district" : "中山區", "address" : "臺北市中山區長安東路二段49之1號", "category" : "環保餐廳", "phone" : "(02)25235380", "eco_tags" : "環境管理, 綠色採購, 源頭減量"}}, {"type" : "Feature", "geometry" : {"type":"Point","coordinates":[121.5371359,25.0416416]}, "properties" : {"name" : "點水樓(復興SOGO店)", "district" : "大安區", "address" : "臺北市大安區忠孝東路三段300號11樓", "category" : "環保餐廳", "phone" : "(02)87725089", "eco_tags" : "環境管理, 源頭減量"}}, {"type" : "Feature", "geometry" : {"type":"Point","coordinates":[121.501746,25.0437238]}, "properties" : {"name" : "薆悅精品inn cafe x 台北成都會館", "district" : "萬華區", "address" : "臺北市萬華區成都路27巷8號", "category" : "環保餐廳", "phone" : "(02)23751212", "eco_tags" : "環境管理, 綠色採購, 源頭減量"}}, {"type" : "Feature", "geometry" : {"type":"Point","coordinates":[121.5465429,25.1384499]}, "properties" : {"name" : "藏粵閣", "district" : "士林區", "address" : "臺北市士林區格致路237號2樓", "category" : "環保餐廳", "phone" : "(02)28616661", "eco_tags" : "環境管理, 源頭減量, 惜食(善用食材)"}}, {"type" : "Feature", "geometry" : {"type":"Point","coordinates":[121.5562671,25.078552]}, "properties" : {"name" : "藏壽司 大直ATT店", "district" : "中山區", "address" : "臺北市中山區敬業三路123號2樓", "category" : "環保餐廳", "phone" : "(02)77520835", "eco_tags" : "環境管理, 綠色採購, 源頭減量"}}, {"type" : "Feature", "geometry" : {"type":"Point","coordinates":[121.5147723,25.0540622]}, "properties" : {"name" : "藏壽司 中山南西店", "district" : "大同區", "address" : "臺北市大同區南京西路57號2樓", "category" : "環保餐廳", "phone" : "(02)25565289", "eco_tags" : "環境管理, 綠色採購, 源頭減量"}}, {"type" : "Feature", "geometry" : {"type":"Point","coordinates":[121.5150254,25.045746]}, "properties" : {"name" : "藏壽司 台北館前店", "district" : "中正區", "address" : "臺北市中正區館前路12號5樓", "category" : "環保餐廳", "phone" : "(02)23316029", "eco_tags" : "環境管理, 綠色採購, 源頭減量"}}, {"type" : "Feature", "geometry" : {"type":"Point","coordinates":[121.533468,25.0643611]}, "properties" : {"name" : "藏壽司 松江南京店", "district" : "中山區", "address" : "臺北市中山區南京東路二段101號B1", "category" : "環保餐廳", "phone" : "(02)25681519", "eco_tags" : "環境管理, 綠色採購, 源頭減量"}}, {"type" : "Feature", "geometry" : {"type":"Point","coordinates":[121.5683776,25.0358175]}, "properties" : {"name" : "藏壽司 信義ATT店", "district" : "信義區", "address" : "臺北市信義區松壽路12號4樓", "category" : "環保餐廳", "phone" : "(02)77340800", "eco_tags" : "環境管理, 綠色採購, 源頭減量"}}, {"type" : "Feature", "geometry" : {"type":"Point","coordinates":[121.6162714,25.053105]}, "properties" : {"name" : "藏壽司 南港CITYLINK店", "district" : "南港區", "address" : "臺北市南港區忠孝東路七段369號3樓", "category" : "環保餐廳", "phone" : "(02)26510266", "eco_tags" : "環境管理, 綠色採購, 源頭減量"}}, {"type" : "Feature", "geometry" : {"type":"Point","coordinates":[121.5668963,25.0333448]}, "properties" : {"name" : "藏壽司 微風松高店", "district" : "信義區", "address" : "臺北市信義區松高路16號B1", "category" : "環保餐廳", "phone" : "(02)27206900", "eco_tags" : "環境管理, 綠色採購, 源頭減量"}}, {"type" : "Feature", "geometry" : {"type":"Point","coordinates":[121.5242068,25.0918396]}, "properties" : {"name" : "藝食知選", "district" : "士林區", "address" : "臺北市士林區臺北市士林區天玉街81巷2號", "category" : "環保餐廳", "phone" : "(02)28762882", "eco_tags" : "環境管理, 綠色採購, 惜食(善用食材), 環境教育"}}, {"type" : "Feature", "geometry" : {"type":"Point","coordinates":[121.5362173,25.0259332]}, "properties" : {"name" : "麵工坊大安店", "district" : "大安區", "address" : "臺北市大安區和平東路二段118巷2弄1號1樓", "category" : "環保餐廳", "phone" : "(02)23776186", "eco_tags" : "環境管理, 綠色採購, 源頭減量, 惜食(善用食材), 環境教育, 8"}}, {"type" : "Feature", "geometry" : {"type":"Point","coordinates":[121.5161591,25.0455127]}, "properties" : {"name" : "魔法咖哩", "district" : "中正區", "address" : "臺北市中正區許昌街30號2樓", "category" : "環保餐廳", "phone" : "(02)23886298", "eco_tags" : "環境管理, 源頭減量, 環境教育"}}, {"type" : "Feature", "geometry" : {"type":"Point","coordinates":[121.534395,25.0265152]}, "properties" : {"name" : "鰻將劍持屋", "district" : "大安區", "address" : "臺北市大安區忠孝東路三段300號B2", "category" : "環保餐廳", "phone" : "(02)87728551", "eco_tags" : "環境管理, 源頭減量, 惜食(善用食材)"}}, {"type" : "Feature", "geometry" : {"type":"Point","coordinates":[121.5329787,25.0167043]}, "properties" : {"name" : "靈感咖啡", "district" : "大安區", "address" : "臺北市大安區新生南路三段84-6號3樓", "category" : "環保餐廳", "phone" : "(02)23631371", "eco_tags" : "環境管理, 綠色採購, 惜食(善用食材), 環境教育"}}, {"type" : "Feature", "geometry" : {"type":"Point","coordinates":[121.5158785,25.0687228]}, "properties" : {"name" : "讚豆工坊", "district" : "大同區", "address" : "臺北市大同區大龍街60號", "category" : "環保餐廳", "phone" : "", "eco_tags" : "環境管理"}}, {"type" : "Feature", "geometry" : {"type":"Point","coordinates":[121.5059253,25.0468988]}, "properties" : {"name" : "?陸伍貳懷舊港式冰室", "district" : "萬華區", "address" : "臺北市萬華區昆明街99號", "category" : "環保餐廳", "phone" : "", "eco_tags" : "綠色採購"}}]}
