{"type" : "FeatureCollection", "features" : [{"type" : "Feature", "geometry" : {"type":"Point","coordinates":[121.4676231,25.0798018]}, "properties" : {"name" : "31早午餐", "district" : "蘆洲區", "address" : "新北市蘆洲區和平路171號", "category" : "環保餐廳", "phone" : "02-82861790"}}, {"type" : "Feature", "geometry" : {"type":"Point","coordinates":[121.4590989,25.0096703]}, "properties" : {"name" : "57黃燜雞(板橋大遠百)", "district" : "板橋區", "address" : "新北市板橋區新站路28號B1", "category" : "環保餐廳", "phone" : "0988754052"}}, {"type" : "Feature", "geometry" : {"type":"Point","coordinates":[121.4672319,25.0116897]}, "properties" : {"name" : "Alessi Cafe ", "district" : "板橋區", "address" : "新北市板橋區新站路28號", "category" : "環保餐廳", "phone" : "02-29566768"}}, {"type" : "Feature", "geometry" : {"type":"Point","coordinates":[121.5016177,24.9934722]}, "properties" : {"name" : "Apple203早午餐店-中和遠東", "district" : "中和區", "address" : "新北市中和區中正路738號", "category" : "環保餐廳", "phone" : "02-82261077"}}, {"type" : "Feature", "geometry" : {"type":"Point","coordinates":[121.4672319,25.0116897]}, "properties" : {"name" : "B & G德國農莊複合式茶館", "district" : "板橋區", "address" : "新北市板橋區新站路28號", "category" : "環保餐廳", "phone" : "02-77054168"}}, {"type" : "Feature", "geometry" : {"type":"Point","coordinates":[121.4557597,25.0044984]}, "properties" : {"name" : "BarAku", "district" : "板橋區", "address" : "新北市板橋區縣民大道一段269號2樓", "category" : "環保餐廳", "phone" : "02-29698058"}}, {"type" : "Feature", "geometry" : {"type":"Point","coordinates":[121.488102,25.061486]}, "properties" : {"name" : "bb.q三重三和店", "district" : "三重區", "address" : "新北市三重區三和路四段３９８之１號一樓", "category" : "環保餐廳", "phone" : "02-22861069"}}, {"type" : "Feature", "geometry" : {"type":"Point","coordinates":[121.4721717,25.0064963]}, "properties" : {"name" : "bb.q中和中漢店", "district" : "中和區", "address" : "新北市中和區中山路三段186號", "category" : "環保餐廳", "phone" : "02-82282057"}}, {"type" : "Feature", "geometry" : {"type":"Point","coordinates":[121.4590989,25.0096703]}, "properties" : {"name" : "bb.q板橋板農店", "district" : "板橋區", "address" : "新北市板橋區府中路29之1號", "category" : "環保餐廳", "phone" : "02-22710016"}}, {"type" : "Feature", "geometry" : {"type":"Point","coordinates":[121.4721717,25.0064963]}, "properties" : {"name" : "Bellini Pasta Pasta 中和環球", "district" : "中和區", "address" : "新北市中和區中山路三段122號4樓", "category" : "環保餐廳", "phone" : "0988629682"}}, {"type" : "Feature", "geometry" : {"type":"Point","coordinates":[121.4676907,25.0233438]}, "properties" : {"name" : "BinB書? Bar in Book", "district" : "板橋區", "address" : "新北市板橋區民生路三段140號", "category" : "環保餐廳", "phone" : "02-82510325"}}, {"type" : "Feature", "geometry" : {"type":"Point","coordinates":[121.4721717,25.0064963]}, "properties" : {"name" : "cama 中和環球", "district" : "中和區", "address" : "新北市中和區中山路三段122號3樓", "category" : "環保餐廳", "phone" : "02-22230612"}}, {"type" : "Feature", "geometry" : {"type":"Point","coordinates":[121.49898,24.999397]}, "properties" : {"name" : "Cold Stone 中和環球", "district" : "中和區", "address" : "新北市中和區中山路三段122號B2樓", "category" : "環保餐廳", "phone" : "02-22211807"}}, {"type" : "Feature", "geometry" : {"type":"Point","coordinates":[121.5505971,24.9716309]}, "properties" : {"name" : "Dear 40 Cafe", "district" : "新店區", "address" : "新北市新店區寶興路40號", "category" : "環保餐廳", "phone" : "02-29177171"}}, {"type" : "Feature", "geometry" : {"type":"Point","coordinates":[121.4590989,25.0096703]}, "properties" : {"name" : "DRIP CAFE好滴咖啡-環球板橋車站店", "district" : "板橋區", "address" : "新北市板橋區縣民大道二段七號2F", "category" : "環保餐廳", "phone" : "02-29609288"}}, {"type" : "Feature", "geometry" : {"type":"Point","coordinates":[121.488102,25.061486]}, "properties" : {"name" : "House.好食早餐店", "district" : "三重區", "address" : "新北市三重區福德里成功路106之1號", "category" : "環保餐廳", "phone" : "02-29703375"}}, {"type" : "Feature", "geometry" : {"type":"Point","coordinates":[121.4667663,25.0124033]}, "properties" : {"name" : "Kali Chimaek 韓式炸雞", "district" : "板橋區", "address" : "新北市板橋區中山路一段158巷21號", "category" : "環保餐廳", "phone" : "02-29647777"}}, {"type" : "Feature", "geometry" : {"type":"Point","coordinates":[121.49898,24.999397]}, "properties" : {"name" : "Mami Cooking 中和環球店", "district" : "中和區", "address" : "新北市中和區中山路三段122號B2樓", "category" : "環保餐廳", "phone" : "0986750260"}}, {"type" : "Feature", "geometry" : {"type":"Point","coordinates":[121.4721717,25.0064963]}, "properties" : {"name" : "MOMO PARADISE 中和環球", "district" : "中和區", "address" : "新北市中和區中山路三段122號4樓", "category" : "環保餐廳", "phone" : "02-82286002"}}, {"type" : "Feature", "geometry" : {"type":"Point","coordinates":[121.5419418,24.9673935]}, "properties" : {"name" : "Mrs. Mapo麻婆豆腐 新店家樂福店", "district" : "新店區", "address" : "新北市新店區中興路三段1號1F", "category" : "環保餐廳", "phone" : "02-29115569"}}, {"type" : "Feature", "geometry" : {"type":"Point","coordinates":[121.5158471,25.0149458]}, "properties" : {"name" : "Party創作美食茶房", "district" : "永和區", "address" : "新北市永和區竹林路222號2樓", "category" : "環保餐廳", "phone" : "02-89211103"}}, {"type" : "Feature", "geometry" : {"type":"Point","coordinates":[121.5419418,24.9673935]}, "properties" : {"name" : "petit doux 微兜  小碧潭店", "district" : "新店區", "address" : "新北市新店區新北市新店區中央路157號5樓", "category" : "環保餐廳", "phone" : "02-29115998"}}, {"type" : "Feature", "geometry" : {"type":"Point","coordinates":[121.5512547,24.8639758]}, "properties" : {"name" : "Psyaq  Cikay Ma食坊", "district" : "烏來區", "address" : "新北市烏來區福山里卡拉模基26號", "category" : "環保餐廳", "phone" : "0916127010"}}, {"type" : "Feature", "geometry" : {"type":"Point","coordinates":[121.459806,25.0525538]}, "properties" : {"name" : "Q Burger（總店）", "district" : "新莊區", "address" : "新北市新莊區頭前路24號", "category" : "環保餐廳", "phone" : "02-89913667"}}, {"type" : "Feature", "geometry" : {"type":"Point","coordinates":[121.4094828,25.1566207]}, "properties" : {"name" : "Q Burger八里中山店", "district" : "八里區", "address" : "新北市八里區中山路二段363號", "category" : "環保餐廳", "phone" : "02-26194767"}}, {"type" : "Feature", "geometry" : {"type":"Point","coordinates":[121.488102,25.061486]}, "properties" : {"name" : "Q Burger三重力行店", "district" : "三重區", "address" : "新北市三重區力行路一段160號一樓及地下一樓", "category" : "環保餐廳", "phone" : "02-29879488"}}, {"type" : "Feature", "geometry" : {"type":"Point","coordinates":[121.477435,25.0689635]}, "properties" : {"name" : "Q Burger三重三民店", "district" : "三重區", "address" : "新北市三重區三民街298號", "category" : "環保餐廳", "phone" : "02-29869285"}}, {"type" : "Feature", "geometry" : {"type":"Point","coordinates":[121.4932449,25.0667655]}, "properties" : {"name" : "Q Burger三重大智店", "district" : "三重區", "address" : "新北市三重區大智街55號", "category" : "環保餐廳", "phone" : "02-29883200"}}, {"type" : "Feature", "geometry" : {"type":"Point","coordinates":[121.4771344,25.0696231]}, "properties" : {"name" : "Q Burger三重中正店", "district" : "三重區", "address" : "新北市三重區中正北路180號", "category" : "環保餐廳", "phone" : "02-29856668"}}, {"type" : "Feature", "geometry" : {"type":"Point","coordinates":[121.4942036,25.0578625]}, "properties" : {"name" : "Q Burger三重中正南店", "district" : "三重區", "address" : "新北市三重區中正南路49號", "category" : "環保餐廳", "phone" : "02-29746343"}}, {"type" : "Feature", "geometry" : {"type":"Point","coordinates":[121.488102,25.061486]}, "properties" : {"name" : "Q Burger三重仁政店", "district" : "三重區", "address" : "新北市三重區溪美里仁愛街349號", "category" : "環保餐廳", "phone" : "02-29886667"}}, {"type" : "Feature", "geometry" : {"type":"Point","coordinates":[121.4877917,25.0843408]}, "properties" : {"name" : "Q Burger三重仁愛店", "district" : "三重區", "address" : "新北市三重區溪尾街269號", "category" : "環保餐廳", "phone" : "02-29860322"}}, {"type" : "Feature", "geometry" : {"type":"Point","coordinates":[121.4789944,25.075286]}, "properties" : {"name" : "Q Burger三重永福店", "district" : "三重區", "address" : "新北市三重區永福街172號", "category" : "環保餐廳", "phone" : "02-82878666"}}, {"type" : "Feature", "geometry" : {"type":"Point","coordinates":[121.477435,25.0689635]}, "properties" : {"name" : "Q Burger三重田安店", "district" : "三重區", "address" : "新北市三重區三民街71號1樓", "category" : "環保餐廳", "phone" : "02-29840181"}}, {"type" : "Feature", "geometry" : {"type":"Point","coordinates":[121.4720515,25.0498128]}, "properties" : {"name" : "Q Burger三重光復店", "district" : "三重區", "address" : "新北市三重區光復路一段68巷22號", "category" : "環保餐廳", "phone" : "02-29990935"}}, {"type" : "Feature", "geometry" : {"type":"Point","coordinates":[121.498533,25.0593061]}, "properties" : {"name" : "Q Burger三重光興店", "district" : "三重區", "address" : "新北市三重區正義南路103號", "category" : "環保餐廳", "phone" : "02-29740006"}}, {"type" : "Feature", "geometry" : {"type":"Point","coordinates":[121.4905981,25.0686318]}, "properties" : {"name" : "Q Burger三重自強店", "district" : "三重區", "address" : "新北市三重區自強路二段7號", "category" : "環保餐廳", "phone" : "02-29882918"}}, {"type" : "Feature", "geometry" : {"type":"Point","coordinates":[121.4854528,25.0707627]}, "properties" : {"name" : "Q Burger三重忠孝店", "district" : "三重區", "address" : "新北市三重區忠孝路二段46號", "category" : "環保餐廳", "phone" : "02-29846788"}}, {"type" : "Feature", "geometry" : {"type":"Point","coordinates":[121.5007078,25.0672935]}, "properties" : {"name" : "Q Burger三重長安店", "district" : "三重區", "address" : "新北市三重區長安街73號1樓", "category" : "環保餐廳", "phone" : "02-29762393"}}, {"type" : "Feature", "geometry" : {"type":"Point","coordinates":[121.4865322,25.058275]}, "properties" : {"name" : "Q Burger三重重陽店", "district" : "三重區", "address" : "新北市三重區重陽路43巷31號1樓", "category" : "環保餐廳", "phone" : "02-89881667"}}, {"type" : "Feature", "geometry" : {"type":"Point","coordinates":[121.4778237,25.0641217]}, "properties" : {"name" : "Q Burger三重頂崁店", "district" : "三重區", "address" : "新北市三重區頂崁街188號", "category" : "環保餐廳", "phone" : "02-29843557"}}, {"type" : "Feature", "geometry" : {"type":"Point","coordinates":[121.4946425,25.0614774]}, "properties" : {"name" : "Q Burger三重菜寮店", "district" : "三重區", "address" : "新北市三重區重新路三段93號1樓", "category" : "環保餐廳", "phone" : "02-29880901"}}, {"type" : "Feature", "geometry" : {"type":"Point","coordinates":[121.488101,25.0513521]}, "properties" : {"name" : "Q Burger三重集成店", "district" : "三重區", "address" : "新北市三重區集成路42號", "category" : "環保餐廳", "phone" : "02-29776785"}}, {"type" : "Feature", "geometry" : {"type":"Point","coordinates":[121.4864648,25.0792769]}, "properties" : {"name" : "Q Burger三重慈愛店", "district" : "三重區", "address" : "新北市三重區慈愛街46號", "category" : "環保餐廳", "phone" : "02-22808853"}}, {"type" : "Feature", "geometry" : {"type":"Point","coordinates":[121.502552,25.0639124]}, "properties" : {"name" : "Q Burger三重福德南店", "district" : "三重區", "address" : "新北市三重區福德南路40號", "category" : "環保餐廳", "phone" : "02-29755550"}}, {"type" : "Feature", "geometry" : {"type":"Point","coordinates":[121.502597,25.0743067]}, "properties" : {"name" : "Q Burger三重龍門店", "district" : "三重區", "address" : "新北市三重區龍門路40號", "category" : "環保餐廳", "phone" : "02-29772611"}}, {"type" : "Feature", "geometry" : {"type":"Point","coordinates":[121.368905,24.9343387]}, "properties" : {"name" : "Q Burger三峽大同店", "district" : "三峽區", "address" : "新北市三峽區介壽里大同路1-4號1樓", "category" : "環保餐廳", "phone" : "02-26740031"}}, {"type" : "Feature", "geometry" : {"type":"Point","coordinates":[121.368905,24.9343387]}, "properties" : {"name" : "Q Burger三峽中華店", "district" : "三峽區", "address" : "新北市三峽區安溪里中華路46-2號", "category" : "環保餐廳", "phone" : "02-86719007"}}, {"type" : "Feature", "geometry" : {"type":"Point","coordinates":[121.368905,24.9343387]}, "properties" : {"name" : "Q Burger三峽文化店", "district" : "三峽區", "address" : "新北市三峽區文化路266之13號1樓", "category" : "環保餐廳", "phone" : "02-26738182"}}, {"type" : "Feature", "geometry" : {"type":"Point","coordinates":[121.3721344,24.9430463]}, "properties" : {"name" : "Q Burger三峽北大店", "district" : "三峽區", "address" : "新北市三峽區國際二街37號", "category" : "環保餐廳", "phone" : "02-26737288"}}, {"type" : "Feature", "geometry" : {"type":"Point","coordinates":[121.3717265,24.9380443]}, "properties" : {"name" : "Q Burger三峽復興店", "district" : "三峽區", "address" : "新北市三峽區復興路30號1樓", "category" : "環保餐廳", "phone" : "02-86717069"}}, {"type" : "Feature", "geometry" : {"type":"Point","coordinates":[121.462186,24.9884486]}, "properties" : {"name" : "Q Burger土城永豐店", "district" : "土城區", "address" : "新北市土城區永豐路135巷10號1樓", "category" : "環保餐廳", "phone" : "02-22707050"}}, {"type" : "Feature", "geometry" : {"type":"Point","coordinates":[121.4694954,24.9900866]}, "properties" : {"name" : "Q Burger土城立德店", "district" : "土城區", "address" : "新北市土城區延和路54號", "category" : "環保餐廳", "phone" : "02-22632929"}}, {"type" : "Feature", "geometry" : {"type":"Point","coordinates":[121.4661614,24.9844729]}, "properties" : {"name" : "Q Burger土城延吉店", "district" : "土城區", "address" : "新北市土城區延吉街312號", "category" : "環保餐廳", "phone" : "02-82610582"}}, {"type" : "Feature", "geometry" : {"type":"Point","coordinates":[121.4694954,24.9900866]}, "properties" : {"name" : "Q Burger土城延和店", "district" : "土城區", "address" : "新北市土城區延和路115號1樓", "category" : "環保餐廳", "phone" : "02-22631515"}}, {"type" : "Feature", "geometry" : {"type":"Point","coordinates":[121.4590301,24.9792544]}, "properties" : {"name" : "Q Burger土城青雲店", "district" : "土城區", "address" : "新北市土城區青雲路238號1樓", "category" : "環保餐廳", "phone" : "02-22730363"}}, {"type" : "Feature", "geometry" : {"type":"Point","coordinates":[121.443348,24.972201]}, "properties" : {"name" : "Q Burger土城員林店", "district" : "土城區", "address" : "新北市土城區員林街10之2號一樓", "category" : "環保餐廳", "phone" : "02-82610003"}}, {"type" : "Feature", "geometry" : {"type":"Point","coordinates":[121.4561233,24.9916854]}, "properties" : {"name" : "Q Burger土城廣興店", "district" : "土城區", "address" : "新北市土城區廣興街33號1樓", "category" : "環保餐廳", "phone" : "02-89661116"}}, {"type" : "Feature", "geometry" : {"type":"Point","coordinates":[121.4510147,24.9884197]}, "properties" : {"name" : "Q Burger土城學成店", "district" : "土城區", "address" : "新北市土城區學成路47號", "category" : "環保餐廳", "phone" : "02-82731862"}}, {"type" : "Feature", "geometry" : {"type":"Point","coordinates":[121.5188226,24.9937986]}, "properties" : {"name" : "Q Burger中和大仁店", "district" : "中和區", "address" : "新北市中和區大仁街19巷6號1樓", "category" : "環保餐廳", "phone" : "02-86680138"}}, {"type" : "Feature", "geometry" : {"type":"Point","coordinates":[121.4810559,24.9956757]}, "properties" : {"name" : "Q Burger中和中山店", "district" : "中和區", "address" : "新北市中和區員山路454號", "category" : "環保餐廳", "phone" : "02-82211126"}}, {"type" : "Feature", "geometry" : {"type":"Point","coordinates":[121.4998397,24.993649]}, "properties" : {"name" : "Q Burger中和中興店", "district" : "中和區", "address" : "新北市中和區中興街163號1樓+地下室", "category" : "環保餐廳", "phone" : "02-22429011"}}, {"type" : "Feature", "geometry" : {"type":"Point","coordinates":[121.5111035,24.9882116]}, "properties" : {"name" : "Q Burger中和仁愛店", "district" : "中和區", "address" : "新北市中和區仁愛街102號", "category" : "環保餐廳", "phone" : "02-29436889"}}, {"type" : "Feature", "geometry" : {"type":"Point","coordinates":[121.4702504,25.0054536]}, "properties" : {"name" : "Q Burger中和民生店", "district" : "中和區", "address" : "新北市中和區民生街85巷1弄2號", "category" : "環保餐廳", "phone" : "02-29550810"}}, {"type" : "Feature", "geometry" : {"type":"Point","coordinates":[121.4739921,25.0047673]}, "properties" : {"name" : "Q Burger中和民享店", "district" : "中和區", "address" : "新北市中和區民享街86巷3號1樓", "category" : "環保餐廳", "phone" : "02-82282005"}}, {"type" : "Feature", "geometry" : {"type":"Point","coordinates":[121.49898,24.999397]}, "properties" : {"name" : "Q Burger中和自立店", "district" : "中和區", "address" : "新北市中和區自立路76號一樓", "category" : "環保餐廳", "phone" : "02-29488588"}}, {"type" : "Feature", "geometry" : {"type":"Point","coordinates":[121.5242817,24.9906908]}, "properties" : {"name" : "Q Burger中和秀朗店", "district" : "中和區", "address" : "新北市中和區秀朗路三段48號1樓", "category" : "環保餐廳", "phone" : " 02-29222380"}}, {"type" : "Feature", "geometry" : {"type":"Point","coordinates":[121.5212828,24.9962955]}, "properties" : {"name" : "Q Burger中和秀福店", "district" : "中和區", "address" : "新北市中和區更生街7號1樓", "category" : "環保餐廳", "phone" : "02-29430512"}}, {"type" : "Feature", "geometry" : {"type":"Point","coordinates":[121.5098007,24.9982712]}, "properties" : {"name" : "Q Burger中和宜安店", "district" : "中和區", "address" : "新北市中和區宜安路25號", "category" : "環保餐廳", "phone" : "02-29470125"}}, {"type" : "Feature", "geometry" : {"type":"Point","coordinates":[121.4820434,24.9953311]}, "properties" : {"name" : "Q Burger中和板南店", "district" : "中和區", "address" : "新北市中和區連城路219巷1號", "category" : "環保餐廳", "phone" : "02-22466351"}}, {"type" : "Feature", "geometry" : {"type":"Point","coordinates":[121.50455,24.9920937]}, "properties" : {"name" : "Q Burger中和保健店", "district" : "中和區", "address" : "新北市中和區景安路22號1樓", "category" : "環保餐廳", "phone" : "02-22460690"}}, {"type" : "Feature", "geometry" : {"type":"Point","coordinates":[121.5055573,24.9908913]}, "properties" : {"name" : "Q Burger中和南山店", "district" : "中和區", "address" : "新北市中和區南山路161號1樓", "category" : "環保餐廳", "phone" : "02-22439007"}}, {"type" : "Feature", "geometry" : {"type":"Point","coordinates":[121.5055573,24.9908913]}, "properties" : {"name" : "Q Burger中和南勢角店", "district" : "中和區", "address" : "新北市中和區南山路174-2號", "category" : "環保餐廳", "phone" : "02-29470520"}}, {"type" : "Feature", "geometry" : {"type":"Point","coordinates":[121.4880135,25.0008708]}, "properties" : {"name" : "Q Burger中和建一店", "district" : "中和區", "address" : "新北市中和區建一路157號1樓", "category" : "環保餐廳", "phone" : "02-82282132"}}, {"type" : "Feature", "geometry" : {"type":"Point","coordinates":[121.4810559,24.9956757]}, "properties" : {"name" : "Q Burger中和員山店", "district" : "中和區", "address" : "新北市中和區員山路395號", "category" : "環保餐廳", "phone" : "02-82286062"}}, {"type" : "Feature", "geometry" : {"type":"Point","coordinates":[121.499532,25.0003537]}, "properties" : {"name" : "Q Burger中和泰和店", "district" : "中和區", "address" : "新北市中和區泰和街22號", "category" : "環保餐廳", "phone" : "02-22466060"}}, {"type" : "Feature", "geometry" : {"type":"Point","coordinates":[121.4820434,24.9953311]}, "properties" : {"name" : "Q Burger中和連城店", "district" : "中和區", "address" : "新北市中和區連城路469巷17號", "category" : "環保餐廳", "phone" : "02-22219606"}}, {"type" : "Feature", "geometry" : {"type":"Point","coordinates":[121.5052806,24.989903]}, "properties" : {"name" : "Q Burger中和復興店", "district" : "中和區", "address" : "新北市中和區復興路54號", "category" : "環保餐廳", "phone" : "02-29462197"}}, {"type" : "Feature", "geometry" : {"type":"Point","coordinates":[121.5112252,24.9921865]}, "properties" : {"name" : "Q Burger中和景安店", "district" : "中和區", "address" : "新北市中和區景新街175號1樓", "category" : "環保餐廳", "phone" : "02-86682175"}}, {"type" : "Feature", "geometry" : {"type":"Point","coordinates":[121.5111885,24.9925869]}, "properties" : {"name" : "Q Burger中和景新店", "district" : "中和區", "address" : "新北市中和區景平路111巷61弄21號", "category" : "環保餐廳", "phone" : "02-86689008"}}, {"type" : "Feature", "geometry" : {"type":"Point","coordinates":[121.5168214,24.9914557]}, "properties" : {"name" : "Q Burger中和景德店", "district" : "中和區", "address" : "新北市中和區景德街43號1樓", "category" : "環保餐廳", "phone" : "02-29402661"}}, {"type" : "Feature", "geometry" : {"type":"Point","coordinates":[121.4660965,24.9984847]}, "properties" : {"name" : "Q Burger中和華順店", "district" : "中和區", "address" : "新北市中和區華順街120號1樓", "category" : "環保餐廳", "phone" : "02-29620685"}}, {"type" : "Feature", "geometry" : {"type":"Point","coordinates":[121.5004322,24.9973339]}, "properties" : {"name" : "Q Burger中和圓通店", "district" : "中和區", "address" : "新北市中和區圓通路112號1樓", "category" : "環保餐廳", "phone" : "02-22427298"}}, {"type" : "Feature", "geometry" : {"type":"Point","coordinates":[121.49898,24.999397]}, "properties" : {"name" : "Q Burger中和福美店", "district" : "中和區", "address" : "新北市中和區福善里福美路313號", "category" : "環保餐廳", "phone" : "02-22490131"}}, {"type" : "Feature", "geometry" : {"type":"Point","coordinates":[121.5015562,25.000613]}, "properties" : {"name" : "Q Burger中和廣福店", "district" : "中和區", "address" : "新北市中和區廣福路82號", "category" : "環保餐廳", "phone" : "02-82458286"}}, {"type" : "Feature", "geometry" : {"type":"Point","coordinates":[121.5031288,24.9818913]}, "properties" : {"name" : "Q Burger中和興南店", "district" : "中和區", "address" : "新北市中和區興南路二段69號", "category" : "環保餐廳", "phone" : "02-86683877"}}, {"type" : "Feature", "geometry" : {"type":"Point","coordinates":[121.4739921,25.0047673]}, "properties" : {"name" : "Q Burger中和環球店", "district" : "中和區", "address" : "新北市中和區民享街6號", "category" : "環保餐廳", "phone" : "02-82215555"}}, {"type" : "Feature", "geometry" : {"type":"Point","coordinates":[121.4334849,25.0872047]}, "properties" : {"name" : "Q Burger五股工商店", "district" : "五股區", "address" : "新北市五股區工商路193號1樓", "category" : "環保餐廳", "phone" : "02-22941002"}}, {"type" : "Feature", "geometry" : {"type":"Point","coordinates":[121.4519316,25.1016954]}, "properties" : {"name" : "Q Burger五股成洲店", "district" : "五股區", "address" : "新北市五股區成泰路三段577巷43號1樓", "category" : "環保餐廳", "phone" : "02-22918228"}}, {"type" : "Feature", "geometry" : {"type":"Point","coordinates":[121.4355993,25.0700926]}, "properties" : {"name" : "Q Burger五股成泰店", "district" : "五股區", "address" : "新北市五股區成泰路一段47號", "category" : "環保餐廳", "phone" : "02-29096663"}}, {"type" : "Feature", "geometry" : {"type":"Point","coordinates":[121.4457698,25.0941717]}, "properties" : {"name" : "Q Burger五股西雲店", "district" : "五股區", "address" : "新北市五股區西雲路241號1樓", "category" : "環保餐廳", "phone" : "02-22935777"}}, {"type" : "Feature", "geometry" : {"type":"Point","coordinates":[121.4519316,25.1016954]}, "properties" : {"name" : "Q Burger五股洲子洋店", "district" : "五股區", "address" : "新北市五股區成泰路三段201號", "category" : "環保餐廳", "phone" : "02-22921599"}}, {"type" : "Feature", "geometry" : {"type":"Point","coordinates":[121.4372851,25.0819259]}, "properties" : {"name" : "Q Burger五股國小店", "district" : "五股區", "address" : "新北市五股區成泰路二段108號", "category" : "環保餐廳", "phone" : "02-82922183"}}, {"type" : "Feature", "geometry" : {"type":"Point","coordinates":[121.5228197,25.0029662]}, "properties" : {"name" : "Q Burger永和永元店", "district" : "永和區", "address" : "新北市永和區永元路124號", "category" : "環保餐廳", "phone" : "02-29265857"}}, {"type" : "Feature", "geometry" : {"type":"Point","coordinates":[121.50909,25.0105362]}, "properties" : {"name" : "Q Burger永和永平店", "district" : "永和區", "address" : "新北市永和區永平路250號", "category" : "環保餐廳", "phone" : "02-29295009"}}, {"type" : "Feature", "geometry" : {"type":"Point","coordinates":[121.5236839,25.0045106]}, "properties" : {"name" : "Q Burger永和永亨店", "district" : "永和區", "address" : "新北市永和區永亨路107號", "category" : "環保餐廳", "phone" : "02-29202227"}}, {"type" : "Feature", "geometry" : {"type":"Point","coordinates":[121.5240457,25.0034677]}, "properties" : {"name" : "Q Burger永和永利店", "district" : "永和區", "address" : "新北市永和區永利路3號1樓", "category" : "環保餐廳", "phone" : "02-22320310"}}, {"type" : "Feature", "geometry" : {"type":"Point","coordinates":[121.5159199,25.0041163]}, "properties" : {"name" : "Q Burger永和永貞店", "district" : "永和區", "address" : "新北市永和區永貞路355巷2號", "category" : "環保餐廳", "phone" : "02-29262971"}}, {"type" : "Feature", "geometry" : {"type":"Point","coordinates":[121.5135327,25.012266]}, "properties" : {"name" : "Q Burger永和信義店", "district" : "永和區", "address" : "新北市永和區信義路93號1樓", "category" : "環保餐廳", "phone" : "02-29214352"}}, {"type" : "Feature", "geometry" : {"type":"Point","coordinates":[121.5224208,24.9996968]}, "properties" : {"name" : "Q Burger永和得和店", "district" : "永和區", "address" : "新北市永和區得和路172號1樓", "category" : "環保餐廳", "phone" : "02-86681921"}}, {"type" : "Feature", "geometry" : {"type":"Point","coordinates":[121.6616203,25.063029]}, "properties" : {"name" : "Q Burger汐止秀峰店", "district" : "汐止區", "address" : "新北市汐止區仁愛路26號1樓", "category" : "環保餐廳", "phone" : "02-26430098"}}, {"type" : "Feature", "geometry" : {"type":"Point","coordinates":[121.6263628,25.0684766]}, "properties" : {"name" : "Q Burger汐止明峰店", "district" : "汐止區", "address" : "新北市汐止區明峰街125-3號1樓", "category" : "環保餐廳", "phone" : "02-26932023"}}, {"type" : "Feature", "geometry" : {"type":"Point","coordinates":[121.6539897,25.0616775]}, "properties" : {"name" : "Q Burger汐止連興店", "district" : "汐止區", "address" : "新北市汐止區連興街73號1樓", "category" : "環保餐廳", "phone" : "02-26919516"}}, {"type" : "Feature", "geometry" : {"type":"Point","coordinates":[121.6268033,25.0645184]}, "properties" : {"name" : "Q Burger汐止福德店", "district" : "汐止區", "address" : "新北市汐止區福德二路140號", "category" : "環保餐廳", "phone" : "02-26957300"}}, {"type" : "Feature", "geometry" : {"type":"Point","coordinates":[121.6616203,25.063029]}, "properties" : {"name" : "Q Burger汐止綠多店", "district" : "汐止區", "address" : "新北市汐止區仁愛路162號1樓", "category" : "環保餐廳", "phone" : "02-26430058"}}, {"type" : "Feature", "geometry" : {"type":"Point","coordinates":[121.6417574,25.0621911]}, "properties" : {"name" : "Q Burger汐止樟樹店", "district" : "汐止區", "address" : "新北市汐止區樟樹一路130號", "category" : "環保餐廳", "phone" : "02-86916631"}}, {"type" : "Feature", "geometry" : {"type":"Point","coordinates":[121.3867681,25.0792289]}, "properties" : {"name" : "Q Burger林口中山店", "district" : "林口區", "address" : "新北市林口區中山路3號1樓", "category" : "環保餐廳", "phone" : "02-26026033"}}, {"type" : "Feature", "geometry" : {"type":"Point","coordinates":[121.3916021,25.0775308]}, "properties" : {"name" : "Q Burger林口仁愛店", "district" : "林口區", "address" : "新北市林口區西林里仁愛路二段150號", "category" : "環保餐廳", "phone" : "02-26016558"}}, {"type" : "Feature", "geometry" : {"type":"Point","coordinates":[121.3865732,25.0787592]}, "properties" : {"name" : "Q Burger林口國小店", "district" : "林口區", "address" : "新北市林口區中山路156-1號一樓", "category" : "環保餐廳", "phone" : "02-26012712"}}, {"type" : "Feature", "geometry" : {"type":"Point","coordinates":[121.4542804,25.0163788]}, "properties" : {"name" : "Q Burger板橋大仁店", "district" : "板橋區", "address" : "新北市板橋區大仁街26號1樓", "category" : "環保餐廳", "phone" : "02-29666587"}}, {"type" : "Feature", "geometry" : {"type":"Point","coordinates":[121.4590989,25.0096703]}, "properties" : {"name" : "Q Burger板橋中山店", "district" : "板橋區", "address" : "新北市板橋區東丘里中山路２段９０巷１２號", "category" : "環保餐廳", "phone" : "02-29552958"}}, {"type" : "Feature", "geometry" : {"type":"Point","coordinates":[121.4698284,25.0177403]}, "properties" : {"name" : "Q Burger板橋介壽店", "district" : "板橋區", "address" : "新北市板橋區介壽街17號1樓", "category" : "環保餐廳", "phone" : "02-22553597"}}, {"type" : "Feature", "geometry" : {"type":"Point","coordinates":[121.475454,25.032315]}, "properties" : {"name" : "Q Burger板橋文聖店", "district" : "板橋區", "address" : "新北市板橋區文聖街142號", "category" : "環保餐廳", "phone" : "02-22500123"}}, {"type" : "Feature", "geometry" : {"type":"Point","coordinates":[121.4638549,25.0274466]}, "properties" : {"name" : "Q Burger板橋四維店", "district" : "板橋區", "address" : "新北市板橋區四維路308號", "category" : "環保餐廳", "phone" : "02-22551055"}}, {"type" : "Feature", "geometry" : {"type":"Point","coordinates":[121.479577,25.0328688]}, "properties" : {"name" : "Q Burger板橋民治店", "district" : "板橋區", "address" : "新北市板橋區民治街63號1樓", "category" : "環保餐廳", "phone" : "02-22502901"}}, {"type" : "Feature", "geometry" : {"type":"Point","coordinates":[121.4742473,25.0176328]}, "properties" : {"name" : "Q Burger板橋永豐店", "district" : "板橋區", "address" : "新北市板橋區永豐街115號", "category" : "環保餐廳", "phone" : "02-29580337"}}, {"type" : "Feature", "geometry" : {"type":"Point","coordinates":[121.4674612,25.030661]}, "properties" : {"name" : "Q Burger板橋吳鳳店", "district" : "板橋區", "address" : "新北市板橋區吳鳳路68號", "category" : "環保餐廳", "phone" : "02-22572358"}}, {"type" : "Feature", "geometry" : {"type":"Point","coordinates":[121.4312546,24.9880701]}, "properties" : {"name" : "Q Burger板橋金園店", "district" : "板橋區", "address" : "新北市板橋區金門街171號", "category" : "環保餐廳", "phone" : "02-26818787"}}, {"type" : "Feature", "geometry" : {"type":"Point","coordinates":[121.4590989,25.0096703]}, "properties" : {"name" : "Q Burger板橋長安店", "district" : "板橋區", "address" : "新北市板橋區長安街210之1號", "category" : "環保餐廳", "phone" : "02-29590700"}}, {"type" : "Feature", "geometry" : {"type":"Point","coordinates":[121.4594425,25.0238847]}, "properties" : {"name" : "Q Burger板橋英士店", "district" : "板橋區", "address" : "新北市板橋區英士路70號", "category" : "環保餐廳", "phone" : "02-22580533"}}, {"type" : "Feature", "geometry" : {"type":"Point","coordinates":[121.4640857,24.9976814]}, "properties" : {"name" : "Q Burger板橋重慶店", "district" : "板橋區", "address" : "新北市板橋區重慶路108號", "category" : "環保餐廳", "phone" : "02-89523866"}}, {"type" : "Feature", "geometry" : {"type":"Point","coordinates":[121.4689472,25.0126733]}, "properties" : {"name" : "Q Burger板橋海山店", "district" : "板橋區", "address" : "新北市板橋區漢生東路193巷7號1樓", "category" : "環保餐廳", "phone" : "02-29546666"}}, {"type" : "Feature", "geometry" : {"type":"Point","coordinates":[121.462212,25.0185763]}, "properties" : {"name" : "Q Burger板橋國光店", "district" : "板橋區", "address" : "新北市板橋區國光路183號", "category" : "環保餐廳", "phone" : "02-29684685"}}, {"type" : "Feature", "geometry" : {"type":"Point","coordinates":[121.4590989,25.0096703]}, "properties" : {"name" : "Q Burger板橋國慶店", "district" : "板橋區", "address" : "新北市板橋區國慶路161之5號", "category" : "環保餐廳", "phone" : "02-29511321"}}, {"type" : "Feature", "geometry" : {"type":"Point","coordinates":[121.4720212,25.0255128]}, "properties" : {"name" : "Q Burger板橋莊敬店", "district" : "板橋區", "address" : "新北市板橋區莊敬路134號", "category" : "環保餐廳", "phone" : "02-22555663"}}, {"type" : "Feature", "geometry" : {"type":"Point","coordinates":[121.4572093,25.0050249]}, "properties" : {"name" : "Q Burger板橋華興店", "district" : "板橋區", "address" : "新北市板橋區華興街40號", "category" : "環保餐廳", "phone" : "02-29522710"}}, {"type" : "Feature", "geometry" : {"type":"Point","coordinates":[121.4486264,25.0112894]}, "properties" : {"name" : "Q Burger板橋僑中店", "district" : "板橋區", "address" : "新北市板橋區僑中一街90號1樓", "category" : "環保餐廳", "phone" : "02-82752908"}}, {"type" : "Feature", "geometry" : {"type":"Point","coordinates":[121.4625101,24.9932308]}, "properties" : {"name" : "Q Burger板橋廣和店", "district" : "板橋區", "address" : "新北市板橋區廣和街73號1樓", "category" : "環保餐廳", "phone" : "02-29646679"}}, {"type" : "Feature", "geometry" : {"type":"Point","coordinates":[121.4574721,25.0261679]}, "properties" : {"name" : "Q Burger板橋龍泉店", "district" : "板橋區", "address" : "新北市板橋區龍泉街83號", "category" : "環保餐廳", "phone" : "02-22570118"}}, {"type" : "Feature", "geometry" : {"type":"Point","coordinates":[121.4796858,25.0296826]}, "properties" : {"name" : "Q Burger板橋懷德店", "district" : "板橋區", "address" : "新北市板橋區懷德街160號", "category" : "環保餐廳", "phone" : "02-22563030"}}, {"type" : "Feature", "geometry" : {"type":"Point","coordinates":[121.4345009,25.0553744]}, "properties" : {"name" : "Q Burger泰山全興店", "district" : "泰山區", "address" : "新北市泰山區全興路105號", "category" : "環保餐廳", "phone" : "02-22970930"}}, {"type" : "Feature", "geometry" : {"type":"Point","coordinates":[121.4308111,25.058864]}, "properties" : {"name" : "Q Burger泰山明志店", "district" : "泰山區", "address" : "新北市泰山區明志路2段353號", "category" : "環保餐廳", "phone" : "02-29081667"}}, {"type" : "Feature", "geometry" : {"type":"Point","coordinates":[121.427383,25.0642564]}, "properties" : {"name" : "Q Burger泰山泰林店", "district" : "泰山區", "address" : "新北市泰山區泰林路二段475號1樓", "category" : "環保餐廳", "phone" : "02-29090097"}}, {"type" : "Feature", "geometry" : {"type":"Point","coordinates":[121.4308111,25.058864]}, "properties" : {"name" : "Q Burger泰山泰高店", "district" : "泰山區", "address" : "新北市泰山區明志路一段433號一樓", "category" : "環保餐廳", "phone" : "02-22960737"}}, {"type" : "Feature", "geometry" : {"type":"Point","coordinates":[121.4308111,25.058864]}, "properties" : {"name" : "Q Burger泰山義學店", "district" : "泰山區", "address" : "新北市泰山區明志路2段101號", "category" : "環保餐廳", "phone" : "02-29002131"}}, {"type" : "Feature", "geometry" : {"type":"Point","coordinates":[121.4928994,25.0640371]}, "properties" : {"name" : "Q Burger國隆總店店", "district" : "三重區", "address" : "新北市三重區國隆路26號", "category" : "環保餐廳", "phone" : "02-89837007"}}, {"type" : "Feature", "geometry" : {"type":"Point","coordinates":[121.4418898,25.1756422]}, "properties" : {"name" : "Q Burger淡水中山北店", "district" : "淡水區", "address" : "新北市淡水區中山北路一段149巷28號", "category" : "環保餐廳", "phone" : "02-26201186"}}, {"type" : "Feature", "geometry" : {"type":"Point","coordinates":[121.4365844,25.1791667]}, "properties" : {"name" : "Q Burger淡水新民店", "district" : "淡水區", "address" : "新北市淡水區新民街65號", "category" : "環保餐廳", "phone" : "02-26262060"}}, {"type" : "Feature", "geometry" : {"type":"Point","coordinates":[121.4476597,25.168437]}, "properties" : {"name" : "Q Burger淡水學府店", "district" : "淡水區", "address" : "新北市淡水區學府路85號", "category" : "環保餐廳", "phone" : "02-86315056"}}, {"type" : "Feature", "geometry" : {"type":"Point","coordinates":[121.4689743,25.0508808]}, "properties" : {"name" : "Q Burger創英店", "district" : "三重區", "address" : "新北市三重區中興北街236號", "category" : "環保餐廳", "phone" : "02-29999589"}}, {"type" : "Feature", "geometry" : {"type":"Point","coordinates":[121.4602928,25.0659346]}, "properties" : {"name" : "Q Burger新北五工店", "district" : "新莊區", "address" : "新北市新莊區五工二路95號", "category" : "環保餐廳", "phone" : "02-22981080"}}, {"type" : "Feature", "geometry" : {"type":"Point","coordinates":[121.534632,24.9724458]}, "properties" : {"name" : "Q Burger新店三民店", "district" : "新店區", "address" : "新北市新店區三民路121號1樓", "category" : "環保餐廳", "phone" : "02-89110352"}}, {"type" : "Feature", "geometry" : {"type":"Point","coordinates":[121.5399728,24.9797845]}, "properties" : {"name" : "Q Burger新店大豐店", "district" : "新店區", "address" : "新北市新店區大豐路16巷2號", "category" : "環保餐廳", "phone" : "02-89146488"}}, {"type" : "Feature", "geometry" : {"type":"Point","coordinates":[121.5332896,24.9918305]}, "properties" : {"name" : "Q Burger新店中正店", "district" : "新店區", "address" : "新北市新店區中正路546號1樓", "category" : "環保餐廳", "phone" : "02-86673625"}}, {"type" : "Feature", "geometry" : {"type":"Point","coordinates":[121.5395048,24.9686117]}, "properties" : {"name" : "Q Burger新店中華店", "district" : "新店區", "address" : "新北市新店區中華路39號", "category" : "環保餐廳", "phone" : "02-29120298"}}, {"type" : "Feature", "geometry" : {"type":"Point","coordinates":[121.5419418,24.9673935]}, "properties" : {"name" : "Q Burger新店安民店", "district" : "新店區", "address" : "新北市新店區安民街300號一樓", "category" : "環保餐廳", "phone" : "02-22120652"}}, {"type" : "Feature", "geometry" : {"type":"Point","coordinates":[121.5087419,24.9588498]}, "properties" : {"name" : "Q Burger新店安康店", "district" : "新店區", "address" : "新北市新店區安康路二段107巷1號", "category" : "環保餐廳", "phone" : "02-86663040"}}, {"type" : "Feature", "geometry" : {"type":"Point","coordinates":[121.5419418,24.9673935]}, "properties" : {"name" : "Q Burger新店玫瑰店", "district" : "新店區", "address" : "新北市新店區安康路三段30號一樓", "category" : "環保餐廳", "phone" : "02-22126673"}}, {"type" : "Feature", "geometry" : {"type":"Point","coordinates":[121.5369806,24.9854934]}, "properties" : {"name" : "Q Burger新店建國店", "district" : "新店區", "address" : "新北市新店區建國路189號1樓", "category" : "環保餐廳", "phone" : "02-22188372"}}, {"type" : "Feature", "geometry" : {"type":"Point","coordinates":[121.5369806,24.9854934]}, "properties" : {"name" : "Q Burger新店建興店", "district" : "新店區", "address" : "新北市新店區建國路72號", "category" : "環保餐廳", "phone" : "02-29115618"}}, {"type" : "Feature", "geometry" : {"type":"Point","coordinates":[121.444727,25.0516752]}, "properties" : {"name" : "Q Burger新莊中平店", "district" : "新莊區", "address" : "新北市新莊區中平路82巷10號", "category" : "環保餐廳", "phone" : "02-29979188"}}, {"type" : "Feature", "geometry" : {"type":"Point","coordinates":[121.4478113,25.0568344]}, "properties" : {"name" : "Q Burger新莊中信店", "district" : "新莊區", "address" : "新北市新莊區中信街18號", "category" : "環保餐廳", "phone" : "02-29902295"}}, {"type" : "Feature", "geometry" : {"type":"Point","coordinates":[121.4549156,25.0366548]}, "properties" : {"name" : "Q Burger新莊中美店", "district" : "新莊區", "address" : "新北市新莊區中港路179號", "category" : "環保餐廳", "phone" : "02-29961570"}}, {"type" : "Feature", "geometry" : {"type":"Point","coordinates":[121.4549156,25.0366548]}, "properties" : {"name" : "Q Burger新莊中港店", "district" : "新莊區", "address" : "新北市新莊區中港路419號", "category" : "環保餐廳", "phone" : "02-22791117"}}, {"type" : "Feature", "geometry" : {"type":"Point","coordinates":[121.452042,25.0381206]}, "properties" : {"name" : "Q Burger新莊中華店", "district" : "新莊區", "address" : "新北市新莊區中華路一段45巷2號", "category" : "環保餐廳", "phone" : "02-29963313"}}, {"type" : "Feature", "geometry" : {"type":"Point","coordinates":[121.4480814,25.0527715]}, "properties" : {"name" : "Q Burger新莊中榮店", "district" : "新莊區", "address" : "新北市新莊區中榮街58號1樓", "category" : "環保餐廳", "phone" : "02-29918006"}}, {"type" : "Feature", "geometry" : {"type":"Point","coordinates":[121.464789,25.0625546]}, "properties" : {"name" : "Q Burger新莊化成店", "district" : "新莊區", "address" : "新北市新莊區化成路31號", "category" : "環保餐廳", "phone" : "02-29906004"}}, {"type" : "Feature", "geometry" : {"type":"Point","coordinates":[121.4290618,25.0190482]}, "properties" : {"name" : "Q Burger新莊民本店", "district" : "新莊區", "address" : "新北市新莊區民本街22號", "category" : "環保餐廳", "phone" : "02-22081229"}}, {"type" : "Feature", "geometry" : {"type":"Point","coordinates":[121.4310681,25.0229702]}, "properties" : {"name" : "Q Burger新莊民安店", "district" : "新莊區", "address" : "新北市新莊區民安路35號", "category" : "環保餐廳", "phone" : "02-22020252"}}, {"type" : "Feature", "geometry" : {"type":"Point","coordinates":[121.4502478,25.0357722]}, "properties" : {"name" : "Q Burger新莊立信店", "district" : "新莊區", "address" : "新北市新莊區立信三街12巷12號 1樓", "category" : "環保餐廳", "phone" : "02-22777909"}}, {"type" : "Feature", "geometry" : {"type":"Point","coordinates":[121.4264086,25.0220627]}, "properties" : {"name" : "Q Burger新莊光明店", "district" : "新莊區", "address" : "新北市新莊區民安西路256號1樓", "category" : "環保餐廳", "phone" : "02-22035686"}}, {"type" : "Feature", "geometry" : {"type":"Point","coordinates":[121.4233265,25.0209602]}, "properties" : {"name" : "Q Burger新莊成德店", "district" : "新莊區", "address" : "新北市新莊區成德街8號", "category" : "環保餐廳", "phone" : "02-22080936"}}, {"type" : "Feature", "geometry" : {"type":"Point","coordinates":[121.4565083,25.0454689]}, "properties" : {"name" : "Q Burger新莊自立店", "district" : "新莊區", "address" : "新北市新莊區自立街190號", "category" : "環保餐廳", "phone" : "02-29927886"}}, {"type" : "Feature", "geometry" : {"type":"Point","coordinates":[121.4563696,25.0522911]}, "properties" : {"name" : "Q Burger新莊昌明店", "district" : "新莊區", "address" : "新北市新莊區昌明街28號", "category" : "環保餐廳", "phone" : "02-89921802"}}, {"type" : "Feature", "geometry" : {"type":"Point","coordinates":[121.4471945,25.0367036]}, "properties" : {"name" : "Q Burger新莊建中店", "district" : "新莊區", "address" : "新北市新莊區建中街86號", "category" : "環保餐廳", "phone" : "02-29922626"}}, {"type" : "Feature", "geometry" : {"type":"Point","coordinates":[121.4278064,25.0249801]}, "properties" : {"name" : "Q Burger新莊建安店", "district" : "新莊區", "address" : "新北市新莊區建安街45號1樓", "category" : "環保餐廳", "phone" : "02-22012300"}}, {"type" : "Feature", "geometry" : {"type":"Point","coordinates":[121.4549156,25.0366548]}, "properties" : {"name" : "Q Burger新莊國小店", "district" : "新莊區", "address" : "新北市新莊區中港路50號", "category" : "環保餐廳", "phone" : "02-22771516"}}, {"type" : "Feature", "geometry" : {"type":"Point","coordinates":[121.4478316,25.0339783]}, "properties" : {"name" : "Q Burger新莊新豐店", "district" : "新莊區", "address" : "新北市新莊區新豐街25號1樓", "category" : "環保餐廳", "phone" : "02-22010220"}}, {"type" : "Feature", "geometry" : {"type":"Point","coordinates":[121.4179272,25.021947]}, "properties" : {"name" : "Q Burger新莊裕民店", "district" : "新莊區", "address" : "新北市新莊區裕民街128號", "category" : "環保餐廳", "phone" : "02-29015532"}}, {"type" : "Feature", "geometry" : {"type":"Point","coordinates":[121.4390635,25.0326393]}, "properties" : {"name" : "Q Burger新莊輔大店", "district" : "新莊區", "address" : "新北市新莊區福營路93號", "category" : "環保餐廳", "phone" : "02-29015291"}}, {"type" : "Feature", "geometry" : {"type":"Point","coordinates":[121.4502478,25.0357722]}, "properties" : {"name" : "Q Burger新莊頭前店", "district" : "新莊區", "address" : "新北市新莊區頭前里化成路319號", "category" : "環保餐廳", "phone" : "02-85213381"}}, {"type" : "Feature", "geometry" : {"type":"Point","coordinates":[121.4128399,25.027193]}, "properties" : {"name" : "Q Burger新莊雙鳳店", "district" : "新莊區", "address" : "新北市新莊區雙鳳路23號1樓", "category" : "環保餐廳", "phone" : "02-29081680"}}, {"type" : "Feature", "geometry" : {"type":"Point","coordinates":[121.4085857,25.0167297]}, "properties" : {"name" : "Q Burger樹林三福店", "district" : "樹林區", "address" : "新北市樹林區三福街144號", "category" : "環保餐廳", "phone" : "02-26880015"}}, {"type" : "Feature", "geometry" : {"type":"Point","coordinates":[121.424409,24.994711]}, "properties" : {"name" : "Q Burger樹林千歲店", "district" : "樹林區", "address" : "新北市樹林區千歲街12號", "category" : "環保餐廳", "phone" : "02-26851910"}}, {"type" : "Feature", "geometry" : {"type":"Point","coordinates":[121.3837439,24.9488966]}, "properties" : {"name" : "Q Burger樹林大有店", "district" : "樹林區", "address" : "新北市樹林區大有路118號", "category" : "環保餐廳", "phone" : "02-26800083"}}, {"type" : "Feature", "geometry" : {"type":"Point","coordinates":[121.4164187,24.9781811]}, "properties" : {"name" : "Q Burger樹林太順店", "district" : "樹林區", "address" : "新北市樹林區太順街47號", "category" : "環保餐廳", "phone" : "02-86860151"}}, {"type" : "Feature", "geometry" : {"type":"Point","coordinates":[121.4228756,24.9923758]}, "properties" : {"name" : "Q Burger樹林日新店", "district" : "樹林區", "address" : "新北市樹林區日新街67號", "category" : "環保餐廳", "phone" : "02-26852697"}}, {"type" : "Feature", "geometry" : {"type":"Point","coordinates":[121.4204851,24.9892814]}, "properties" : {"name" : "Q Burger樹林育英店", "district" : "樹林區", "address" : "新北市樹林區育英街146號", "category" : "環保餐廳", "phone" : "02-26851719"}}, {"type" : "Feature", "geometry" : {"type":"Point","coordinates":[121.4125099,25.0084288]}, "properties" : {"name" : "Q Burger樹林保安店", "district" : "樹林區", "address" : "新北市樹林區保安街二段115號1樓", "category" : "環保餐廳", "phone" : "02-26889990"}}, {"type" : "Feature", "geometry" : {"type":"Point","coordinates":[121.4790044,25.0856863]}, "properties" : {"name" : "Q Burger蘆洲三民店", "district" : "蘆洲區", "address" : "新北市蘆洲區民族路429號", "category" : "環保餐廳", "phone" : "02-28480213"}}, {"type" : "Feature", "geometry" : {"type":"Point","coordinates":[121.4689538,25.0780162]}, "properties" : {"name" : "Q Burger蘆洲中山店", "district" : "蘆洲區", "address" : "新北市蘆洲區中山二路179號1樓", "category" : "環保餐廳", "phone" : "02-22885811"}}, {"type" : "Feature", "geometry" : {"type":"Point","coordinates":[121.4597594,25.082591]}, "properties" : {"name" : "Q Burger蘆洲中原店", "district" : "蘆洲區", "address" : "新北市蘆洲區中原路24號", "category" : "環保餐廳", "phone" : "02-22831717"}}, {"type" : "Feature", "geometry" : {"type":"Point","coordinates":[121.4820965,25.0878788]}, "properties" : {"name" : "Q Burger蘆洲中興店", "district" : "蘆洲區", "address" : "新北市蘆洲區中興街181號", "category" : "環保餐廳", "phone" : "02-82857757"}}, {"type" : "Feature", "geometry" : {"type":"Point","coordinates":[121.4790044,25.0856863]}, "properties" : {"name" : "Q Burger蘆洲民族店", "district" : "蘆洲區", "address" : "新北市蘆洲區民族路357號", "category" : "環保餐廳", "phone" : "02-22888383"}}, {"type" : "Feature", "geometry" : {"type":"Point","coordinates":[121.4737,25.084923]}, "properties" : {"name" : "Q Burger蘆洲永平店", "district" : "蘆洲區", "address" : "新北市蘆洲區永平街32巷15號一樓", "category" : "環保餐廳", "phone" : "02-82828616"}}, {"type" : "Feature", "geometry" : {"type":"Point","coordinates":[121.4661328,25.0888501]}, "properties" : {"name" : "Q Burger蘆洲光華店", "district" : "蘆洲區", "address" : "新北市蘆洲區中正路185巷31弄1號", "category" : "環保餐廳", "phone" : "02-22853131"}}, {"type" : "Feature", "geometry" : {"type":"Point","coordinates":[121.4596365,25.0826494]}, "properties" : {"name" : "Q Burger蘆洲成功店", "district" : "蘆洲區", "address" : "新北市蘆洲區長安街268號", "category" : "環保餐廳", "phone" : "02-22880695"}}, {"type" : "Feature", "geometry" : {"type":"Point","coordinates":[121.4596365,25.0826494]}, "properties" : {"name" : "Q Burger蘆洲長安店", "district" : "蘆洲區", "address" : "新北市蘆洲區長安街53號", "category" : "環保餐廳", "phone" : "02-22882985"}}, {"type" : "Feature", "geometry" : {"type":"Point","coordinates":[121.4607622,25.0871066]}, "properties" : {"name" : "Q Burger蘆洲長興店", "district" : "蘆洲區", "address" : "新北市蘆洲區長興路265號", "category" : "環保餐廳", "phone" : "02-22882835"}}, {"type" : "Feature", "geometry" : {"type":"Point","coordinates":[121.4780722,25.0800507]}, "properties" : {"name" : "Q Burger蘆洲信義店", "district" : "蘆洲區", "address" : "新北市蘆洲區信義路245號", "category" : "環保餐廳", "phone" : "02-28487578"}}, {"type" : "Feature", "geometry" : {"type":"Point","coordinates":[121.475272,25.0867406]}, "properties" : {"name" : "Q Burger蘆洲復興店", "district" : "蘆洲區", "address" : "新北市蘆洲區復興路83號", "category" : "環保餐廳", "phone" : "02-82859155"}}, {"type" : "Feature", "geometry" : {"type":"Point","coordinates":[121.4776459,25.0825905]}, "properties" : {"name" : "Q Burger蘆洲鷺江店", "district" : "蘆洲區", "address" : "新北市蘆洲區鷺江街95號", "category" : "環保餐廳", "phone" : "02-22880500"}}, {"type" : "Feature", "geometry" : {"type":"Point","coordinates":[121.3481276,24.9541001]}, "properties" : {"name" : "Q Burger鶯歌南雅店", "district" : "鶯歌區", "address" : "新北市鶯歌區南雅路447號1樓", "category" : "環保餐廳", "phone" : "02-86776886"}}, {"type" : "Feature", "geometry" : {"type":"Point","coordinates":[121.5419418,24.9673935]}, "properties" : {"name" : "SKYLARK加州風洋食館-新店家樂福店", "district" : "新店區", "address" : "新北市新店區中興路3段1號7樓", "category" : "環保餐廳", "phone" : "-"}}, {"type" : "Feature", "geometry" : {"type":"Point","coordinates":[121.4721717,25.0064963]}, "properties" : {"name" : "TGIFridays環球餐廳 中和環球", "district" : "中和區", "address" : "新北市中和區中山路三段122號4樓", "category" : "環保餐廳", "phone" : "02-22253578"}}, {"type" : "Feature", "geometry" : {"type":"Point","coordinates":[121.3423098,24.9460954]}, "properties" : {"name" : "TINA廚房－鶯歌店", "district" : "鶯歌區", "address" : "新北市鶯歌區尖山路5號", "category" : "環保餐廳", "phone" : "02-26772859"}}, {"type" : "Feature", "geometry" : {"type":"Point","coordinates":[121.4711024,25.0183988]}, "properties" : {"name" : "YAYOI彌生軒-環球板橋車站店", "district" : "板橋區", "address" : "新北市板橋區縣民大道二段7號2樓", "category" : "環保餐廳", "phone" : "02-89693056"}}, {"type" : "Feature", "geometry" : {"type":"Point","coordinates":[121.4590989,25.0096703]}, "properties" : {"name" : "一幻拉麵/胡同居酒屋-環球板橋車站店", "district" : "板橋區", "address" : "新北市板橋區縣民大道二段7號2F", "category" : "環保餐廳", "phone" : "02-89693132"}}, {"type" : "Feature", "geometry" : {"type":"Point","coordinates":[121.4762784,25.0057504]}, "properties" : {"name" : "九如-中和環球", "district" : "中和區", "address" : "新北市中和區中山路三段122號", "category" : "環保餐廳", "phone" : "02-22218223"}}, {"type" : "Feature", "geometry" : {"type":"Point","coordinates":[121.477435,25.0689635]}, "properties" : {"name" : "八方雲集三重三民店", "district" : "三重區", "address" : "新北市三重區三民街285號1樓", "category" : "環保餐廳", "phone" : "02-29887158"}}, {"type" : "Feature", "geometry" : {"type":"Point","coordinates":[121.4672319,25.0116897]}, "properties" : {"name" : "八王子", "district" : "板橋區", "address" : "新北市板橋區新站路28號", "category" : "環保餐廳", "phone" : "02-77054168"}}, {"type" : "Feature", "geometry" : {"type":"Point","coordinates":[121.4721717,25.0064963]}, "properties" : {"name" : "八色烤肉mini 中和環球", "district" : "中和區", "address" : "新北市中和區中山路三段122號3樓", "category" : "環保餐廳", "phone" : "02-22235005"}}, {"type" : "Feature", "geometry" : {"type":"Point","coordinates":[121.4590989,25.0096703]}, "properties" : {"name" : "八町目燒肉丼定食-板橋大遠百", "district" : "板橋區", "address" : "新北市板橋區新站路28號B1", "category" : "環保餐廳", "phone" : "0910409716"}}, {"type" : "Feature", "geometry" : {"type":"Point","coordinates":[121.4721717,25.0064963]}, "properties" : {"name" : "八番赤野 中和環球", "district" : "中和區", "address" : "新北市中和區中山路三段122號3樓", "category" : "環保餐廳", "phone" : "0989799741"}}, {"type" : "Feature", "geometry" : {"type":"Point","coordinates":[121.6585671,24.9916787]}, "properties" : {"name" : "三才靈芝生態農場民宿", "district" : "石碇區", "address" : "新北市石碇區中民村十八重溪52-1號", "category" : "環保餐廳", "phone" : "02-26633995"}}, {"type" : "Feature", "geometry" : {"type":"Point","coordinates":[121.5169766,24.9638477]}, "properties" : {"name" : "三合院。早午餐", "district" : "新店區", "address" : "新北市新店區安康路一段227號", "category" : "環保餐廳", "phone" : "02-86666087"}}, {"type" : "Feature", "geometry" : {"type":"Point","coordinates":[121.49898,24.999397]}, "properties" : {"name" : "三年五班 中和環球", "district" : "中和區", "address" : "新北市中和區中山路三段122號B2樓", "category" : "環保餐廳", "phone" : "0902356950"}}, {"type" : "Feature", "geometry" : {"type":"Point","coordinates":[121.6858104,25.2030758]}, "properties" : {"name" : "三葉活海鮮餐廳", "district" : "萬里區", "address" : "新北市萬里區港東路74-16號", "category" : "環保餐廳", "phone" : "02-24923132"}}, {"type" : "Feature", "geometry" : {"type":"Point","coordinates":[121.4549156,25.0366548]}, "properties" : {"name" : "下港老麵攤", "district" : "新莊區", "address" : "新北市新莊區中港路457號1樓", "category" : "環保餐廳", "phone" : "02-29919292"}}, {"type" : "Feature", "geometry" : {"type":"Point","coordinates":[121.5071048,25.0071484]}, "properties" : {"name" : "上環茶餐廳", "district" : "永和區", "address" : "新北市永和區中山路一段126號", "category" : "環保餐廳", "phone" : "02-29202088"}}, {"type" : "Feature", "geometry" : {"type":"Point","coordinates":[121.4590989,25.0096703]}, "properties" : {"name" : "上癮河粉(板橋大遠百)", "district" : "板橋區", "address" : "新北市板橋區新站路28號B1", "category" : "環保餐廳", "phone" : "02-77553567"}}, {"type" : "Feature", "geometry" : {"type":"Point","coordinates":[121.4721717,25.0064963]}, "properties" : {"name" : "丸?製麵 中和環球", "district" : "中和區", "address" : "新北市中和區中山路三段122號3樓", "category" : "環保餐廳", "phone" : "0800000063"}}, {"type" : "Feature", "geometry" : {"type":"Point","coordinates":[121.4672319,25.0116897]}, "properties" : {"name" : "土司工坊", "district" : "板橋區", "address" : "新北市板橋區新站路28號", "category" : "環保餐廳", "phone" : "02-29589671"}}, {"type" : "Feature", "geometry" : {"type":"Point","coordinates":[121.49898,24.999397]}, "properties" : {"name" : "大心 中和環球店", "district" : "中和區", "address" : "新北市中和區中山路三段122號B2樓", "category" : "環保餐廳", "phone" : "02-22216389"}}, {"type" : "Feature", "geometry" : {"type":"Point","coordinates":[121.49898,24.999397]}, "properties" : {"name" : "大戶屋中和環球店", "district" : "中和區", "address" : "新北市中和區中山路三段122號B2樓", "category" : "環保餐廳", "phone" : "02-22216266"}}, {"type" : "Feature", "geometry" : {"type":"Point","coordinates":[121.5071048,25.0071484]}, "properties" : {"name" : "大戶屋永和比漾店", "district" : "永和區", "address" : "新北市永和區中山路一段238號3樓", "category" : "環保餐廳", "phone" : "02-22315658"}}, {"type" : "Feature", "geometry" : {"type":"Point","coordinates":[121.4540833,25.0014445]}, "properties" : {"name" : "大戶屋板橋愛買店", "district" : "板橋區", "address" : "新北市板橋區貴興路101號3樓", "category" : "環保餐廳", "phone" : "02-29513303"}}, {"type" : "Feature", "geometry" : {"type":"Point","coordinates":[121.4667663,25.0124033]}, "properties" : {"name" : "大戶屋板橋遠百中山店", "district" : "板橋區", "address" : "新北市板橋區中山路一段152號12樓", "category" : "環保餐廳", "phone" : "02-29561238"}}, {"type" : "Feature", "geometry" : {"type":"Point","coordinates":[121.5337596,24.978807]}, "properties" : {"name" : "大戶屋新店小碧潭店", "district" : "新店區", "address" : "新北市新店區中央路157號5樓", "category" : "環保餐廳", "phone" : "02-89137968"}}, {"type" : "Feature", "geometry" : {"type":"Point","coordinates":[121.5461827,24.9776701]}, "properties" : {"name" : "大戶屋新店家樂福店", "district" : "新店區", "address" : "新北市新店區中興路三段1號6樓", "category" : "環保餐廳", "phone" : "02-29113199"}}, {"type" : "Feature", "geometry" : {"type":"Point","coordinates":[121.4502478,25.0357722]}, "properties" : {"name" : "大戶屋新莊佳瑪店", "district" : "新莊區", "address" : "新北市新莊區幸福路736號B1", "category" : "環保餐廳", "phone" : "02-29920355"}}, {"type" : "Feature", "geometry" : {"type":"Point","coordinates":[121.4946334,25.0807277]}, "properties" : {"name" : "大戶屋蘆洲家樂福店", "district" : "三重區", "address" : "新北市三重區五華街282號4樓", "category" : "環保餐廳", "phone" : "02-82871080"}}, {"type" : "Feature", "geometry" : {"type":"Point","coordinates":[121.4950641,25.0664274]}, "properties" : {"name" : "大吃一斤活蝦餐廳", "district" : "三重區", "address" : "新北市三重區自強路一段222號", "category" : "環保餐廳", "phone" : "0975147848"}}, {"type" : "Feature", "geometry" : {"type":"Point","coordinates":[121.6858104,25.2030758]}, "properties" : {"name" : "女皇餐廳", "district" : "萬里區", "address" : "新北市萬里區港東路163號", "category" : "環保餐廳", "phone" : "02-24922049"}}, {"type" : "Feature", "geometry" : {"type":"Point","coordinates":[121.4721717,25.0064963]}, "properties" : {"name" : "小南門傳統美食 中和環球", "district" : "中和區", "address" : "新北市中和區中山路三段122號3樓", "category" : "環保餐廳", "phone" : "02-77313631"}}, {"type" : "Feature", "geometry" : {"type":"Point","coordinates":[121.4689538,25.0780162]}, "properties" : {"name" : "小食聊聊 Brunch ", "district" : "蘆洲區", "address" : "新北市蘆洲區中山二路147號", "category" : "環保餐廳", "phone" : "02-82851231"}}, {"type" : "Feature", "geometry" : {"type":"Point","coordinates":[121.5332896,24.9918305]}, "properties" : {"name" : "小倆口麵線王(新店店)", "district" : "新店區", "address" : "新北市新店區中正路189巷8號", "category" : "環保餐廳", "phone" : "02-29134839"}}, {"type" : "Feature", "geometry" : {"type":"Point","coordinates":[121.4721717,25.0064963]}, "properties" : {"name" : "小福利麻辣鍋 中和環球", "district" : "中和區", "address" : "新北市中和區中山路三段122號4樓", "category" : "環保餐廳", "phone" : "02-22263686"}}, {"type" : "Feature", "geometry" : {"type":"Point","coordinates":[121.4672319,25.0116897]}, "properties" : {"name" : "山野居蔬食-板橋大遠百", "district" : "板橋區", "address" : "新北市板橋區新站路28號", "category" : "環保餐廳", "phone" : "0916970870"}}, {"type" : "Feature", "geometry" : {"type":"Point","coordinates":[121.5031288,24.9818913]}, "properties" : {"name" : "山間倉房", "district" : "中和區", "address" : "新北市中和區興南路二段399巷124號", "category" : "環保餐廳", "phone" : "02-29406696"}}, {"type" : "Feature", "geometry" : {"type":"Point","coordinates":[121.4672319,25.0116897]}, "properties" : {"name" : "山頭火板橋大遠百店", "district" : "板橋區", "address" : "新北市板橋區新站路28號", "category" : "環保餐廳", "phone" : "02-77054168"}}, {"type" : "Feature", "geometry" : {"type":"Point","coordinates":[121.4623341,25.0096413]}, "properties" : {"name" : "中華電信學院員工餐廳", "district" : "板橋區", "address" : "新北市板橋區民族路168號", "category" : "環保餐廳", "phone" : "02-29639318"}}, {"type" : "Feature", "geometry" : {"type":"Point","coordinates":[121.381248,25.0900179]}, "properties" : {"name" : "中環茶餐廳", "district" : "林口區", "address" : "新北市林口區文化三路二段185號", "category" : "環保餐廳", "phone" : "02-26095308"}}, {"type" : "Feature", "geometry" : {"type":"Point","coordinates":[121.5413642,24.9300506]}, "properties" : {"name" : "六堆文山新客家料理", "district" : "新店區", "address" : "新北市新店區湖子內路100號", "category" : "環保餐廳", "phone" : "02-26669369"}}, {"type" : "Feature", "geometry" : {"type":"Point","coordinates":[121.8097683,25.1089107]}, "properties" : {"name" : "友信海鮮餐廳", "district" : "瑞芳區", "address" : "新北市瑞芳區深澳路189之7號", "category" : "環保餐廳", "phone" : "02-24977777"}}, {"type" : "Feature", "geometry" : {"type":"Point","coordinates":[121.4721717,25.0064963]}, "properties" : {"name" : "天仁茗茶 中和環球", "district" : "中和區", "address" : "新北市中和區中山路三段122號3樓", "category" : "環保餐廳", "phone" : "02-77317377"}}, {"type" : "Feature", "geometry" : {"type":"Point","coordinates":[121.4531477,25.1813044]}, "properties" : {"name" : "天空小品", "district" : "淡水區", "address" : "新北市淡水區忠寮里竹圍子8-17號", "category" : "環保餐廳", "phone" : "02-26257366"}}, {"type" : "Feature", "geometry" : {"type":"Point","coordinates":[121.6530466,25.0566828]}, "properties" : {"name" : "天然茶莊", "district" : "汐止區", "address" : "新北市汐止區汐碇路380巷30號", "category" : "環保餐廳", "phone" : "02-26603762"}}, {"type" : "Feature", "geometry" : {"type":"Point","coordinates":[121.4431166,25.0335113]}, "properties" : {"name" : "心心精緻早午餐", "district" : "新莊區", "address" : "新北市新莊區瓊泰路158號1樓", "category" : "環保餐廳", "phone" : "02-22049135"}}, {"type" : "Feature", "geometry" : {"type":"Point","coordinates":[121.5071048,25.0071484]}, "properties" : {"name" : "文昌小老弟糟粕醋火鍋", "district" : "永和區", "address" : "新北市永和區中山路一段13號2樓", "category" : "環保餐廳", "phone" : "02-29276999"}}, {"type" : "Feature", "geometry" : {"type":"Point","coordinates":[121.424409,24.994711]}, "properties" : {"name" : "文林早餐店", "district" : "樹林區", "address" : "新北市樹林區千歲街61巷40弄2號", "category" : "環保餐廳", "phone" : "02-26873339"}}, {"type" : "Feature", "geometry" : {"type":"Point","coordinates":[121.49898,24.999397]}, "properties" : {"name" : "日出茶太", "district" : "中和區", "address" : "新北市中和區中山路三段122號3F", "category" : "環保餐廳", "phone" : "02-82213316"}}, {"type" : "Feature", "geometry" : {"type":"Point","coordinates":[121.4721717,25.0064963]}, "properties" : {"name" : "日出茶太 中和環球", "district" : "中和區", "address" : "新北市中和區中山路三段122號3樓", "category" : "環保餐廳", "phone" : "02-82213316"}}, {"type" : "Feature", "geometry" : {"type":"Point","coordinates":[121.4875624,25.0048591]}, "properties" : {"name" : "牛丼快餐 ", "district" : "中和區", "address" : "新北市中和區中山路二段40號", "category" : "環保餐廳", "phone" : "02-22482482"}}, {"type" : "Feature", "geometry" : {"type":"Point","coordinates":[121.4721717,25.0064963]}, "properties" : {"name" : "牛角燒肉專門店-中和環球店", "district" : "中和區", "address" : "新北市中和區中山路三段122號4樓", "category" : "環保餐廳", "phone" : "02-22226599"}}, {"type" : "Feature", "geometry" : {"type":"Point","coordinates":[121.4590989,25.0096703]}, "properties" : {"name" : "牛魔王牛排館(板橋大遠百)", "district" : "板橋區", "address" : "新北市板橋區新站路28號B1", "category" : "環保餐廳", "phone" : "02-33652366"}}, {"type" : "Feature", "geometry" : {"type":"Point","coordinates":[121.6160711,25.0024127]}, "properties" : {"name" : "王水成", "district" : "深坑區", "address" : "新北市深坑區深坑街118號", "category" : "環保餐廳", "phone" : "02-26629118"}}, {"type" : "Feature", "geometry" : {"type":"Point","coordinates":[121.5676837,25.2912996]}, "properties" : {"name" : "主悅海鮮料理", "district" : "石門區", "address" : "新北市石門區崁子腳41之2號", "category" : "環保餐廳", "phone" : "02-26381749"}}, {"type" : "Feature", "geometry" : {"type":"Point","coordinates":[121.6389728,25.221416]}, "properties" : {"name" : "兄弟食堂", "district" : "金山區", "address" : "新北市金山區金包里街2號", "category" : "環保餐廳", "phone" : "02-24986458"}}, {"type" : "Feature", "geometry" : {"type":"Point","coordinates":[121.5512547,24.8639758]}, "properties" : {"name" : "加納富魚食坊", "district" : "烏來區", "address" : "新北市烏來區信賢里信福路12號之3", "category" : "環保餐廳", "phone" : "02-26616560"}}, {"type" : "Feature", "geometry" : {"type":"Point","coordinates":[121.4531477,25.1813044]}, "properties" : {"name" : "北投國華高爾夫俱樂部餐廳", "district" : "淡水區", "address" : "新北市淡水區坪頂里小坪頂23-1號", "category" : "環保餐廳", "phone" : "02-86261281"}}, {"type" : "Feature", "geometry" : {"type":"Point","coordinates":[121.4590989,25.0096703]}, "properties" : {"name" : "占元府新台式潮鍋", "district" : "板橋區", "address" : "新北市板橋區新站路28號B1", "category" : "環保餐廳", "phone" : "02-26931539"}}, {"type" : "Feature", "geometry" : {"type":"Point","coordinates":[121.4737,25.084923]}, "properties" : {"name" : "可口188複合式早午餐", "district" : "蘆洲區", "address" : "新北市蘆洲區永平街18巷8號1F", "category" : "環保餐廳", "phone" : "02-22833342"}}, {"type" : "Feature", "geometry" : {"type":"Point","coordinates":[121.3916021,25.0775308]}, "properties" : {"name" : "古拉爵 義式屋-林口三井店", "district" : "林口區", "address" : "新北市林口區文化三路1段356號2樓", "category" : "環保餐廳", "phone" : "02-26069130"}}, {"type" : "Feature", "geometry" : {"type":"Point","coordinates":[121.4672319,25.0116897]}, "properties" : {"name" : "古拉爵 義式屋-板橋大遠百新站店", "district" : "板橋區", "address" : "新北市板橋區新站路28號9樓", "category" : "環保餐廳", "phone" : "02-29511606"}}, {"type" : "Feature", "geometry" : {"type":"Point","coordinates":[121.4540833,25.0014445]}, "properties" : {"name" : "古拉爵 義式屋-板橋愛買店", "district" : "板橋區", "address" : "新北市板橋區貴興路101號3樓", "category" : "環保餐廳", "phone" : "02-29644886"}}, {"type" : "Feature", "geometry" : {"type":"Point","coordinates":[121.488102,25.061486]}, "properties" : {"name" : "古拉爵 義式屋-家樂福重新店", "district" : "三重區", "address" : "新北市三重區重新路5段654號B1", "category" : "環保餐廳", "phone" : "02-85124712"}}, {"type" : "Feature", "geometry" : {"type":"Point","coordinates":[121.5419418,24.9673935]}, "properties" : {"name" : "古拉爵 義式屋-新店家樂福店", "district" : "新店區", "address" : "新北市新店區中興路3段1號7樓", "category" : "環保餐廳", "phone" : "02-29144822"}}, {"type" : "Feature", "geometry" : {"type":"Point","coordinates":[121.443348,24.972201]}, "properties" : {"name" : "古都餐廳", "district" : "土城區", "address" : "新北市土城區中華路2段257號", "category" : "環保餐廳", "phone" : "02-22709535"}}, {"type" : "Feature", "geometry" : {"type":"Point","coordinates":[121.49898,24.999397]}, "properties" : {"name" : "台灣壽司郎股份有限公司-新北中和環球店", "district" : "中和區", "address" : "新北市中和區中山路三段122號B2樓", "category" : "環保餐廳", "phone" : "02-22212010"}}, {"type" : "Feature", "geometry" : {"type":"Point","coordinates":[121.688687,25.181234]}, "properties" : {"name" : "四姊妹海鮮餐廳", "district" : "萬里區", "address" : "新北市萬里區野柳村港東路160號", "category" : "環保餐廳", "phone" : "02-24921602"}}, {"type" : "Feature", "geometry" : {"type":"Point","coordinates":[121.4741228,25.0236879]}, "properties" : {"name" : "巧滋小廚早午餐", "district" : "板橋區", "address" : "新北市板橋區莒光路8號1樓", "category" : "環保餐廳", "phone" : "0965731905"}}, {"type" : "Feature", "geometry" : {"type":"Point","coordinates":[121.5029465,24.9958583]}, "properties" : {"name" : "布拉德施維根廚房 Brother Su Vegan Kitchen", "district" : "中和區", "address" : "新北市中和區南華路29號", "category" : "環保餐廳", "phone" : "-"}}, {"type" : "Feature", "geometry" : {"type":"Point","coordinates":[121.4435394,25.0375683]}, "properties" : {"name" : "弘爺漢堡-新莊信義店", "district" : "新莊區", "address" : "新北市新莊區公園一路98號", "category" : "環保餐廳", "phone" : "02-29908418"}}, {"type" : "Feature", "geometry" : {"type":"Point","coordinates":[121.4672319,25.0116897]}, "properties" : {"name" : "本田食堂", "district" : "板橋區", "address" : "新北市板橋區新站路28號", "category" : "環保餐廳", "phone" : "02-77054168"}}, {"type" : "Feature", "geometry" : {"type":"Point","coordinates":[121.4689743,25.0508808]}, "properties" : {"name" : "玉山銀行(希望大樓)員工餐廳", "district" : "三重區", "address" : "新北市三重區中興北街42巷17弄10號", "category" : "環保餐廳", "phone" : "02-21751313#8181"}}, {"type" : "Feature", "geometry" : {"type":"Point","coordinates":[121.4721717,25.0064963]}, "properties" : {"name" : "瓦城 中和環球", "district" : "中和區", "address" : "新北市中和區中山路三段122號4樓", "category" : "環保餐廳", "phone" : "02-77317778"}}, {"type" : "Feature", "geometry" : {"type":"Point","coordinates":[121.4667663,25.0124033]}, "properties" : {"name" : "瓦城泰國料理板橋遠百店", "district" : "板橋區", "address" : "新北市板橋區中山路一段152號13樓", "category" : "環保餐廳", "phone" : "02-29589133"}}, {"type" : "Feature", "geometry" : {"type":"Point","coordinates":[121.3722557,24.9342666]}, "properties" : {"name" : "甘樂食堂", "district" : "三峽區", "address" : "新北市三峽區清水街317號", "category" : "環保餐廳", "phone" : "02-26731857"}}, {"type" : "Feature", "geometry" : {"type":"Point","coordinates":[121.6300136,25.2293072]}, "properties" : {"name" : "田中芳園養生食坊", "district" : "金山區", "address" : "新北市金山區清水路53號", "category" : "環保餐廳", "phone" : "02-24982385"}}, {"type" : "Feature", "geometry" : {"type":"Point","coordinates":[121.5676837,25.2912996]}, "properties" : {"name" : "白日夢Tea & Cafe", "district" : "石門區", "address" : "新北市石門區阿里荖47-2號", "category" : "環保餐廳", "phone" : "02-26380045"}}, {"type" : "Feature", "geometry" : {"type":"Point","coordinates":[121.424409,24.994711]}, "properties" : {"name" : "仨食三餐", "district" : "樹林區", "address" : "新北市樹林區千歲街61巷36-1號1樓", "category" : "環保餐廳", "phone" : "02-26823823"}}, {"type" : "Feature", "geometry" : {"type":"Point","coordinates":[121.5676837,25.2912996]}, "properties" : {"name" : "伊莎貝拉海灘咖啡館", "district" : "石門區", "address" : "新北市石門區15號", "category" : "環保餐廳", "phone" : "02-86352262"}}, {"type" : "Feature", "geometry" : {"type":"Point","coordinates":[121.6160711,25.0024127]}, "properties" : {"name" : "光復樓小吃店", "district" : "深坑區", "address" : "新北市深坑區深坑街137號", "category" : "環保餐廳", "phone" : "02-26621508"}}, {"type" : "Feature", "geometry" : {"type":"Point","coordinates":[121.5151215,25.0122696]}, "properties" : {"name" : "全 壽司丼飯煮物(永和店)", "district" : "永和區", "address" : "新北市永和區中興街55號", "category" : "環保餐廳", "phone" : "02-89215959"}}, {"type" : "Feature", "geometry" : {"type":"Point","coordinates":[121.5224208,24.9996968]}, "properties" : {"name" : "再一塊吧ing永和店", "district" : "永和區", "address" : "新北市永和區得和路20號", "category" : "環保餐廳", "phone" : "0936931262"}}, {"type" : "Feature", "geometry" : {"type":"Point","coordinates":[121.4258598,25.0080709]}, "properties" : {"name" : "吉可堡早餐店", "district" : "樹林區", "address" : "新北市樹林區俊英街113-1號", "category" : "環保餐廳", "phone" : "02-26763998"}}, {"type" : "Feature", "geometry" : {"type":"Point","coordinates":[121.4628645,24.9951109]}, "properties" : {"name" : "吉得堡早餐店-和平店", "district" : "板橋區", "address" : "新北市板橋區和平路66號", "category" : "環保餐廳", "phone" : "0920388655"}}, {"type" : "Feature", "geometry" : {"type":"Point","coordinates":[121.4205326,24.9907063]}, "properties" : {"name" : "吉得堡東興店", "district" : "樹林區", "address" : "新北市樹林區東興街12之1號", "category" : "環保餐廳", "phone" : "02-86845389"}}, {"type" : "Feature", "geometry" : {"type":"Point","coordinates":[121.479038,24.9456226]}, "properties" : {"name" : "吉得堡-錦秀店", "district" : "新店區", "address" : "新北市新店區錦秀路22號1樓", "category" : "環保餐廳", "phone" : "02-22154682"}}, {"type" : "Feature", "geometry" : {"type":"Point","coordinates":[121.7126207,24.9330788]}, "properties" : {"name" : "合歡茶宴風味餐廳", "district" : "坪林區", "address" : "新北市坪林區水聳淒坑28號", "category" : "環保餐廳", "phone" : "02-26656424"}}, {"type" : "Feature", "geometry" : {"type":"Point","coordinates":[121.5162013,25.0047057]}, "properties" : {"name" : "在哪裡Cafe?Deli", "district" : "永和區", "address" : "新北市永和區秀朗路一段233號", "category" : "環保餐廳", "phone" : "02-89210023"}}, {"type" : "Feature", "geometry" : {"type":"Point","coordinates":[121.4205326,24.9907063]}, "properties" : {"name" : "多米葉漢堡", "district" : "樹林區", "address" : "新北市樹林區佳園路2段104號", "category" : "環保餐廳", "phone" : "02-26802008"}}, {"type" : "Feature", "geometry" : {"type":"Point","coordinates":[121.3916021,25.0775308]}, "properties" : {"name" : "好好時光公益咖啡館", "district" : "林口區", "address" : "新北市林口區文化一路一段207之1號", "category" : "環保餐廳", "phone" : "02-26012485"}}, {"type" : "Feature", "geometry" : {"type":"Point","coordinates":[121.5200703,25.009235]}, "properties" : {"name" : "好味道 排骨大王(永和店)", "district" : "永和區", "address" : "新北市永和區中正路548之2號", "category" : "環保餐廳", "phone" : "02-29226166"}}, {"type" : "Feature", "geometry" : {"type":"Point","coordinates":[121.6160711,25.0024127]}, "properties" : {"name" : "好家園", "district" : "深坑區", "address" : "新北市深坑區深坑街141號", "category" : "環保餐廳", "phone" : "02-26648779"}}, {"type" : "Feature", "geometry" : {"type":"Point","coordinates":[121.695924,24.9349654]}, "properties" : {"name" : "好茶饌茶館", "district" : "坪林區", "address" : "新北市坪林區北宜路八段218號", "category" : "環保餐廳", "phone" : "02-26658000"}}, {"type" : "Feature", "geometry" : {"type":"Point","coordinates":[121.61567,25.002329]}, "properties" : {"name" : "好鄰居小吃店", "district" : "深坑區", "address" : "新北市深坑區深坑街147號一樓", "category" : "環保餐廳", "phone" : "02-26623229"}}, {"type" : "Feature", "geometry" : {"type":"Point","coordinates":[121.4820434,24.9953311]}, "properties" : {"name" : "好餓早餐", "district" : "中和區", "address" : "新北市中和區連城路403號", "category" : "環保餐廳", "phone" : "02-82217996"}}, {"type" : "Feature", "geometry" : {"type":"Point","coordinates":[121.49898,24.999397]}, "properties" : {"name" : "宇禾田宴會館 ", "district" : "中和區", "address" : "新北市中和區中山路二段311號3~5樓", "category" : "環保餐廳", "phone" : "02-22433339"}}, {"type" : "Feature", "geometry" : {"type":"Point","coordinates":[121.4875624,25.0048591]}, "properties" : {"name" : "宇禾田鐵板燒 ", "district" : "中和區", "address" : "新北市中和區中山路二段311號", "category" : "環保餐廳", "phone" : "02-22433339"}}, {"type" : "Feature", "geometry" : {"type":"Point","coordinates":[121.5158471,25.0149458]}, "properties" : {"name" : "早上好早午餐", "district" : "永和區", "address" : "新北市永和區竹林路101號1樓", "category" : "環保餐廳", "phone" : "0937513435"}}, {"type" : "Feature", "geometry" : {"type":"Point","coordinates":[121.4520284,24.9805344]}, "properties" : {"name" : "早安公雞農場晨食(土城店)", "district" : "土城區", "address" : "新北市土城區明德路二段106號", "category" : "環保餐廳", "phone" : "02-82616068"}}, {"type" : "Feature", "geometry" : {"type":"Point","coordinates":[121.4264086,25.0220627]}, "properties" : {"name" : "早安公雞農場晨食(新莊民安店)", "district" : "新莊區", "address" : "新北市新莊區民安西路277號", "category" : "環保餐廳", "phone" : "02-22042606"}}, {"type" : "Feature", "geometry" : {"type":"Point","coordinates":[121.4596365,25.0826494]}, "properties" : {"name" : "早到甜早午餐", "district" : "蘆洲區", "address" : "新北市蘆洲區長安街108巷5弄2號", "category" : "環保餐廳", "phone" : "02-28472461"}}, {"type" : "Feature", "geometry" : {"type":"Point","coordinates":[121.4771344,25.0696231]}, "properties" : {"name" : "早饗食", "district" : "三重區", "address" : "新北市三重區中正北路272號", "category" : "環保餐廳", "phone" : "02-29800660"}}, {"type" : "Feature", "geometry" : {"type":"Point","coordinates":[121.4590989,25.0096703]}, "properties" : {"name" : "有汁牛麵食", "district" : "板橋區", "address" : "新北市板橋區三民路二段153巷4號一樓", "category" : "環保餐廳", "phone" : "02-29622221"}}, {"type" : "Feature", "geometry" : {"type":"Point","coordinates":[121.711185,24.937388]}, "properties" : {"name" : "有種", "district" : "坪林區", "address" : "新北市坪林區漁光里坪雙路2段11號之5", "category" : "環保餐廳", "phone" : "0954077879"}}, {"type" : "Feature", "geometry" : {"type":"Point","coordinates":[121.4292606,24.9964423]}, "properties" : {"name" : "朴庶韓國銅盤烤肉 樹林秀泰店", "district" : "樹林區", "address" : "新北市樹林區樹新路40-6號七樓", "category" : "環保餐廳", "phone" : "02-26863377"}}, {"type" : "Feature", "geometry" : {"type":"Point","coordinates":[121.4721717,25.0064963]}, "properties" : {"name" : "朱記餡餅粥 中和環球", "district" : "中和區", "address" : "新北市中和區中山路三段122號3樓", "category" : "環保餐廳", "phone" : "02-82211233"}}, {"type" : "Feature", "geometry" : {"type":"Point","coordinates":[121.4502478,25.0357722]}, "properties" : {"name" : "米可廚房", "district" : "新莊區", "address" : "新北市新莊區新樹路625號一樓", "category" : "環保餐廳", "phone" : "02-22076010"}}, {"type" : "Feature", "geometry" : {"type":"Point","coordinates":[121.4502478,25.0357722]}, "properties" : {"name" : "米炭火燒肉小酒館 迴龍店", "district" : "新莊區", "address" : "新北市新莊區新北市新莊區中正路891-17號", "category" : "環保餐廳", "phone" : "02-29088787"}}, {"type" : "Feature", "geometry" : {"type":"Point","coordinates":[121.4278064,25.0249801]}, "properties" : {"name" : "米勒卡早午餐", "district" : "新莊區", "address" : "新北市新莊區建安街9巷12號", "category" : "環保餐廳", "phone" : "02-22084480"}}, {"type" : "Feature", "geometry" : {"type":"Point","coordinates":[121.6160711,25.0024127]}, "properties" : {"name" : "老地方豆腐美食", "district" : "深坑區", "address" : "新北市深坑區深坑街143號", "category" : "環保餐廳", "phone" : "02-26623323"}}, {"type" : "Feature", "geometry" : {"type":"Point","coordinates":[121.4590989,25.0096703]}, "properties" : {"name" : "老乾杯板橋大遠百店", "district" : "板橋區", "address" : "新北市板橋區新北市板橋區新站路28號11樓", "category" : "環保餐廳", "phone" : "02-29526466"}}, {"type" : "Feature", "geometry" : {"type":"Point","coordinates":[121.8097683,25.1089107]}, "properties" : {"name" : "老礦工食堂", "district" : "瑞芳區", "address" : "新北市瑞芳區金瓜石祈堂路72-1號", "category" : "環保餐廳", "phone" : "02-29314996"}}, {"type" : "Feature", "geometry" : {"type":"Point","coordinates":[121.4672319,25.0116897]}, "properties" : {"name" : "肉劇場大食代板橋店", "district" : "板橋區", "address" : "新北市板橋區新站路28號", "category" : "環保餐廳", "phone" : "02-29626262"}}, {"type" : "Feature", "geometry" : {"type":"Point","coordinates":[121.432161,25.0205444]}, "properties" : {"name" : "妞蛋吐司早午餐", "district" : "新莊區", "address" : "新北市新莊區民安東路176號1樓", "category" : "環保餐廳", "phone" : "02-22027707"}}, {"type" : "Feature", "geometry" : {"type":"Point","coordinates":[121.4796858,25.0296826]}, "properties" : {"name" : "沙巴家 新北板橋店", "district" : "板橋區", "address" : "新北市板橋區懷德街65號", "category" : "環保餐廳", "phone" : "0926656376"}}, {"type" : "Feature", "geometry" : {"type":"Point","coordinates":[121.688687,25.181234]}, "properties" : {"name" : "汪汪地瓜園產業故事館", "district" : "萬里區", "address" : "新北市萬里區大鵬里加投197-6號", "category" : "環保餐廳", "phone" : "02-24986763"}}, {"type" : "Feature", "geometry" : {"type":"Point","coordinates":[121.3853377,24.9486959]}, "properties" : {"name" : "私嚐吃飯-北大店", "district" : "樹林區", "address" : "新北市樹林區學勤路322號1樓", "category" : "環保餐廳", "phone" : "02-26689700"}}, {"type" : "Feature", "geometry" : {"type":"Point","coordinates":[121.5055573,24.9908913]}, "properties" : {"name" : "豆司苑咖啡", "district" : "中和區", "address" : "新北市中和區南山路320巷3號", "category" : "環保餐廳", "phone" : "02-29497910"}}, {"type" : "Feature", "geometry" : {"type":"Point","coordinates":[121.5096412,24.9948567]}, "properties" : {"name" : "豆韻", "district" : "中和區", "address" : "新北市中和區安平路218號", "category" : "環保餐廳", "phone" : "0968297838"}}, {"type" : "Feature", "geometry" : {"type":"Point","coordinates":[121.4785402,25.0182473]}, "properties" : {"name" : "邑朵早午餐", "district" : "板橋區", "address" : "新北市板橋區中山路二段89巷12號", "category" : "環保餐廳", "phone" : "02-29578182"}}, {"type" : "Feature", "geometry" : {"type":"Point","coordinates":[121.4721717,25.0064963]}, "properties" : {"name" : "亞尼克-環球中和店", "district" : "中和區", "address" : "新北市中和區中山路三段122號1樓", "category" : "環保餐廳", "phone" : "02-82214837"}}, {"type" : "Feature", "geometry" : {"type":"Point","coordinates":[121.4590989,25.0096703]}, "properties" : {"name" : "亞瑟蘭印度料理", "district" : "板橋區", "address" : "新北市板橋區新站路28號B1", "category" : "環保餐廳", "phone" : "02-28343303"}}, {"type" : "Feature", "geometry" : {"type":"Point","coordinates":[121.4661646,25.1382953]}, "properties" : {"name" : "享健康食坊", "district" : "淡水區", "address" : "新北市淡水區民生路45號", "category" : "環保餐廳", "phone" : "02-28094661#3014"}}, {"type" : "Feature", "geometry" : {"type":"Point","coordinates":[121.4711024,25.0183988]}, "properties" : {"name" : "京都勝牛-環球板橋車站店", "district" : "板橋區", "address" : "新北市板橋區縣民大道二段7號2樓", "category" : "環保餐廳", "phone" : "02-29665589"}}, {"type" : "Feature", "geometry" : {"type":"Point","coordinates":[121.4590989,25.0096703]}, "properties" : {"name" : "咖哩樹-板橋環球店", "district" : "板橋區", "address" : "新北市板橋區縣民大道二段七號B1", "category" : "環保餐廳", "phone" : "02-29602727"}}, {"type" : "Feature", "geometry" : {"type":"Point","coordinates":[121.4660965,24.9984847]}, "properties" : {"name" : "呷尚寶-華順店", "district" : "中和區", "address" : "新北市中和區華順街133號", "category" : "環保餐廳", "phone" : "021-29535252"}}, {"type" : "Feature", "geometry" : {"type":"Point","coordinates":[121.5071048,25.0071484]}, "properties" : {"name" : "和王日式炭火燒肉", "district" : "永和區", "address" : "新北市永和區中山路一段13號", "category" : "環保餐廳", "phone" : "02-29276999"}}, {"type" : "Feature", "geometry" : {"type":"Point","coordinates":[121.4590989,25.0096703]}, "properties" : {"name" : "周廚牛肉麵(板橋大遠百)", "district" : "板橋區", "address" : "新北市板橋區新站路28號B1", "category" : "環保餐廳", "phone" : "02-23611999#894"}}, {"type" : "Feature", "geometry" : {"type":"Point","coordinates":[121.7116798,24.9358161]}, "properties" : {"name" : "坪感覺", "district" : "坪林區", "address" : "新北市坪林區坪林街12號", "category" : "環保餐廳", "phone" : "02-26657210"}}, {"type" : "Feature", "geometry" : {"type":"Point","coordinates":[121.4962445,25.0706956]}, "properties" : {"name" : "帕彼手作早餐坊", "district" : "三重區", "address" : "新北市三重區三和路三段188號", "category" : "環保餐廳", "phone" : "02-29881313"}}, {"type" : "Feature", "geometry" : {"type":"Point","coordinates":[121.4780722,25.0800507]}, "properties" : {"name" : "幸福時光-蘆洲店", "district" : "蘆洲區", "address" : "新北市蘆洲區信義路222巷20號", "category" : "環保餐廳", "phone" : "0952176277"}}, {"type" : "Feature", "geometry" : {"type":"Point","coordinates":[121.4599462,25.0604648]}, "properties" : {"name" : "幸福讚精品飯店", "district" : "新莊區", "address" : "新北市新莊區思源路332巷9號", "category" : "環保餐廳", "phone" : "02-29976688"}}, {"type" : "Feature", "geometry" : {"type":"Point","coordinates":[121.4672319,25.0116897]}, "properties" : {"name" : "府城台南美食", "district" : "板橋區", "address" : "新北市板橋區新站路28號", "category" : "環保餐廳", "phone" : "02-29596739"}}, {"type" : "Feature", "geometry" : {"type":"Point","coordinates":[121.4233691,25.0399017]}, "properties" : {"name" : "明志科大第二餐廳", "district" : "泰山區", "address" : "新北市泰山區工專路84號", "category" : "環保餐廳", "phone" : "02-26890808"}}, {"type" : "Feature", "geometry" : {"type":"Point","coordinates":[121.4233691,25.0399017]}, "properties" : {"name" : "明志科技大學學生餐廳", "district" : "泰山區", "address" : "新北市泰山區工專路84號", "category" : "環保餐廳", "phone" : "02-29083309"}}, {"type" : "Feature", "geometry" : {"type":"Point","coordinates":[121.4536013,25.0650591]}, "properties" : {"name" : "明緯員工餐廳", "district" : "五股區", "address" : "新北市五股區五權三路28號", "category" : "環保餐廳", "phone" : "02-22996100#118"}}, {"type" : "Feature", "geometry" : {"type":"Point","coordinates":[121.368697,24.9325354]}, "properties" : {"name" : "東道飲食亭", "district" : "三峽區", "address" : "新北市三峽區仁愛街7號", "category" : "環保餐廳", "phone" : "0928350605"}}, {"type" : "Feature", "geometry" : {"type":"Point","coordinates":[121.4667663,25.0124033]}, "properties" : {"name" : "果然匯-板橋遠百店", "district" : "板橋區", "address" : "新北市板橋區中山路一段152號11樓 (遠百中山店)", "category" : "環保餐廳", "phone" : "02-29562888"}}, {"type" : "Feature", "geometry" : {"type":"Point","coordinates":[121.3889122,25.0698244]}, "properties" : {"name" : "林口康橋學生餐廳", "district" : "林口區", "address" : "新北市林口區興林路55號", "category" : "環保餐廳", "phone" : "02-26015442"}}, {"type" : "Feature", "geometry" : {"type":"Point","coordinates":[121.4672319,25.0116897]}, "properties" : {"name" : "板大八番小雞", "district" : "板橋區", "address" : "新北市板橋區新站路28號", "category" : "環保餐廳", "phone" : "02-77054168"}}, {"type" : "Feature", "geometry" : {"type":"Point","coordinates":[121.4672319,25.0116897]}, "properties" : {"name" : "板大八番赤野", "district" : "板橋區", "address" : "新北市板橋區新站路28號", "category" : "環保餐廳", "phone" : "02-77054168"}}, {"type" : "Feature", "geometry" : {"type":"Point","coordinates":[121.4711024,25.0183988]}, "properties" : {"name" : "板橋凱撒大飯店(大廳酒吧)", "district" : "板橋區", "address" : "新北市板橋區縣民大道二段8號", "category" : "環保餐廳", "phone" : "02-89539777"}}, {"type" : "Feature", "geometry" : {"type":"Point","coordinates":[121.4711024,25.0183988]}, "properties" : {"name" : "板橋凱撒大飯店(卡拉拉餐廳)", "district" : "板橋區", "address" : "新北市板橋區縣民大道二段8號", "category" : "環保餐廳", "phone" : "02-89539777"}}, {"type" : "Feature", "geometry" : {"type":"Point","coordinates":[121.4711024,25.0183988]}, "properties" : {"name" : "板橋凱撒大飯店(家宴中餐廳)", "district" : "板橋區", "address" : "新北市板橋區縣民大道二段8號", "category" : "環保餐廳", "phone" : "02-89539777"}}, {"type" : "Feature", "geometry" : {"type":"Point","coordinates":[121.4721717,25.0064963]}, "properties" : {"name" : "欣葉小聚中和環球店", "district" : "中和區", "address" : "新北市中和區中山路三段122號4樓", "category" : "環保餐廳", "phone" : "02-32345858"}}, {"type" : "Feature", "geometry" : {"type":"Point","coordinates":[121.4721717,25.0064963]}, "properties" : {"name" : "欣葉小聚餐廳 中和環球", "district" : "中和區", "address" : "新北市中和區中山路三段122號4樓", "category" : "環保餐廳", "phone" : "02-32345858"}}, {"type" : "Feature", "geometry" : {"type":"Point","coordinates":[121.8645935,25.0344357]}, "properties" : {"name" : "注腳雙溪", "district" : "雙溪區", "address" : "新北市雙溪區泰昌街27號", "category" : "環保餐廳", "phone" : "02-24931158"}}, {"type" : "Feature", "geometry" : {"type":"Point","coordinates":[121.4672319,25.0116897]}, "properties" : {"name" : "河內老街河粉", "district" : "板橋區", "address" : "新北市板橋區新站路28號", "category" : "環保餐廳", "phone" : "02-77054168"}}, {"type" : "Feature", "geometry" : {"type":"Point","coordinates":[121.4864524,25.0785896]}, "properties" : {"name" : "法華素食餐廳", "district" : "三重區", "address" : "新北市三重區仁美街24號", "category" : "環保餐廳", "phone" : "02-22860768"}}, {"type" : "Feature", "geometry" : {"type":"Point","coordinates":[121.4590989,25.0096703]}, "properties" : {"name" : "肥熊早早午餐", "district" : "板橋區", "address" : "新北市板橋區廣和街33之6號", "category" : "環保餐廳", "phone" : "02-29551057"}}, {"type" : "Feature", "geometry" : {"type":"Point","coordinates":[121.49898,24.999397]}, "properties" : {"name" : "肥熊早早午餐(中和店)", "district" : "中和區", "address" : "新北市中和區中山路三段118之3號", "category" : "環保餐廳", "phone" : "02 -22289997"}}, {"type" : "Feature", "geometry" : {"type":"Point","coordinates":[121.4195706,25.1626259]}, "properties" : {"name" : "芭達桑原住民主題餐廳", "district" : "八里區", "address" : "新北市八里區觀海大道111號", "category" : "環保餐廳", "phone" : "02-26105300"}}, {"type" : "Feature", "geometry" : {"type":"Point","coordinates":[121.4721717,25.0064963]}, "properties" : {"name" : "花月嵐拉麵 中環環球", "district" : "中和區", "address" : "新北市中和區中山路三段122號3樓", "category" : "環保餐廳", "phone" : "02-22232128"}}, {"type" : "Feature", "geometry" : {"type":"Point","coordinates":[121.4672319,25.0116897]}, "properties" : {"name" : "金色三麥", "district" : "板橋區", "address" : "新北市板橋區新站路28號", "category" : "環保餐廳", "phone" : "02-77054168"}}, {"type" : "Feature", "geometry" : {"type":"Point","coordinates":[121.4672319,25.0116897]}, "properties" : {"name" : "金色三麥 板橋大遠百店", "district" : "板橋區", "address" : "新北市板橋區新站路28號9樓", "category" : "環保餐廳", "phone" : "02-77385911"}}, {"type" : "Feature", "geometry" : {"type":"Point","coordinates":[121.4502478,25.0357722]}, "properties" : {"name" : "金色三麥 新莊晶冠店", "district" : "新莊區", "address" : "新北市新莊區新北市新莊區五工路66號1樓", "category" : "環保餐廳", "phone" : "02-85228989"}}, {"type" : "Feature", "geometry" : {"type":"Point","coordinates":[121.4721717,25.0064963]}, "properties" : {"name" : "金春喜韓廚 中和環球", "district" : "中和區", "address" : "新北市中和區中山路三段122號4樓", "category" : "環保餐廳", "phone" : "02-22265568"}}, {"type" : "Feature", "geometry" : {"type":"Point","coordinates":[121.4672319,25.0116897]}, "properties" : {"name" : "金煲銀煲仔飯", "district" : "板橋區", "address" : "新北市板橋區新站路28號", "category" : "環保餐廳", "phone" : "02-77054168"}}, {"type" : "Feature", "geometry" : {"type":"Point","coordinates":[121.61567,25.002329]}, "properties" : {"name" : "金寶電子深坑廠員工餐廳", "district" : "深坑區", "address" : "新北市深坑區北深路3段147號", "category" : "環保餐廳", "phone" : "02-26622660"}}, {"type" : "Feature", "geometry" : {"type":"Point","coordinates":[121.4721717,25.0064963]}, "properties" : {"name" : "長?魚屋 中和環球", "district" : "中和區", "address" : "新北市中和區中山路三段122號3樓", "category" : "環保餐廳", "phone" : "0958279136"}}, {"type" : "Feature", "geometry" : {"type":"Point","coordinates":[121.6858104,25.2030758]}, "properties" : {"name" : "阿杰萬里蟹", "district" : "萬里區", "address" : "新北市萬里區港東路162號", "category" : "環保餐廳", "phone" : "0987844838"}}, {"type" : "Feature", "geometry" : {"type":"Point","coordinates":[121.4672319,25.0116897]}, "properties" : {"name" : "非常泰", "district" : "板橋區", "address" : "新北市板橋區新站路28號", "category" : "環保餐廳", "phone" : "02-77054168"}}, {"type" : "Feature", "geometry" : {"type":"Point","coordinates":[121.5159336,25.01539]}, "properties" : {"name" : "芡芳石頭火鍋 新北永和店", "district" : "永和區", "address" : "新北市永和區永和路二段116號5樓", "category" : "環保餐廳", "phone" : "02-29218889"}}, {"type" : "Feature", "geometry" : {"type":"Point","coordinates":[121.4287108,24.9966896]}, "properties" : {"name" : "芡芳石頭火鍋 樹林秀泰店", "district" : "樹林區", "address" : "新北市樹林區樹新路40-6號7樓", "category" : "環保餐廳", "phone" : "02-26862999"}}, {"type" : "Feature", "geometry" : {"type":"Point","coordinates":[121.432161,25.0205444]}, "properties" : {"name" : "侯黑鍋物 冠軍酸菜個人鍋物 (新莊民安店)", "district" : "新莊區", "address" : "新北市新莊區民安東路6號", "category" : "環保餐廳", "phone" : "02-22068977"}}, {"type" : "Feature", "geometry" : {"type":"Point","coordinates":[121.4046336,24.973819]}, "properties" : {"name" : "南亞光電員工餐廳", "district" : "樹林區", "address" : "新北市樹林區味王街55號", "category" : "環保餐廳", "phone" : "02-26806311#5582"}}, {"type" : "Feature", "geometry" : {"type":"Point","coordinates":[121.49898,24.999397]}, "properties" : {"name" : "威剛科技(股)公司員工餐廳", "district" : "中和區", "address" : "新北市中和區258號2樓", "category" : "環保餐廳", "phone" : "02-82280886#12952"}}, {"type" : "Feature", "geometry" : {"type":"Point","coordinates":[121.3649618,24.9431015]}, "properties" : {"name" : "客家美食主藝餐廳", "district" : "三峽區", "address" : "新北市三峽區隆恩街239號1樓", "category" : "環保餐廳", "phone" : "02-86722255"}}, {"type" : "Feature", "geometry" : {"type":"Point","coordinates":[121.6160711,25.0024127]}, "properties" : {"name" : "故鄉的口味小吃店", "district" : "深坑區", "address" : "新北市深坑區深坑街146號", "category" : "環保餐廳", "phone" : "02-26629501"}}, {"type" : "Feature", "geometry" : {"type":"Point","coordinates":[121.4672319,25.0116897]}, "properties" : {"name" : "春日食堂-板橋大遠百", "district" : "板橋區", "address" : "新北市板橋區新站路28號", "category" : "環保餐廳", "phone" : "0987212244"}}, {"type" : "Feature", "geometry" : {"type":"Point","coordinates":[121.4721717,25.0064963]}, "properties" : {"name" : "春水堂-人文茶館 中和環球", "district" : "中和區", "address" : "新北市中和區中山路三段122號1樓", "category" : "環保餐廳", "phone" : "02-22217037"}}, {"type" : "Feature", "geometry" : {"type":"Point","coordinates":[121.4721717,25.0064963]}, "properties" : {"name" : "星巴克-環球門市", "district" : "中和區", "address" : "新北市中和區中山路三段122號1樓", "category" : "環保餐廳", "phone" : "02-32340635"}}, {"type" : "Feature", "geometry" : {"type":"Point","coordinates":[121.5419418,24.9673935]}, "properties" : {"name" : "星馬快餐 新北新店裕隆城百貨門市", "district" : "新店區", "address" : "新北市新店區中興路三段70號6F20櫃", "category" : "環保餐廳", "phone" : "0926656376"}}, {"type" : "Feature", "geometry" : {"type":"Point","coordinates":[121.4502478,25.0357722]}, "properties" : {"name" : "星馬快餐 新北新莊門市", "district" : "新莊區", "address" : "新北市新莊區中平路138號1F", "category" : "環保餐廳", "phone" : "0926656376"}}, {"type" : "Feature", "geometry" : {"type":"Point","coordinates":[121.4423955,24.9883711]}, "properties" : {"name" : "星誼美而美", "district" : "土城區", "address" : "新北市土城區日新街9巷1號", "category" : "環保餐廳", "phone" : "02-82616104"}}, {"type" : "Feature", "geometry" : {"type":"Point","coordinates":[121.688687,25.181234]}, "properties" : {"name" : "柏榕美食活海鮮", "district" : "萬里區", "address" : "新北市萬里區港東路151之2號", "category" : "環保餐廳", "phone" : "02-24924798"}}, {"type" : "Feature", "geometry" : {"type":"Point","coordinates":[121.4721717,25.0064963]}, "properties" : {"name" : "皇廚一品牛排 中和環球", "district" : "中和區", "address" : "新北市中和區中山路三段122號3樓", "category" : "環保餐廳", "phone" : "02-77312719"}}, {"type" : "Feature", "geometry" : {"type":"Point","coordinates":[121.4475694,25.0469146]}, "properties" : {"name" : "美津素食漢堡", "district" : "新莊區", "address" : "新北市新莊區中和街63號", "category" : "環保餐廳", "phone" : "02-29907859"}}, {"type" : "Feature", "geometry" : {"type":"Point","coordinates":[121.4255675,25.0261404]}, "properties" : {"name" : "美香早餐店", "district" : "新莊區", "address" : "新北市新莊區後港一路28巷4弄8號", "category" : "環保餐廳", "phone" : "02-22019802"}}, {"type" : "Feature", "geometry" : {"type":"Point","coordinates":[121.6858104,25.2030758]}, "properties" : {"name" : "美觀園", "district" : "萬里區", "address" : "新北市萬里區港東路156號", "category" : "環保餐廳", "phone" : "0932262403"}}, {"type" : "Feature", "geometry" : {"type":"Point","coordinates":[121.5512547,24.8639758]}, "properties" : {"name" : "食在森林", "district" : "烏來區", "address" : "新北市烏來區福山里3鄰卡拉模基21號", "category" : "環保餐廳", "phone" : "0955658845"}}, {"type" : "Feature", "geometry" : {"type":"Point","coordinates":[121.6313178,25.0632069]}, "properties" : {"name" : "食家安飲食文化股份有限公司", "district" : "汐止區", "address" : "新北市汐止區福德一路328巷1號", "category" : "環保餐廳", "phone" : "02-27925757"}}, {"type" : "Feature", "geometry" : {"type":"Point","coordinates":[121.4665453,25.0905577]}, "properties" : {"name" : "香港奶茶王", "district" : "蘆洲區", "address" : "新北市蘆洲區三民路279-1號", "category" : "環保餐廳", "phone" : "02-82835502"}}, {"type" : "Feature", "geometry" : {"type":"Point","coordinates":[121.5419418,24.9673935]}, "properties" : {"name" : "原粹蔬食作", "district" : "新店區", "address" : "新北市新店區北新路三段206巷1弄7號一樓", "category" : "環保餐廳", "phone" : "02-89147185"}}, {"type" : "Feature", "geometry" : {"type":"Point","coordinates":[121.4721717,25.0064963]}, "properties" : {"name" : "厝內食堂 中和環球", "district" : "中和區", "address" : "新北市中和區中山路三段122號3樓", "category" : "環保餐廳", "phone" : "0906368895"}}, {"type" : "Feature", "geometry" : {"type":"Point","coordinates":[121.5162013,25.0047057]}, "properties" : {"name" : "哩賀涼麵", "district" : "永和區", "address" : "新北市永和區秀朗路一段169號", "category" : "環保餐廳", "phone" : "0985177944"}}, {"type" : "Feature", "geometry" : {"type":"Point","coordinates":[121.4963566,25.0583356]}, "properties" : {"name" : "哪次不吃早午餐店", "district" : "三重區", "address" : "新北市三重區大同南路152號1樓", "category" : "環保餐廳", "phone" : "02-29750970"}}, {"type" : "Feature", "geometry" : {"type":"Point","coordinates":[121.5028512,25.0735708]}, "properties" : {"name" : "娜?泰式燒烤", "district" : "三重區", "address" : "新北市三重區河邊北街100巷35號", "category" : "環保餐廳", "phone" : "02-29766633"}}, {"type" : "Feature", "geometry" : {"type":"Point","coordinates":[121.4420835,25.0466777]}, "properties" : {"name" : "峰精緻鍋物餐酒", "district" : "新莊區", "address" : "新北市新莊區新泰路322號", "category" : "環保餐廳", "phone" : "02-29940898"}}, {"type" : "Feature", "geometry" : {"type":"Point","coordinates":[121.5149494,24.9978056]}, "properties" : {"name" : "恩典早午餐", "district" : "永和區", "address" : "新北市永和區安樂路294號", "category" : "環保餐廳", "phone" : "02-29288688"}}, {"type" : "Feature", "geometry" : {"type":"Point","coordinates":[121.4721717,25.0064963]}, "properties" : {"name" : "時時香 中和環球", "district" : "中和區", "address" : "新北市中和區中山路三段122號4樓", "category" : "環保餐廳", "phone" : "02-82267386"}}, {"type" : "Feature", "geometry" : {"type":"Point","coordinates":[121.4035113,25.1456917]}, "properties" : {"name" : "桃樂絲森林餐廳", "district" : "八里區", "address" : "新北市八里區荖阡村荖阡坑路34之5號", "category" : "環保餐廳", "phone" : "02-86303356"}}, {"type" : "Feature", "geometry" : {"type":"Point","coordinates":[121.5175536,24.9958796]}, "properties" : {"name" : "泰雅田泰式小館(永和店)", "district" : "永和區", "address" : "新北市永和區民有街21巷2號1樓", "category" : "環保餐廳", "phone" : "02-86689228"}}, {"type" : "Feature", "geometry" : {"type":"Point","coordinates":[121.414497,25.1834878]}, "properties" : {"name" : "海角阿鄉海產店", "district" : "淡水區", "address" : "新北市淡水區觀海路26號", "category" : "環保餐廳", "phone" : "02-28053411"}}, {"type" : "Feature", "geometry" : {"type":"Point","coordinates":[121.4502478,25.0357722]}, "properties" : {"name" : "海底撈", "district" : "新莊區", "address" : "新北市新莊區新北市新北市新莊區新北大道四段3號9樓", "category" : "環保餐廳", "phone" : "02-85219292"}}, {"type" : "Feature", "geometry" : {"type":"Point","coordinates":[121.4672319,25.0116897]}, "properties" : {"name" : "海底撈火鍋板橋店", "district" : "板橋區", "address" : "新北市板橋區新站路28號5樓", "category" : "環保餐廳", "phone" : "02-29641328"}}, {"type" : "Feature", "geometry" : {"type":"Point","coordinates":[121.3736696,24.929073]}, "properties" : {"name" : "海宴日式和風涮涮屋", "district" : "三峽區", "address" : "新北市三峽區中正路一段75號", "category" : "環保餐廳", "phone" : "02-26712348"}}, {"type" : "Feature", "geometry" : {"type":"Point","coordinates":[121.4796379,25.0361217]}, "properties" : {"name" : "海釣族海鮮小館", "district" : "板橋區", "address" : "新北市板橋區文化路二段126號", "category" : "環保餐廳", "phone" : "02-22529999"}}, {"type" : "Feature", "geometry" : {"type":"Point","coordinates":[121.4490886,24.9918203]}, "properties" : {"name" : "海霸王餐廳股份有限公司海山分公司", "district" : "土城區", "address" : "新北市土城區中央路一段22號", "category" : "環保餐廳", "phone" : "02-22664835"}}, {"type" : "Feature", "geometry" : {"type":"Point","coordinates":[121.5159199,25.0041163]}, "properties" : {"name" : "留香園", "district" : "永和區", "address" : "新北市永和區永貞路283號", "category" : "環保餐廳", "phone" : "02-29228998"}}, {"type" : "Feature", "geometry" : {"type":"Point","coordinates":[121.4590989,25.0096703]}, "properties" : {"name" : "真不同酸菜魚(板橋大遠百)", "district" : "板橋區", "address" : "新北市板橋區新站路28號B1", "category" : "環保餐廳", "phone" : "02-25115233"}}, {"type" : "Feature", "geometry" : {"type":"Point","coordinates":[121.6160711,25.0024127]}, "properties" : {"name" : "茴味", "district" : "深坑區", "address" : "新北市深坑區深坑街110號", "category" : "環保餐廳", "phone" : "02-26648207"}}, {"type" : "Feature", "geometry" : {"type":"Point","coordinates":[121.4721717,25.0064963]}, "properties" : {"name" : "迷客夏PLUS 新北中和環球店", "district" : "中和區", "address" : "新北市中和區中山路三段122號3樓", "category" : "環保餐廳", "phone" : "02-22236462"}}, {"type" : "Feature", "geometry" : {"type":"Point","coordinates":[121.5304166,24.962495]}, "properties" : {"name" : "馬克廚房 Rocky Pizza", "district" : "新店區", "address" : "新北市新店區新店區碧潭風景區A01-03", "category" : "環保餐廳", "phone" : "02-29127765"}}, {"type" : "Feature", "geometry" : {"type":"Point","coordinates":[121.5512547,24.8639758]}, "properties" : {"name" : "馬岸泰雅美食", "district" : "烏來區", "address" : "新北市烏來區福山村大羅蘭25號", "category" : "環保餐廳", "phone" : "02-26616105"}}, {"type" : "Feature", "geometry" : {"type":"Point","coordinates":[121.5162013,25.0047057]}, "properties" : {"name" : "馬蹄圈圈", "district" : "永和區", "address" : "新北市永和區秀朗路一段114號", "category" : "環保餐廳", "phone" : "02-23611999#894"}}, {"type" : "Feature", "geometry" : {"type":"Point","coordinates":[121.711185,24.937388]}, "properties" : {"name" : "高益發茶行", "district" : "坪林區", "address" : "新北市坪林區北宜路8段217號", "category" : "環保餐廳", "phone" : "02-26656268"}}, {"type" : "Feature", "geometry" : {"type":"Point","coordinates":[121.4742473,25.0176328]}, "properties" : {"name" : "鬼匠拉麵2（板橋永豐店）", "district" : "板橋區", "address" : "新北市板橋區永豐街77號", "category" : "環保餐廳", "phone" : "02-29551196"}}, {"type" : "Feature", "geometry" : {"type":"Point","coordinates":[121.4590989,25.0096703]}, "properties" : {"name" : "乾杯列車 板橋站", "district" : "板橋區", "address" : "新北市板橋區新北市板橋區縣民大道2段7號2樓", "category" : "環保餐廳", "phone" : "02-89693333"}}, {"type" : "Feature", "geometry" : {"type":"Point","coordinates":[121.3916021,25.0775308]}, "properties" : {"name" : "乾杯燒肉居酒屋 林口店", "district" : "林口區", "address" : "新北市林口區新北市林口區文化三路一段356號2樓", "category" : "環保餐廳", "phone" : "02-26068522"}}, {"type" : "Feature", "geometry" : {"type":"Point","coordinates":[121.4502478,25.0357722]}, "properties" : {"name" : "乾杯燒肉居酒屋 新莊宏匯店", "district" : "新莊區", "address" : "新北市新莊區新北市新莊區新北大道四段3號7樓", "category" : "環保餐廳", "phone" : "02-85216277"}}, {"type" : "Feature", "geometry" : {"type":"Point","coordinates":[121.4206283,25.1802584]}, "properties" : {"name" : "將捷金鬱金香酒店", "district" : "淡水區", "address" : "新北市淡水區中正路一段2-1號", "category" : "環保餐廳", "phone" : "02-26210333"}}, {"type" : "Feature", "geometry" : {"type":"Point","coordinates":[121.4969969,25.0834051]}, "properties" : {"name" : "悠樂間 Shalom Cafe", "district" : "三重區", "address" : "新北市三重區自強路五段39號", "category" : "環保餐廳", "phone" : "0925595853"}}, {"type" : "Feature", "geometry" : {"type":"Point","coordinates":[121.4597711,24.9994216]}, "properties" : {"name" : "教堂小廚", "district" : "板橋區", "address" : "新北市板橋區仁愛路12號", "category" : "環保餐廳", "phone" : "0900111444"}}, {"type" : "Feature", "geometry" : {"type":"Point","coordinates":[121.688687,25.181234]}, "properties" : {"name" : "望海亭海鮮餐廳", "district" : "萬里區", "address" : "新北市萬里區野柳村港東路162之15號", "category" : "環保餐廳", "phone" : "02-24921605"}}, {"type" : "Feature", "geometry" : {"type":"Point","coordinates":[121.4590989,25.0096703]}, "properties" : {"name" : "添好運板橋遠百店", "district" : "板橋區", "address" : "新北市板橋區新站路28號Ｂ1", "category" : "環保餐廳", "phone" : "02-29557978"}}, {"type" : "Feature", "geometry" : {"type":"Point","coordinates":[121.6587475,25.0641586]}, "properties" : {"name" : "涮乃葉-汐止遠雄店", "district" : "汐止區", "address" : "新北市汐止區新台五路一段99號B1", "category" : "環保餐廳", "phone" : "-"}}, {"type" : "Feature", "geometry" : {"type":"Point","coordinates":[121.4590989,25.0096703]}, "properties" : {"name" : "涮乃葉-板橋遠百中山店", "district" : "板橋區", "address" : "新北市板橋區中山路1段152號10樓", "category" : "環保餐廳", "phone" : "-"}}, {"type" : "Feature", "geometry" : {"type":"Point","coordinates":[121.61567,25.002329]}, "properties" : {"name" : "深坑大團園餐廳", "district" : "深坑區", "address" : "新北市深坑區阿柔里阿柔洋25之1號", "category" : "環保餐廳", "phone" : "02-26625328"}}, {"type" : "Feature", "geometry" : {"type":"Point","coordinates":[121.5128178,25.0046667]}, "properties" : {"name" : "猛港海鮮餐廳", "district" : "永和區", "address" : "新北市永和區永和路一段62號", "category" : "環保餐廳", "phone" : "02-29286383"}}, {"type" : "Feature", "geometry" : {"type":"Point","coordinates":[121.4721717,25.0064963]}, "properties" : {"name" : "統一多拿滋-新中環門市", "district" : "中和區", "address" : "新北市中和區中山路三段122號2樓", "category" : "環保餐廳", "phone" : "02-22218130"}}, {"type" : "Feature", "geometry" : {"type":"Point","coordinates":[121.5200703,25.009235]}, "properties" : {"name" : "覓糖Mi Tang(永和中正店)", "district" : "永和區", "address" : "新北市永和區中正路39之1號", "category" : "環保餐廳", "phone" : "02-86681249"}}, {"type" : "Feature", "geometry" : {"type":"Point","coordinates":[121.4910534,25.0693198]}, "properties" : {"name" : "豚將拉麵重陽店", "district" : "三重區", "address" : "新北市三重區重陽路四段8號1樓", "category" : "環保餐廳", "phone" : "02-89832058"}}, {"type" : "Feature", "geometry" : {"type":"Point","coordinates":[121.4590989,25.0096703]}, "properties" : {"name" : "速芝堡早餐店", "district" : "板橋區", "address" : "新北市板橋區大觀路2段174巷102弄32號", "category" : "環保餐廳", "phone" : "02-29601462"}}, {"type" : "Feature", "geometry" : {"type":"Point","coordinates":[121.6858104,25.2030758]}, "properties" : {"name" : "野柳珠海餐廳", "district" : "萬里區", "address" : "新北市萬里區港東路162-13號", "category" : "環保餐廳", "phone" : "02-24922540"}}, {"type" : "Feature", "geometry" : {"type":"Point","coordinates":[121.4721717,25.0064963]}, "properties" : {"name" : "雪嶽山 中和環球", "district" : "中和區", "address" : "新北市中和區中山路三段122號3樓", "category" : "環保餐廳", "phone" : "02-77313499"}}, {"type" : "Feature", "geometry" : {"type":"Point","coordinates":[121.688687,25.181234]}, "properties" : {"name" : "魚村活海鮮", "district" : "萬里區", "address" : "新北市萬里區港東路74之6號", "category" : "環保餐廳", "phone" : "02-24921046"}}, {"type" : "Feature", "geometry" : {"type":"Point","coordinates":[121.9521315,25.0204993]}, "properties" : {"name" : "魚佳餚餐廳", "district" : "貢寮區", "address" : "新北市貢寮區東興街36號", "category" : "環保餐廳", "phone" : "02-24992265"}}, {"type" : "Feature", "geometry" : {"type":"Point","coordinates":[121.4665453,25.0905577]}, "properties" : {"name" : "魚缸珈琲館", "district" : "蘆洲區", "address" : "新北市蘆洲區三民路78號", "category" : "環保餐廳", "phone" : "02-82828350"}}, {"type" : "Feature", "geometry" : {"type":"Point","coordinates":[121.4667663,25.0124033]}, "properties" : {"name" : "鹿兒島燒肉專賣店-板橋新板店", "district" : "板橋區", "address" : "新北市板橋區中山路一段164-1號", "category" : "環保餐廳", "phone" : "02-29625099"}}, {"type" : "Feature", "geometry" : {"type":"Point","coordinates":[121.4521249,25.0539105]}, "properties" : {"name" : "鹿兒島燒肉專賣店-新莊中華店", "district" : "新莊區", "address" : "新北市新莊區中華路二段65號1樓", "category" : "環保餐廳", "phone" : "02-29909950"}}, {"type" : "Feature", "geometry" : {"type":"Point","coordinates":[121.4094828,25.1566207]}, "properties" : {"name" : "麥味登八里小麥", "district" : "八里區", "address" : "新北市八里區中山路二段542號", "category" : "環保餐廳", "phone" : "02-26195768"}}, {"type" : "Feature", "geometry" : {"type":"Point","coordinates":[121.4515414,25.1262672]}, "properties" : {"name" : "麥味登八里禾渼", "district" : "八里區", "address" : "新北市八里區頂寮五街7號", "category" : "環保餐廳", "phone" : "02-26188007"}}, {"type" : "Feature", "geometry" : {"type":"Point","coordinates":[121.500866,25.258047]}, "properties" : {"name" : "麥味登三芝公正", "district" : "三芝區", "address" : "新北市三芝區公正街9號", "category" : "環保餐廳", "phone" : "02-26369969"}}, {"type" : "Feature", "geometry" : {"type":"Point","coordinates":[121.4807245,25.079981]}, "properties" : {"name" : "麥味登三重三和", "district" : "三重區", "address" : "新北市三重區三和路四段145巷153號", "category" : "環保餐廳", "phone" : "02-22800682"}}, {"type" : "Feature", "geometry" : {"type":"Point","coordinates":[121.4852246,25.0861512]}, "properties" : {"name" : "麥味登三重三賢101", "district" : "三重區", "address" : "新北市三重區三賢街101號", "category" : "環保餐廳", "phone" : "02-28579101"}}, {"type" : "Feature", "geometry" : {"type":"Point","coordinates":[121.495577,25.0615813]}, "properties" : {"name" : "麥味登三重大同", "district" : "三重區", "address" : "新北市三重區大同北路97號", "category" : "環保餐廳", "phone" : "02-89855749"}}, {"type" : "Feature", "geometry" : {"type":"Point","coordinates":[121.4912444,25.0498627]}, "properties" : {"name" : "麥味登三重中興橋", "district" : "三重區", "address" : "新北市三重區成功路38號", "category" : "環保餐廳", "phone" : "02-29768838"}}, {"type" : "Feature", "geometry" : {"type":"Point","coordinates":[121.4789944,25.075286]}, "properties" : {"name" : "麥味登三重木澄找餐", "district" : "三重區", "address" : "新北市三重區永福街179號", "category" : "環保餐廳", "phone" : "02-22870179"}}, {"type" : "Feature", "geometry" : {"type":"Point","coordinates":[121.498533,25.0593061]}, "properties" : {"name" : "麥味登三重正義", "district" : "三重區", "address" : "新北市三重區正義南路79號", "category" : "環保餐廳", "phone" : "02-89762827"}}, {"type" : "Feature", "geometry" : {"type":"Point","coordinates":[121.484152,25.0754904]}, "properties" : {"name" : "麥味登三重車路頭", "district" : "三重區", "address" : "新北市三重區車路頭街87號", "category" : "環保餐廳", "phone" : "02-22860136"}}, {"type" : "Feature", "geometry" : {"type":"Point","coordinates":[121.477435,25.0689635]}, "properties" : {"name" : "麥味登三重佳德", "district" : "三重區", "address" : "新北市三重區三民街305號", "category" : "環保餐廳", "phone" : "02-89825825"}}, {"type" : "Feature", "geometry" : {"type":"Point","coordinates":[121.4815164,25.0671545]}, "properties" : {"name" : "麥味登三重忠孝", "district" : "三重區", "address" : "新北市三重區忠孝路三段25號", "category" : "環保餐廳", "phone" : "02-89850138"}}, {"type" : "Feature", "geometry" : {"type":"Point","coordinates":[121.4942036,25.0578625]}, "properties" : {"name" : "麥味登三重忠孝橋", "district" : "三重區", "address" : "新北市三重區中正南路131號", "category" : "環保餐廳", "phone" : "02-29749888"}}, {"type" : "Feature", "geometry" : {"type":"Point","coordinates":[121.4888809,25.0664161]}, "properties" : {"name" : "麥味登三重美福", "district" : "三重區", "address" : "新北市三重區重陽路三段162號", "category" : "環保餐廳", "phone" : "02-29801388"}}, {"type" : "Feature", "geometry" : {"type":"Point","coordinates":[121.4934672,25.0778917]}, "properties" : {"name" : "麥味登三重國小", "district" : "三重區", "address" : "新北市三重區仁愛街23號", "category" : "環保餐廳", "phone" : "02-89762738"}}, {"type" : "Feature", "geometry" : {"type":"Point","coordinates":[121.4928994,25.0640371]}, "properties" : {"name" : "麥味登三重國隆", "district" : "三重區", "address" : "新北市三重區國隆路29號", "category" : "環保餐廳", "phone" : "02-29818809"}}, {"type" : "Feature", "geometry" : {"type":"Point","coordinates":[121.4826732,25.0553651]}, "properties" : {"name" : "麥味登三重捷運", "district" : "三重區", "address" : "新北市三重區捷運路37巷14號", "category" : "環保餐廳", "phone" : "02-29877007"}}, {"type" : "Feature", "geometry" : {"type":"Point","coordinates":[121.4828635,25.0704893]}, "properties" : {"name" : "麥味登三重善解", "district" : "三重區", "address" : "新北市三重區力行路一段176號", "category" : "環保餐廳", "phone" : "02-29850176"}}, {"type" : "Feature", "geometry" : {"type":"Point","coordinates":[121.4969969,25.0834051]}, "properties" : {"name" : "麥味登三重進安", "district" : "三重區", "address" : "新北市三重區自強路五段100號", "category" : "環保餐廳", "phone" : "02-82879992"}}, {"type" : "Feature", "geometry" : {"type":"Point","coordinates":[121.483782,25.0588461]}, "properties" : {"name" : "麥味登三重感恩", "district" : "三重區", "address" : "新北市三重區三陽路61號", "category" : "環保餐廳", "phone" : "02-29896559"}}, {"type" : "Feature", "geometry" : {"type":"Point","coordinates":[121.3719229,24.9269333]}, "properties" : {"name" : "麥味登三峽大同", "district" : "三峽區", "address" : "新北市三峽區大同路196-2號", "category" : "環保餐廳", "phone" : "02-86741909"}}, {"type" : "Feature", "geometry" : {"type":"Point","coordinates":[121.3773137,24.942632]}, "properties" : {"name" : "麥味登三峽北大", "district" : "三峽區", "address" : "新北市三峽區大德路190號", "category" : "環保餐廳", "phone" : "02-26724567"}}, {"type" : "Feature", "geometry" : {"type":"Point","coordinates":[121.3671925,24.9349558]}, "properties" : {"name" : "麥味登三峽恩主公", "district" : "三峽區", "address" : "新北市三峽區中山路234號", "category" : "環保餐廳", "phone" : "02-86723234"}}, {"type" : "Feature", "geometry" : {"type":"Point","coordinates":[121.4419991,24.9765973]}, "properties" : {"name" : "麥味登土城日月光", "district" : "土城區", "address" : "新北市土城區中央路二段61巷42號", "category" : "環保餐廳", "phone" : "02-22707168"}}, {"type" : "Feature", "geometry" : {"type":"Point","coordinates":[121.4421032,24.973992]}, "properties" : {"name" : "麥味登土城光明", "district" : "土城區", "address" : "新北市土城區光明街63號", "category" : "環保餐廳", "phone" : "02-22706879"}}, {"type" : "Feature", "geometry" : {"type":"Point","coordinates":[121.443348,24.972201]}, "properties" : {"name" : "麥味登土城延平", "district" : "土城區", "address" : "新北市土城區延平街七號", "category" : "環保餐廳", "phone" : "02-82610041"}}, {"type" : "Feature", "geometry" : {"type":"Point","coordinates":[121.4648811,24.9856094]}, "properties" : {"name" : "麥味登土城明德", "district" : "土城區", "address" : "新北市土城區明德路一段240巷2號", "category" : "環保餐廳", "phone" : "02-82620030"}}, {"type" : "Feature", "geometry" : {"type":"Point","coordinates":[121.4590301,24.9792544]}, "properties" : {"name" : "麥味登土城青雲", "district" : "土城區", "address" : "新北市土城區青雲路215號", "category" : "環保餐廳", "phone" : "02-22660768"}}, {"type" : "Feature", "geometry" : {"type":"Point","coordinates":[121.4520284,24.9805344]}, "properties" : {"name" : "麥味登土城海山", "district" : "土城區", "address" : "新北市土城區明德路二段199號", "category" : "環保餐廳", "phone" : "02-82621058"}}, {"type" : "Feature", "geometry" : {"type":"Point","coordinates":[121.4648811,24.9856094]}, "properties" : {"name" : "麥味登土城清高", "district" : "土城區", "address" : "新北市土城區明德路一段73號", "category" : "環保餐廳", "phone" : "02-22602220"}}, {"type" : "Feature", "geometry" : {"type":"Point","coordinates":[121.4556451,24.9818911]}, "properties" : {"name" : "麥味登土城裕民", "district" : "土城區", "address" : "新北市土城區裕民路259巷24號", "category" : "環保餐廳", "phone" : "02-82601899"}}, {"type" : "Feature", "geometry" : {"type":"Point","coordinates":[121.4510147,24.9884197]}, "properties" : {"name" : "麥味登土城學成", "district" : "土城區", "address" : "新北市土城區學成路9號", "category" : "環保餐廳", "phone" : "02-82732522"}}, {"type" : "Feature", "geometry" : {"type":"Point","coordinates":[121.4688589,25.0023311]}, "properties" : {"name" : "麥味登中和民德", "district" : "中和區", "address" : "新北市中和區民德路155號", "category" : "環保餐廳", "phone" : "02-29628388"}}, {"type" : "Feature", "geometry" : {"type":"Point","coordinates":[121.5188226,24.9937986]}, "properties" : {"name" : "麥味登中和吉仁", "district" : "中和區", "address" : "新北市中和區大仁街19巷1號", "category" : "環保餐廳", "phone" : "02-86680256"}}, {"type" : "Feature", "geometry" : {"type":"Point","coordinates":[121.49898,24.999397]}, "properties" : {"name" : "麥味登中和秀朗", "district" : "中和區", "address" : "新北市中和區秀朗路３段128巷2號", "category" : "環保餐廳", "phone" : "02-29435788"}}, {"type" : "Feature", "geometry" : {"type":"Point","coordinates":[121.5075602,24.9911797]}, "properties" : {"name" : "麥味登中和和平", "district" : "中和區", "address" : "新北市中和區和平街15-1號", "category" : "環保餐廳", "phone" : "02-86680428"}}, {"type" : "Feature", "geometry" : {"type":"Point","coordinates":[121.4820434,24.9953311]}, "properties" : {"name" : "麥味登中和泉日青", "district" : "中和區", "address" : "新北市中和區連城路89巷7-2號", "category" : "環保餐廳", "phone" : "02-82458368"}}, {"type" : "Feature", "geometry" : {"type":"Point","coordinates":[121.5031288,24.9818913]}, "properties" : {"name" : "麥味登中和英雄", "district" : "中和區", "address" : "新北市中和區興南路二段79號", "category" : "環保餐廳", "phone" : "02-89434686"}}, {"type" : "Feature", "geometry" : {"type":"Point","coordinates":[121.5052806,24.989903]}, "properties" : {"name" : "麥味登中和復興", "district" : "中和區", "address" : "新北市中和區復興路50號", "category" : "環保餐廳", "phone" : "02-29488698"}}, {"type" : "Feature", "geometry" : {"type":"Point","coordinates":[121.50455,24.9920937]}, "properties" : {"name" : "麥味登中和景安", "district" : "中和區", "address" : "新北市中和區景安路13號", "category" : "環保餐廳", "phone" : "02-89432800"}}, {"type" : "Feature", "geometry" : {"type":"Point","coordinates":[121.5112252,24.9921865]}, "properties" : {"name" : "麥味登中和景新", "district" : "中和區", "address" : "新北市中和區景新街35號", "category" : "環保餐廳", "phone" : "02-22450559"}}, {"type" : "Feature", "geometry" : {"type":"Point","coordinates":[121.5079675,24.9842042]}, "properties" : {"name" : "麥味登中和華新", "district" : "中和區", "address" : "新北市中和區華新街150號", "category" : "環保餐廳", "phone" : "02-86680570"}}, {"type" : "Feature", "geometry" : {"type":"Point","coordinates":[121.4875624,25.0048591]}, "properties" : {"name" : "麥味登中和陽光", "district" : "中和區", "address" : "新北市中和區中山路二段2巷45弄12號", "category" : "環保餐廳", "phone" : "02-82453053"}}, {"type" : "Feature", "geometry" : {"type":"Point","coordinates":[121.4831995,25.0012162]}, "properties" : {"name" : "麥味登中和新生", "district" : "中和區", "address" : "新北市中和區民樂路54號", "category" : "環保餐廳", "phone" : "02-22229635"}}, {"type" : "Feature", "geometry" : {"type":"Point","coordinates":[121.4658838,24.9951539]}, "properties" : {"name" : "麥味登中和壽德", "district" : "中和區", "address" : "新北市中和區壽德街21號", "category" : "環保餐廳", "phone" : "02-29526863"}}, {"type" : "Feature", "geometry" : {"type":"Point","coordinates":[121.5084558,24.9978397]}, "properties" : {"name" : "麥味登中和福澤", "district" : "中和區", "address" : "新北市中和區保健路47號", "category" : "環保餐廳", "phone" : "02-89419688"}}, {"type" : "Feature", "geometry" : {"type":"Point","coordinates":[121.4880135,25.0008708]}, "properties" : {"name" : "麥味登中和遠東世紀", "district" : "中和區", "address" : "新北市中和區建一路188號1樓", "category" : "環保餐廳", "phone" : "02-82271800"}}, {"type" : "Feature", "geometry" : {"type":"Point","coordinates":[121.468325,25.0033158]}, "properties" : {"name" : "麥味登中和德光", "district" : "中和區", "address" : "新北市中和區德光路14號", "category" : "環保餐廳", "phone" : "02-29620233"}}, {"type" : "Feature", "geometry" : {"type":"Point","coordinates":[121.43846,25.0828143]}, "properties" : {"name" : "麥味登五股中興", "district" : "五股區", "address" : "新北市五股區中興路四段48巷1號", "category" : "環保餐廳", "phone" : "02-22951720"}}, {"type" : "Feature", "geometry" : {"type":"Point","coordinates":[121.4676391,25.0740699]}, "properties" : {"name" : "麥味登五股四維", "district" : "五股區", "address" : "新北市五股區四維路116-1號", "category" : "環保餐廳", "phone" : "02-29889279"}}, {"type" : "Feature", "geometry" : {"type":"Point","coordinates":[121.4369316,25.0741]}, "properties" : {"name" : "麥味登五股自強", "district" : "五股區", "address" : "新北市五股區自強路72號", "category" : "環保餐廳", "phone" : "02-22935789"}}, {"type" : "Feature", "geometry" : {"type":"Point","coordinates":[121.4519316,25.1016954]}, "properties" : {"name" : "麥味登五股洲子洋", "district" : "五股區", "address" : "新北市五股區成泰路三段165號", "category" : "環保餐廳", "phone" : "02-22930223"}}, {"type" : "Feature", "geometry" : {"type":"Point","coordinates":[121.4340561,25.0876149]}, "properties" : {"name" : "麥味登五股福臨", "district" : "五股區", "address" : "新北市五股區五福路93號", "category" : "環保餐廳", "phone" : "02-22916863"}}, {"type" : "Feature", "geometry" : {"type":"Point","coordinates":[121.4934672,25.0778917]}, "properties" : {"name" : "麥味登仁愛旗艦", "district" : "三重區", "address" : "新北市三重區仁愛街660號", "category" : "環保餐廳", "phone" : "02-22862203"}}, {"type" : "Feature", "geometry" : {"type":"Point","coordinates":[121.3824657,24.945157]}, "properties" : {"name" : "麥味登北大大成", "district" : "樹林區", "address" : "新北市樹林區大成路11號", "category" : "環保餐廳", "phone" : "02-26689550"}}, {"type" : "Feature", "geometry" : {"type":"Point","coordinates":[121.3789282,24.9492857]}, "properties" : {"name" : "麥味登北大學林", "district" : "樹林區", "address" : "新北市樹林區學林路85號", "category" : "環保餐廳", "phone" : "02-26684881"}}, {"type" : "Feature", "geometry" : {"type":"Point","coordinates":[121.5046959,25.0089137]}, "properties" : {"name" : "麥味登永和仁愛", "district" : "永和區", "address" : "新北市永和區仁愛路145號", "category" : "環保餐廳", "phone" : "02-29250236"}}, {"type" : "Feature", "geometry" : {"type":"Point","coordinates":[121.50909,25.0105362]}, "properties" : {"name" : "麥味登永和仁愛公園", "district" : "永和區", "address" : "新北市永和區永平路320號", "category" : "環保餐廳", "phone" : "02-89213076"}}, {"type" : "Feature", "geometry" : {"type":"Point","coordinates":[121.5087206,25.0049663]}, "properties" : {"name" : "麥味登永和保平", "district" : "永和區", "address" : "新北市永和區保平路266號", "category" : "環保餐廳", "phone" : "02-29225899"}}, {"type" : "Feature", "geometry" : {"type":"Point","coordinates":[121.5224208,24.9996968]}, "properties" : {"name" : "麥味登永和得和", "district" : "永和區", "address" : "新北市永和區得和路328號", "category" : "環保餐廳", "phone" : "02-29439796"}}, {"type" : "Feature", "geometry" : {"type":"Point","coordinates":[121.514461,25.007569]}, "properties" : {"name" : "麥味登永和福和", "district" : "永和區", "address" : "新北市永和區福和路343號", "category" : "環保餐廳", "phone" : "02-29219297"}}, {"type" : "Feature", "geometry" : {"type":"Point","coordinates":[121.5159199,25.0041163]}, "properties" : {"name" : "麥味登永和選手", "district" : "永和區", "address" : "新北市永和區永貞路152號", "category" : "環保餐廳", "phone" : "02-29229929"}}, {"type" : "Feature", "geometry" : {"type":"Point","coordinates":[121.5200703,25.009235]}, "properties" : {"name" : "麥味登永和環河", "district" : "永和區", "address" : "新北市永和區環河西路2段213號", "category" : "環保餐廳", "phone" : "02-29233833"}}, {"type" : "Feature", "geometry" : {"type":"Point","coordinates":[121.6616203,25.063029]}, "properties" : {"name" : "麥味登汐止仁愛", "district" : "汐止區", "address" : "新北市汐止區仁愛路23號", "category" : "環保餐廳", "phone" : "02-26492558"}}, {"type" : "Feature", "geometry" : {"type":"Point","coordinates":[121.6636569,25.0690132]}, "properties" : {"name" : "麥味登汐止名城店", "district" : "汐止區", "address" : "新北市汐止區新昌路37-1號", "category" : "環保餐廳", "phone" : "02-86910234"}}, {"type" : "Feature", "geometry" : {"type":"Point","coordinates":[121.639821,25.0623385]}, "properties" : {"name" : "麥味登汐止玖達", "district" : "汐止區", "address" : "新北市汐止區樟樹二路296號", "category" : "環保餐廳", "phone" : "02-26427171"}}, {"type" : "Feature", "geometry" : {"type":"Point","coordinates":[121.6542466,25.071206]}, "properties" : {"name" : "麥味登汐止長江", "district" : "汐止區", "address" : "新北市汐止區長江街65號", "category" : "環保餐廳", "phone" : "02-26482088"}}, {"type" : "Feature", "geometry" : {"type":"Point","coordinates":[121.6611687,25.0725934]}, "properties" : {"name" : "麥味登汐止建成", "district" : "汐止區", "address" : "新北市汐止區建成路59巷49號", "category" : "環保餐廳", "phone" : "02-86422575"}}, {"type" : "Feature", "geometry" : {"type":"Point","coordinates":[121.6616203,25.063029]}, "properties" : {"name" : "麥味登汐止皇家", "district" : "汐止區", "address" : "新北市汐止區仁愛路166號", "category" : "環保餐廳", "phone" : "02-26433078"}}, {"type" : "Feature", "geometry" : {"type":"Point","coordinates":[121.6728929,25.0674045]}, "properties" : {"name" : "麥味登汐止茄苳", "district" : "汐止區", "address" : "新北市汐止區茄苳路42-1號", "category" : "環保餐廳", "phone" : "02-86477766"}}, {"type" : "Feature", "geometry" : {"type":"Point","coordinates":[121.6313178,25.0632069]}, "properties" : {"name" : "麥味登汐止福氣", "district" : "汐止區", "address" : "新北市汐止區福德一路201巷6號", "category" : "環保餐廳", "phone" : "02-26925177"}}, {"type" : "Feature", "geometry" : {"type":"Point","coordinates":[121.6313178,25.0632069]}, "properties" : {"name" : "麥味登汐止福德", "district" : "汐止區", "address" : "新北市汐止區福德一路20號", "category" : "環保餐廳", "phone" : "02-26922316"}}, {"type" : "Feature", "geometry" : {"type":"Point","coordinates":[121.4617949,25.133032]}, "properties" : {"name" : "麥味登竹圍米路", "district" : "淡水區", "address" : "新北市淡水區民族路43號", "category" : "環保餐廳", "phone" : "02-28081276"}}, {"type" : "Feature", "geometry" : {"type":"Point","coordinates":[121.3961013,25.0686539]}, "properties" : {"name" : "麥味登林口中山", "district" : "林口區", "address" : "新北市林口區中山路526號-1", "category" : "環保餐廳", "phone" : "02-26020858"}}, {"type" : "Feature", "geometry" : {"type":"Point","coordinates":[121.3971324,25.0682276]}, "properties" : {"name" : "麥味登林口仁愛", "district" : "林口區", "address" : "新北市林口區仁愛路一段384號", "category" : "環保餐廳", "phone" : "02-26011390"}}, {"type" : "Feature", "geometry" : {"type":"Point","coordinates":[121.3676645,25.0686212]}, "properties" : {"name" : "麥味登林口公園", "district" : "林口區", "address" : "新北市林口區公園路69號", "category" : "環保餐廳", "phone" : "02-26080267"}}, {"type" : "Feature", "geometry" : {"type":"Point","coordinates":[121.381248,25.0900179]}, "properties" : {"name" : "麥味登林口文化", "district" : "林口區", "address" : "新北市林口區文化三路二段36-1號", "category" : "環保餐廳", "phone" : "02-26018032"}}, {"type" : "Feature", "geometry" : {"type":"Point","coordinates":[121.3731473,25.0770136]}, "properties" : {"name" : "麥味登林口民有", "district" : "林口區", "address" : "新北市林口區民有街68號", "category" : "環保餐廳", "phone" : "02-26081872"}}, {"type" : "Feature", "geometry" : {"type":"Point","coordinates":[121.3691408,25.077912]}, "properties" : {"name" : "麥味登林口民族", "district" : "林口區", "address" : "新北市林口區民族路22號", "category" : "環保餐廳", "phone" : "0986811956"}}, {"type" : "Feature", "geometry" : {"type":"Point","coordinates":[121.3756713,25.0819744]}, "properties" : {"name" : "麥味登林口民視", "district" : "林口區", "address" : "新北市林口區信義路154號", "category" : "環保餐廳", "phone" : "02-26019062"}}, {"type" : "Feature", "geometry" : {"type":"Point","coordinates":[121.3752073,25.0764237]}, "properties" : {"name" : "麥味登林口名巧園", "district" : "林口區", "address" : "新北市林口區仁愛路二段121號", "category" : "環保餐廳", "phone" : "02-26015862"}}, {"type" : "Feature", "geometry" : {"type":"Point","coordinates":[121.3609205,25.0756733]}, "properties" : {"name" : "麥味登林口南勢", "district" : "林口區", "address" : "新北市林口區南勢一街17巷51號", "category" : "環保餐廳", "phone" : "02-26000275"}}, {"type" : "Feature", "geometry" : {"type":"Point","coordinates":[121.3636676,25.0715378]}, "properties" : {"name" : "麥味登林口香悅", "district" : "林口區", "address" : "新北市林口區文化三路一段555巷50號", "category" : "環保餐廳", "phone" : "02-26082729"}}, {"type" : "Feature", "geometry" : {"type":"Point","coordinates":[121.3636676,25.0715378]}, "properties" : {"name" : "麥味登林口貳貳五", "district" : "林口區", "address" : "新北市林口區文化三路一段225巷13號", "category" : "環保餐廳", "phone" : "02-26099585"}}, {"type" : "Feature", "geometry" : {"type":"Point","coordinates":[121.3658122,25.0691702]}, "properties" : {"name" : "麥味登林口感恩", "district" : "林口區", "address" : "新北市林口區文化二路一段20巷23號", "category" : "環保餐廳", "phone" : "02-26006228"}}, {"type" : "Feature", "geometry" : {"type":"Point","coordinates":[121.3493761,25.0707774]}, "properties" : {"name" : "麥味登林口源泉", "district" : "林口區", "address" : "新北市林口區源泉街36號", "category" : "環保餐廳", "phone" : "02-26092339"}}, {"type" : "Feature", "geometry" : {"type":"Point","coordinates":[121.3807028,25.0689859]}, "properties" : {"name" : "麥味登林口歐園", "district" : "林口區", "address" : "新北市林口區麗園二街2-4號", "category" : "環保餐廳", "phone" : "02-26009889"}}, {"type" : "Feature", "geometry" : {"type":"Point","coordinates":[121.4788746,25.0123243]}, "properties" : {"name" : "麥味登板橋三民", "district" : "板橋區", "address" : "新北市板橋區三民路二段202-13號", "category" : "環保餐廳", "phone" : "02-29630916"}}, {"type" : "Feature", "geometry" : {"type":"Point","coordinates":[121.4738396,25.0115163]}, "properties" : {"name" : "麥味登板橋大崙", "district" : "板橋區", "address" : "新北市板橋區長安街331巷89號", "category" : "環保餐廳", "phone" : "02-29581685"}}, {"type" : "Feature", "geometry" : {"type":"Point","coordinates":[121.4561373,25.0289388]}, "properties" : {"name" : "麥味登板橋中正", "district" : "板橋區", "address" : "新北市板橋區中正路216巷57號", "category" : "環保餐廳", "phone" : "02-22720613"}}, {"type" : "Feature", "geometry" : {"type":"Point","coordinates":[121.475454,25.032315]}, "properties" : {"name" : "麥味登板橋文聖", "district" : "板橋區", "address" : "新北市板橋區文聖街182號", "category" : "環保餐廳", "phone" : "02-22542777"}}, {"type" : "Feature", "geometry" : {"type":"Point","coordinates":[121.4742473,25.0176328]}, "properties" : {"name" : "麥味登板橋永豐", "district" : "板橋區", "address" : "新北市板橋區永豐街171號", "category" : "環保餐廳", "phone" : "02-29512885"}}, {"type" : "Feature", "geometry" : {"type":"Point","coordinates":[121.4664957,25.0277338]}, "properties" : {"name" : "麥味登板橋光武", "district" : "板橋區", "address" : "新北市板橋區光武街63號", "category" : "環保餐廳", "phone" : "02-22541266"}}, {"type" : "Feature", "geometry" : {"type":"Point","coordinates":[121.4590989,25.0096703]}, "properties" : {"name" : "麥味登板橋光環", "district" : "板橋區", "address" : "新北市板橋區光環路二段76號", "category" : "環保餐廳", "phone" : "02-29627677"}}, {"type" : "Feature", "geometry" : {"type":"Point","coordinates":[121.4480556,24.998434]}, "properties" : {"name" : "麥味登板橋合安", "district" : "板橋區", "address" : "新北市板橋區合宜路115號", "category" : "環保餐廳", "phone" : "02-29691688"}}, {"type" : "Feature", "geometry" : {"type":"Point","coordinates":[121.4685979,25.0291405]}, "properties" : {"name" : "麥味登板橋松江", "district" : "板橋區", "address" : "新北市板橋區松江街86號", "category" : "環保餐廳", "phone" : "02-22507050"}}, {"type" : "Feature", "geometry" : {"type":"Point","coordinates":[121.4670297,25.0321115]}, "properties" : {"name" : "麥味登板橋金世紀錄", "district" : "板橋區", "address" : "新北市板橋區長江路二段47號", "category" : "環保餐廳", "phone" : "02-22541831"}}, {"type" : "Feature", "geometry" : {"type":"Point","coordinates":[121.4312546,24.9880701]}, "properties" : {"name" : "麥味登板橋金門", "district" : "板橋區", "address" : "新北市板橋區金門街147號", "category" : "環保餐廳", "phone" : "02-86871568"}}, {"type" : "Feature", "geometry" : {"type":"Point","coordinates":[121.4312546,24.9880701]}, "properties" : {"name" : "麥味登板橋金鑽", "district" : "板橋區", "address" : "新北市板橋區金門街324巷7號", "category" : "環保餐廳", "phone" : "02-26860901"}}, {"type" : "Feature", "geometry" : {"type":"Point","coordinates":[121.4738396,25.0115163]}, "properties" : {"name" : "麥味登板橋長安", "district" : "板橋區", "address" : "新北市板橋區長安街349號", "category" : "環保餐廳", "phone" : "02-29519353"}}, {"type" : "Feature", "geometry" : {"type":"Point","coordinates":[121.4640997,25.0312402]}, "properties" : {"name" : "麥味登板橋長江", "district" : "板橋區", "address" : "新北市板橋區長江路一段150號", "category" : "環保餐廳", "phone" : "02-22597039"}}, {"type" : "Feature", "geometry" : {"type":"Point","coordinates":[121.4642754,25.0176472]}, "properties" : {"name" : "麥味登板橋致理", "district" : "板橋區", "address" : "新北市板橋區文化路一段311-2號", "category" : "環保餐廳", "phone" : "02-22566222"}}, {"type" : "Feature", "geometry" : {"type":"Point","coordinates":[121.4640857,24.9976814]}, "properties" : {"name" : "麥味登板橋重慶", "district" : "板橋區", "address" : "新北市板橋區重慶路308巷14號", "category" : "環保餐廳", "phone" : "02-29558858"}}, {"type" : "Feature", "geometry" : {"type":"Point","coordinates":[121.4612307,25.0032182]}, "properties" : {"name" : "麥味登板橋校前", "district" : "板橋區", "address" : "新北市板橋區校前街76號", "category" : "環保餐廳", "phone" : "02-29615889"}}, {"type" : "Feature", "geometry" : {"type":"Point","coordinates":[121.462212,25.0185763]}, "properties" : {"name" : "麥味登板橋國光", "district" : "板橋區", "address" : "新北市板橋區國光路187號", "category" : "環保餐廳", "phone" : "02-29682628"}}, {"type" : "Feature", "geometry" : {"type":"Point","coordinates":[121.4741228,25.0236879]}, "properties" : {"name" : "麥味登板橋莒光", "district" : "板橋區", "address" : "新北市板橋區莒光路188號", "category" : "環保餐廳", "phone" : "02-22566826"}}, {"type" : "Feature", "geometry" : {"type":"Point","coordinates":[121.4720212,25.0255128]}, "properties" : {"name" : "麥味登板橋莊敬", "district" : "板橋區", "address" : "新北市板橋區莊敬路162號", "category" : "環保餐廳", "phone" : "02-22581447"}}, {"type" : "Feature", "geometry" : {"type":"Point","coordinates":[121.4540833,25.0014445]}, "properties" : {"name" : "麥味登板橋貴興", "district" : "板橋區", "address" : "新北市板橋區貴興路109號", "category" : "環保餐廳", "phone" : "02-29649695"}}, {"type" : "Feature", "geometry" : {"type":"Point","coordinates":[121.4640406,25.0051508]}, "properties" : {"name" : "麥味登板橋實踐", "district" : "板橋區", "address" : "新北市板橋區實踐路38號", "category" : "環保餐廳", "phone" : "02-29597877"}}, {"type" : "Feature", "geometry" : {"type":"Point","coordinates":[121.4625101,24.9932308]}, "properties" : {"name" : "麥味登板橋廣和", "district" : "板橋區", "address" : "新北市板橋區廣和街52號", "category" : "環保餐廳", "phone" : "02-29555560"}}, {"type" : "Feature", "geometry" : {"type":"Point","coordinates":[121.4574721,25.0261679]}, "properties" : {"name" : "麥味登板橋龍泉", "district" : "板橋區", "address" : "新北市板橋區龍泉街120號", "category" : "環保餐廳", "phone" : "02-22542268"}}, {"type" : "Feature", "geometry" : {"type":"Point","coordinates":[121.4796858,25.0296826]}, "properties" : {"name" : "麥味登板橋懷德", "district" : "板橋區", "address" : "新北市板橋區懷德街181巷23號", "category" : "環保餐廳", "phone" : "02-22500350"}}, {"type" : "Feature", "geometry" : {"type":"Point","coordinates":[121.4720212,25.0255128]}, "properties" : {"name" : "麥味登板橋藝文", "district" : "板橋區", "address" : "新北市板橋區莊敬路99號", "category" : "環保餐廳", "phone" : "02-82570520"}}, {"type" : "Feature", "geometry" : {"type":"Point","coordinates":[121.4561373,25.0289388]}, "properties" : {"name" : "麥味登板橋體育館", "district" : "板橋區", "address" : "新北市板橋區中正路17號", "category" : "環保餐廳", "phone" : "02-22727177"}}, {"type" : "Feature", "geometry" : {"type":"Point","coordinates":[121.452099,25.0122577]}, "properties" : {"name" : "麥味登板橋體育館2", "district" : "板橋區", "address" : "新北市板橋區南雅西路二段143號", "category" : "環保餐廳", "phone" : "02-22727977"}}, {"type" : "Feature", "geometry" : {"type":"Point","coordinates":[121.4321356,25.0554474]}, "properties" : {"name" : "麥味登泰山仁義", "district" : "泰山區", "address" : "新北市泰山區仁義路143號", "category" : "環保餐廳", "phone" : "02-22962828"}}, {"type" : "Feature", "geometry" : {"type":"Point","coordinates":[121.4330671,25.0577278]}, "properties" : {"name" : "麥味登泰山全興", "district" : "泰山區", "address" : "新北市泰山區福興二街30號", "category" : "環保餐廳", "phone" : "02-29000283"}}, {"type" : "Feature", "geometry" : {"type":"Point","coordinates":[121.4403493,25.0448596]}, "properties" : {"name" : "麥味登泰山信華", "district" : "泰山區", "address" : "新北市泰山區信華三街171號", "category" : "環保餐廳", "phone" : "02-29009091"}}, {"type" : "Feature", "geometry" : {"type":"Point","coordinates":[121.427383,25.0642564]}, "properties" : {"name" : "麥味登泰山泰林", "district" : "泰山區", "address" : "新北市泰山區泰林路二段513號", "category" : "環保餐廳", "phone" : "02-29000565"}}, {"type" : "Feature", "geometry" : {"type":"Point","coordinates":[121.9381539,25.0183778]}, "properties" : {"name" : "麥味登貢寮福隆", "district" : "貢寮區", "address" : "新北市貢寮區興隆街20號", "category" : "環保餐廳", "phone" : "02-24991035"}}, {"type" : "Feature", "geometry" : {"type":"Point","coordinates":[121.4446597,25.1722782]}, "properties" : {"name" : "麥味登淡水水源", "district" : "淡水區", "address" : "新北市淡水區水源街一段78號", "category" : "環保餐廳", "phone" : "02-26234139"}}, {"type" : "Feature", "geometry" : {"type":"Point","coordinates":[121.4486002,25.1794421]}, "properties" : {"name" : "麥味登淡水北新", "district" : "淡水區", "address" : "新北市淡水區北新路153號", "category" : "環保餐廳", "phone" : "02-26235211"}}, {"type" : "Feature", "geometry" : {"type":"Point","coordinates":[121.4332285,25.1865479]}, "properties" : {"name" : "麥味登淡水台北灣", "district" : "淡水區", "address" : "新北市淡水區新市一路一段99巷17號", "category" : "環保餐廳", "phone" : "02-26292238"}}, {"type" : "Feature", "geometry" : {"type":"Point","coordinates":[121.4476597,25.168437]}, "properties" : {"name" : "麥味登淡水宇峰", "district" : "淡水區", "address" : "新北市淡水區學府路45號", "category" : "環保餐廳", "phone" : "02-26235201"}}, {"type" : "Feature", "geometry" : {"type":"Point","coordinates":[121.4557532,25.1602686]}, "properties" : {"name" : "麥味登淡水紅樹林", "district" : "淡水區", "address" : "新北市淡水區坪頂路51-1號", "category" : "環保餐廳", "phone" : "02-86263339"}}, {"type" : "Feature", "geometry" : {"type":"Point","coordinates":[121.4365844,25.1791667]}, "properties" : {"name" : "麥味登淡水真理", "district" : "淡水區", "address" : "新北市淡水區新民街180巷2號", "category" : "環保餐廳", "phone" : "02-26205135"}}, {"type" : "Feature", "geometry" : {"type":"Point","coordinates":[121.4560269,25.175779]}, "properties" : {"name" : "麥味登淡水淡大", "district" : "淡水區", "address" : "新北市淡水區水源街二段56號", "category" : "環保餐廳", "phone" : "02-26295836"}}, {"type" : "Feature", "geometry" : {"type":"Point","coordinates":[121.4486002,25.1794421]}, "properties" : {"name" : "麥味登淡水淡江", "district" : "淡水區", "address" : "新北市淡水區北新路182巷37號", "category" : "環保餐廳", "phone" : "02-26250018"}}, {"type" : "Feature", "geometry" : {"type":"Point","coordinates":[121.4203443,25.1848714]}, "properties" : {"name" : "麥味登淡水淡海", "district" : "淡水區", "address" : "新北市淡水區淡海路72巷1號", "category" : "環保餐廳", "phone" : "02-28050511"}}, {"type" : "Feature", "geometry" : {"type":"Point","coordinates":[121.4489462,25.1832344]}, "properties" : {"name" : "麥味登淡水新市", "district" : "淡水區", "address" : "新北市淡水區新市一路三段108號", "category" : "環保餐廳", "phone" : "02-86315511"}}, {"type" : "Feature", "geometry" : {"type":"Point","coordinates":[121.441386,25.1818426]}, "properties" : {"name" : "麥味登淡水新春", "district" : "淡水區", "address" : "新北市淡水區新春街97號", "category" : "環保餐廳", "phone" : "02-26212553"}}, {"type" : "Feature", "geometry" : {"type":"Point","coordinates":[121.457053,25.0292953]}, "properties" : {"name" : "麥味登新北新海", "district" : "板橋區", "address" : "新北市板橋區新海路117號", "category" : "環保餐廳", "phone" : "02-22568688"}}, {"type" : "Feature", "geometry" : {"type":"Point","coordinates":[121.5407142,24.9848964]}, "properties" : {"name" : "麥味登新店大坪林", "district" : "新店區", "address" : "新北市新店區北新路三段70號", "category" : "環保餐廳", "phone" : "02-29129555"}}, {"type" : "Feature", "geometry" : {"type":"Point","coordinates":[121.5170513,24.9692449]}, "properties" : {"name" : "麥味登新店光華", "district" : "新店區", "address" : "新北市新店區光華街10號", "category" : "環保餐廳", "phone" : "02-22119009"}}, {"type" : "Feature", "geometry" : {"type":"Point","coordinates":[121.4698906,24.9395221]}, "properties" : {"name" : "麥味登新店安康", "district" : "新店區", "address" : "新北市新店區安康路三段25號", "category" : "環保餐廳", "phone" : "02-22156557"}}, {"type" : "Feature", "geometry" : {"type":"Point","coordinates":[121.5099596,24.9613837]}, "properties" : {"name" : "麥味登新店安德", "district" : "新店區", "address" : "新北市新店區安德街34號", "category" : "環保餐廳", "phone" : "02-22124693"}}, {"type" : "Feature", "geometry" : {"type":"Point","coordinates":[121.5419418,24.9673935]}, "properties" : {"name" : "麥味登新店佳燁", "district" : "新店區", "address" : "新北市新店區安和路3段134號", "category" : "環保餐廳", "phone" : "02-86683580"}}, {"type" : "Feature", "geometry" : {"type":"Point","coordinates":[121.5369806,24.9854934]}, "properties" : {"name" : "麥味登新店建國", "district" : "新店區", "address" : "新北市新店區建國路236號", "category" : "環保餐廳", "phone" : "02-29118958"}}, {"type" : "Feature", "geometry" : {"type":"Point","coordinates":[121.5385129,24.9868027]}, "properties" : {"name" : "麥味登新店順聯", "district" : "新店區", "address" : "新北市新店區復興路16號", "category" : "環保餐廳", "phone" : "02-29141418"}}, {"type" : "Feature", "geometry" : {"type":"Point","coordinates":[121.4953542,24.9529839]}, "properties" : {"name" : "麥味登新店綠野香坡", "district" : "新店區", "address" : "新北市新店區安祥路139號", "category" : "環保餐廳", "phone" : "02-22001700"}}, {"type" : "Feature", "geometry" : {"type":"Point","coordinates":[121.5505971,24.9716309]}, "properties" : {"name" : "麥味登新店寶興", "district" : "新店區", "address" : "新北市新店區寶興路47-1號", "category" : "環保餐廳", "phone" : "02-89193100"}}, {"type" : "Feature", "geometry" : {"type":"Point","coordinates":[121.444727,25.0516752]}, "properties" : {"name" : "麥味登新莊中平", "district" : "新莊區", "address" : "新北市新莊區中平路121號", "category" : "環保餐廳", "phone" : "02-22771508"}}, {"type" : "Feature", "geometry" : {"type":"Point","coordinates":[121.4478113,25.0568344]}, "properties" : {"name" : "麥味登新莊中信", "district" : "新莊區", "address" : "新北市新莊區中信街2號", "category" : "環保餐廳", "phone" : "02-89927177"}}, {"type" : "Feature", "geometry" : {"type":"Point","coordinates":[121.4435554,25.05433]}, "properties" : {"name" : "麥味登新莊中原", "district" : "新莊區", "address" : "新北市新莊區中原路138號", "category" : "環保餐廳", "phone" : "02-85212006"}}, {"type" : "Feature", "geometry" : {"type":"Point","coordinates":[121.4521249,25.0539105]}, "properties" : {"name" : "麥味登新莊中華", "district" : "新莊區", "address" : "新北市新莊區中華路二段172號", "category" : "環保餐廳", "phone" : "02-29900759"}}, {"type" : "Feature", "geometry" : {"type":"Point","coordinates":[121.4602928,25.0659346]}, "properties" : {"name" : "麥味登新莊五工", "district" : "新莊區", "address" : "新北市新莊區五工二路86巷2號", "category" : "環保餐廳", "phone" : "02-22993799"}}, {"type" : "Feature", "geometry" : {"type":"Point","coordinates":[121.4471945,25.0367036]}, "properties" : {"name" : "麥味登新莊五工二", "district" : "新莊區", "address" : "新北市新莊區建中街85號", "category" : "環保餐廳", "phone" : "02-29922522"}}, {"type" : "Feature", "geometry" : {"type":"Point","coordinates":[121.4133885,25.0300039]}, "properties" : {"name" : "麥味登新莊天祥", "district" : "新莊區", "address" : "新北市新莊區天祥街26-1號", "category" : "環保餐廳", "phone" : "02-29084674"}}, {"type" : "Feature", "geometry" : {"type":"Point","coordinates":[121.4310681,25.0229702]}, "properties" : {"name" : "麥味登新莊民安", "district" : "新莊區", "address" : "新北市新莊區民安路45號1樓", "category" : "環保餐廳", "phone" : "02-22025530"}}, {"type" : "Feature", "geometry" : {"type":"Point","coordinates":[121.4599454,25.0543602]}, "properties" : {"name" : "麥味登新莊米娜", "district" : "新莊區", "address" : "新北市新莊區中原東路30號", "category" : "環保餐廳", "phone" : "02-85229700"}}, {"type" : "Feature", "geometry" : {"type":"Point","coordinates":[121.4565083,25.0454689]}, "properties" : {"name" : "麥味登新莊自立", "district" : "新莊區", "address" : "新北市新莊區自立街115號", "category" : "環保餐廳", "phone" : "02-29980115"}}, {"type" : "Feature", "geometry" : {"type":"Point","coordinates":[121.4279683,25.0137171]}, "properties" : {"name" : "麥味登新莊西盛", "district" : "新莊區", "address" : "新北市新莊區西盛街196號", "category" : "環保餐廳", "phone" : "02-22010970"}}, {"type" : "Feature", "geometry" : {"type":"Point","coordinates":[121.4590047,25.0494565]}, "properties" : {"name" : "麥味登新莊幸福", "district" : "新莊區", "address" : "新北市新莊區幸福路834號", "category" : "環保餐廳", "phone" : "02-22771234"}}, {"type" : "Feature", "geometry" : {"type":"Point","coordinates":[121.4563696,25.0522911]}, "properties" : {"name" : "麥味登新莊昌明", "district" : "新莊區", "address" : "新北市新莊區昌明街22號", "category" : "環保餐廳", "phone" : "02-29905398"}}, {"type" : "Feature", "geometry" : {"type":"Point","coordinates":[121.4128399,25.027193]}, "properties" : {"name" : "麥味登新莊玥萱", "district" : "新莊區", "address" : "新北市新莊區雙鳳路88號", "category" : "環保餐廳", "phone" : "02-29015928"}}, {"type" : "Feature", "geometry" : {"type":"Point","coordinates":[121.4278064,25.0249801]}, "properties" : {"name" : "麥味登新莊建安", "district" : "新莊區", "address" : "新北市新莊區建安街46號", "category" : "環保餐廳", "phone" : "02-22044018"}}, {"type" : "Feature", "geometry" : {"type":"Point","coordinates":[121.4475694,25.0469146]}, "properties" : {"name" : "麥味登新莊星品", "district" : "新莊區", "address" : "新北市新莊區中和街12號", "category" : "環保餐廳", "phone" : "02-89910985"}}, {"type" : "Feature", "geometry" : {"type":"Point","coordinates":[121.4501245,25.0478]}, "properties" : {"name" : "麥味登新莊星誠", "district" : "新莊區", "address" : "新北市新莊區中誠街15號", "category" : "環保餐廳", "phone" : "02-29931989"}}, {"type" : "Feature", "geometry" : {"type":"Point","coordinates":[121.4480814,25.0527715]}, "properties" : {"name" : "麥味登新莊星榮", "district" : "新莊區", "address" : "新北市新莊區中榮街60號", "category" : "環保餐廳", "phone" : "02-29960669"}}, {"type" : "Feature", "geometry" : {"type":"Point","coordinates":[121.4496367,25.0395134]}, "properties" : {"name" : "麥味登新莊福興", "district" : "新莊區", "address" : "新北市新莊區公園路238號", "category" : "環保餐廳", "phone" : "02-22761918"}}, {"type" : "Feature", "geometry" : {"type":"Point","coordinates":[121.4436418,25.0504529]}, "properties" : {"name" : "麥味登新莊歐洲村", "district" : "新莊區", "address" : "新北市新莊區立信三街7巷1號", "category" : "環保餐廳", "phone" : "02-29966927"}}, {"type" : "Feature", "geometry" : {"type":"Point","coordinates":[121.4620729,25.0509916]}, "properties" : {"name" : "麥味登新莊頭前公園", "district" : "新莊區", "address" : "新北市新莊區頭成街163號", "category" : "環保餐廳", "phone" : "02-29909163"}}, {"type" : "Feature", "geometry" : {"type":"Point","coordinates":[121.4143749,25.0218197]}, "properties" : {"name" : "麥味登新莊龍安", "district" : "新莊區", "address" : "新北市新莊區中正路新建巷55號", "category" : "環保餐廳", "phone" : "02-29017665"}}, {"type" : "Feature", "geometry" : {"type":"Point","coordinates":[121.8046604,25.1084678]}, "properties" : {"name" : "麥味登瑞芳明燈", "district" : "瑞芳區", "address" : "新北市瑞芳區明燈路三段81號", "category" : "環保餐廳", "phone" : "02-24976263"}}, {"type" : "Feature", "geometry" : {"type":"Point","coordinates":[121.4198914,24.9814937]}, "properties" : {"name" : "麥味登樹林中華", "district" : "樹林區", "address" : "新北市樹林區中華路39號", "category" : "環保餐廳", "phone" : "02-86868651"}}, {"type" : "Feature", "geometry" : {"type":"Point","coordinates":[121.4228756,24.9923758]}, "properties" : {"name" : "麥味登樹林日新", "district" : "樹林區", "address" : "新北市樹林區日新街185號", "category" : "環保餐廳", "phone" : "02-26862525"}}, {"type" : "Feature", "geometry" : {"type":"Point","coordinates":[121.4123337,25.0038834]}, "properties" : {"name" : "麥味登樹林光榮", "district" : "樹林區", "address" : "新北市樹林區光榮街53號1樓", "category" : "環保餐廳", "phone" : "02-26888936"}}, {"type" : "Feature", "geometry" : {"type":"Point","coordinates":[121.4289244,24.9923762]}, "properties" : {"name" : "麥味登樹林秀泰", "district" : "板橋區", "address" : "新北市板橋區大觀路三段160巷46號", "category" : "環保餐廳", "phone" : "02-26860822"}}, {"type" : "Feature", "geometry" : {"type":"Point","coordinates":[121.4157773,24.9824241]}, "properties" : {"name" : "麥味登樹林東榮", "district" : "樹林區", "address" : "新北市樹林區東榮街121號", "category" : "環保餐廳", "phone" : "02-86860063"}}, {"type" : "Feature", "geometry" : {"type":"Point","coordinates":[121.4205326,24.9907063]}, "properties" : {"name" : "麥味登樹林國凱", "district" : "樹林區", "address" : "新北市樹林區國凱街19號之1", "category" : "環保餐廳", "phone" : "02-86853291"}}, {"type" : "Feature", "geometry" : {"type":"Point","coordinates":[121.4163416,24.9865575]}, "properties" : {"name" : "麥味登樹林復興", "district" : "樹林區", "address" : "新北市樹林區復興路37號", "category" : "環保餐廳", "phone" : "02-26851566"}}, {"type" : "Feature", "geometry" : {"type":"Point","coordinates":[121.4214829,24.9794512]}, "properties" : {"name" : "麥味登樹林會贏", "district" : "樹林區", "address" : "新北市樹林區國凱街102號", "category" : "環保餐廳", "phone" : "02-86868732"}}, {"type" : "Feature", "geometry" : {"type":"Point","coordinates":[121.5004322,24.9973339]}, "properties" : {"name" : "麥味登雙和圓通", "district" : "中和區", "address" : "新北市中和區圓通路242號", "category" : "環保餐廳", "phone" : "02-22421165"}}, {"type" : "Feature", "geometry" : {"type":"Point","coordinates":[121.4741558,25.0879304]}, "properties" : {"name" : "麥味登蘆洲中心", "district" : "蘆洲區", "address" : "新北市蘆洲區民權路188-7號", "category" : "環保餐廳", "phone" : "02-82866513"}}, {"type" : "Feature", "geometry" : {"type":"Point","coordinates":[121.4690486,25.0814304]}, "properties" : {"name" : "麥味登蘆洲正和", "district" : "蘆洲區", "address" : "新北市蘆洲區正和街79號", "category" : "環保餐廳", "phone" : "02-82867980"}}, {"type" : "Feature", "geometry" : {"type":"Point","coordinates":[121.4607622,25.0871066]}, "properties" : {"name" : "麥味登蘆洲長興", "district" : "蘆洲區", "address" : "新北市蘆洲區長興路50巷3號", "category" : "環保餐廳", "phone" : "02-22829933"}}, {"type" : "Feature", "geometry" : {"type":"Point","coordinates":[121.4596365,25.0826494]}, "properties" : {"name" : "麥味登蘆洲康佑", "district" : "蘆洲區", "address" : "新北市蘆洲區長安街343號", "category" : "環保餐廳", "phone" : "02-82868137"}}, {"type" : "Feature", "geometry" : {"type":"Point","coordinates":[121.475272,25.0867406]}, "properties" : {"name" : "麥味登蘆洲復興", "district" : "蘆洲區", "address" : "新北市蘆洲區復興路181號", "category" : "環保餐廳", "phone" : "02-82827200"}}, {"type" : "Feature", "geometry" : {"type":"Point","coordinates":[121.4776459,25.0825905]}, "properties" : {"name" : "麥味登蘆洲鷺江99", "district" : "蘆洲區", "address" : "新北市蘆洲區鷺江街99號", "category" : "環保餐廳", "phone" : "02-22859299"}}, {"type" : "Feature", "geometry" : {"type":"Point","coordinates":[121.3423098,24.9460954]}, "properties" : {"name" : "麥味登鶯歌天囍", "district" : "鶯歌區", "address" : "新北市鶯歌區尖山路136號", "category" : "環保餐廳", "phone" : "02-86776850"}}, {"type" : "Feature", "geometry" : {"type":"Point","coordinates":[121.488102,25.061486]}, "properties" : {"name" : "荳荳早午餐店", "district" : "三重區", "address" : "新北市三重區文化南路31之1號", "category" : "環保餐廳", "phone" : "02-89731966"}}, {"type" : "Feature", "geometry" : {"type":"Point","coordinates":[121.4721717,25.0064963]}, "properties" : {"name" : "勝博殿 中和環球分店", "district" : "中和區", "address" : "新北市中和區中山路三段122號3樓", "category" : "環保餐廳", "phone" : "02-66377718"}}, {"type" : "Feature", "geometry" : {"type":"Point","coordinates":[121.4672319,25.0116897]}, "properties" : {"name" : "勝勢豬排(板橋大遠百)", "district" : "板橋區", "address" : "新北市板橋區新站路28號", "category" : "環保餐廳", "phone" : "02-29506628"}}, {"type" : "Feature", "geometry" : {"type":"Point","coordinates":[121.3671925,24.9349558]}, "properties" : {"name" : "喜徠珍古井餐廳", "district" : "三峽區", "address" : "新北市三峽區中山路40號", "category" : "環保餐廳", "phone" : "02-86711798#894"}}, {"type" : "Feature", "geometry" : {"type":"Point","coordinates":[121.5419418,24.9673935]}, "properties" : {"name" : "喔嗨呦早餐屋", "district" : "新店區", "address" : "新北市新店區北宜路2段36號", "category" : "環保餐廳", "phone" : "02-22178530"}}, {"type" : "Feature", "geometry" : {"type":"Point","coordinates":[121.5031288,24.9818913]}, "properties" : {"name" : "喬MAMA", "district" : "中和區", "address" : "新北市中和區興南路二段6號", "category" : "環保餐廳", "phone" : "02-29400048"}}, {"type" : "Feature", "geometry" : {"type":"Point","coordinates":[121.9521315,25.0204993]}, "properties" : {"name" : "富士海鮮餐廳", "district" : "貢寮區", "address" : "新北市貢寮區東興街8號", "category" : "環保餐廳", "phone" : "02-24991001"}}, {"type" : "Feature", "geometry" : {"type":"Point","coordinates":[121.4642185,25.1821428]}, "properties" : {"name" : "富群休閒農園", "district" : "淡水區", "address" : "新北市淡水區北新路一段129-1號", "category" : "環保餐廳", "phone" : "02-26282899"}}, {"type" : "Feature", "geometry" : {"type":"Point","coordinates":[121.4701937,25.0140383]}, "properties" : {"name" : "彭園婚宴會館(新板店)", "district" : "板橋區", "address" : "新北市板橋區中山路一段161號", "category" : "環保餐廳", "phone" : "02-29527666"}}, {"type" : "Feature", "geometry" : {"type":"Point","coordinates":[121.4720586,25.0532149]}, "properties" : {"name" : "復盛員工餐廳", "district" : "三重區", "address" : "新北市三重區光復路二段60號", "category" : "環保餐廳", "phone" : "02-29951411"}}, {"type" : "Feature", "geometry" : {"type":"Point","coordinates":[121.4672319,25.0116897]}, "properties" : {"name" : "惠比壽烏龍麵", "district" : "板橋區", "address" : "新北市板橋區新站路28號", "category" : "環保餐廳", "phone" : "02-77054168"}}, {"type" : "Feature", "geometry" : {"type":"Point","coordinates":[121.4466929,25.0033612]}, "properties" : {"name" : "棉 早+午餐廳", "district" : "板橋區", "address" : "新北市板橋區大觀路二段93號", "category" : "環保餐廳", "phone" : "02-29660282"}}, {"type" : "Feature", "geometry" : {"type":"Point","coordinates":[121.5173772,24.9938337]}, "properties" : {"name" : "港都熱炒", "district" : "中和區", "address" : "新北市中和區大勇街10號", "category" : "環保餐廳", "phone" : "02-29406751"}}, {"type" : "Feature", "geometry" : {"type":"Point","coordinates":[121.5055573,24.9908913]}, "properties" : {"name" : "粥太郎 粥品·麵食", "district" : "中和區", "address" : "新北市中和區南山路49號", "category" : "環保餐廳", "phone" : "02-22426628"}}, {"type" : "Feature", "geometry" : {"type":"Point","coordinates":[121.432161,25.0205444]}, "properties" : {"name" : "紫緹麵食館", "district" : "新莊區", "address" : "新北市新莊區民安東路37號", "category" : "環保餐廳", "phone" : "02-22029635"}}, {"type" : "Feature", "geometry" : {"type":"Point","coordinates":[121.4721717,25.0064963]}, "properties" : {"name" : "華漾 DIM SUM 中和環球", "district" : "中和區", "address" : "新北市中和區中山路三段122號4樓", "category" : "環保餐廳", "phone" : "02-22252088"}}, {"type" : "Feature", "geometry" : {"type":"Point","coordinates":[121.4721717,25.0064963]}, "properties" : {"name" : "開丼 燒肉vs丼飯 中和環球", "district" : "中和區", "address" : "新北市中和區中山路三段122號3樓", "category" : "環保餐廳", "phone" : "02-82281266"}}, {"type" : "Feature", "geometry" : {"type":"Point","coordinates":[121.4721717,25.0064963]}, "properties" : {"name" : "開飯川食堂 中和環球店", "district" : "中和區", "address" : "新北市中和區中山路三段122號4樓", "category" : "環保餐廳", "phone" : "02-22238218"}}, {"type" : "Feature", "geometry" : {"type":"Point","coordinates":[121.4557532,25.1602686]}, "properties" : {"name" : "閑恬Mydeli手作美味坊", "district" : "淡水區", "address" : "新北市淡水區坪頂路22號", "category" : "環保餐廳", "phone" : "02-86263159"}}, {"type" : "Feature", "geometry" : {"type":"Point","coordinates":[121.8097683,25.1089107]}, "properties" : {"name" : "雲山水小築民宿", "district" : "瑞芳區", "address" : "新北市瑞芳區金瓜石石山里山尖路72-1號", "category" : "環保餐廳", "phone" : "02-24962201"}}, {"type" : "Feature", "geometry" : {"type":"Point","coordinates":[121.5512547,24.8639758]}, "properties" : {"name" : "雲仙大飯店", "district" : "烏來區", "address" : "新北市烏來區烏來里瀑布路1-1號", "category" : "環保餐廳", "phone" : "02-26616383"}}, {"type" : "Feature", "geometry" : {"type":"Point","coordinates":[121.5559237,24.8436191]}, "properties" : {"name" : "雲仙樂園中餐廳", "district" : "烏來區", "address" : "新北市烏來區瀑布路1-1", "category" : "環保餐廳", "phone" : "02-26616510"}}, {"type" : "Feature", "geometry" : {"type":"Point","coordinates":[121.4502478,25.0357722]}, "properties" : {"name" : "順哥?坊早餐店", "district" : "新莊區", "address" : "新北市新莊區新北大道7段630號", "category" : "環保餐廳", "phone" : "02-29088861"}}, {"type" : "Feature", "geometry" : {"type":"Point","coordinates":[121.4665584,25.0019444]}, "properties" : {"name" : "黃到即食鍋燒麵(中和店)", "district" : "中和區", "address" : "新北市中和區國光街107巷4弄30號", "category" : "環保餐廳", "phone" : "0909670810"}}, {"type" : "Feature", "geometry" : {"type":"Point","coordinates":[121.4438078,25.0319634]}, "properties" : {"name" : "黑毛屋 新莊宏匯店", "district" : "新莊區", "address" : "新北市新莊區新北市新莊區新北大道四段 3 號 7 樓", "category" : "環保餐廳", "phone" : "02-85222611"}}, {"type" : "Feature", "geometry" : {"type":"Point","coordinates":[121.4507997,25.0095668]}, "properties" : {"name" : "黑毛屋本家 板橋大遠百店", "district" : "板橋區", "address" : "新北市板橋區新北市板橋區新站路 28 號", "category" : "環保餐廳", "phone" : "02-29524088"}}, {"type" : "Feature", "geometry" : {"type":"Point","coordinates":[121.368905,24.9343387]}, "properties" : {"name" : "黑沃咖啡-三峽大學店", "district" : "三峽區", "address" : "新北市三峽區新北市三峽區大學路120號", "category" : "環保餐廳", "phone" : "04-22624040"}}, {"type" : "Feature", "geometry" : {"type":"Point","coordinates":[121.5200703,25.009235]}, "properties" : {"name" : "黑沃咖啡-永和竹林店", "district" : "永和區", "address" : "新北市永和區新北市永和區竹林路178號", "category" : "環保餐廳", "phone" : "04-22624040"}}, {"type" : "Feature", "geometry" : {"type":"Point","coordinates":[121.6587475,25.0641586]}, "properties" : {"name" : "黑沃咖啡-汐止白天鵝店", "district" : "汐止區", "address" : "新北市汐止區新北市汐止區康寧街169巷8之1號1樓", "category" : "環保餐廳", "phone" : "04-22624040"}}, {"type" : "Feature", "geometry" : {"type":"Point","coordinates":[121.3916021,25.0775308]}, "properties" : {"name" : "黑沃咖啡-林口文化店", "district" : "林口區", "address" : "新北市林口區新北市林口區文化三路一段225巷6號", "category" : "環保餐廳", "phone" : "04-22624040"}}, {"type" : "Feature", "geometry" : {"type":"Point","coordinates":[121.4590989,25.0096703]}, "properties" : {"name" : "黑沃咖啡-板橋南門店", "district" : "板橋區", "address" : "新北市板橋區新北市板橋區南門街73號", "category" : "環保餐廳", "phone" : "04-22624040"}}, {"type" : "Feature", "geometry" : {"type":"Point","coordinates":[121.4531477,25.1813044]}, "properties" : {"name" : "黑沃咖啡-淡水新市店", "district" : "淡水區", "address" : "新北市淡水區新北市淡水區中山北路二段163號", "category" : "環保餐廳", "phone" : "04-22624040"}}, {"type" : "Feature", "geometry" : {"type":"Point","coordinates":[121.4502478,25.0357722]}, "properties" : {"name" : "黑沃咖啡-新北輔大店", "district" : "新莊區", "address" : "新北市新莊區新北市新莊區中正路595號", "category" : "環保餐廳", "phone" : "04-22624040"}}, {"type" : "Feature", "geometry" : {"type":"Point","coordinates":[121.4435554,25.05433]}, "properties" : {"name" : "勤誠興業-員工餐廳", "district" : "新莊區", "address" : "新北市新莊區中原路558號18樓", "category" : "環保餐廳", "phone" : "02-82265500"}}, {"type" : "Feature", "geometry" : {"type":"Point","coordinates":[121.4435554,25.05433]}, "properties" : {"name" : "勤誠興業-員工餐廳", "district" : "新莊區", "address" : "新北市新莊區中原路558號18樓", "category" : "環保餐廳", "phone" : "02-82265500"}}, {"type" : "Feature", "geometry" : {"type":"Point","coordinates":[121.4436951,25.0015884]}, "properties" : {"name" : "嗑厚班早午餐", "district" : "板橋區", "address" : "新北市板橋區龍興街11號", "category" : "環保餐廳", "phone" : "02-89699525"}}, {"type" : "Feature", "geometry" : {"type":"Point","coordinates":[121.4864339,25.0084563]}, "properties" : {"name" : "微星員工餐廳", "district" : "中和區", "address" : "新北市中和區立德街69號", "category" : "環保餐廳", "phone" : "02-32345599#1088"}}, {"type" : "Feature", "geometry" : {"type":"Point","coordinates":[121.6858104,25.2030758]}, "properties" : {"name" : "意芳飯店", "district" : "萬里區", "address" : "新北市萬里區港東路155號", "category" : "環保餐廳", "phone" : "0932500750"}}, {"type" : "Feature", "geometry" : {"type":"Point","coordinates":[121.5369806,24.9854934]}, "properties" : {"name" : "新店活蝦大王", "district" : "新店區", "address" : "新北市新店區建國路200號", "category" : "環保餐廳", "phone" : "02-29110986"}}, {"type" : "Feature", "geometry" : {"type":"Point","coordinates":[121.4664224,25.0112499]}, "properties" : {"name" : "新馬辣經典麻辣鍋板橋遠百店", "district" : "板橋區", "address" : "新北市板橋區中山路一段152號、遠東百貨11F櫃號-1103號", "category" : "環保餐廳", "phone" : "02-29512456"}}, {"type" : "Feature", "geometry" : {"type":"Point","coordinates":[121.4672319,25.0116897]}, "properties" : {"name" : "新葡苑(板橋遠百店)", "district" : "板橋區", "address" : "新北市板橋區新站路28號9樓", "category" : "環保餐廳", "phone" : "02-89510388"}}, {"type" : "Feature", "geometry" : {"type":"Point","coordinates":[121.457053,25.0292953]}, "properties" : {"name" : "楚門咖啡．餐館", "district" : "板橋區", "address" : "新北市板橋區新海路5號", "category" : "環保餐廳", "phone" : "0906381747"}}, {"type" : "Feature", "geometry" : {"type":"Point","coordinates":[121.5332896,24.9918305]}, "properties" : {"name" : "楊記運滷熬鮮小館", "district" : "新店區", "address" : "新北市新店區中正路183巷6號1樓", "category" : "環保餐廳", "phone" : "02-23611999#894"}}, {"type" : "Feature", "geometry" : {"type":"Point","coordinates":[121.6160711,25.0024127]}, "properties" : {"name" : "源春小吃店", "district" : "深坑區", "address" : "新北市深坑區深坑街119號", "category" : "環保餐廳", "phone" : "02-26647116"}}, {"type" : "Feature", "geometry" : {"type":"Point","coordinates":[121.4143875,25.022844]}, "properties" : {"name" : "萬佳鄉-新展店", "district" : "新莊區", "address" : "新北市新莊區龍安路66-42號", "category" : "環保餐廳", "phone" : "02-29063230"}}, {"type" : "Feature", "geometry" : {"type":"Point","coordinates":[121.4531477,25.1813044]}, "properties" : {"name" : "義利不窯-碳烤牛排-窯烤披薩-義式料理", "district" : "淡水區", "address" : "新北市淡水區淡金路二段608之2號", "category" : "環保餐廳", "phone" : "02-26206699"}}, {"type" : "Feature", "geometry" : {"type":"Point","coordinates":[121.4672319,25.0116897]}, "properties" : {"name" : "義饗屋板橋大遠百店", "district" : "板橋區", "address" : "新北市板橋區新站路28號", "category" : "環保餐廳", "phone" : "02-77054168"}}, {"type" : "Feature", "geometry" : {"type":"Point","coordinates":[121.4501245,25.0478]}, "properties" : {"name" : "肆六巷", "district" : "新莊區", "address" : "新北市新莊區中誠街46巷5號", "category" : "環保餐廳", "phone" : "0918309905"}}, {"type" : "Feature", "geometry" : {"type":"Point","coordinates":[121.4672319,25.0116897]}, "properties" : {"name" : "跳舞香水板橋大遠百", "district" : "板橋區", "address" : "新北市板橋區新站路28號", "category" : "環保餐廳", "phone" : "02-29612323"}}, {"type" : "Feature", "geometry" : {"type":"Point","coordinates":[121.4721717,25.0064963]}, "properties" : {"name" : "達客魷魚 中和環球", "district" : "中和區", "address" : "新北市中和區中山路三段122號3樓", "category" : "環保餐廳", "phone" : "0906221183"}}, {"type" : "Feature", "geometry" : {"type":"Point","coordinates":[121.4642754,25.0176472]}, "properties" : {"name" : "零居Zero Living", "district" : "板橋區", "address" : "新北市板橋區文化路一段188巷7弄27號", "category" : "環保餐廳", "phone" : "02-22565109"}}, {"type" : "Feature", "geometry" : {"type":"Point","coordinates":[121.4237723,25.024141]}, "properties" : {"name" : "頑童茶館", "district" : "新莊區", "address" : "新北市新莊區四維路97巷16號1樓", "category" : "環保餐廳", "phone" : "02-82015788"}}, {"type" : "Feature", "geometry" : {"type":"Point","coordinates":[121.4590989,25.0096703]}, "properties" : {"name" : "鼎泰豐板橋店", "district" : "板橋區", "address" : "新北市板橋區新站路28號B1", "category" : "環保餐廳", "phone" : "02-22267890#5105"}}, {"type" : "Feature", "geometry" : {"type":"Point","coordinates":[121.4584353,25.0910509]}, "properties" : {"name" : "鉦富咖哩屋", "district" : "蘆洲區", "address" : "新北市蘆洲區永平街32巷22弄4號", "category" : "環保餐廳", "phone" : "02-82853047"}}, {"type" : "Feature", "geometry" : {"type":"Point","coordinates":[121.5158471,25.0149458]}, "properties" : {"name" : "熊賀呷早午餐", "district" : "永和區", "address" : "新北市永和區竹林路52號", "category" : "環保餐廳", "phone" : "02-29266942"}}, {"type" : "Feature", "geometry" : {"type":"Point","coordinates":[121.6408967,25.2206252]}, "properties" : {"name" : "福華海鮮餐廳", "district" : "金山區", "address" : "新北市金山區民生路51巷1號", "category" : "環保餐廳", "phone" : "02-24986259"}}, {"type" : "Feature", "geometry" : {"type":"Point","coordinates":[121.596352,25.0050042]}, "properties" : {"name" : "福園中餐廳", "district" : "深坑區", "address" : "新北市深坑區北深路三段236號", "category" : "環保餐廳", "phone" : "02-26620088#122"}}, {"type" : "Feature", "geometry" : {"type":"Point","coordinates":[121.4590989,25.0096703]}, "properties" : {"name" : "餃勁腦汁(板橋大遠百)", "district" : "板橋區", "address" : "新北市板橋區新站路28號B1", "category" : "環保餐廳", "phone" : "02-77522516"}}, {"type" : "Feature", "geometry" : {"type":"Point","coordinates":[121.452099,25.0122577]}, "properties" : {"name" : "蒔朵日式舒芙蕾厚鬆餅", "district" : "板橋區", "address" : "新北市板橋區南雅西路二段124號", "category" : "環保餐廳", "phone" : "02-89697605"}}, {"type" : "Feature", "geometry" : {"type":"Point","coordinates":[121.4672319,25.0116897]}, "properties" : {"name" : "億長御坊", "district" : "板橋區", "address" : "新北市板橋區新站路28號", "category" : "環保餐廳", "phone" : "02-77054168"}}, {"type" : "Feature", "geometry" : {"type":"Point","coordinates":[121.6160711,25.0024127]}, "properties" : {"name" : "劉的臭豆腐", "district" : "深坑區", "address" : "新北市深坑區深坑街46號", "category" : "環保餐廳", "phone" : "02-26621140"}}, {"type" : "Feature", "geometry" : {"type":"Point","coordinates":[121.3971324,25.0682276]}, "properties" : {"name" : "慕谷慕魚蔬食原住民人文餐廳", "district" : "林口區", "address" : "新北市林口區仁愛路一段338號", "category" : "環保餐廳", "phone" : "0912537590"}}, {"type" : "Feature", "geometry" : {"type":"Point","coordinates":[121.444727,25.0516752]}, "properties" : {"name" : "樂玩精品咖啡新北新莊店", "district" : "新莊區", "address" : "新北市新莊區中平路439號", "category" : "環保餐廳", "phone" : "02-85214396"}}, {"type" : "Feature", "geometry" : {"type":"Point","coordinates":[121.4721717,25.0064963]}, "properties" : {"name" : "樂起司 中和環球", "district" : "中和區", "address" : "新北市中和區中山路三段122號3樓", "category" : "環保餐廳", "phone" : "0952233031"}}, {"type" : "Feature", "geometry" : {"type":"Point","coordinates":[121.4420835,25.0466777]}, "properties" : {"name" : "樂檸漢堡（新北新莊棒球場門市）", "district" : "新莊區", "address" : "新北市新莊區新泰路232號", "category" : "環保餐廳", "phone" : "02-29946215"}}, {"type" : "Feature", "geometry" : {"type":"Point","coordinates":[121.5076296,24.9996634]}, "properties" : {"name" : "樂?牛排(中和店)", "district" : "中和區", "address" : "新北市中和區中和路350巷1號", "category" : "環保餐廳", "phone" : "02-29220089"}}, {"type" : "Feature", "geometry" : {"type":"Point","coordinates":[121.6160711,25.0024127]}, "properties" : {"name" : "歐里人文空間", "district" : "深坑區", "address" : "新北市深坑區深坑街48號", "category" : "環保餐廳", "phone" : "02-26644525"}}, {"type" : "Feature", "geometry" : {"type":"Point","coordinates":[121.6121013,25.0012052]}, "properties" : {"name" : "蔬植純素料理", "district" : "深坑區", "address" : "新北市深坑區北深路二段214號", "category" : "環保餐廳", "phone" : "02-26642386"}}, {"type" : "Feature", "geometry" : {"type":"Point","coordinates":[121.4281634,24.9895677]}, "properties" : {"name" : "豬豬的拉麵屋", "district" : "板橋區", "address" : "新北市板橋區溪北路41號1樓", "category" : "環保餐廳", "phone" : "0937528511"}}, {"type" : "Feature", "geometry" : {"type":"Point","coordinates":[121.5149494,24.9978056]}, "properties" : {"name" : "勳牛肉麵(永和店)", "district" : "永和區", "address" : "新北市永和區安樂路194巷3號", "category" : "環保餐廳", "phone" : "02-29290588"}}, {"type" : "Feature", "geometry" : {"type":"Point","coordinates":[121.4590989,25.0096703]}, "properties" : {"name" : "橙易食堂-板橋大遠百", "district" : "板橋區", "address" : "新北市板橋區新站路28號B1", "category" : "環保餐廳", "phone" : "0983379801"}}, {"type" : "Feature", "geometry" : {"type":"Point","coordinates":[121.49898,24.999397]}, "properties" : {"name" : "燒肉LIKE 中和環球店", "district" : "中和區", "address" : "新北市中和區中山路三段122號B2樓", "category" : "環保餐廳", "phone" : "02-22281497"}}, {"type" : "Feature", "geometry" : {"type":"Point","coordinates":[121.3658122,25.0691702]}, "properties" : {"name" : "燒肉Smile 林口文化店", "district" : "林口區", "address" : "新北市林口區文化二路一段76號2樓", "category" : "環保餐廳", "phone" : "02-26087728"}}, {"type" : "Feature", "geometry" : {"type":"Point","coordinates":[121.4988781,25.0626232]}, "properties" : {"name" : "燒肉Smile 新北三重店", "district" : "三重區", "address" : "新北市三重區重新路二段100號1樓", "category" : "環保餐廳", "phone" : "02-89721118"}}, {"type" : "Feature", "geometry" : {"type":"Point","coordinates":[121.4287108,24.9966896]}, "properties" : {"name" : "燒肉Smile 樹林秀泰店", "district" : "樹林區", "address" : "新北市樹林區樹新路40-6號7樓", "category" : "環保餐廳", "phone" : "02-26878522"}}, {"type" : "Feature", "geometry" : {"type":"Point","coordinates":[121.4590989,25.0096703]}, "properties" : {"name" : "燒肉哦爺-日韓燒肉吃到飽(板橋府中店)", "district" : "板橋區", "address" : "新北市板橋區館前東路48號2.3樓", "category" : "環保餐廳", "phone" : "02-89538153"}}, {"type" : "Feature", "geometry" : {"type":"Point","coordinates":[121.3766737,24.9410201]}, "properties" : {"name" : "築間幸福鍋物 三峽大學店", "district" : "三峽區", "address" : "新北市三峽區大學路198號", "category" : "環保餐廳", "phone" : "02-26722226"}}, {"type" : "Feature", "geometry" : {"type":"Point","coordinates":[121.4419991,24.9765973]}, "properties" : {"name" : "築間幸福鍋物 土城中央店", "district" : "土城區", "address" : "新北市土城區中央路二段21巷128號1樓", "category" : "環保餐廳", "phone" : "02-22601555"}}, {"type" : "Feature", "geometry" : {"type":"Point","coordinates":[121.443348,24.972201]}, "properties" : {"name" : "築間幸福鍋物 土城裕民店", "district" : "土城區", "address" : "新北市土城區新北市土城區學士路23號", "category" : "環保餐廳", "phone" : "02-22645577"}}, {"type" : "Feature", "geometry" : {"type":"Point","coordinates":[121.444727,25.0516752]}, "properties" : {"name" : "築間幸福鍋物 士林承德店", "district" : "新莊區", "address" : "新北市新莊區中平路402號1樓", "category" : "環保餐廳", "phone" : "02-28828558"}}, {"type" : "Feature", "geometry" : {"type":"Point","coordinates":[121.4786926,25.0047918]}, "properties" : {"name" : "築間幸福鍋物 京站小碧潭店", "district" : "新店區", "address" : "新北市新店區中央路157號5 樓", "category" : "環保餐廳", "phone" : "02-89136177"}}, {"type" : "Feature", "geometry" : {"type":"Point","coordinates":[121.3658122,25.0691702]}, "properties" : {"name" : "築間幸福鍋物 林口三井店", "district" : "林口區", "address" : "新北市林口區文化二路一段72號2樓", "category" : "環保餐廳", "phone" : "02-26085533"}}, {"type" : "Feature", "geometry" : {"type":"Point","coordinates":[121.462626,25.0075917]}, "properties" : {"name" : "築間幸福鍋物 板橋館前店", "district" : "板橋區", "address" : "新北市板橋區館前東路96號", "category" : "環保餐廳", "phone" : "02-29596199"}}, {"type" : "Feature", "geometry" : {"type":"Point","coordinates":[121.4708538,25.0310121]}, "properties" : {"name" : "築間幸福鍋物 板橋雙十店", "district" : "板橋區", "address" : "新北市板橋區雙十路三段8號", "category" : "環保餐廳", "phone" : "02-82595577"}}, {"type" : "Feature", "geometry" : {"type":"Point","coordinates":[121.4332285,25.1865479]}, "properties" : {"name" : "築間幸福鍋物 淡水新市店", "district" : "淡水區", "address" : "新北市淡水區新市一路一段8號1樓", "category" : "環保餐廳", "phone" : "02-26229933"}}, {"type" : "Feature", "geometry" : {"type":"Point","coordinates":[121.4988781,25.0626232]}, "properties" : {"name" : "築間幸福鍋物 新北三重店", "district" : "三重區", "address" : "新北市三重區重新路二段92號", "category" : "環保餐廳", "phone" : "02-29785222"}}, {"type" : "Feature", "geometry" : {"type":"Point","coordinates":[121.5159336,25.01539]}, "properties" : {"name" : "築間幸福鍋物 新北永和店", "district" : "永和區", "address" : "新北市永和區永和路二段116號5樓", "category" : "環保餐廳", "phone" : "02-29217588"}}, {"type" : "Feature", "geometry" : {"type":"Point","coordinates":[121.6831457,25.0687428]}, "properties" : {"name" : "築間幸福鍋物 新北汐止店", "district" : "汐止區", "address" : "新北市汐止區新台五路二段12號", "category" : "環保餐廳", "phone" : "02-26487779"}}, {"type" : "Feature", "geometry" : {"type":"Point","coordinates":[121.4630027,25.0405575]}, "properties" : {"name" : "築間幸福鍋物 新莊中正店", "district" : "新莊區", "address" : "新北市新莊區中正路72號2樓", "category" : "環保餐廳", "phone" : "02-22767522"}}, {"type" : "Feature", "geometry" : {"type":"Point","coordinates":[121.444727,25.0516752]}, "properties" : {"name" : "築間幸福鍋物 新莊中悅廣場店", "district" : "新莊區", "address" : "新北市新莊區中平路402號1樓", "category" : "環保餐廳", "phone" : "02-89956561"}}, {"type" : "Feature", "geometry" : {"type":"Point","coordinates":[121.4630027,25.0405575]}, "properties" : {"name" : "築間幸福鍋物 新莊福海店", "district" : "新莊區", "address" : "新北市新莊區中正路340巷1號2樓", "category" : "環保餐廳", "phone" : "02-29931555"}}, {"type" : "Feature", "geometry" : {"type":"Point","coordinates":[121.4292606,24.9964423]}, "properties" : {"name" : "築間幸福鍋物 樹林秀泰店", "district" : "樹林區", "address" : "新北市樹林區樹新路40-6號號5樓", "category" : "環保餐廳", "phone" : "02-26860667"}}, {"type" : "Feature", "geometry" : {"type":"Point","coordinates":[121.5076296,24.9996634]}, "properties" : {"name" : "築間幸福鍋物 雙和中和店", "district" : "中和區", "address" : "新北市中和區中和路262號1樓", "category" : "環保餐廳", "phone" : "02-29262255"}}, {"type" : "Feature", "geometry" : {"type":"Point","coordinates":[121.4665453,25.0905577]}, "properties" : {"name" : "築間幸福鍋物 蘆洲三民店", "district" : "蘆洲區", "address" : "新北市蘆洲區三民路248號", "category" : "環保餐廳", "phone" : "02-22887337"}}, {"type" : "Feature", "geometry" : {"type":"Point","coordinates":[121.4721717,25.0064963]}, "properties" : {"name" : "築間酸菜魚 中和環球店", "district" : "中和區", "address" : "新北市中和區中山路三段122號4樓", "category" : "環保餐廳", "phone" : "02-22221555"}}, {"type" : "Feature", "geometry" : {"type":"Point","coordinates":[121.5159336,25.01539]}, "properties" : {"name" : "築間燒肉本命 新北永和店", "district" : "永和區", "address" : "新北市永和區永和路二段116號5樓", "category" : "環保餐廳", "phone" : "02-29218255"}}, {"type" : "Feature", "geometry" : {"type":"Point","coordinates":[121.4762784,25.0057504]}, "properties" : {"name" : "貓樂貓咖啡-環球中和", "district" : "中和區", "address" : "新北市中和區中山路三段122號", "category" : "環保餐廳", "phone" : "02-22217108"}}, {"type" : "Feature", "geometry" : {"type":"Point","coordinates":[121.688687,25.181234]}, "properties" : {"name" : "錦園魚夫海鮮", "district" : "萬里區", "address" : "新北市萬里區野柳村港東路159號", "category" : "環保餐廳", "phone" : "02-24924950"}}, {"type" : "Feature", "geometry" : {"type":"Point","coordinates":[121.457053,25.0292953]}, "properties" : {"name" : "鴨香飽 當歸豬腳當歸鴨(板橋店)", "district" : "板橋區", "address" : "新北市板橋區新海路385巷28弄12號", "category" : "環保餐廳", "phone" : "02-82570080"}}, {"type" : "Feature", "geometry" : {"type":"Point","coordinates":[121.4667663,25.0124033]}, "properties" : {"name" : "鍋賣局(板橋新板店)", "district" : "板橋區", "address" : "新北市板橋區中山路一段130號", "category" : "環保餐廳", "phone" : "-"}}, {"type" : "Feature", "geometry" : {"type":"Point","coordinates":[121.4672319,25.0116897]}, "properties" : {"name" : "韓本家", "district" : "板橋區", "address" : "新北市板橋區新站路28號", "category" : "環保餐廳", "phone" : "02-27512588"}}, {"type" : "Feature", "geometry" : {"type":"Point","coordinates":[121.4672319,25.0116897]}, "properties" : {"name" : "韓國旬彩料理", "district" : "板橋區", "address" : "新北市板橋區新站路28號", "category" : "環保餐廳", "phone" : "02-77054168"}}, {"type" : "Feature", "geometry" : {"type":"Point","coordinates":[121.4590989,25.0096703]}, "properties" : {"name" : "韓鶴亭(板橋大遠百)", "district" : "板橋區", "address" : "新北市板橋區新站路28號B1", "category" : "環保餐廳", "phone" : "02-86933002"}}, {"type" : "Feature", "geometry" : {"type":"Point","coordinates":[121.6872981,25.203695]}, "properties" : {"name" : "鮮滿樓海鮮餐廳", "district" : "萬里區", "address" : "新北市萬里區港東153號", "category" : "環保餐廳", "phone" : "02-24926180"}}, {"type" : "Feature", "geometry" : {"type":"Point","coordinates":[121.4559983,24.9816484]}, "properties" : {"name" : "鴻心堡早午餐", "district" : "土城區", "address" : "新北市土城區清水路256號", "category" : "環保餐廳", "phone" : "02-22655106"}}, {"type" : "Feature", "geometry" : {"type":"Point","coordinates":[121.443348,24.972201]}, "properties" : {"name" : "鴻海精密民生廠員工餐廳", "district" : "土城區", "address" : "新北市土城區土城工業區民生街4號", "category" : "環保餐廳", "phone" : "02-22683466#501011040"}}, {"type" : "Feature", "geometry" : {"type":"Point","coordinates":[121.4244375,24.9674693]}, "properties" : {"name" : "鴻海精密虎躍廠員工餐廳", "district" : "土城區", "address" : "新北市土城區自由街2號", "category" : "環保餐廳", "phone" : "02-22683466#501011040"}}, {"type" : "Feature", "geometry" : {"type":"Point","coordinates":[121.42575,24.9630246]}, "properties" : {"name" : "鴻海精密頂埔廠員工餐廳", "district" : "土城區", "address" : "新北市土城區中央路四段53號", "category" : "環保餐廳", "phone" : "02-22683466#501011040"}}, {"type" : "Feature", "geometry" : {"type":"Point","coordinates":[121.49898,24.999397]}, "properties" : {"name" : "點點心 中和環球店", "district" : "中和區", "address" : "新北市中和區中山路三段122號B2樓", "category" : "環保餐廳", "phone" : "02-22226628"}}, {"type" : "Feature", "geometry" : {"type":"Point","coordinates":[121.499532,25.0003537]}, "properties" : {"name" : "璐璐早餐店", "district" : "中和區", "address" : "新北市中和區泰和街23號", "category" : "環保餐廳", "phone" : "02-22460928"}}, {"type" : "Feature", "geometry" : {"type":"Point","coordinates":[121.688687,25.181234]}, "properties" : {"name" : "薆悅酒店野柳渡假館-FISHERMAN’S KITCHEN漁人廚房", "district" : "萬里區", "address" : "新北市萬里區野柳里港東路162之2號2樓", "category" : "環保餐廳", "phone" : "02-77035700"}}, {"type" : "Feature", "geometry" : {"type":"Point","coordinates":[121.488102,25.061486]}, "properties" : {"name" : "藏壽司 三重捷運路店", "district" : "三重區", "address" : "新北市三重區重明里18鄰捷運路1號", "category" : "環保餐廳", "phone" : "02-29886680"}}, {"type" : "Feature", "geometry" : {"type":"Point","coordinates":[121.491826,25.0888131]}, "properties" : {"name" : "藏壽司 三重集賢路店", "district" : "三重區", "address" : "新北市三重區集賢路99號", "category" : "環保餐廳", "phone" : "02-82877177"}}, {"type" : "Feature", "geometry" : {"type":"Point","coordinates":[121.373826,24.9412209]}, "properties" : {"name" : "藏壽司 三峽學成店", "district" : "三峽區", "address" : "新北市三峽區學成路398號4樓", "category" : "環保餐廳", "phone" : "02-26717262"}}, {"type" : "Feature", "geometry" : {"type":"Point","coordinates":[121.4614851,24.9850752]}, "properties" : {"name" : "藏壽司 土城金城路店", "district" : "土城區", "address" : "新北市土城區金城路二段80號", "category" : "環保餐廳", "phone" : "02-22607775"}}, {"type" : "Feature", "geometry" : {"type":"Point","coordinates":[121.4897439,25.0053381]}, "properties" : {"name" : "藏壽司 中和橋和店", "district" : "中和區", "address" : "新北市中和區橋和路5號", "category" : "環保餐廳", "phone" : "02-82266313"}}, {"type" : "Feature", "geometry" : {"type":"Point","coordinates":[121.5071048,25.0071484]}, "properties" : {"name" : "藏壽司 永和比漾店", "district" : "永和區", "address" : "新北市永和區中山路一段238號4樓", "category" : "環保餐廳", "phone" : "02-22311881"}}, {"type" : "Feature", "geometry" : {"type":"Point","coordinates":[121.3916021,25.0775308]}, "properties" : {"name" : "藏壽司 林口三井Outlet店", "district" : "林口區", "address" : "新北市林口區文化三路一段356號B1", "category" : "環保餐廳", "phone" : "02-26069852"}}, {"type" : "Feature", "geometry" : {"type":"Point","coordinates":[121.4667663,25.0124033]}, "properties" : {"name" : "藏壽司 板橋中山遠百店", "district" : "板橋區", "address" : "新北市板橋區中山路一段152號5樓", "category" : "環保餐廳", "phone" : "02-29582868"}}, {"type" : "Feature", "geometry" : {"type":"Point","coordinates":[121.4590989,25.0096703]}, "properties" : {"name" : "藏壽司 板橋遠科店", "district" : "板橋區", "address" : "新北市板橋區遠東路62之3號", "category" : "環保餐廳", "phone" : "02-29640432"}}, {"type" : "Feature", "geometry" : {"type":"Point","coordinates":[121.4436619,25.170509]}, "properties" : {"name" : "藏壽司 淡水站前店", "district" : "淡水區", "address" : "新北市淡水區中山路8號5樓", "category" : "環保餐廳", "phone" : "02-26263577"}}, {"type" : "Feature", "geometry" : {"type":"Point","coordinates":[121.5461827,24.9776701]}, "properties" : {"name" : "藏壽司 新店威秀裕隆店", "district" : "新店區", "address" : "新北市新店區中興路三段70號6樓", "category" : "環保餐廳", "phone" : "02-89147904"}}, {"type" : "Feature", "geometry" : {"type":"Point","coordinates":[121.4506203,25.0603828]}, "properties" : {"name" : "藏壽司 新莊宏匯店", "district" : "新莊區", "address" : "新北市新莊區新北大道四段3號7樓", "category" : "環保餐廳", "phone" : "02-85213102"}}, {"type" : "Feature", "geometry" : {"type":"Point","coordinates":[121.4599462,25.0604648]}, "properties" : {"name" : "藏壽司 新莊思源路店", "district" : "新莊區", "address" : "新北市新莊區思源路168號", "category" : "環保餐廳", "phone" : "02-29901755"}}, {"type" : "Feature", "geometry" : {"type":"Point","coordinates":[121.4672319,25.0116897]}, "properties" : {"name" : "藍屋-板橋大遠百新站店", "district" : "板橋區", "address" : "新北市板橋區新站路28號9樓", "category" : "環保餐廳", "phone" : "02-23611999#894"}}, {"type" : "Feature", "geometry" : {"type":"Point","coordinates":[121.5016177,24.9934722]}, "properties" : {"name" : "雙和醫院員工餐廳", "district" : "中和區", "address" : "新北市中和區中正路291號", "category" : "環保餐廳", "phone" : "02-22490088#8837"}}, {"type" : "Feature", "geometry" : {"type":"Point","coordinates":[121.865676,25.033409]}, "properties" : {"name" : "雙溪平林休閒農場", "district" : "雙溪區", "address" : "新北市雙溪區平林里外平林35號", "category" : "環保餐廳", "phone" : "02-4934016"}}, {"type" : "Feature", "geometry" : {"type":"Point","coordinates":[121.4205326,24.9907063]}, "properties" : {"name" : "雙翼食品", "district" : "樹林區", "address" : "新北市樹林區忠愛街三號4樓", "category" : "環保餐廳", "phone" : "02-26895506"}}, {"type" : "Feature", "geometry" : {"type":"Point","coordinates":[121.4549156,25.0366548]}, "properties" : {"name" : "雙醬咖哩(新莊中港店)", "district" : "新莊區", "address" : "新北市新莊區中港路503號1樓", "category" : "環保餐廳", "phone" : "02-2770051"}}, {"type" : "Feature", "geometry" : {"type":"Point","coordinates":[121.4672319,25.0116897]}, "properties" : {"name" : "寶島冰果室", "district" : "板橋區", "address" : "新北市板橋區新站路28號", "category" : "環保餐廳", "phone" : "02-77054168"}}, {"type" : "Feature", "geometry" : {"type":"Point","coordinates":[121.6160711,25.0024127]}, "properties" : {"name" : "寶桂的店", "district" : "深坑區", "address" : "新北市深坑區深坑街 114號", "category" : "環保餐廳", "phone" : "02-26645399"}}, {"type" : "Feature", "geometry" : {"type":"Point","coordinates":[121.4721717,25.0064963]}, "properties" : {"name" : "繼光香香雞 中和環球", "district" : "中和區", "address" : "新北市中和區中山路三段122號3樓", "category" : "環保餐廳", "phone" : "02-22233417"}}, {"type" : "Feature", "geometry" : {"type":"Point","coordinates":[121.4590989,25.0096703]}, "properties" : {"name" : "繼光香香雞-板橋大遠百", "district" : "板橋區", "address" : "新北市板橋區新站路28號B1", "category" : "環保餐廳", "phone" : "02-23611999#894"}}, {"type" : "Feature", "geometry" : {"type":"Point","coordinates":[121.8676063,25.0425608]}, "properties" : {"name" : "蘇義興餐廳", "district" : "雙溪區", "address" : "新北市雙溪區中華路77號", "category" : "環保餐廳", "phone" : "02-24931027"}}, {"type" : "Feature", "geometry" : {"type":"Point","coordinates":[121.4590989,25.0096703]}, "properties" : {"name" : "麵食主義 Kirin pasta新板店", "district" : "板橋區", "address" : "新北市板橋區縣民大道1段310號", "category" : "環保餐廳", "phone" : "02-29643968"}}, {"type" : "Feature", "geometry" : {"type":"Point","coordinates":[121.4721717,25.0064963]}, "properties" : {"name" : "麵家三士 中和環球", "district" : "中和區", "address" : "新北市中和區中山路三段122號3樓", "category" : "環保餐廳", "phone" : "02-32343669"}}, {"type" : "Feature", "geometry" : {"type":"Point","coordinates":[121.4590989,25.0096703]}, "properties" : {"name" : "蘭姐大排檔", "district" : "板橋區", "address" : "新北市板橋區新站路28號B1", "category" : "環保餐廳", "phone" : "02-26931539"}}, {"type" : "Feature", "geometry" : {"type":"Point","coordinates":[121.4672319,25.0116897]}, "properties" : {"name" : "響燒鐵板燒", "district" : "板橋區", "address" : "新北市板橋區新站路28號", "category" : "環保餐廳", "phone" : "02-77054168"}}, {"type" : "Feature", "geometry" : {"type":"Point","coordinates":[121.4471945,25.0367036]}, "properties" : {"name" : "饗爍早午餐", "district" : "新莊區", "address" : "新北市新莊區建中街125號1樓", "category" : "環保餐廳", "phone" : "02-29909839"}}, {"type" : "Feature", "geometry" : {"type":"Point","coordinates":[121.4436619,25.170509]}, "properties" : {"name" : "魔法咖哩", "district" : "淡水區", "address" : "新北市淡水區中山路8號8樓", "category" : "環保餐廳", "phone" : "02-26206123"}}, {"type" : "Feature", "geometry" : {"type":"Point","coordinates":[121.5149494,24.9978056]}, "properties" : {"name" : "蘿蔔蹲 Farmers Tasty", "district" : "永和區", "address" : "新北市永和區安樂路136號", "category" : "環保餐廳", "phone" : "02-29427711"}}, {"type" : "Feature", "geometry" : {"type":"Point","coordinates":[121.4689538,25.0780162]}, "properties" : {"name" : "鑫丼", "district" : "蘆洲區", "address" : "新北市蘆洲區中山二路42號", "category" : "環保餐廳", "phone" : "0983102512"}}, {"type" : "Feature", "geometry" : {"type":"Point","coordinates":[121.3743893,24.9457701]}, "properties" : {"name" : "?鳥食趣義大利洋食 X 烤泡芙專賣", "district" : "三峽區", "address" : "新北市三峽區大觀路7號", "category" : "環保餐廳", "phone" : "02-86710208"}}, {"type" : "Feature", "geometry" : {"type":"Point","coordinates":[121.4590989,25.0096703]}, "properties" : {"name" : "?泰泰泰式料理", "district" : "板橋區", "address" : "新北市板橋區四川路2段47巷4弄6號", "category" : "環保餐廳", "phone" : "02-89660308"}}]}
