{"type" : "FeatureCollection", "features" : [{"type" : "Feature", "geometry" : {"type":"Point","coordinates":[121.5242068,25.0918396]}, "properties" : {"station_name" : "中華汽車社子服務廠", "district" : "士林區", "address" : "臺北市士林區延平北路6段434號", "category" : "中華汽車服務廠"}}, {"type" : "Feature", "geometry" : {"type":"Point","coordinates":[121.5783972,25.0787253]}, "properties" : {"station_name" : "中華汽車內湖1服務廠", "district" : "內湖區", "address" : "臺北市內湖區內湖路一段411巷56號", "category" : "中華汽車服務廠"}}, {"type" : "Feature", "geometry" : {"type":"Point","coordinates":[121.5000693,25.1369989]}, "properties" : {"station_name" : "中華汽車北投服務廠", "district" : "北投區", "address" : "臺北市北投區大業路262號", "category" : "中華汽車服務廠"}}, {"type" : "Feature", "geometry" : {"type":"Point","coordinates":[121.5927983,25.0561879]}, "properties" : {"station_name" : "中華汽車南港服務廠", "district" : "南港區", "address" : "臺北市南港區成功路一段36巷20號", "category" : "中華汽車服務廠"}}, {"type" : "Feature", "geometry" : {"type":"Point","coordinates":[121.5193835,25.0928661]}, "properties" : {"station_name" : "福林公園地下停車場", "district" : "士林區", "address" : "臺北市士林區中正路17號", "category" : "公有停車場"}}, {"type" : "Feature", "geometry" : {"type":"Point","coordinates":[121.5242068,25.0918396]}, "properties" : {"station_name" : "文昌國小地下停車場", "district" : "士林區", "address" : "臺北市士林區文林路615巷20號地下", "category" : "公有停車場"}}, {"type" : "Feature", "geometry" : {"type":"Point","coordinates":[121.5242068,25.0918396]}, "properties" : {"station_name" : "社子國小地下停車場", "district" : "士林區", "address" : "臺北市士林區延平北路6段308號地下", "category" : "公有停車場"}}, {"type" : "Feature", "geometry" : {"type":"Point","coordinates":[121.5244668,25.0830368]}, "properties" : {"station_name" : "承德公園地下停車場", "district" : "士林區", "address" : "臺北市士林區基河路150號", "category" : "公有停車場"}}, {"type" : "Feature", "geometry" : {"type":"Point","coordinates":[121.515514,25.065986]}, "properties" : {"station_name" : "啟聰學校地下停車場", "district" : "大同區", "address" : "臺北市大同區延平北路4段205號", "category" : "公有停車場"}}, {"type" : "Feature", "geometry" : {"type":"Point","coordinates":[121.515514,25.065986]}, "properties" : {"station_name" : "建成公園地下停車場", "district" : "大同區", "address" : "臺北市大同區承德路2段31號", "category" : "公有停車場"}}, {"type" : "Feature", "geometry" : {"type":"Point","coordinates":[121.515514,25.065986]}, "properties" : {"station_name" : "建成國中地下停車場", "district" : "大同區", "address" : "臺北市大同區長安西路37號之1", "category" : "公有停車場"}}, {"type" : "Feature", "geometry" : {"type":"Point","coordinates":[121.5132292,25.0728914]}, "properties" : {"station_name" : "大龍國小地下停車場", "district" : "大同區", "address" : "臺北市大同區哈密街47號", "category" : "公有停車場"}}, {"type" : "Feature", "geometry" : {"type":"Point","coordinates":[121.5149356,25.0589585]}, "properties" : {"station_name" : "蓬萊國小地下停車場", "district" : "大同區", "address" : "臺北市大同區寧夏路35號", "category" : "公有停車場"}}, {"type" : "Feature", "geometry" : {"type":"Point","coordinates":[121.534395,25.0265152]}, "properties" : {"station_name" : "龍門國中地下停車場", "district" : "大安區", "address" : "臺北市大安區建國南路2段269號地下停車場", "category" : "公有停車場"}}, {"type" : "Feature", "geometry" : {"type":"Point","coordinates":[121.534395,25.0265152]}, "properties" : {"station_name" : "大安森林公園地下停車場", "district" : "大安區", "address" : "臺北市大安區建國南路2段2號", "category" : "公有停車場"}}, {"type" : "Feature", "geometry" : {"type":"Point","coordinates":[121.551689,25.021727]}, "properties" : {"station_name" : "嘉興公園地下停車場", "district" : "大安區", "address" : "臺北市大安區嘉興街373號", "category" : "公有停車場"}}, {"type" : "Feature", "geometry" : {"type":"Point","coordinates":[121.533468,25.0643611]}, "properties" : {"station_name" : "永盛公園地下停車場", "district" : "中山區", "address" : "臺北市中山區中山北路2段93巷30號", "category" : "公有停車場"}}, {"type" : "Feature", "geometry" : {"type":"Point","coordinates":[121.533468,25.0643611]}, "properties" : {"station_name" : "長安國小地下停車場", "district" : "中山區", "address" : "臺北市中山區松江路90巷14號B1樓", "category" : "公有停車場"}}, {"type" : "Feature", "geometry" : {"type":"Point","coordinates":[121.533468,25.0643611]}, "properties" : {"station_name" : "榮星花園地下停車場", "district" : "中山區", "address" : "臺北市中山區建國北路3段39號", "category" : "公有停車場"}}, {"type" : "Feature", "geometry" : {"type":"Point","coordinates":[121.533468,25.0643611]}, "properties" : {"station_name" : "濱江國中地下停車場", "district" : "中山區", "address" : "臺北市中山區樂群2路266巷1號地下停車場", "category" : "公有停車場"}}, {"type" : "Feature", "geometry" : {"type":"Point","coordinates":[121.5889983,25.069664]}, "properties" : {"station_name" : "大湖公園地下停車場", "district" : "內湖區", "address" : "臺北市內湖區成功路5段7號", "category" : "公有停車場"}}, {"type" : "Feature", "geometry" : {"type":"Point","coordinates":[121.5889983,25.069664]}, "properties" : {"station_name" : "東湖國小地下停車場", "district" : "內湖區", "address" : "臺北市內湖區東湖路115號地下停車場", "category" : "公有停車場"}}, {"type" : "Feature", "geometry" : {"type":"Point","coordinates":[121.6224732,25.0888901]}, "properties" : {"station_name" : "康樂合署大樓地下停車場", "district" : "內湖區", "address" : "臺北市內湖區康樂街150號", "category" : "公有停車場"}}, {"type" : "Feature", "geometry" : {"type":"Point","coordinates":[121.570458,24.989786]}, "properties" : {"station_name" : "永建國小地下停車場", "district" : "文山區", "address" : "臺北市文山區木柵路1段311巷1號", "category" : "公有停車場"}}, {"type" : "Feature", "geometry" : {"type":"Point","coordinates":[121.55091,25.0005307]}, "properties" : {"station_name" : "興隆公園地下停車場", "district" : "文山區", "address" : "臺北市文山區仙岩路128號", "category" : "公有停車場"}}, {"type" : "Feature", "geometry" : {"type":"Point","coordinates":[121.570458,24.989786]}, "properties" : {"station_name" : "萬興國小地下停車場", "district" : "文山區", "address" : "臺北市文山區秀明路2段116號", "category" : "公有停車場"}}, {"type" : "Feature", "geometry" : {"type":"Point","coordinates":[121.570458,24.989786]}, "properties" : {"station_name" : "景美國小地下停車場", "district" : "文山區", "address" : "臺北市文山區景文街142巷2號地下停車場", "category" : "公有停車場"}}, {"type" : "Feature", "geometry" : {"type":"Point","coordinates":[121.570458,24.989786]}, "properties" : {"station_name" : "臺北花木批發市場地下停車場", "district" : "文山區", "address" : "臺北市文山區興隆路1段15號", "category" : "公有停車場"}}, {"type" : "Feature", "geometry" : {"type":"Point","coordinates":[121.570458,24.989786]}, "properties" : {"station_name" : "興隆D2區公共住宅地下停車場", "district" : "文山區", "address" : "臺北市文山區興隆路4段105巷45號", "category" : "公有停車場"}}, {"type" : "Feature", "geometry" : {"type":"Point","coordinates":[121.501379,25.132419]}, "properties" : {"station_name" : "七星公園地下停車場", "district" : "北投區", "address" : "臺北市北投區七星街3號", "category" : "公有停車場"}}, {"type" : "Feature", "geometry" : {"type":"Point","coordinates":[121.5221218,25.1191803]}, "properties" : {"station_name" : "振興公園地下停車場", "district" : "北投區", "address" : "臺北市北投區天母西路112號", "category" : "公有停車場"}}, {"type" : "Feature", "geometry" : {"type":"Point","coordinates":[121.501379,25.132419]}, "properties" : {"station_name" : "立農公園地下停車場", "district" : "北投區", "address" : "臺北市北投區承德路7段372號", "category" : "公有停車場"}}, {"type" : "Feature", "geometry" : {"type":"Point","coordinates":[121.501379,25.132419]}, "properties" : {"station_name" : "石牌國小地下停車場", "district" : "北投區", "address" : "臺北市北投區致遠二路80號地下停車場", "category" : "公有停車場"}}, {"type" : "Feature", "geometry" : {"type":"Point","coordinates":[121.501379,25.132419]}, "properties" : {"station_name" : "陽明山立體停車場", "district" : "北投區", "address" : "臺北市北投區湖山路1段51號", "category" : "公有停車場"}}, {"type" : "Feature", "geometry" : {"type":"Point","coordinates":[121.5772719,25.0498852]}, "properties" : {"station_name" : "八德立體停車場", "district" : "松山區", "address" : "臺北市松山區八德路4段580號", "category" : "公有停車場"}}, {"type" : "Feature", "geometry" : {"type":"Point","coordinates":[121.5774743,25.0500706]}, "properties" : {"station_name" : "松山國小地下停車場", "district" : "松山區", "address" : "台北市松山區八德路四段746號", "category" : "公有停車場"}}, {"type" : "Feature", "geometry" : {"type":"Point","coordinates":[121.5772719,25.0498852]}, "properties" : {"station_name" : "偶戲博物館地下停車場", "district" : "松山區", "address" : "臺北市松山區市民大道5段99號", "category" : "公有停車場"}}, {"type" : "Feature", "geometry" : {"type":"Point","coordinates":[121.5772719,25.0498852]}, "properties" : {"station_name" : "民有市場地下停車場", "district" : "松山區", "address" : "臺北市松山區民權東路3段140巷15號", "category" : "公有停車場"}}, {"type" : "Feature", "geometry" : {"type":"Point","coordinates":[121.5644995,25.0338352]}, "properties" : {"station_name" : "府前廣場地下停車場", "district" : "信義區", "address" : "台北市信義區松壽路1號B1", "category" : "公有停車場"}}, {"type" : "Feature", "geometry" : {"type":"Point","coordinates":[121.5644995,25.0338352]}, "properties" : {"station_name" : "松山工農地下停車場", "district" : "信義區", "address" : "台北市信義區忠孝東路五段236巷15號", "category" : "公有停車場"}}, {"type" : "Feature", "geometry" : {"type":"Point","coordinates":[121.5668963,25.0333448]}, "properties" : {"station_name" : "春光公園地下停車場", "district" : "信義區", "address" : "臺北市信義區忠孝東路5段666號", "category" : "公有停車場"}}, {"type" : "Feature", "geometry" : {"type":"Point","coordinates":[121.5684044,25.0343593]}, "properties" : {"station_name" : "忠信廣場地下停車場", "district" : "信義區", "address" : "臺北市信義區松仁路2號", "category" : "公有停車場"}}, {"type" : "Feature", "geometry" : {"type":"Point","coordinates":[121.5664045,25.0304568]}, "properties" : {"station_name" : "三張里公園地下停車場", "district" : "信義區", "address" : "臺北市信義區松平路81號", "category" : "公有停車場"}}, {"type" : "Feature", "geometry" : {"type":"Point","coordinates":[121.5605024,25.0320877]}, "properties" : {"station_name" : "信義國小地下停車場", "district" : "信義區", "address" : "臺北市信義區松勤街60號", "category" : "公有停車場"}}, {"type" : "Feature", "geometry" : {"type":"Point","coordinates":[121.558261,25.0272856]}, "properties" : {"station_name" : "景勤二號公園地下停車場", "district" : "信義區", "address" : "臺北市信義區信安街49號", "category" : "公有停車場"}}, {"type" : "Feature", "geometry" : {"type":"Point","coordinates":[121.5668963,25.0333448]}, "properties" : {"station_name" : "信義廣場地下停車場", "district" : "信義區", "address" : "臺北市信義區信義路5段11號", "category" : "公有停車場"}}, {"type" : "Feature", "geometry" : {"type":"Point","coordinates":[121.5644995,25.0338352]}, "properties" : {"station_name" : "臺北市災害應變中心地下停車場", "district" : "信義區", "address" : "台北市信義區莊敬路391巷11弄2號1樓", "category" : "公有停車場"}}, {"type" : "Feature", "geometry" : {"type":"Point","coordinates":[121.5902824,25.0385924]}, "properties" : {"station_name" : "玉成公園地下停車場", "district" : "南港區", "address" : "臺北市南港區成福路116號", "category" : "公有停車場"}}, {"type" : "Feature", "geometry" : {"type":"Point","coordinates":[121.5934408,25.0481827]}, "properties" : {"station_name" : "玉成國小地下停車場", "district" : "南港區", "address" : "臺北市南港區昆陽街23號", "category" : "公有停車場"}}, {"type" : "Feature", "geometry" : {"type":"Point","coordinates":[121.6168985,25.0577048]}, "properties" : {"station_name" : "世貿公園地下停車場", "district" : "南港區", "address" : "臺北市南港區經貿二路88巷1號", "category" : "公有停車場"}}, {"type" : "Feature", "geometry" : {"type":"Point","coordinates":[121.6077101,25.0533658]}, "properties" : {"station_name" : "興中立體停車場", "district" : "南港區", "address" : "臺北市南港區興中路44巷1號", "category" : "公有停車場"}}, {"type" : "Feature", "geometry" : {"type":"Point","coordinates":[121.6129011,25.0555534]}, "properties" : {"station_name" : "南港國小地下停車場", "district" : "南港區", "address" : "台北市南港區興東街59號", "category" : "公有停車場"}}, {"type" : "Feature", "geometry" : {"type":"Point","coordinates":[121.4993322,25.0319327]}, "properties" : {"station_name" : "艋舺公園地下停車場", "district" : "萬華區", "address" : "臺北市萬華區西園路1段145號", "category" : "公有停車場"}}, {"type" : "Feature", "geometry" : {"type":"Point","coordinates":[121.4993322,25.0319327]}, "properties" : {"station_name" : "萬華國中地下停車場", "district" : "萬華區", "address" : "臺北市萬華區西藏路201號地下停車場", "category" : "公有停車場"}}, {"type" : "Feature", "geometry" : {"type":"Point","coordinates":[121.5028229,25.0209593]}, "properties" : {"station_name" : "青年公園棒球場地下停車場", "district" : "萬華區", "address" : "臺北市萬華區青年路69號", "category" : "公有停車場"}}, {"type" : "Feature", "geometry" : {"type":"Point","coordinates":[121.5029764,25.0444536]}, "properties" : {"station_name" : "峨眉立體停車場", "district" : "萬華區", "address" : "臺北市萬華區峨眉街83號", "category" : "公有停車場"}}, {"type" : "Feature", "geometry" : {"type":"Point","coordinates":[121.505287,25.0273742]}, "properties" : {"station_name" : "青年公園高爾夫球場地下停車場", "district" : "萬華區", "address" : "臺北市萬華區國興路5號", "category" : "公有停車場"}}, {"type" : "Feature", "geometry" : {"type":"Point","coordinates":[121.4993322,25.0319327]}, "properties" : {"station_name" : "洛陽停車場", "district" : "萬華區", "address" : "臺北市萬華區環河南路1段1號", "category" : "公有停車場"}}, {"type" : "Feature", "geometry" : {"type":"Point","coordinates":[121.5352138,25.006087]}, "properties" : {"station_name" : "水源快速道路高架橋下停車場", "district" : "文山區", "address" : "臺北市文山區溪洲街128號", "category" : "公務單位停車場"}}, {"type" : "Feature", "geometry" : {"type":"Point","coordinates":[121.5617076,25.0031373]}, "properties" : {"station_name" : "公務人員訓練中心", "district" : "文山區", "address" : "臺北市文山區萬美街二段21巷20號", "category" : "公務單位停車場"}}, {"type" : "Feature", "geometry" : {"type":"Point","coordinates":[121.5505691,25.061082]}, "properties" : {"station_name" : "體育局田徑場地下停車場", "district" : "松山區", "address" : "臺北市松山區敦化北路3-177號", "category" : "公務單位停車場"}}, {"type" : "Feature", "geometry" : {"type":"Point","coordinates":[121.5088547,25.0364315]}, "properties" : {"station_name" : "臺北市立大學(博愛校區)", "district" : "中正區", "address" : "臺北市中正區愛國西路1號", "category" : "校園停車場"}}, {"type" : "Feature", "geometry" : {"type":"Point","coordinates":[121.5247978,25.094351]}, "properties" : {"station_name" : "瑞展機車行", "district" : "士林區", "address" : "臺北市士林區文林路752號", "category" : "車行"}}, {"type" : "Feature", "geometry" : {"type":"Point","coordinates":[121.5242068,25.0918396]}, "properties" : {"station_name" : "金晉車業行", "district" : "士林區", "address" : "臺北市士林區延平北路5段111號", "category" : "車行"}}, {"type" : "Feature", "geometry" : {"type":"Point","coordinates":[121.5242068,25.0918396]}, "properties" : {"station_name" : "得勝機車行", "district" : "士林區", "address" : "臺北市士林區延平北路8段175號", "category" : "車行"}}, {"type" : "Feature", "geometry" : {"type":"Point","coordinates":[121.5062096,25.0919942]}, "properties" : {"station_name" : "文發機車行", "district" : "士林區", "address" : "臺北市士林區社中街462號", "category" : "車行"}}, {"type" : "Feature", "geometry" : {"type":"Point","coordinates":[121.5315571,25.1088269]}, "properties" : {"station_name" : "正大機車行", "district" : "士林區", "address" : "臺北市士林區德行東路206號", "category" : "車行"}}, {"type" : "Feature", "geometry" : {"type":"Point","coordinates":[121.5158785,25.0687228]}, "properties" : {"station_name" : "甲翊機車行", "district" : "大同區", "address" : "臺北市大同區大龍街230號", "category" : "車行"}}, {"type" : "Feature", "geometry" : {"type":"Point","coordinates":[121.515514,25.065986]}, "properties" : {"station_name" : "國真車業有限公司", "district" : "大同區", "address" : "臺北市大同區承德路3段312號", "category" : "車行"}}, {"type" : "Feature", "geometry" : {"type":"Point","coordinates":[121.5186098,25.0719168]}, "properties" : {"station_name" : "進益機車行", "district" : "大同區", "address" : "臺北市大同區庫倫街31號", "category" : "車行"}}, {"type" : "Feature", "geometry" : {"type":"Point","coordinates":[121.534395,25.0265152]}, "properties" : {"station_name" : "福全車業", "district" : "大安區", "address" : "臺北市大安區和平東路3段228巷88號", "category" : "車行"}}, {"type" : "Feature", "geometry" : {"type":"Point","coordinates":[121.5566404,25.0204968]}, "properties" : {"station_name" : "福元車業行", "district" : "大安區", "address" : "臺北市大安區富陽街2號", "category" : "車行"}}, {"type" : "Feature", "geometry" : {"type":"Point","coordinates":[121.533468,25.0643611]}, "properties" : {"station_name" : "材洋車業", "district" : "中山區", "address" : "臺北市中山區八德路2段61號", "category" : "車行"}}, {"type" : "Feature", "geometry" : {"type":"Point","coordinates":[121.533468,25.0643611]}, "properties" : {"station_name" : "正良機車有限公司", "district" : "中山區", "address" : "臺北市中山區八德路2段70號", "category" : "車行"}}, {"type" : "Feature", "geometry" : {"type":"Point","coordinates":[121.540222,25.0794226]}, "properties" : {"station_name" : "旭峰機車行", "district" : "中山區", "address" : "臺北市中山區北安路670巷9號", "category" : "車行"}}, {"type" : "Feature", "geometry" : {"type":"Point","coordinates":[121.5404627,25.0519256]}, "properties" : {"station_name" : "東舜機車行", "district" : "中山區", "address" : "臺北市中山區龍江路16號", "category" : "車行"}}, {"type" : "Feature", "geometry" : {"type":"Point","coordinates":[121.518267,25.0323611]}, "properties" : {"station_name" : "興珍機車行", "district" : "中正區", "address" : "臺北市中正區汀州路1段204號", "category" : "車行"}}, {"type" : "Feature", "geometry" : {"type":"Point","coordinates":[121.5889983,25.069664]}, "properties" : {"station_name" : "欣隆機車行", "district" : "內湖區", "address" : "臺北市內湖區內湖路1段411巷11號", "category" : "車行"}}, {"type" : "Feature", "geometry" : {"type":"Point","coordinates":[121.5889983,25.069664]}, "properties" : {"station_name" : "國生機車行", "district" : "內湖區", "address" : "臺北市內湖區內湖路2段67號", "category" : "車行"}}, {"type" : "Feature", "geometry" : {"type":"Point","coordinates":[121.5912655,25.0875473]}, "properties" : {"station_name" : "吉川二輪工作室", "district" : "內湖區", "address" : "臺北市內湖區內湖路3段59巷17號", "category" : "車行"}}, {"type" : "Feature", "geometry" : {"type":"Point","coordinates":[121.5932036,25.084327]}, "properties" : {"station_name" : "柏成機車行", "district" : "內湖區", "address" : "臺北市內湖區成功路4段331號", "category" : "車行"}}, {"type" : "Feature", "geometry" : {"type":"Point","coordinates":[121.5889983,25.069664]}, "properties" : {"station_name" : "新翔發車業", "district" : "內湖區", "address" : "臺北市內湖區環山路2段10巷2號", "category" : "車行"}}, {"type" : "Feature", "geometry" : {"type":"Point","coordinates":[121.570458,24.989786]}, "properties" : {"station_name" : "嘉聰車行", "district" : "文山區", "address" : "臺北市文山區指南路2段128號", "category" : "車行"}}, {"type" : "Feature", "geometry" : {"type":"Point","coordinates":[121.570458,24.989786]}, "properties" : {"station_name" : "德勝車業", "district" : "文山區", "address" : "臺北市文山區興隆路1段139號", "category" : "車行"}}, {"type" : "Feature", "geometry" : {"type":"Point","coordinates":[121.5005226,25.1277423]}, "properties" : {"station_name" : "義成機車行", "district" : "北投區", "address" : "臺北市北投區中央南路一段225巷4號", "category" : "車行"}}, {"type" : "Feature", "geometry" : {"type":"Point","coordinates":[121.5002337,25.124174]}, "properties" : {"station_name" : "福盛車業行", "district" : "北投區", "address" : "臺北市北投區中央南路二段123號", "category" : "車行"}}, {"type" : "Feature", "geometry" : {"type":"Point","coordinates":[121.5014356,25.1393311]}, "properties" : {"station_name" : "嘉麟車業行", "district" : "北投區", "address" : "臺北市北投區中和街486號", "category" : "車行"}}, {"type" : "Feature", "geometry" : {"type":"Point","coordinates":[121.5181096,25.1125003]}, "properties" : {"station_name" : "銘洋機車行", "district" : "北投區", "address" : "臺北市北投區東陽街423號", "category" : "車行"}}, {"type" : "Feature", "geometry" : {"type":"Point","coordinates":[121.501379,25.132419]}, "properties" : {"station_name" : "友盛機車", "district" : "北投區", "address" : "臺北市北投區致遠一路1段4號", "category" : "車行"}}, {"type" : "Feature", "geometry" : {"type":"Point","coordinates":[121.5018248,25.1251029]}, "properties" : {"station_name" : "眾欣機車行", "district" : "北投區", "address" : "台北市北投區崇仁路一段25號", "category" : "車行"}}, {"type" : "Feature", "geometry" : {"type":"Point","coordinates":[121.5195258,25.1126209]}, "properties" : {"station_name" : "舜益車業行", "district" : "北投區", "address" : "臺北市北投區懷德街30號", "category" : "車行"}}, {"type" : "Feature", "geometry" : {"type":"Point","coordinates":[121.5772719,25.0498852]}, "properties" : {"station_name" : "山崎動機車業", "district" : "松山區", "address" : "臺北市松山區龍江路384巷31號", "category" : "車行"}}, {"type" : "Feature", "geometry" : {"type":"Point","coordinates":[121.5644995,25.0338352]}, "properties" : {"station_name" : "生暉機車行", "district" : "信義區", "address" : "台北市信義區中坡南路271號", "category" : "車行"}}, {"type" : "Feature", "geometry" : {"type":"Point","coordinates":[121.5720788,25.0450679]}, "properties" : {"station_name" : "帛林機車行", "district" : "信義區", "address" : "臺北市信義區松信路45號", "category" : "車行"}}, {"type" : "Feature", "geometry" : {"type":"Point","coordinates":[121.6065999,25.0545779]}, "properties" : {"station_name" : "易展機車行", "district" : "南港區", "address" : "臺北市南港區忠孝東路7段589號", "category" : "車行"}}, {"type" : "Feature", "geometry" : {"type":"Point","coordinates":[121.5934408,25.0481827]}, "properties" : {"station_name" : "技專車業行", "district" : "南港區", "address" : "臺北市南港區昆陽街157巷11號", "category" : "車行"}}, {"type" : "Feature", "geometry" : {"type":"Point","coordinates":[121.6065999,25.0545779]}, "properties" : {"station_name" : "興揚機車有限公司", "district" : "南港區", "address" : "臺北市南港區南港路3段16巷2-1號", "category" : "車行"}}, {"type" : "Feature", "geometry" : {"type":"Point","coordinates":[121.6065999,25.0545779]}, "properties" : {"station_name" : "正鑫車業行", "district" : "南港區", "address" : "臺北市南港區舊莊街1段185號", "category" : "車行"}}, {"type" : "Feature", "geometry" : {"type":"Point","coordinates":[121.4974372,25.0253805]}, "properties" : {"station_name" : "東石機車行", "district" : "萬華區", "address" : "臺北市萬華區民和街70號", "category" : "車行"}}, {"type" : "Feature", "geometry" : {"type":"Point","coordinates":[121.5028229,25.0209593]}, "properties" : {"station_name" : "俊展車業", "district" : "萬華區", "address" : "臺北市萬華區青年路114號", "category" : "車行"}}, {"type" : "Feature", "geometry" : {"type":"Point","coordinates":[121.5028229,25.0209593]}, "properties" : {"station_name" : "正勝車業行", "district" : "萬華區", "address" : "臺北市萬華區青年路152巷35號", "category" : "車行"}}, {"type" : "Feature", "geometry" : {"type":"Point","coordinates":[121.4993322,25.0319327]}, "properties" : {"station_name" : "萬華國生車業", "district" : "萬華區", "address" : "臺北市萬華區環河南路2段154巷2號", "category" : "車行"}}, {"type" : "Feature", "geometry" : {"type":"Point","coordinates":[121.5016108,25.0277845]}, "properties" : {"station_name" : "華中機車行", "district" : "萬華區", "address" : "臺北市萬華區雙和街75號", "category" : "車行"}}, {"type" : "Feature", "geometry" : {"type":"Point","coordinates":[121.5242068,25.0918396]}, "properties" : {"station_name" : "福安里辦公室", "district" : "士林區", "address" : "臺北市士林區延平北路7段107巷10號", "category" : "里辦公室"}}, {"type" : "Feature", "geometry" : {"type":"Point","coordinates":[121.528922,25.1040281]}, "properties" : {"station_name" : "名山里貓頭鷹之家", "district" : "士林區", "address" : "臺北市士林區雨聲街68號", "category" : "里辦公室"}}, {"type" : "Feature", "geometry" : {"type":"Point","coordinates":[121.518267,25.0323611]}, "properties" : {"station_name" : "河堤里辦公室", "district" : "中正區", "address" : "臺北市中正區金門街11之1號", "category" : "里辦公室"}}, {"type" : "Feature", "geometry" : {"type":"Point","coordinates":[121.5190293,25.0218015]}, "properties" : {"station_name" : "網溪里辦公室", "district" : "中正區", "address" : "臺北市中正區牯嶺街165號", "category" : "里辦公室"}}, {"type" : "Feature", "geometry" : {"type":"Point","coordinates":[121.6153095,25.0821388]}, "properties" : {"station_name" : "安泰里辦公室", "district" : "內湖區", "address" : "臺北市內湖區安泰街49巷1號1樓", "category" : "里辦公室"}}, {"type" : "Feature", "geometry" : {"type":"Point","coordinates":[121.5447325,24.996061]}, "properties" : {"station_name" : "景東里里辦公室", "district" : "文山區", "address" : "臺北市文山區景興路153巷1號", "category" : "里辦公室"}}, {"type" : "Feature", "geometry" : {"type":"Point","coordinates":[121.533468,25.0643611]}, "properties" : {"station_name" : "東和藝品有限公司(77號單車店)", "district" : "中山區", "address" : "臺北市中山區民生東路2段77號", "category" : "商店"}}, {"type" : "Feature", "geometry" : {"type":"Point","coordinates":[121.5207803,25.1019202]}, "properties" : {"station_name" : "捷運淡水線芝山站", "district" : "士林區", "address" : "臺北市士林區福國路70號", "category" : "捷運站"}}, {"type" : "Feature", "geometry" : {"type":"Point","coordinates":[121.534395,25.0265152]}, "properties" : {"station_name" : "捷運木柵線麟光站", "district" : "大安區", "address" : "臺北市大安區和平東路3段410號", "category" : "捷運站"}}, {"type" : "Feature", "geometry" : {"type":"Point","coordinates":[121.501379,25.132419]}, "properties" : {"station_name" : "捷運淡水線奇岩站", "district" : "北投區", "address" : "臺北市北投區三合街2段489號", "category" : "捷運站"}}, {"type" : "Feature", "geometry" : {"type":"Point","coordinates":[121.501379,25.132419]}, "properties" : {"station_name" : "捷運淡水線復興崗站", "district" : "北投區", "address" : "臺北市北投區中央北路3段53巷10號", "category" : "捷運站"}}, {"type" : "Feature", "geometry" : {"type":"Point","coordinates":[121.501379,25.132419]}, "properties" : {"station_name" : "捷運淡水線忠義站", "district" : "北投區", "address" : "臺北市北投區中央北路4段301號", "category" : "捷運站"}}, {"type" : "Feature", "geometry" : {"type":"Point","coordinates":[121.501379,25.132419]}, "properties" : {"station_name" : "捷運淡水線石牌站", "district" : "北投區", "address" : "臺北市北投區石牌路1段200號", "category" : "捷運站"}}, {"type" : "Feature", "geometry" : {"type":"Point","coordinates":[121.5019478,25.1335303]}, "properties" : {"station_name" : "捷運淡水線北投站", "district" : "北投區", "address" : "臺北市北投區光明路1號", "category" : "捷運站"}}, {"type" : "Feature", "geometry" : {"type":"Point","coordinates":[121.520839,25.1153643]}, "properties" : {"station_name" : "捷運淡水線明德站", "district" : "北投區", "address" : "臺北市北投區明德路95號", "category" : "捷運站"}}, {"type" : "Feature", "geometry" : {"type":"Point","coordinates":[121.506774,25.0855411]}, "properties" : {"station_name" : "社子清潔分隊(葫蘆)", "district" : "士林區", "address" : "臺北市士林區中正路臨707-1號(重陽橋下)", "category" : "清潔隊"}}, {"type" : "Feature", "geometry" : {"type":"Point","coordinates":[121.5465429,25.1384499]}, "properties" : {"station_name" : "草山清潔分隊", "district" : "士林區", "address" : "臺北市士林區格致路34號", "category" : "清潔隊"}}, {"type" : "Feature", "geometry" : {"type":"Point","coordinates":[121.515514,25.065986]}, "properties" : {"station_name" : "建成清潔分隊", "district" : "大同區", "address" : "臺北市大同區民權西路194之1號", "category" : "清潔隊"}}, {"type" : "Feature", "geometry" : {"type":"Point","coordinates":[121.515514,25.065986]}, "properties" : {"station_name" : "大龍清潔分隊", "district" : "大同區", "address" : "臺北市大同區承德路3段303之1號(承德橋下)", "category" : "清潔隊"}}, {"type" : "Feature", "geometry" : {"type":"Point","coordinates":[121.515514,25.065986]}, "properties" : {"station_name" : "蘭州清潔分隊", "district" : "大同區", "address" : "臺北市大同區敦煌路151之1號", "category" : "清潔隊"}}, {"type" : "Feature", "geometry" : {"type":"Point","coordinates":[121.515514,25.065986]}, "properties" : {"station_name" : "直屬夜勤清潔分隊", "district" : "大同區", "address" : "臺北市大同區鄭州路臨50號", "category" : "清潔隊"}}, {"type" : "Feature", "geometry" : {"type":"Point","coordinates":[121.515514,25.065986]}, "properties" : {"station_name" : "延平清潔分隊", "district" : "大同區", "address" : "臺北市大同區環河北路1段臨63-1號", "category" : "清潔隊"}}, {"type" : "Feature", "geometry" : {"type":"Point","coordinates":[121.534395,25.0265152]}, "properties" : {"station_name" : "台大清潔分隊", "district" : "大安區", "address" : "臺北市大安區辛亥路1段臨138號 ", "category" : "清潔隊"}}, {"type" : "Feature", "geometry" : {"type":"Point","coordinates":[121.534395,25.0265152]}, "properties" : {"station_name" : "和平清潔分隊", "district" : "大安區", "address" : "臺北市大安區辛亥路1段臨143號", "category" : "清潔隊"}}, {"type" : "Feature", "geometry" : {"type":"Point","coordinates":[121.5664412,25.0416332]}, "properties" : {"station_name" : "敦化清潔分隊", "district" : "大安區", "address" : "臺北市大安區忠孝東路3段31號(建國北路橋孔下)", "category" : "清潔隊"}}, {"type" : "Feature", "geometry" : {"type":"Point","coordinates":[121.534395,25.0265152]}, "properties" : {"station_name" : "新生清潔分隊", "district" : "大安區", "address" : "臺北市大安區建國南路1段臨173號(近濟南路3段)", "category" : "清潔隊"}}, {"type" : "Feature", "geometry" : {"type":"Point","coordinates":[121.534395,25.0265152]}, "properties" : {"station_name" : "瑞安清潔分隊", "district" : "大安區", "address" : "臺北市大安區建國南路2段臨263號", "category" : "清潔隊"}}, {"type" : "Feature", "geometry" : {"type":"Point","coordinates":[121.534395,25.0265152]}, "properties" : {"station_name" : "臥龍清潔分隊", "district" : "大安區", "address" : "臺北市大安區基隆路3段臨24號", "category" : "清潔隊"}}, {"type" : "Feature", "geometry" : {"type":"Point","coordinates":[121.5475617,25.0845828]}, "properties" : {"station_name" : "中山區清潔隊大直分隊", "district" : "中山區", "address" : "臺北市中山區大直街21巷2號", "category" : "清潔隊"}}, {"type" : "Feature", "geometry" : {"type":"Point","coordinates":[121.533468,25.0643611]}, "properties" : {"station_name" : "中山區清潔隊長安分隊", "district" : "中山區", "address" : "臺北市中山區建國北路1段臨5-1號", "category" : "清潔隊"}}, {"type" : "Feature", "geometry" : {"type":"Point","coordinates":[121.533468,25.0643611]}, "properties" : {"station_name" : "溝一清潔分隊", "district" : "中山區", "address" : "臺北市中山區建國北路2段63號對面", "category" : "清潔隊"}}, {"type" : "Feature", "geometry" : {"type":"Point","coordinates":[121.533468,25.0643611]}, "properties" : {"station_name" : "民一清潔分隊", "district" : "中山區", "address" : "臺北市中山區建國北路3段96之1號", "category" : "清潔隊"}}, {"type" : "Feature", "geometry" : {"type":"Point","coordinates":[121.533468,25.0643611]}, "properties" : {"station_name" : "中山清潔分隊", "district" : "中山區", "address" : "臺北市中山區新生北路2段臨30-1號", "category" : "清潔隊"}}, {"type" : "Feature", "geometry" : {"type":"Point","coordinates":[121.533468,25.0643611]}, "properties" : {"station_name" : "民二清潔分隊", "district" : "中山區", "address" : "臺北市中山區錦州街臨306號", "category" : "清潔隊"}}, {"type" : "Feature", "geometry" : {"type":"Point","coordinates":[121.518267,25.0323611]}, "properties" : {"station_name" : "公館清潔分隊", "district" : "中正區", "address" : "臺北市中正區水源路臨2號", "category" : "清潔隊"}}, {"type" : "Feature", "geometry" : {"type":"Point","coordinates":[121.5069464,25.0292424]}, "properties" : {"station_name" : "泉州清潔分隊", "district" : "中正區", "address" : "臺北市中正區惠安街47號", "category" : "清潔隊"}}, {"type" : "Feature", "geometry" : {"type":"Point","coordinates":[121.570458,24.989786]}, "properties" : {"station_name" : "景美清潔分隊", "district" : "文山區", "address" : "臺北市文山區溪洲街臨220號", "category" : "清潔隊"}}, {"type" : "Feature", "geometry" : {"type":"Point","coordinates":[121.501379,25.132419]}, "properties" : {"station_name" : "關渡清潔分隊", "district" : "北投區", "address" : "臺北市北投區大度路3段臨250號", "category" : "清潔隊"}}, {"type" : "Feature", "geometry" : {"type":"Point","coordinates":[121.501379,25.132419]}, "properties" : {"station_name" : "石牌清潔分隊", "district" : "北投區", "address" : "臺北市北投區承德路7段393巷200號", "category" : "清潔隊"}}, {"type" : "Feature", "geometry" : {"type":"Point","coordinates":[121.5687559,25.0518918]}, "properties" : {"station_name" : "松山清潔分隊", "district" : "松山區", "address" : "台北市松山區南京東路五段372號", "category" : "清潔隊"}}, {"type" : "Feature", "geometry" : {"type":"Point","coordinates":[121.5668963,25.0333448]}, "properties" : {"station_name" : "三張犁與五分埔分隊", "district" : "信義區", "address" : "臺北市信義區忠孝東路5段255巷臨6號", "category" : "清潔隊"}}, {"type" : "Feature", "geometry" : {"type":"Point","coordinates":[121.5947119,25.0543761]}, "properties" : {"station_name" : "玉成清潔分隊", "district" : "南港區", "address" : "臺北市南港區向陽路49號", "category" : "清潔隊"}}, {"type" : "Feature", "geometry" : {"type":"Point","coordinates":[121.5918393,25.0579703]}, "properties" : {"station_name" : "南港清潔分隊", "district" : "南港區", "address" : "臺北市南港區松河街699號", "category" : "清潔隊"}}, {"type" : "Feature", "geometry" : {"type":"Point","coordinates":[121.4993322,25.0319327]}, "properties" : {"station_name" : "昆明清潔分隊", "district" : "萬華區", "address" : "臺北市萬華區和平西路3段251號1,2樓", "category" : "清潔隊"}}, {"type" : "Feature", "geometry" : {"type":"Point","coordinates":[121.4993322,25.0319327]}, "properties" : {"station_name" : "大理清潔分隊", "district" : "萬華區", "address" : "臺北市萬華區長順街臨131號", "category" : "清潔隊"}}, {"type" : "Feature", "geometry" : {"type":"Point","coordinates":[121.4993322,25.0319327]}, "properties" : {"station_name" : "漢中清潔分隊", "district" : "萬華區", "address" : "臺北市萬華區環河南路1段臨280之1號", "category" : "清潔隊"}}, {"type" : "Feature", "geometry" : {"type":"Point","coordinates":[121.5913912,25.0621251]}, "properties" : {"station_name" : "內湖垃圾焚化廠", "district" : "內湖區", "address" : "臺北市內湖區安康路290號", "category" : "焚化廠"}}, {"type" : "Feature", "geometry" : {"type":"Point","coordinates":[121.570458,24.989786]}, "properties" : {"station_name" : "木柵垃圾焚化廠", "district" : "文山區", "address" : "臺北市文山區木柵路5段53號", "category" : "焚化廠"}}, {"type" : "Feature", "geometry" : {"type":"Point","coordinates":[121.5009821,25.1021776]}, "properties" : {"station_name" : "北投垃圾焚化廠", "district" : "北投區", "address" : "臺北市北投區洲美街271號", "category" : "焚化廠"}}, {"type" : "Feature", "geometry" : {"type":"Point","coordinates":[121.533468,25.0643611]}, "properties" : {"station_name" : "臺北市中山運動中心", "district" : "中山區", "address" : "臺北市中山區中山北路二段44巷2號B1", "category" : "運動中心"}}, {"type" : "Feature", "geometry" : {"type":"Point","coordinates":[121.534395,25.0265152]}, "properties" : {"station_name" : "宏立機車事業有限公司", "district" : "大安區", "address" : "臺北市大安區和平東路2段141號", "category" : "檢驗站"}}, {"type" : "Feature", "geometry" : {"type":"Point","coordinates":[121.5772719,25.0498852]}, "properties" : {"station_name" : "群億車業商行", "district" : "松山區", "address" : "臺北市松山區八德路4段336號", "category" : "檢驗站"}}, {"type" : "Feature", "geometry" : {"type":"Point","coordinates":[121.5772719,25.0498852]}, "properties" : {"station_name" : "松春來車業有限公司", "district" : "松山區", "address" : "臺北市松山區民權東路5段30號", "category" : "檢驗站"}}, {"type" : "Feature", "geometry" : {"type":"Point","coordinates":[121.5660077,25.0632452]}, "properties" : {"station_name" : "國盛機車行", "district" : "松山區", "address" : "臺北市松山區撫遠街189號", "category" : "檢驗站"}}, {"type" : "Feature", "geometry" : {"type":"Point","coordinates":[121.5242068,25.0918396]}, "properties" : {"station_name" : "益隆車業有限公司", "district" : "士林區", "address" : "臺北市士林區重慶北路4段244號", "category" : "檢驗站"}}, {"type" : "Feature", "geometry" : {"type":"Point","coordinates":[121.5242068,25.0918396]}, "properties" : {"station_name" : "台益機車有限公司", "district" : "士林區", "address" : "臺北市士林區延平北路5段129號", "category" : "檢驗站"}}, {"type" : "Feature", "geometry" : {"type":"Point","coordinates":[121.528459,25.1120509]}, "properties" : {"station_name" : "良陽國際有限公司", "district" : "士林區", "address" : "臺北市士林區士東路250號", "category" : "檢驗站"}}, {"type" : "Feature", "geometry" : {"type":"Point","coordinates":[121.515514,25.065986]}, "properties" : {"station_name" : "加祥車業有限公司", "district" : "大同區", "address" : "臺北市大同區延平北路2段256號", "category" : "檢驗站"}}, {"type" : "Feature", "geometry" : {"type":"Point","coordinates":[121.508163,25.050509]}, "properties" : {"station_name" : "忠億車業有限公司", "district" : "大同區", "address" : "臺北市大同區西寧北路17-4號", "category" : "檢驗站"}}, {"type" : "Feature", "geometry" : {"type":"Point","coordinates":[121.515514,25.065986]}, "properties" : {"station_name" : "順旺車業有限公司", "district" : "大同區", "address" : "臺北市大同區延平北路1段24號", "category" : "檢驗站"}}, {"type" : "Feature", "geometry" : {"type":"Point","coordinates":[121.515514,25.065986]}, "properties" : {"station_name" : "新協大車業有限公司", "district" : "大同區", "address" : "臺北市大同區延平北路3段67-1號", "category" : "檢驗站"}}, {"type" : "Feature", "geometry" : {"type":"Point","coordinates":[121.6065999,25.0545779]}, "properties" : {"station_name" : "大輝車業有限公司", "district" : "南港區", "address" : "臺北市南港區忠孝東路7段600號", "category" : "檢驗站"}}, {"type" : "Feature", "geometry" : {"type":"Point","coordinates":[121.5889983,25.069664]}, "properties" : {"station_name" : "日盛車業有限公司", "district" : "內湖區", "address" : "臺北市內湖區成功路3段73號", "category" : "檢驗站"}}, {"type" : "Feature", "geometry" : {"type":"Point","coordinates":[121.4953664,25.028109]}, "properties" : {"station_name" : "東龍旺車業有限公司", "district" : "萬華區", "address" : "臺北市萬華區東園街133號", "category" : "檢驗站"}}, {"type" : "Feature", "geometry" : {"type":"Point","coordinates":[121.5020379,25.0403008]}, "properties" : {"station_name" : "得山車業有限公司", "district" : "萬華區", "address" : "臺北市萬華區康定路114號", "category" : "檢驗站"}}, {"type" : "Feature", "geometry" : {"type":"Point","coordinates":[121.5066466,25.0375415]}, "properties" : {"station_name" : "健立車業有限公司", "district" : "萬華區", "address" : "臺北市萬華區桂林路206號", "category" : "檢驗站"}}, {"type" : "Feature", "geometry" : {"type":"Point","coordinates":[121.5050942,25.037362]}, "properties" : {"station_name" : "永振億實業有限公司", "district" : "萬華區", "address" : "臺北市萬華區柳州街87號", "category" : "檢驗站"}}, {"type" : "Feature", "geometry" : {"type":"Point","coordinates":[121.533468,25.0643611]}, "properties" : {"station_name" : "運輪機車行", "district" : "中山區", "address" : "臺北市中山區八德路2段88巷20號", "category" : "檢驗站"}}, {"type" : "Feature", "geometry" : {"type":"Point","coordinates":[121.508163,25.050509]}, "properties" : {"station_name" : "弘展機車有限公司", "district" : "大同區", "address" : "臺北市大同區西寧北路93號", "category" : "檢驗站"}}, {"type" : "Feature", "geometry" : {"type":"Point","coordinates":[121.570458,24.989786]}, "properties" : {"station_name" : "高旺企業股份有限公司", "district" : "文山區", "address" : "臺北市文山區羅斯福路5段182號", "category" : "檢驗站"}}, {"type" : "Feature", "geometry" : {"type":"Point","coordinates":[121.501379,25.132419]}, "properties" : {"station_name" : "福盛全有限公司", "district" : "北投區", "address" : "臺北市北投區中央南路1段210號", "category" : "檢驗站"}}, {"type" : "Feature", "geometry" : {"type":"Point","coordinates":[121.5000693,25.1369989]}, "properties" : {"station_name" : "汶吉車業行", "district" : "北投區", "address" : "臺北市北投區大業路560號", "category" : "檢驗站"}}, {"type" : "Feature", "geometry" : {"type":"Point","coordinates":[121.501379,25.132419]}, "properties" : {"station_name" : "聯螢車業有限公司", "district" : "北投區", "address" : "臺北市北投區中央南路1段156號", "category" : "檢驗站"}}, {"type" : "Feature", "geometry" : {"type":"Point","coordinates":[121.5777921,25.0480675]}, "properties" : {"station_name" : "大仁車業有限公司", "district" : "信義區", "address" : "臺北市信義區松隆路80號", "category" : "檢驗站"}}, {"type" : "Feature", "geometry" : {"type":"Point","coordinates":[121.5668963,25.0333448]}, "properties" : {"station_name" : "松宏車業有限公司", "district" : "信義區", "address" : "臺北市信義區忠孝東路5段205號", "category" : "檢驗站"}}, {"type" : "Feature", "geometry" : {"type":"Point","coordinates":[121.5889983,25.069664]}, "properties" : {"station_name" : "四維通車業有限公司", "district" : "內湖區", "address" : "臺北市內湖區民權東路6段128號", "category" : "檢驗站"}}, {"type" : "Feature", "geometry" : {"type":"Point","coordinates":[121.570458,24.989786]}, "properties" : {"station_name" : "展嘉輪業有限公司", "district" : "文山區", "address" : "臺北市文山區羅斯福路5段48號", "category" : "檢驗站"}}, {"type" : "Feature", "geometry" : {"type":"Point","coordinates":[121.54709,25.00346]}, "properties" : {"station_name" : "鋒權輪有限公司", "district" : "文山區", "address" : "臺北市文山區興隆路2段241號", "category" : "檢驗站"}}, {"type" : "Feature", "geometry" : {"type":"Point","coordinates":[121.534395,25.0265152]}, "properties" : {"station_name" : "盛昌機車行", "district" : "大安區", "address" : "臺北市大安區辛亥路1段58號", "category" : "檢驗站"}}, {"type" : "Feature", "geometry" : {"type":"Point","coordinates":[121.501379,25.132419]}, "properties" : {"station_name" : "進山車業有限公司", "district" : "北投區", "address" : "臺北市北投區石牌路1段24號", "category" : "檢驗站"}}, {"type" : "Feature", "geometry" : {"type":"Point","coordinates":[121.4993322,25.0319327]}, "properties" : {"station_name" : "良江企業有限公司", "district" : "萬華區", "address" : "臺北市萬華區中華路2段98號", "category" : "檢驗站"}}, {"type" : "Feature", "geometry" : {"type":"Point","coordinates":[121.501038,25.0250308]}, "properties" : {"station_name" : "大旺車行", "district" : "萬華區", "address" : "臺北市萬華區萬大路214號", "category" : "檢驗站"}}, {"type" : "Feature", "geometry" : {"type":"Point","coordinates":[121.5190293,25.0218015]}, "properties" : {"station_name" : "后里車業有限公司", "district" : "中正區", "address" : "臺北市中正區牯嶺街47號", "category" : "檢驗站"}}, {"type" : "Feature", "geometry" : {"type":"Point","coordinates":[121.5190293,25.0218015]}, "properties" : {"station_name" : "松大車業有限公司", "district" : "中正區", "address" : "臺北市中正區牯嶺街61-3號", "category" : "檢驗站"}}, {"type" : "Feature", "geometry" : {"type":"Point","coordinates":[121.501379,25.132419]}, "properties" : {"station_name" : "隆大車業行", "district" : "北投區", "address" : "臺北市北投區承德路7段344巷15號", "category" : "檢驗站"}}, {"type" : "Feature", "geometry" : {"type":"Point","coordinates":[121.5237815,25.020581]}, "properties" : {"station_name" : "鉍勝車業有限公司", "district" : "中正區", "address" : "臺北市中正區師大路146號", "category" : "檢驗站"}}, {"type" : "Feature", "geometry" : {"type":"Point","coordinates":[121.518267,25.0323611]}, "properties" : {"station_name" : "忠豪車業有限公司", "district" : "中正區", "address" : "臺北市中正區忠孝東路2段31號", "category" : "檢驗站"}}, {"type" : "Feature", "geometry" : {"type":"Point","coordinates":[121.5164527,25.0599362]}, "properties" : {"station_name" : "磬葉企業有限公司", "district" : "大同區", "address" : "臺北市大同區錦西街56號", "category" : "檢驗站"}}, {"type" : "Feature", "geometry" : {"type":"Point","coordinates":[121.515514,25.065986]}, "properties" : {"station_name" : "良星車業有限公司", "district" : "大同區", "address" : "臺北市大同區重慶北路2段39號", "category" : "檢驗站"}}, {"type" : "Feature", "geometry" : {"type":"Point","coordinates":[121.515514,25.065986]}, "properties" : {"station_name" : "大華車業有限公司", "district" : "大同區", "address" : "臺北市大同區承德路1段47號", "category" : "檢驗站"}}, {"type" : "Feature", "geometry" : {"type":"Point","coordinates":[121.5832495,25.050383]}, "properties" : {"station_name" : "中盛機車有限公司", "district" : "南港區", "address" : "臺北市南港區東新街4號", "category" : "檢驗站"}}, {"type" : "Feature", "geometry" : {"type":"Point","coordinates":[121.5247978,25.094351]}, "properties" : {"station_name" : "富偉機車行", "district" : "士林區", "address" : "臺北市士林區文林路663號", "category" : "檢驗站"}}, {"type" : "Feature", "geometry" : {"type":"Point","coordinates":[121.5242068,25.0918396]}, "properties" : {"station_name" : "力泰車業有限公司", "district" : "士林區", "address" : "臺北市士林區延平北路5段220號", "category" : "檢驗站"}}, {"type" : "Feature", "geometry" : {"type":"Point","coordinates":[121.5194666,25.0831026]}, "properties" : {"station_name" : "永生車業有限公司", "district" : "士林區", "address" : "臺北市士林區華齡街71號", "category" : "檢驗站"}}, {"type" : "Feature", "geometry" : {"type":"Point","coordinates":[121.515514,25.065986]}, "properties" : {"station_name" : "長豐車業行", "district" : "大同區", "address" : "臺北市大同區承德路3段160號", "category" : "檢驗站"}}, {"type" : "Feature", "geometry" : {"type":"Point","coordinates":[121.515514,25.065986]}, "properties" : {"station_name" : "弘達車業有限公司", "district" : "大同區", "address" : "臺北市大同區承德路3段162號", "category" : "檢驗站"}}, {"type" : "Feature", "geometry" : {"type":"Point","coordinates":[121.534395,25.0265152]}, "properties" : {"station_name" : "金理車業有限公司", "district" : "大安區", "address" : "臺北市大安區八德路2段35號", "category" : "檢驗站"}}, {"type" : "Feature", "geometry" : {"type":"Point","coordinates":[121.534395,25.0265152]}, "properties" : {"station_name" : "宏興車業有限公司", "district" : "大安區", "address" : "臺北市大安區和平東路3段127號", "category" : "檢驗站"}}, {"type" : "Feature", "geometry" : {"type":"Point","coordinates":[121.5557163,25.035507]}, "properties" : {"station_name" : "車王二輪社", "district" : "大安區", "address" : "臺北市大安區延吉街64-1號", "category" : "檢驗站"}}, {"type" : "Feature", "geometry" : {"type":"Point","coordinates":[121.534395,25.0265152]}, "properties" : {"station_name" : "益揚車業有限公司", "district" : "大安區", "address" : "臺北市大安區羅斯福路3段93號", "category" : "檢驗站"}}, {"type" : "Feature", "geometry" : {"type":"Point","coordinates":[121.5404627,25.0519256]}, "properties" : {"station_name" : "農安機車有限公司", "district" : "中山區", "address" : "臺北市中山區龍江路375號", "category" : "檢驗站"}}, {"type" : "Feature", "geometry" : {"type":"Point","coordinates":[121.540222,25.0794226]}, "properties" : {"station_name" : "大昌機車有限公司", "district" : "中山區", "address" : "臺北市中山區北安路458巷3號", "category" : "檢驗站"}}, {"type" : "Feature", "geometry" : {"type":"Point","coordinates":[121.533468,25.0643611]}, "properties" : {"station_name" : "展欣豪車業有限公司", "district" : "中山區", "address" : "臺北市中山區民權東路2段126號", "category" : "檢驗站"}}, {"type" : "Feature", "geometry" : {"type":"Point","coordinates":[121.533468,25.0643611]}, "properties" : {"station_name" : "异城車業有限公司", "district" : "中山區", "address" : "臺北市中山區八德路2段329號", "category" : "檢驗站"}}, {"type" : "Feature", "geometry" : {"type":"Point","coordinates":[121.5303757,25.065439]}, "properties" : {"station_name" : "達誠車業有限公司", "district" : "中山區", "address" : "臺北市中山區吉林路12-3號", "category" : "檢驗站"}}, {"type" : "Feature", "geometry" : {"type":"Point","coordinates":[121.5328219,25.060334]}, "properties" : {"station_name" : "名佳車業行", "district" : "中山區", "address" : "臺北市中山區錦州街310號", "category" : "檢驗站"}}, {"type" : "Feature", "geometry" : {"type":"Point","coordinates":[121.518267,25.0323611]}, "properties" : {"station_name" : "慶發車業有限公司", "district" : "中正區", "address" : "臺北市中正區汀洲路1段182號", "category" : "檢驗站"}}, {"type" : "Feature", "geometry" : {"type":"Point","coordinates":[121.518267,25.0323611]}, "properties" : {"station_name" : "隆發車業有限公司", "district" : "中正區", "address" : "臺北市中正區重慶南路3段135號", "category" : "檢驗站"}}, {"type" : "Feature", "geometry" : {"type":"Point","coordinates":[121.5772438,25.0771479]}, "properties" : {"station_name" : "春琳國際車業有限公司", "district" : "內湖區", "address" : "臺北市內湖區江南街28號", "category" : "檢驗站"}}, {"type" : "Feature", "geometry" : {"type":"Point","coordinates":[121.570458,24.989786]}, "properties" : {"station_name" : "鳳翔車業行", "district" : "文山區", "address" : "臺北市文山區木柵路1段57-6號", "category" : "檢驗站"}}, {"type" : "Feature", "geometry" : {"type":"Point","coordinates":[121.570458,24.989786]}, "properties" : {"station_name" : "元土車行", "district" : "文山區", "address" : "臺北市文山區木柵路1段212號", "category" : "檢驗站"}}, {"type" : "Feature", "geometry" : {"type":"Point","coordinates":[121.570458,24.989786]}, "properties" : {"station_name" : "光輝機車行", "district" : "文山區", "address" : "臺北市文山區忠順街1段36、38號", "category" : "檢驗站"}}, {"type" : "Feature", "geometry" : {"type":"Point","coordinates":[121.570458,24.989786]}, "properties" : {"station_name" : "順利機車行", "district" : "文山區", "address" : "臺北市文山區木新路2段285號", "category" : "檢驗站"}}, {"type" : "Feature", "geometry" : {"type":"Point","coordinates":[121.5630929,24.9808633]}, "properties" : {"station_name" : "拓源機車行", "district" : "文山區", "address" : "臺北市文山區木新路3段73號", "category" : "檢驗站"}}, {"type" : "Feature", "geometry" : {"type":"Point","coordinates":[121.570458,24.989786]}, "properties" : {"station_name" : "東和機車行", "district" : "文山區", "address" : "臺北市文山區指南路1段4號", "category" : "檢驗站"}}, {"type" : "Feature", "geometry" : {"type":"Point","coordinates":[121.5447325,24.996061]}, "properties" : {"station_name" : "祥騰機車行", "district" : "文山區", "address" : "臺北市文山區景興路94號", "category" : "檢驗站"}}, {"type" : "Feature", "geometry" : {"type":"Point","coordinates":[121.5447325,24.996061]}, "properties" : {"station_name" : "威烝車業行", "district" : "文山區", "address" : "臺北市文山區景興路28-1號", "category" : "檢驗站"}}, {"type" : "Feature", "geometry" : {"type":"Point","coordinates":[121.54709,25.00346]}, "properties" : {"station_name" : "騰暉車業行", "district" : "文山區", "address" : "臺北市文山區興隆路2段18號", "category" : "檢驗站"}}, {"type" : "Feature", "geometry" : {"type":"Point","coordinates":[121.5368754,24.998336]}, "properties" : {"station_name" : "弘偉車業有限公司", "district" : "文山區", "address" : "臺北市文山區羅斯福路6段317號", "category" : "檢驗站"}}, {"type" : "Feature", "geometry" : {"type":"Point","coordinates":[121.5014356,25.1393311]}, "properties" : {"station_name" : "雄大車業行", "district" : "北投區", "address" : "臺北市北投區中和街453-11號", "category" : "檢驗站"}}, {"type" : "Feature", "geometry" : {"type":"Point","coordinates":[121.5156601,25.1095056]}, "properties" : {"station_name" : "和峯車業有限公司", "district" : "北投區", "address" : "台北市北投區致遠一路一段92號", "category" : "檢驗站"}}, {"type" : "Feature", "geometry" : {"type":"Point","coordinates":[121.5018248,25.1251029]}, "properties" : {"station_name" : "重輪車業有限公司", "district" : "北投區", "address" : "台北市北投區崇仁路一段21號", "category" : "檢驗站"}}, {"type" : "Feature", "geometry" : {"type":"Point","coordinates":[121.5772719,25.0498852]}, "properties" : {"station_name" : "日星車業行", "district" : "松山區", "address" : "臺北市松山區八德路3段198號", "category" : "檢驗站"}}, {"type" : "Feature", "geometry" : {"type":"Point","coordinates":[121.5834896,25.0434489]}, "properties" : {"station_name" : "亞帝車業有限公司", "district" : "南港區", "address" : "臺北市南港區中坡南路43號", "category" : "檢驗站"}}, {"type" : "Feature", "geometry" : {"type":"Point","coordinates":[121.5448464,25.0643287]}, "properties" : {"station_name" : "尚益車業有限公司", "district" : "松山區", "address" : "臺北市松山區五常街281-2號", "category" : "檢驗站"}}, {"type" : "Feature", "geometry" : {"type":"Point","coordinates":[121.5772719,25.0498852]}, "properties" : {"station_name" : "新光機車行", "district" : "松山區", "address" : "臺北市松山區民生東路5段57號", "category" : "檢驗站"}}, {"type" : "Feature", "geometry" : {"type":"Point","coordinates":[121.5553129,25.0578565]}, "properties" : {"station_name" : "千翔車業行", "district" : "松山區", "address" : "臺北市松山區光復北路109號", "category" : "檢驗站"}}, {"type" : "Feature", "geometry" : {"type":"Point","coordinates":[121.5655753,25.0541888]}, "properties" : {"station_name" : "佳昇機車行", "district" : "松山區", "address" : "臺北市松山區健康路44號", "category" : "檢驗站"}}, {"type" : "Feature", "geometry" : {"type":"Point","coordinates":[121.5644995,25.0338352]}, "properties" : {"station_name" : "吉安運動器材有限公司", "district" : "信義區", "address" : "台北市信義區中坡南路287號", "category" : "檢驗站"}}, {"type" : "Feature", "geometry" : {"type":"Point","coordinates":[121.5839499,25.038165]}, "properties" : {"station_name" : "春崇車業行", "district" : "信義區", "address" : "臺北市信義區福德街268巷1號", "category" : "檢驗站"}}, {"type" : "Feature", "geometry" : {"type":"Point","coordinates":[121.6065999,25.0545779]}, "properties" : {"station_name" : "儀弘機車行", "district" : "南港區", "address" : "臺北市南港區研究院路1段185號", "category" : "檢驗站"}}, {"type" : "Feature", "geometry" : {"type":"Point","coordinates":[121.6065999,25.0545779]}, "properties" : {"station_name" : "高陞機車行", "district" : "南港區", "address" : "臺北市南港區研究院路2段72號", "category" : "檢驗站"}}, {"type" : "Feature", "geometry" : {"type":"Point","coordinates":[121.5198774,25.0502374]}, "properties" : {"station_name" : "瑞明機車行", "district" : "大同區", "address" : "臺北市大同區長安西路199號", "category" : "檢驗站"}}, {"type" : "Feature", "geometry" : {"type":"Point","coordinates":[121.5416743,24.9996617]}, "properties" : {"station_name" : "三育機車有限公司", "district" : "文山區", "address" : "臺北市文山區景隆街54號", "category" : "檢驗站"}}, {"type" : "Feature", "geometry" : {"type":"Point","coordinates":[121.4993322,25.0319327]}, "properties" : {"station_name" : "欣利機車有限公司", "district" : "萬華區", "address" : "臺北市萬華區西園路2段288之1號", "category" : "檢驗站"}}, {"type" : "Feature", "geometry" : {"type":"Point","coordinates":[121.4953664,25.028109]}, "properties" : {"station_name" : "鑫東園車業有限公司", "district" : "萬華區", "address" : "臺北市萬華區東園街105號", "category" : "檢驗站"}}, {"type" : "Feature", "geometry" : {"type":"Point","coordinates":[121.5066466,25.0375415]}, "properties" : {"station_name" : "葉山車行", "district" : "萬華區", "address" : "臺北市萬華區桂林路30號", "category" : "檢驗站"}}, {"type" : "Feature", "geometry" : {"type":"Point","coordinates":[121.501038,25.0250308]}, "properties" : {"station_name" : "尚億車業有限公司", "district" : "萬華區", "address" : "臺北市萬華區萬大路500號", "category" : "檢驗站"}}, {"type" : "Feature", "geometry" : {"type":"Point","coordinates":[121.5206515,25.0808995]}, "properties" : {"station_name" : "盟業車業行", "district" : "士林區", "address" : "臺北市士林區通河街169號", "category" : "檢驗站"}}, {"type" : "Feature", "geometry" : {"type":"Point","coordinates":[121.5346567,25.1180623]}, "properties" : {"station_name" : "好發達車業", "district" : "士林區", "address" : "臺北市士林區天母東路8巷99號", "category" : "檢驗站"}}, {"type" : "Feature", "geometry" : {"type":"Point","coordinates":[121.5242068,25.0918396]}, "properties" : {"station_name" : "新天母機車行", "district" : "士林區", "address" : "臺北市士林區中山北路6段405巷83號", "category" : "檢驗站"}}, {"type" : "Feature", "geometry" : {"type":"Point","coordinates":[121.5247978,25.094351]}, "properties" : {"station_name" : "銘豐機車行", "district" : "士林區", "address" : "臺北市士林區文林路314號", "category" : "檢驗站"}}, {"type" : "Feature", "geometry" : {"type":"Point","coordinates":[121.5158785,25.0687228]}, "properties" : {"station_name" : "小緯機車行", "district" : "大同區", "address" : "臺北市大同區大龍街26號", "category" : "檢驗站"}}, {"type" : "Feature", "geometry" : {"type":"Point","coordinates":[121.55891,25.02188]}, "properties" : {"station_name" : "旭宏車業行", "district" : "信義區", "address" : "台北市信義區和平東路三段285號", "category" : "檢驗站"}}, {"type" : "Feature", "geometry" : {"type":"Point","coordinates":[121.534395,25.0265152]}, "properties" : {"station_name" : "東貿機車有限公司", "district" : "大安區", "address" : "臺北市大安區基隆路2段233號", "category" : "檢驗站"}}, {"type" : "Feature", "geometry" : {"type":"Point","coordinates":[121.5230868,25.0503673]}, "properties" : {"station_name" : "德剛車行有限公司", "district" : "中山區", "address" : "臺北市中山區天津街27號", "category" : "檢驗站"}}, {"type" : "Feature", "geometry" : {"type":"Point","coordinates":[121.5303757,25.065439]}, "properties" : {"station_name" : "偉恆有限公司", "district" : "中山區", "address" : "臺北市中山區吉林路408號", "category" : "檢驗站"}}, {"type" : "Feature", "geometry" : {"type":"Point","coordinates":[121.518267,25.0323611]}, "properties" : {"station_name" : "世輪機車行", "district" : "中正區", "address" : "臺北市中正區汀州路2段76號", "category" : "檢驗站"}}, {"type" : "Feature", "geometry" : {"type":"Point","coordinates":[121.5889983,25.069664]}, "properties" : {"station_name" : "日昇機車行", "district" : "內湖區", "address" : "臺北市內湖區康寧路3段16巷115號", "category" : "檢驗站"}}, {"type" : "Feature", "geometry" : {"type":"Point","coordinates":[121.5875696,25.087531]}, "properties" : {"station_name" : "宏淞車業有限公司", "district" : "內湖區", "address" : "臺北市內湖區金龍路87號", "category" : "檢驗站"}}, {"type" : "Feature", "geometry" : {"type":"Point","coordinates":[121.6224732,25.0888901]}, "properties" : {"station_name" : "正倫車業行", "district" : "內湖區", "address" : "臺北市內湖區康樂街67號", "category" : "檢驗站"}}, {"type" : "Feature", "geometry" : {"type":"Point","coordinates":[121.5110169,25.1123354]}, "properties" : {"station_name" : "金展機車行", "district" : "北投區", "address" : "臺北市北投區自強街62號", "category" : "檢驗站"}}, {"type" : "Feature", "geometry" : {"type":"Point","coordinates":[121.4993322,25.0319327]}, "properties" : {"station_name" : "聯耀機車行", "district" : "萬華區", "address" : "臺北市萬華區環河南路1段21號", "category" : "檢驗站"}}, {"type" : "Feature", "geometry" : {"type":"Point","coordinates":[121.513304,25.1136275]}, "properties" : {"station_name" : "唭哩岸機車行", "district" : "北投區", "address" : "臺北市北投區致遠二路89號", "category" : "檢驗站"}}, {"type" : "Feature", "geometry" : {"type":"Point","coordinates":[121.5668963,25.0333448]}, "properties" : {"station_name" : "昇輪機車行", "district" : "信義區", "address" : "臺北市信義區信義路6段47號", "category" : "檢驗站"}}, {"type" : "Feature", "geometry" : {"type":"Point","coordinates":[121.501038,25.0250308]}, "properties" : {"station_name" : "友順機車行", "district" : "萬華區", "address" : "臺北市萬華區萬大路423巷27號", "category" : "檢驗站"}}, {"type" : "Feature", "geometry" : {"type":"Point","coordinates":[121.5193835,25.0928661]}, "properties" : {"station_name" : "巨揚機車行", "district" : "士林區", "address" : "臺北市士林區中正路605號", "category" : "檢驗站"}}, {"type" : "Feature", "geometry" : {"type":"Point","coordinates":[121.5538123,25.0287281]}, "properties" : {"station_name" : "信全車業有限公司", "district" : "大安區", "address" : "臺北市大安區通化街168號", "category" : "檢驗站"}}, {"type" : "Feature", "geometry" : {"type":"Point","coordinates":[121.518267,25.0323611]}, "properties" : {"station_name" : "立豐機車行", "district" : "中正區", "address" : "臺北市中正區重慶南路3段32號", "category" : "檢驗站"}}, {"type" : "Feature", "geometry" : {"type":"Point","coordinates":[121.6224732,25.0888901]}, "properties" : {"station_name" : "國祥機車行", "district" : "內湖區", "address" : "臺北市內湖區康樂街32號", "category" : "檢驗站"}}, {"type" : "Feature", "geometry" : {"type":"Point","coordinates":[121.5889983,25.069664]}, "properties" : {"station_name" : "葉陽車業行", "district" : "內湖區", "address" : "臺北市內湖區民權東路6段320號", "category" : "檢驗站"}}, {"type" : "Feature", "geometry" : {"type":"Point","coordinates":[121.578159,25.0815291]}, "properties" : {"station_name" : "通龍車業行", "district" : "內湖區", "address" : "臺北市內湖區港墘路34號", "category" : "檢驗站"}}, {"type" : "Feature", "geometry" : {"type":"Point","coordinates":[121.501379,25.132419]}, "properties" : {"station_name" : "大發車業", "district" : "北投區", "address" : "臺北市北投區中央北路2段167號", "category" : "檢驗站"}}, {"type" : "Feature", "geometry" : {"type":"Point","coordinates":[121.5660077,25.0632452]}, "properties" : {"station_name" : "崑宏機車行", "district" : "松山區", "address" : "臺北市松山區撫遠街362號", "category" : "檢驗站"}}, {"type" : "Feature", "geometry" : {"type":"Point","coordinates":[121.5642505,25.0278477]}, "properties" : {"station_name" : "大慶機車材料行", "district" : "信義區", "address" : "臺北市信義區莊敬路325巷33號", "category" : "檢驗站"}}, {"type" : "Feature", "geometry" : {"type":"Point","coordinates":[121.5684044,25.0343593]}, "properties" : {"station_name" : "東勝機車行", "district" : "信義區", "address" : "臺北市信義區松仁路167號", "category" : "檢驗站"}}, {"type" : "Feature", "geometry" : {"type":"Point","coordinates":[121.5832495,25.050383]}, "properties" : {"station_name" : "益群車業有限公司", "district" : "南港區", "address" : "臺北市南港區東新街69號", "category" : "檢驗站"}}, {"type" : "Feature", "geometry" : {"type":"Point","coordinates":[121.5902824,25.0385924]}, "properties" : {"station_name" : "民豐機車行", "district" : "南港區", "address" : "臺北市南港區成福路137號", "category" : "檢驗站"}}, {"type" : "Feature", "geometry" : {"type":"Point","coordinates":[121.6065999,25.0545779]}, "properties" : {"station_name" : "政賢機車行", "district" : "南港區", "address" : "臺北市南港區忠孝東路7段564號", "category" : "檢驗站"}}, {"type" : "Feature", "geometry" : {"type":"Point","coordinates":[121.4993732,25.0328352]}, "properties" : {"station_name" : "億林機車行", "district" : "萬華區", "address" : "臺北市萬華區艋舺大道416號", "category" : "檢驗站"}}, {"type" : "Feature", "geometry" : {"type":"Point","coordinates":[121.518267,25.0323611]}, "properties" : {"station_name" : "一成機車有限公司", "district" : "中正區", "address" : "臺北市中正區新生南路1段134-1號", "category" : "檢驗站"}}, {"type" : "Feature", "geometry" : {"type":"Point","coordinates":[121.5190293,25.0218015]}, "properties" : {"station_name" : "紘益機車行", "district" : "中正區", "address" : "臺北市中正區牯嶺街77號", "category" : "檢驗站"}}, {"type" : "Feature", "geometry" : {"type":"Point","coordinates":[121.534395,25.0265152]}, "properties" : {"station_name" : "皇信機車行", "district" : "大安區", "address" : "臺北市大安區濟南路3段68號", "category" : "檢驗站"}}, {"type" : "Feature", "geometry" : {"type":"Point","coordinates":[121.6168278,25.0671458]}, "properties" : {"station_name" : "興陽機車行", "district" : "內湖區", "address" : "臺北市內湖區五分街39號", "category" : "檢驗站"}}, {"type" : "Feature", "geometry" : {"type":"Point","coordinates":[121.5315571,25.1088269]}, "properties" : {"station_name" : "誠鎰車業行", "district" : "士林區", "address" : "臺北市士林區德行東路23號", "category" : "檢驗站"}}, {"type" : "Feature", "geometry" : {"type":"Point","coordinates":[121.5164527,25.0599362]}, "properties" : {"station_name" : "翊翔機車行", "district" : "大同區", "address" : "臺北市大同區錦西街53巷2號", "category" : "檢驗站"}}, {"type" : "Feature", "geometry" : {"type":"Point","coordinates":[121.5231817,25.145922]}, "properties" : {"station_name" : "欣民機車行", "district" : "北投區", "address" : "臺北市北投區行義路21號", "category" : "檢驗站"}}, {"type" : "Feature", "geometry" : {"type":"Point","coordinates":[121.556566,25.0211839]}, "properties" : {"station_name" : "裕進車業行", "district" : "信義區", "address" : "臺北市信義區富陽街63號", "category" : "檢驗站"}}, {"type" : "Feature", "geometry" : {"type":"Point","coordinates":[121.534395,25.0265152]}, "properties" : {"station_name" : "小林機車行", "district" : "大安區", "address" : "臺北市大安區建國南路2段79巷3號", "category" : "檢驗站"}}, {"type" : "Feature", "geometry" : {"type":"Point","coordinates":[121.4993322,25.0319327]}, "properties" : {"station_name" : "協合國際行銷有限公司", "district" : "萬華區", "address" : "臺北市萬華區和平西路2段151號", "category" : "檢驗站"}}, {"type" : "Feature", "geometry" : {"type":"Point","coordinates":[121.5889983,25.069664]}, "properties" : {"station_name" : "鎧詮機車行", "district" : "內湖區", "address" : "臺北市內湖區內湖路1段31號", "category" : "檢驗站"}}, {"type" : "Feature", "geometry" : {"type":"Point","coordinates":[121.534395,25.0265152]}, "properties" : {"station_name" : "駿全車坊", "district" : "大安區", "address" : "臺北市大安區市民大道4段22號", "category" : "檢驗站"}}, {"type" : "Feature", "geometry" : {"type":"Point","coordinates":[121.5337023,25.030641]}, "properties" : {"station_name" : "致盛機車行", "district" : "大安區", "address" : "臺北市大安區金華街118-4號", "category" : "檢驗站"}}, {"type" : "Feature", "geometry" : {"type":"Point","coordinates":[121.5875696,25.087531]}, "properties" : {"station_name" : "成功車業行", "district" : "內湖區", "address" : "臺北市內湖區金龍路9號", "category" : "檢驗站"}}, {"type" : "Feature", "geometry" : {"type":"Point","coordinates":[121.54709,25.00346]}, "properties" : {"station_name" : "達成車業有限公司", "district" : "文山區", "address" : "臺北市文山區興隆路2段177號", "category" : "檢驗站"}}, {"type" : "Feature", "geometry" : {"type":"Point","coordinates":[121.5242068,25.0918396]}, "properties" : {"station_name" : "嘉盛車業行", "district" : "士林區", "address" : "臺北市士林區延平北路6段139號", "category" : "檢驗站"}}, {"type" : "Feature", "geometry" : {"type":"Point","coordinates":[121.5655753,25.0541888]}, "properties" : {"station_name" : "永承車業行", "district" : "松山區", "address" : "臺北市松山區健康路230號", "category" : "檢驗站"}}, {"type" : "Feature", "geometry" : {"type":"Point","coordinates":[121.5466118,25.0978989]}, "properties" : {"station_name" : "德龍車業行", "district" : "士林區", "address" : "臺北市士林區故宮路41巷1號", "category" : "檢驗站"}}, {"type" : "Feature", "geometry" : {"type":"Point","coordinates":[121.5647512,25.0256419]}, "properties" : {"station_name" : "俊明機車行", "district" : "信義區", "address" : "臺北市信義區吳興街469號", "category" : "檢驗站"}}, {"type" : "Feature", "geometry" : {"type":"Point","coordinates":[121.5798797,25.0326545]}, "properties" : {"station_name" : "勵瑩車業有限公司", "district" : "信義區", "address" : "台北市信義區松山路348號", "category" : "檢驗站"}}, {"type" : "Feature", "geometry" : {"type":"Point","coordinates":[121.501379,25.132419]}, "properties" : {"station_name" : "順達機車行", "district" : "北投區", "address" : "臺北市北投區立農街2段206號", "category" : "檢驗站"}}, {"type" : "Feature", "geometry" : {"type":"Point","coordinates":[121.4993322,25.0319327]}, "properties" : {"station_name" : "車強機車行", "district" : "萬華區", "address" : "臺北市萬華區環河南路2段105號", "category" : "檢驗站"}}, {"type" : "Feature", "geometry" : {"type":"Point","coordinates":[121.6065999,25.0545779]}, "properties" : {"station_name" : "季祥車業行", "district" : "南港區", "address" : "臺北市南港區研究院路1段45號", "category" : "檢驗站"}}, {"type" : "Feature", "geometry" : {"type":"Point","coordinates":[121.4993322,25.0319327]}, "properties" : {"station_name" : "祥和機車行", "district" : "萬華區", "address" : "臺北市萬華區環河南路2段117號", "category" : "檢驗站"}}, {"type" : "Feature", "geometry" : {"type":"Point","coordinates":[121.5132292,25.0728914]}, "properties" : {"station_name" : "國真機車有限公司", "district" : "大同區", "address" : "臺北市大同區哈密街63巷1號", "category" : "檢驗站"}}, {"type" : "Feature", "geometry" : {"type":"Point","coordinates":[121.5668963,25.0333448]}, "properties" : {"station_name" : "三沅行車業股份有限公司", "district" : "信義區", "address" : "臺北市信義區忠孝東路5段713號", "category" : "檢驗站"}}, {"type" : "Feature", "geometry" : {"type":"Point","coordinates":[121.5889983,25.069664]}, "properties" : {"station_name" : "玟樺機車行", "district" : "內湖區", "address" : "臺北市內湖區內湖路1段91巷7號", "category" : "檢驗站"}}, {"type" : "Feature", "geometry" : {"type":"Point","coordinates":[121.534395,25.0265152]}, "properties" : {"station_name" : "典輪機車行", "district" : "大安區", "address" : "臺北市大安區建國南路2段161號", "category" : "檢驗站"}}, {"type" : "Feature", "geometry" : {"type":"Point","coordinates":[121.533468,25.0643611]}, "properties" : {"station_name" : "偉翔機車行", "district" : "中山區", "address" : "臺北市中山區長安東路1段45號", "category" : "檢驗站"}}, {"type" : "Feature", "geometry" : {"type":"Point","coordinates":[121.506794,25.1252714]}, "properties" : {"station_name" : "展悅機車行", "district" : "北投區", "address" : "臺北市北投區公館路146號", "category" : "檢驗站"}}, {"type" : "Feature", "geometry" : {"type":"Point","coordinates":[121.513304,25.1136275]}, "properties" : {"station_name" : "僑王機車行", "district" : "北投區", "address" : "臺北市北投區致遠二路116號", "category" : "檢驗站"}}, {"type" : "Feature", "geometry" : {"type":"Point","coordinates":[121.570458,24.989786]}, "properties" : {"station_name" : "鴻吉機車行", "district" : "文山區", "address" : "臺北市文山區興隆路3段117號", "category" : "檢驗站"}}, {"type" : "Feature", "geometry" : {"type":"Point","coordinates":[121.5670977,24.9892391]}, "properties" : {"station_name" : "慧昌機車行", "district" : "文山區", "address" : "臺北市文山區木柵路3段102巷7號", "category" : "檢驗站"}}, {"type" : "Feature", "geometry" : {"type":"Point","coordinates":[121.5156805,25.0895949]}, "properties" : {"station_name" : "駿輝機車行", "district" : "士林區", "address" : "臺北市士林區大南路295號", "category" : "檢驗站"}}, {"type" : "Feature", "geometry" : {"type":"Point","coordinates":[121.5242068,25.0918396]}, "properties" : {"station_name" : "新鎰昌機車行", "district" : "士林區", "address" : "臺北市士林區至誠路1段2-6號", "category" : "檢驗站"}}, {"type" : "Feature", "geometry" : {"type":"Point","coordinates":[121.533468,25.0643611]}, "properties" : {"station_name" : "朝日車業行", "district" : "中山區", "address" : "臺北市中山區民權東路2段133號", "category" : "檢驗站"}}, {"type" : "Feature", "geometry" : {"type":"Point","coordinates":[121.501379,25.132419]}, "properties" : {"station_name" : "聯盈機車材料行", "district" : "北投區", "address" : "臺北市北投區中央北路4段545號", "category" : "檢驗站"}}, {"type" : "Feature", "geometry" : {"type":"Point","coordinates":[121.5615921,25.086527]}, "properties" : {"station_name" : "坤達機車行", "district" : "內湖區", "address" : "臺北市內湖區文湖街75號", "category" : "檢驗站"}}, {"type" : "Feature", "geometry" : {"type":"Point","coordinates":[121.6173821,25.0676288]}, "properties" : {"station_name" : "峻東機車行", "district" : "內湖區", "address" : "臺北市內湖區東湖路119巷49弄30號", "category" : "檢驗站"}}, {"type" : "Feature", "geometry" : {"type":"Point","coordinates":[121.4993322,25.0319327]}, "properties" : {"station_name" : "承鋒車業行", "district" : "萬華區", "address" : "臺北市萬華區西園路2段67-2號", "category" : "檢驗站"}}, {"type" : "Feature", "geometry" : {"type":"Point","coordinates":[121.5269522,25.0287945]}, "properties" : {"station_name" : "建維機車行", "district" : "大安區", "address" : "臺北市大安區潮州街86號", "category" : "檢驗站"}}, {"type" : "Feature", "geometry" : {"type":"Point","coordinates":[121.5644995,25.0338352]}, "properties" : {"station_name" : "力鼎機車行", "district" : "信義區", "address" : "台北市信義區基隆路一段99號", "category" : "檢驗站"}}, {"type" : "Feature", "geometry" : {"type":"Point","coordinates":[121.5242068,25.0918396]}, "properties" : {"station_name" : "原益車業行", "district" : "士林區", "address" : "臺北市士林區延平北路5段14號", "category" : "檢驗站"}}, {"type" : "Feature", "geometry" : {"type":"Point","coordinates":[121.5247978,25.094351]}, "properties" : {"station_name" : "卉茂實業有限公司", "district" : "士林區", "address" : "臺北市士林區文林路764號", "category" : "檢驗站"}}, {"type" : "Feature", "geometry" : {"type":"Point","coordinates":[121.5889983,25.069664]}, "properties" : {"station_name" : "百鉅機車行", "district" : "內湖區", "address" : "臺北市內湖區成功路2段314號", "category" : "檢驗站"}}, {"type" : "Feature", "geometry" : {"type":"Point","coordinates":[121.5777921,25.0480675]}, "properties" : {"station_name" : "豪信機車行", "district" : "信義區", "address" : "臺北市信義區松隆路217號", "category" : "檢驗站"}}, {"type" : "Feature", "geometry" : {"type":"Point","coordinates":[121.5289118,25.0574876]}, "properties" : {"station_name" : "泓原彰車業行", "district" : "中山區", "address" : "臺北市中山區中原街23號", "category" : "檢驗站"}}, {"type" : "Feature", "geometry" : {"type":"Point","coordinates":[121.5889983,25.069664]}, "properties" : {"station_name" : "誠鴻機車行", "district" : "內湖區", "address" : "臺北市內湖區民權東路6段60號", "category" : "檢驗站"}}, {"type" : "Feature", "geometry" : {"type":"Point","coordinates":[121.501379,25.132419]}, "properties" : {"station_name" : "大利車業行", "district" : "北投區", "address" : "臺北市北投區中央北路1段203號", "category" : "檢驗站"}}, {"type" : "Feature", "geometry" : {"type":"Point","coordinates":[121.534395,25.0265152]}, "properties" : {"station_name" : "樺新車業行", "district" : "大安區", "address" : "臺北市大安區市民大道4段64號", "category" : "檢驗站"}}, {"type" : "Feature", "geometry" : {"type":"Point","coordinates":[121.533468,25.0643611]}, "properties" : {"station_name" : "永全機車行", "district" : "中山區", "address" : "臺北市中山區中山北路2段137巷36-2號", "category" : "檢驗站"}}, {"type" : "Feature", "geometry" : {"type":"Point","coordinates":[121.501379,25.132419]}, "properties" : {"station_name" : "浩成機車行", "district" : "北投區", "address" : "臺北市北投區崇仁路1段40號", "category" : "檢驗站"}}, {"type" : "Feature", "geometry" : {"type":"Point","coordinates":[121.5889983,25.069664]}, "properties" : {"station_name" : "飛皇車業行", "district" : "內湖區", "address" : "臺北市內湖區內湖路2段9號", "category" : "檢驗站"}}, {"type" : "Feature", "geometry" : {"type":"Point","coordinates":[121.4993322,25.0319327]}, "properties" : {"station_name" : "豪成機車行", "district" : "萬華區", "address" : "臺北市萬華區和平西路2段190巷5號", "category" : "檢驗站"}}, {"type" : "Feature", "geometry" : {"type":"Point","coordinates":[121.5242068,25.0918396]}, "properties" : {"station_name" : "日輝車業有限公司", "district" : "士林區", "address" : "臺北市士林區延平北路5段41號1樓", "category" : "檢驗站"}}, {"type" : "Feature", "geometry" : {"type":"Point","coordinates":[121.570458,24.989786]}, "properties" : {"station_name" : "元信機車行有限公司", "district" : "文山區", "address" : "臺北市文山區木柵路2段125號", "category" : "檢驗站"}}, {"type" : "Feature", "geometry" : {"type":"Point","coordinates":[121.5642505,25.0278477]}, "properties" : {"station_name" : "益昇機車行", "district" : "信義區", "address" : "臺北市信義區莊敬路214號", "category" : "檢驗站"}}, {"type" : "Feature", "geometry" : {"type":"Point","coordinates":[121.5690332,25.0586774]}, "properties" : {"station_name" : "老羅機車行", "district" : "松山區", "address" : "臺北市松山區塔悠路206號", "category" : "檢驗站"}}, {"type" : "Feature", "geometry" : {"type":"Point","coordinates":[121.5900762,25.040245]}, "properties" : {"station_name" : "惠展車業", "district" : "南港區", "address" : "臺北市南港區福德街354號", "category" : "檢驗站"}}, {"type" : "Feature", "geometry" : {"type":"Point","coordinates":[121.5889983,25.069664]}, "properties" : {"station_name" : "米德車業行", "district" : "內湖區", "address" : "臺北市內湖區環山路2段21號", "category" : "檢驗站"}}, {"type" : "Feature", "geometry" : {"type":"Point","coordinates":[121.5538123,25.0287281]}, "properties" : {"station_name" : "迅誠機車行", "district" : "大安區", "address" : "臺北市大安區通化街171巷11號", "category" : "檢驗站"}}, {"type" : "Feature", "geometry" : {"type":"Point","coordinates":[121.533468,25.0643611]}, "properties" : {"station_name" : "新星機車行", "district" : "中山區", "address" : "臺北市中山區新生北路3段91號", "category" : "檢驗站"}}, {"type" : "Feature", "geometry" : {"type":"Point","coordinates":[121.5181096,25.1125003]}, "properties" : {"station_name" : "草山車業", "district" : "北投區", "address" : "臺北市北投區東陽街470號1樓", "category" : "檢驗站"}}, {"type" : "Feature", "geometry" : {"type":"Point","coordinates":[121.5005238,25.0293616]}, "properties" : {"station_name" : "德客隆機車行", "district" : "萬華區", "address" : "臺北市萬華區西藏路170號1樓", "category" : "檢驗站"}}, {"type" : "Feature", "geometry" : {"type":"Point","coordinates":[121.5772719,25.0498852]}, "properties" : {"station_name" : "尚勇車業行", "district" : "松山區", "address" : "臺北市松山區八德路4段332號", "category" : "檢驗站"}}, {"type" : "Feature", "geometry" : {"type":"Point","coordinates":[121.5902824,25.0385924]}, "properties" : {"station_name" : "嘉駿機車行", "district" : "南港區", "address" : "臺北市南港區成福路155號1樓", "category" : "檢驗站"}}, {"type" : "Feature", "geometry" : {"type":"Point","coordinates":[121.5839499,25.038165]}, "properties" : {"station_name" : "翔偉機車行", "district" : "信義區", "address" : "臺北市信義區福德街66號", "category" : "檢驗站"}}, {"type" : "Feature", "geometry" : {"type":"Point","coordinates":[121.570458,24.989786]}, "properties" : {"station_name" : "福星機車行", "district" : "文山區", "address" : "臺北市文山區木新路2段123號", "category" : "檢驗站"}}, {"type" : "Feature", "geometry" : {"type":"Point","coordinates":[121.5242068,25.0918396]}, "properties" : {"station_name" : "北大機車材料行", "district" : "士林區", "address" : "臺北市士林區中正路411、413號", "category" : "檢驗站"}}, {"type" : "Feature", "geometry" : {"type":"Point","coordinates":[121.6065999,25.0545779]}, "properties" : {"station_name" : "家育車業行", "district" : "南港區", "address" : "臺北市南港區成福路200之1號1樓", "category" : "檢驗站"}}, {"type" : "Feature", "geometry" : {"type":"Point","coordinates":[121.6065999,25.0545779]}, "properties" : {"station_name" : "三漾輪業行", "district" : "南港區", "address" : "臺北市南港區忠孝東路6段240號1樓", "category" : "檢驗站"}}, {"type" : "Feature", "geometry" : {"type":"Point","coordinates":[121.570458,24.989786]}, "properties" : {"station_name" : "合展車業行", "district" : "文山區", "address" : "臺北市文山區羅斯福路6段73、75號", "category" : "檢驗站"}}, {"type" : "Feature", "geometry" : {"type":"Point","coordinates":[121.5149356,25.0589585]}, "properties" : {"station_name" : "立偉成有限公司", "district" : "大同區", "address" : "臺北市大同區寧夏路127號", "category" : "檢驗站"}}, {"type" : "Feature", "geometry" : {"type":"Point","coordinates":[121.5803707,25.0784403]}, "properties" : {"station_name" : "內湖車業有限公司", "district" : "內湖區", "address" : "臺北市內湖區文德路18號", "category" : "檢驗站"}}, {"type" : "Feature", "geometry" : {"type":"Point","coordinates":[121.588039,25.0584583]}, "properties" : {"station_name" : "法仕德車業有限公司", "district" : "內湖區", "address" : "臺北市內湖區新明路363號", "category" : "檢驗站"}}, {"type" : "Feature", "geometry" : {"type":"Point","coordinates":[121.5647512,25.0256419]}, "properties" : {"station_name" : "摩都車業行", "district" : "信義區", "address" : "臺北市信義區吳興街378號1樓", "category" : "檢驗站"}}, {"type" : "Feature", "geometry" : {"type":"Point","coordinates":[121.5668963,25.0333448]}, "properties" : {"station_name" : "光明車業有限公司", "district" : "信義區", "address" : "臺北市信義區基隆路2段165號", "category" : "檢驗站"}}, {"type" : "Feature", "geometry" : {"type":"Point","coordinates":[121.5447325,24.996061]}, "properties" : {"station_name" : "三光機車行", "district" : "文山區", "address" : "臺北市文山區景興路7號1樓", "category" : "檢驗站"}}, {"type" : "Feature", "geometry" : {"type":"Point","coordinates":[121.5242068,25.0918396]}, "properties" : {"station_name" : "永景機車材料行", "district" : "士林區", "address" : "臺北市士林區中山北路6段405巷79號1樓", "category" : "檢驗站"}}, {"type" : "Feature", "geometry" : {"type":"Point","coordinates":[121.5242068,25.0918396]}, "properties" : {"station_name" : "進喆車業行", "district" : "士林區", "address" : "臺北市士林區通河東街1段198號1樓", "category" : "檢驗站"}}, {"type" : "Feature", "geometry" : {"type":"Point","coordinates":[121.5066466,25.0375415]}, "properties" : {"station_name" : "金里車行", "district" : "萬華區", "address" : "臺北市萬華區桂林路244巷57號", "category" : "檢驗站"}}, {"type" : "Feature", "geometry" : {"type":"Point","coordinates":[121.4993322,25.0319327]}, "properties" : {"station_name" : "永盛機車行", "district" : "萬華區", "address" : "臺北市萬華區環河南路2段300號1樓", "category" : "檢驗站"}}, {"type" : "Feature", "geometry" : {"type":"Point","coordinates":[121.534395,25.0265152]}, "properties" : {"station_name" : "立暉機車行", "district" : "大安區", "address" : "臺北市大安區新生南路2段82-1號1樓", "category" : "檢驗站"}}, {"type" : "Feature", "geometry" : {"type":"Point","coordinates":[121.5720788,25.0450679]}, "properties" : {"station_name" : "世貿機車材料行", "district" : "信義區", "address" : "臺北市信義區松信路162號", "category" : "檢驗站"}}, {"type" : "Feature", "geometry" : {"type":"Point","coordinates":[121.5289118,25.0574876]}, "properties" : {"station_name" : "旭順車業行", "district" : "中山區", "address" : "臺北市中山區中原街55號", "category" : "檢驗站"}}, {"type" : "Feature", "geometry" : {"type":"Point","coordinates":[121.570458,24.989786]}, "properties" : {"station_name" : "龍杰車業行", "district" : "文山區", "address" : "臺北市文山區木柵路1段206號", "category" : "檢驗站"}}, {"type" : "Feature", "geometry" : {"type":"Point","coordinates":[121.5405664,25.056113]}, "properties" : {"station_name" : "興羨機車行", "district" : "中山區", "address" : "臺北市中山區興安街65號", "category" : "檢驗站"}}, {"type" : "Feature", "geometry" : {"type":"Point","coordinates":[121.5913912,25.0621251]}, "properties" : {"station_name" : "千豐車業行", "district" : "內湖區", "address" : "臺北市內湖區安康路191號", "category" : "檢驗站"}}, {"type" : "Feature", "geometry" : {"type":"Point","coordinates":[121.5408594,25.0281801]}, "properties" : {"station_name" : "崇盛機車行", "district" : "大安區", "address" : "臺北市大安區瑞安街152號", "category" : "檢驗站"}}, {"type" : "Feature", "geometry" : {"type":"Point","coordinates":[121.515514,25.065986]}, "properties" : {"station_name" : "雄偉機車行", "district" : "大同區", "address" : "臺北市大同區環河北路1段335號", "category" : "檢驗站"}}, {"type" : "Feature", "geometry" : {"type":"Point","coordinates":[121.6224732,25.0888901]}, "properties" : {"station_name" : "冠頡車業行", "district" : "內湖區", "address" : "臺北市內湖區康樂街200號1樓", "category" : "檢驗站"}}, {"type" : "Feature", "geometry" : {"type":"Point","coordinates":[121.5242068,25.0918396]}, "properties" : {"station_name" : "學生機車行有限公司", "district" : "士林區", "address" : "臺北市士林區華岡路31之3號1樓", "category" : "檢驗站"}}, {"type" : "Feature", "geometry" : {"type":"Point","coordinates":[121.5565612,25.0457507]}, "properties" : {"station_name" : "祥瑞車業行", "district" : "松山區", "address" : "台北市松山區光復南路46號", "category" : "檢驗站"}}, {"type" : "Feature", "geometry" : {"type":"Point","coordinates":[121.6077101,25.0533658]}, "properties" : {"station_name" : "祥銘機車行", "district" : "南港區", "address" : "臺北市南港區興中路80巷14號1樓", "category" : "檢驗站"}}, {"type" : "Feature", "geometry" : {"type":"Point","coordinates":[121.570458,24.989786]}, "properties" : {"station_name" : "吉全機車行", "district" : "文山區", "address" : "臺北市文山區興隆路4段111-2號", "category" : "檢驗站"}}, {"type" : "Feature", "geometry" : {"type":"Point","coordinates":[121.5798797,25.0326545]}, "properties" : {"station_name" : "展旗車業行", "district" : "信義區", "address" : "台北市信義區松山路225號", "category" : "檢驗站"}}, {"type" : "Feature", "geometry" : {"type":"Point","coordinates":[121.501379,25.132419]}, "properties" : {"station_name" : "百傑車業行", "district" : "北投區", "address" : "臺北市北投區中央北路2段303號", "category" : "檢驗站"}}, {"type" : "Feature", "geometry" : {"type":"Point","coordinates":[121.6065999,25.0545779]}, "properties" : {"station_name" : "景隆機車有限公司", "district" : "南港區", "address" : "臺北市南港區忠孝東路7段597號", "category" : "檢驗站"}}, {"type" : "Feature", "geometry" : {"type":"Point","coordinates":[121.518267,25.0323611]}, "properties" : {"station_name" : "三之三車業有限公司", "district" : "中正區", "address" : "臺北市中正區重慶南路3段56號", "category" : "檢驗站"}}, {"type" : "Feature", "geometry" : {"type":"Point","coordinates":[121.5542332,25.0242846]}, "properties" : {"station_name" : "正泓機車行", "district" : "信義區", "address" : "臺北市信義區崇德街78號1樓", "category" : "檢驗站"}}, {"type" : "Feature", "geometry" : {"type":"Point","coordinates":[121.6065999,25.0545779]}, "properties" : {"station_name" : "伍邦車業", "district" : "南港區", "address" : "臺北市南港區忠孝東路6段284號", "category" : "檢驗站"}}, {"type" : "Feature", "geometry" : {"type":"Point","coordinates":[121.5889983,25.069664]}, "properties" : {"station_name" : "豪展機車行", "district" : "內湖區", "address" : "臺北市內湖區康寧路1段206號", "category" : "檢驗站"}}, {"type" : "Feature", "geometry" : {"type":"Point","coordinates":[121.5642505,25.0278477]}, "properties" : {"station_name" : "大仁機車行", "district" : "信義區", "address" : "臺北市信義區莊敬路325巷38號", "category" : "檢驗站"}}, {"type" : "Feature", "geometry" : {"type":"Point","coordinates":[121.558261,25.0272856]}, "properties" : {"station_name" : "政辰車業行", "district" : "信義區", "address" : "臺北市信義區信安街184號", "category" : "檢驗站"}}, {"type" : "Feature", "geometry" : {"type":"Point","coordinates":[121.5889983,25.069664]}, "properties" : {"station_name" : "熊大車業行", "district" : "內湖區", "address" : "臺北市內湖區內湖路2段114號", "category" : "檢驗站"}}, {"type" : "Feature", "geometry" : {"type":"Point","coordinates":[121.5889983,25.069664]}, "properties" : {"station_name" : "東和機車有限公司", "district" : "內湖區", "address" : "臺北市內湖區環山路1段96號", "category" : "檢驗站"}}, {"type" : "Feature", "geometry" : {"type":"Point","coordinates":[121.5242068,25.0918396]}, "properties" : {"station_name" : "聖平車業行", "district" : "士林區", "address" : "臺北市士林區延平北路6段149號", "category" : "檢驗站"}}, {"type" : "Feature", "geometry" : {"type":"Point","coordinates":[121.540222,25.0794226]}, "properties" : {"station_name" : "英詮機車行", "district" : "中山區", "address" : "臺北市中山區北安路656號1樓", "category" : "檢驗站"}}, {"type" : "Feature", "geometry" : {"type":"Point","coordinates":[121.501379,25.132419]}, "properties" : {"station_name" : "良偉機車行", "district" : "北投區", "address" : "臺北市北投區立農街2段284號1樓", "category" : "檢驗站"}}, {"type" : "Feature", "geometry" : {"type":"Point","coordinates":[121.501379,25.132419]}, "properties" : {"station_name" : "健展車業行", "district" : "北投區", "address" : "臺北市北投區中央北路4段479號", "category" : "檢驗站"}}, {"type" : "Feature", "geometry" : {"type":"Point","coordinates":[121.570458,24.989786]}, "properties" : {"station_name" : "龍騰車業行", "district" : "文山區", "address" : "臺北市文山區木柵路1段34號", "category" : "檢驗站"}}, {"type" : "Feature", "geometry" : {"type":"Point","coordinates":[121.5120459,25.0366983]}, "properties" : {"station_name" : "致盛國際車業有限公司", "district" : "中正區", "address" : "臺北市中正區重慶南路3段130-1、130-2號", "category" : "檢驗站"}}, {"type" : "Feature", "geometry" : {"type":"Point","coordinates":[121.520839,25.1153643]}, "properties" : {"station_name" : "凱聿車業有限公司", "district" : "北投區", "address" : "臺北市北投區明德路150巷5號1樓", "category" : "檢驗站"}}, {"type" : "Feature", "geometry" : {"type":"Point","coordinates":[121.5014356,25.1393311]}, "properties" : {"station_name" : "振昇機車行", "district" : "北投區", "address" : "臺北市北投區中和街241號1樓", "category" : "檢驗站"}}, {"type" : "Feature", "geometry" : {"type":"Point","coordinates":[121.5010491,25.1370828]}, "properties" : {"station_name" : "金順機車行", "district" : "北投區", "address" : "臺北市北投區育仁路137號1樓", "category" : "檢驗站"}}, {"type" : "Feature", "geometry" : {"type":"Point","coordinates":[121.5825313,25.040638]}, "properties" : {"station_name" : "丞時機車行", "district" : "信義區", "address" : "臺北市信義區大道路31號", "category" : "檢驗站"}}, {"type" : "Feature", "geometry" : {"type":"Point","coordinates":[121.518267,25.0323611]}, "properties" : {"station_name" : "禾錡車業行", "district" : "中正區", "address" : "臺北市中正區汀州路2段251號", "category" : "檢驗站"}}, {"type" : "Feature", "geometry" : {"type":"Point","coordinates":[121.5420248,24.9883006]}, "properties" : {"station_name" : "孟軒機車行", "district" : "文山區", "address" : "臺北市文山區木柵路一段180號1樓", "category" : "檢驗站"}}, {"type" : "Feature", "geometry" : {"type":"Point","coordinates":[121.588039,25.0584583]}, "properties" : {"station_name" : "動力羊機車部品開發有限公司", "district" : "內湖區", "address" : "臺北市內湖區新明路339號1樓", "category" : "檢驗站"}}, {"type" : "Feature", "geometry" : {"type":"Point","coordinates":[121.5803707,25.0784403]}, "properties" : {"station_name" : "鑫勝車業行", "district" : "內湖區", "address" : "臺北市內湖區文德路90巷28號1樓", "category" : "檢驗站"}}, {"type" : "Feature", "geometry" : {"type":"Point","coordinates":[121.5557163,25.035507]}, "properties" : {"station_name" : "德興鑫車業行", "district" : "大安區", "address" : "臺北市大安區延吉街270號", "category" : "檢驗站"}}, {"type" : "Feature", "geometry" : {"type":"Point","coordinates":[121.558261,25.0272856]}, "properties" : {"station_name" : "辰昶機車行", "district" : "信義區", "address" : "臺北市信義區信安街80號", "category" : "檢驗站"}}, {"type" : "Feature", "geometry" : {"type":"Point","coordinates":[121.5107939,25.1206302]}, "properties" : {"station_name" : "原馳機車行", "district" : "北投區", "address" : "台北市北投區東華街二段14號1樓", "category" : "檢驗站"}}, {"type" : "Feature", "geometry" : {"type":"Point","coordinates":[121.501379,25.132419]}, "properties" : {"station_name" : "聲豪機車行", "district" : "北投區", "address" : "臺北市北投區西安街2段185號1樓", "category" : "檢驗站"}}, {"type" : "Feature", "geometry" : {"type":"Point","coordinates":[121.5642505,25.0278477]}, "properties" : {"station_name" : "人豪機車行", "district" : "信義區", "address" : "臺北市信義區莊敬路204號1樓", "category" : "檢驗站"}}, {"type" : "Feature", "geometry" : {"type":"Point","coordinates":[121.4910343,25.0317212]}, "properties" : {"station_name" : "環南市場西一門超級充電站", "district" : "萬華區", "address" : "臺北市萬華區環河南路二段245號", "category" : "中華汽車"}}, {"type" : "Feature", "geometry" : {"type":"Point","coordinates":[121.5632847,25.0608084]}, "properties" : {"station_name" : "家樂福三民店超級充電站", "district" : "松山區", "address" : "臺北市松山區三民路160號", "category" : "中華汽車"}}, {"type" : "Feature", "geometry" : {"type":"Point","coordinates":[121.574603,25.0634322]}, "properties" : {"station_name" : "家樂福內湖超級充電站", "district" : "內湖區", "address" : "臺北市內湖區民善街88號", "category" : "中華汽車"}}, {"type" : "Feature", "geometry" : {"type":"Point","coordinates":[121.5137887,25.0575871]}, "properties" : {"station_name" : "家樂福重慶超級充電站", "district" : "大同區", "address" : "臺北市大同區重慶北路二段171號", "category" : "中華汽車"}}, {"type" : "Feature", "geometry" : {"type":"Point","coordinates":[121.5889983,25.069664]}, "properties" : {"station_name" : "順益汽車內湖所超級充電站", "district" : "內湖區", "address" : "臺北市內湖區民權東路六段13之15號", "category" : "中華汽車"}}, {"type" : "Feature", "geometry" : {"type":"Point","coordinates":[121.5329094,25.0737741]}, "properties" : {"station_name" : "中華汽車濱江大樓超級充電站", "district" : "中山區", "address" : "臺北市中山區濱江街309號", "category" : "中華汽車"}}, {"type" : "Feature", "geometry" : {"type":"Point","coordinates":[121.5050774,25.0336599]}, "properties" : {"station_name" : "萬華和平西專賣店超級充電站", "district" : "萬華區", "address" : "臺北市萬華區和平西路二段149號", "category" : "中華汽車"}}, {"type" : "Feature", "geometry" : {"type":"Point","coordinates":[121.5382187,25.0460414]}, "properties" : {"station_name" : "中崙站", "district" : "中山區", "address" : "台北市中山區八德路二段214號", "category" : "中油"}}, {"type" : "Feature", "geometry" : {"type":"Point","coordinates":[121.5970454,25.0710261]}, "properties" : {"station_name" : "內湖站", "district" : "內湖區", "address" : "台北市內湖區民權東路六段50號", "category" : "中油"}}, {"type" : "Feature", "geometry" : {"type":"Point","coordinates":[121.5435546,25.0333294]}, "properties" : {"station_name" : "信義路站", "district" : "大安區", "address" : "台北市大安區信義路四段374號", "category" : "中油"}}, {"type" : "Feature", "geometry" : {"type":"Point","coordinates":[121.5640554,25.0605743]}, "properties" : {"station_name" : "民生東路站", "district" : "松山區", "address" : "台北市松山區三民路126號", "category" : "中油"}}, {"type" : "Feature", "geometry" : {"type":"Point","coordinates":[121.5257047,25.0873314]}, "properties" : {"station_name" : "文林路站", "district" : "士林區", "address" : "台北市士林區文林路100號", "category" : "中油"}}, {"type" : "Feature", "geometry" : {"type":"Point","coordinates":[121.5262468,25.0934949]}, "properties" : {"station_name" : "臺北市公有士東市場站", "district" : "士林區", "address" : "台北市士林區士東路100號", "category" : "Gogoro Network"}}, {"type" : "Feature", "geometry" : {"type":"Point","coordinates":[121.5262468,25.0934949]}, "properties" : {"station_name" : "士林運動中心站", "district" : "士林區", "address" : "台北市士林區士商路1號", "category" : "Gogoro Network"}}, {"type" : "Feature", "geometry" : {"type":"Point","coordinates":[121.5262468,25.0934949]}, "properties" : {"station_name" : "台亞台北士林加油站", "district" : "士林區", "address" : "台北市士林區中山北路五段570號旁", "category" : "Gogoro Network"}}, {"type" : "Feature", "geometry" : {"type":"Point","coordinates":[121.5262468,25.0934949]}, "properties" : {"station_name" : "全聯士林中正店站", "district" : "士林區", "address" : "台北市士林區中正路115號", "category" : "Gogoro Network"}}, {"type" : "Feature", "geometry" : {"type":"Point","coordinates":[121.5262468,25.0934949]}, "properties" : {"station_name" : "社子國小地下停車場B1F站", "district" : "士林區", "address" : "台北市士林區延平北路6段308號", "category" : "Gogoro Network"}}, {"type" : "Feature", "geometry" : {"type":"Point","coordinates":[121.511241,25.082906]}, "properties" : {"station_name" : "延平北路5段臨時平面停車場站", "district" : "士林區", "address" : "台北市士林區延平北路五段1巷", "category" : "Gogoro Network"}}, {"type" : "Feature", "geometry" : {"type":"Point","coordinates":[121.5322171,25.1079779]}, "properties" : {"station_name" : "Gogoro 天母忠誠門市站", "district" : "士林區", "address" : "台北市士林區忠誠路一段101號", "category" : "Gogoro Network"}}, {"type" : "Feature", "geometry" : {"type":"Point","coordinates":[121.5320853,25.116069]}, "properties" : {"station_name" : "天母大葉高島屋百貨公司站", "district" : "士林區", "address" : "台北市士林區忠誠路二段55號", "category" : "Gogoro Network"}}, {"type" : "Feature", "geometry" : {"type":"Point","coordinates":[121.5262468,25.0934949]}, "properties" : {"station_name" : "Gogoro 士林承德服務中心站", "district" : "士林區", "address" : "台北市士林區承德路4段340號", "category" : "Gogoro Network"}}, {"type" : "Feature", "geometry" : {"type":"Point","coordinates":[121.5262468,25.0934949]}, "properties" : {"station_name" : "宏佳騰士林承德店站", "district" : "士林區", "address" : "台北市士林區承德路四段83號", "category" : "Gogoro Network"}}, {"type" : "Feature", "geometry" : {"type":"Point","coordinates":[121.5262468,25.0934949]}, "properties" : {"station_name" : "台北市格致路站", "district" : "士林區", "address" : "台北市士林區格致路59號", "category" : "Gogoro Network"}}, {"type" : "Feature", "geometry" : {"type":"Point","coordinates":[121.5262468,25.0934949]}, "properties" : {"station_name" : "台灣聯通士林官邸場站", "district" : "士林區", "address" : "台北市士林區福林路100巷11弄交叉口", "category" : "Gogoro Network"}}, {"type" : "Feature", "geometry" : {"type":"Point","coordinates":[121.5262468,25.0934949]}, "properties" : {"station_name" : "台北捷運芝山站", "district" : "士林區", "address" : "台北市士林區福國路70號捷運站1號出口", "category" : "Gogoro Network"}}, {"type" : "Feature", "geometry" : {"type":"Point","coordinates":[121.5064782,25.0636874]}, "properties" : {"station_name" : "臺北市樹德公園站", "district" : "大同區", "address" : "台北市大同區大龍街91巷7號對面", "category" : "Gogoro Network"}}, {"type" : "Feature", "geometry" : {"type":"Point","coordinates":[121.5107284,25.0776345]}, "properties" : {"station_name" : "啟聰學校地下停車場B1F站", "district" : "大同區", "address" : "台北市大同區延平北路四段205號", "category" : "Gogoro Network"}}, {"type" : "Feature", "geometry" : {"type":"Point","coordinates":[121.5184876,25.0595236]}, "properties" : {"station_name" : "建成公園地下停車場B1F站", "district" : "大同區", "address" : "台北市大同區承德路二段31號", "category" : "Gogoro Network"}}, {"type" : "Feature", "geometry" : {"type":"Point","coordinates":[121.5064782,25.0636874]}, "properties" : {"station_name" : "建成國中地下停車場B1F站", "district" : "大同區", "address" : "台北市大同區長安西路37號之1", "category" : "Gogoro Network"}}, {"type" : "Feature", "geometry" : {"type":"Point","coordinates":[121.5094637,25.0545338]}, "properties" : {"station_name" : "第一銀行大稻埕分行站", "district" : "大同區", "address" : "台北市大同區迪化街一段63號", "category" : "Gogoro Network"}}, {"type" : "Feature", "geometry" : {"type":"Point","coordinates":[121.515074,25.0564498]}, "properties" : {"station_name" : "第一銀行重慶北路站", "district" : "大同區", "address" : "台北市大同區重慶北路二段180號", "category" : "Gogoro Network"}}, {"type" : "Feature", "geometry" : {"type":"Point","coordinates":[121.5435546,25.0333294]}, "properties" : {"station_name" : "臺北市四維廣場停車場站", "district" : "大安區", "address" : "台北市大安區四維路78號對面", "category" : "Gogoro Network"}}, {"type" : "Feature", "geometry" : {"type":"Point","coordinates":[121.524177,25.0270164]}, "properties" : {"station_name" : "Gogoro 師大和平店站", "district" : "大安區", "address" : "台北市大安區和平東路一段129號", "category" : "Gogoro Network"}}, {"type" : "Feature", "geometry" : {"type":"Point","coordinates":[121.5629361,25.0107467]}, "properties" : {"station_name" : "台北捷運六張犁站", "district" : "大安區", "address" : "台北市大安區和平東路三段168號", "category" : "Gogoro Network"}}, {"type" : "Feature", "geometry" : {"type":"Point","coordinates":[121.5435546,25.0333294]}, "properties" : {"station_name" : "國立臺北教育大學站", "district" : "大安區", "address" : "台北市大安區臥龍街20之1號旁", "category" : "Gogoro Network"}}, {"type" : "Feature", "geometry" : {"type":"Point","coordinates":[121.538745,25.0328327]}, "properties" : {"station_name" : "勝利加油站", "district" : "大安區", "address" : "台北市大安區建國南路二段75-1號", "category" : "Gogoro Network"}}, {"type" : "Feature", "geometry" : {"type":"Point","coordinates":[121.5534469,25.0255447]}, "properties" : {"station_name" : "更生保護會基隆路站", "district" : "大安區", "address" : "台北市大安區基隆路二段166-1號旁", "category" : "Gogoro Network"}}, {"type" : "Feature", "geometry" : {"type":"Point","coordinates":[121.5432259,25.0134498]}, "properties" : {"station_name" : "國立臺灣科技大學站", "district" : "大安區", "address" : "台北市大安區基隆路四段43號", "category" : "Gogoro Network"}}, {"type" : "Feature", "geometry" : {"type":"Point","coordinates":[121.5435546,25.0333294]}, "properties" : {"station_name" : "7-ELEVEN 華電店站", "district" : "大安區", "address" : "台北市大安區通化街177號", "category" : "Gogoro Network"}}, {"type" : "Feature", "geometry" : {"type":"Point","coordinates":[121.5435546,25.0333294]}, "properties" : {"station_name" : "7-ELEVEN 誠安店站", "district" : "大安區", "address" : "台北市大安區敦化南路1段247巷12號", "category" : "Gogoro Network"}}, {"type" : "Feature", "geometry" : {"type":"Point","coordinates":[121.5435546,25.0333294]}, "properties" : {"station_name" : "臺大二活停車場站", "district" : "大安區", "address" : "台北市大安區羅斯福路4段107號", "category" : "Gogoro Network"}}, {"type" : "Feature", "geometry" : {"type":"Point","coordinates":[121.5475617,25.0845828]}, "properties" : {"station_name" : "實踐大學站", "district" : "中山區", "address" : "台北市中山區大直街70號", "category" : "Gogoro Network"}}, {"type" : "Feature", "geometry" : {"type":"Point","coordinates":[121.521639,25.0550542]}, "properties" : {"station_name" : "第一銀行中山分行站", "district" : "中山區", "address" : "台北市中山區中山北路二段59巷3弄7號", "category" : "Gogoro Network"}}, {"type" : "Feature", "geometry" : {"type":"Point","coordinates":[121.5203914,25.0526256]}, "properties" : {"station_name" : "全家美華店站", "district" : "中山區", "address" : "台北市中山區北安路819之1號", "category" : "Gogoro Network"}}, {"type" : "Feature", "geometry" : {"type":"Point","coordinates":[121.5203914,25.0526256]}, "properties" : {"station_name" : "臺北市新生公園停車場站", "district" : "中山區", "address" : "台北市中山區民族東路與吉林路口", "category" : "Gogoro Network"}}, {"type" : "Feature", "geometry" : {"type":"Point","coordinates":[121.5203914,25.0526256]}, "properties" : {"station_name" : "台北捷運民權西路站", "district" : "中山區", "address" : "台北市中山區民權西路72號捷運3號出入口", "category" : "Gogoro Network"}}, {"type" : "Feature", "geometry" : {"type":"Point","coordinates":[121.533387,25.0568748]}, "properties" : {"station_name" : "Gogoro 中山松江服務中心站", "district" : "中山區", "address" : "台北市中山區松江路530號", "category" : "Gogoro Network"}}, {"type" : "Feature", "geometry" : {"type":"Point","coordinates":[121.5321426,25.0517971]}, "properties" : {"station_name" : "合作金庫銀行自強分行站", "district" : "中山區", "address" : "台北市中山區南京東路二段85號", "category" : "Gogoro Network"}}, {"type" : "Feature", "geometry" : {"type":"Point","coordinates":[121.520744,25.0499447]}, "properties" : {"station_name" : "臺北市建國北路高架橋下停車場站", "district" : "中山區", "address" : "台北市中山區建國北路一段13號對面(近建國北路一段八德路二段口)", "category" : "Gogoro Network"}}, {"type" : "Feature", "geometry" : {"type":"Point","coordinates":[121.5203914,25.0526256]}, "properties" : {"station_name" : "便利停車場建國站", "district" : "中山區", "address" : "台北市中山區建國北路二段11巷內空地", "category" : "Gogoro Network"}}, {"type" : "Feature", "geometry" : {"type":"Point","coordinates":[121.5358256,25.0617794]}, "properties" : {"station_name" : "7-ELEVEN 金宴店站", "district" : "中山區", "address" : "台北市中山區建國北路二段151巷8號", "category" : "Gogoro Network"}}, {"type" : "Feature", "geometry" : {"type":"Point","coordinates":[121.5362825,25.0675474]}, "properties" : {"station_name" : "榮星花園地下停車場B1F站", "district" : "中山區", "address" : "台北市中山區建國北路三段39號", "category" : "Gogoro Network"}}, {"type" : "Feature", "geometry" : {"type":"Point","coordinates":[121.5203914,25.0526256]}, "properties" : {"station_name" : "7-ELEVEN 榮鑫店站", "district" : "中山區", "address" : "台北市中山區建國北路三段89及91號前", "category" : "Gogoro Network"}}, {"type" : "Feature", "geometry" : {"type":"Point","coordinates":[121.53075,25.04699]}, "properties" : {"station_name" : "Gogoro 新生市民服務中心站", "district" : "中山區", "address" : "台北市中山區新生北路一段23號1樓", "category" : "Gogoro Network"}}, {"type" : "Feature", "geometry" : {"type":"Point","coordinates":[121.5203914,25.0526256]}, "properties" : {"station_name" : "臺北市新壽公園站", "district" : "中山區", "address" : "台北市中山區新生北路三段3巷56號對面", "category" : "Gogoro Network"}}, {"type" : "Feature", "geometry" : {"type":"Point","coordinates":[121.5279518,25.0528439]}, "properties" : {"station_name" : "臺北市新生北廣場停車場站", "district" : "中山區", "address" : "台北市中山區新生北路—段36號前", "category" : "Gogoro Network"}}, {"type" : "Feature", "geometry" : {"type":"Point","coordinates":[121.5348382,25.0105292]}, "properties" : {"station_name" : "公館水岸新世界機車臨時平面停車場站", "district" : "中正區", "address" : "台北市中正區汀州路三段160巷8號", "category" : "Gogoro Network"}}, {"type" : "Feature", "geometry" : {"type":"Point","coordinates":[121.50846,25.03792]}, "properties" : {"station_name" : "東吳大學城區部站", "district" : "中正區", "address" : "台北市中正區延平南路133巷底", "category" : "Gogoro Network"}}, {"type" : "Feature", "geometry" : {"type":"Point","coordinates":[121.5079279,25.0347486]}, "properties" : {"station_name" : "全聯中正延平店站", "district" : "中正區", "address" : "台北市中正區延平南路189號", "category" : "Gogoro Network"}}, {"type" : "Feature", "geometry" : {"type":"Point","coordinates":[121.5239868,25.0436692]}, "properties" : {"station_name" : "台北喜來登大飯店站", "district" : "中正區", "address" : "台北市中正區忠孝東路一段12號", "category" : "Gogoro Network"}}, {"type" : "Feature", "geometry" : {"type":"Point","coordinates":[121.5145252,25.0302246]}, "properties" : {"station_name" : "SOKER 中正重慶店站", "district" : "中正區", "address" : "台北市中正區重慶南路二段73號", "category" : "Gogoro Network"}}, {"type" : "Feature", "geometry" : {"type":"Point","coordinates":[121.5970454,25.0710261]}, "properties" : {"station_name" : "西湖公園站", "district" : "內湖區", "address" : "台北市內湖區內湖路一段387巷38號", "category" : "Gogoro Network"}}, {"type" : "Feature", "geometry" : {"type":"Point","coordinates":[121.5970454,25.0710261]}, "properties" : {"station_name" : "Gogoro 內湖西湖服務中心站", "district" : "內湖區", "address" : "台北市內湖區內湖路一段411巷19弄17號", "category" : "Gogoro Network"}}, {"type" : "Feature", "geometry" : {"type":"Point","coordinates":[121.5970454,25.0710261]}, "properties" : {"station_name" : "臺北市立圖書館西湖分館站", "district" : "內湖區", "address" : "台北市內湖區內湖路一段594號", "category" : "Gogoro Network"}}, {"type" : "Feature", "geometry" : {"type":"Point","coordinates":[121.5970454,25.0710261]}, "properties" : {"station_name" : "家樂福內湖店站", "district" : "內湖區", "address" : "台北市內湖區民善街88號", "category" : "Gogoro Network"}}, {"type" : "Feature", "geometry" : {"type":"Point","coordinates":[121.5970454,25.0710261]}, "properties" : {"station_name" : "台北市網球中心站", "district" : "內湖區", "address" : "台北市內湖區民權東路六段208號", "category" : "Gogoro Network"}}, {"type" : "Feature", "geometry" : {"type":"Point","coordinates":[121.5970454,25.0710261]}, "properties" : {"station_name" : "Gogoro 台北內湖服務中心站", "district" : "內湖區", "address" : "台北市內湖區民權東路六段296巷66-3號", "category" : "Gogoro Network"}}, {"type" : "Feature", "geometry" : {"type":"Point","coordinates":[121.5970454,25.0710261]}, "properties" : {"station_name" : "臺北市內湖焚化廠站", "district" : "內湖區", "address" : "台北市內湖區安康路228巷11號對面(機車停車場內)", "category" : "Gogoro Network"}}, {"type" : "Feature", "geometry" : {"type":"Point","coordinates":[121.5970454,25.0710261]}, "properties" : {"station_name" : "台北捷運大湖公園站", "district" : "內湖區", "address" : "台北市內湖區成功路五段11號捷運站1號出口", "category" : "Gogoro Network"}}, {"type" : "Feature", "geometry" : {"type":"Point","coordinates":[121.5941892,25.0834972]}, "properties" : {"station_name" : "CITYLINK 內湖店站", "district" : "內湖區", "address" : "台北市內湖區成功路四段188號", "category" : "Gogoro Network"}}, {"type" : "Feature", "geometry" : {"type":"Point","coordinates":[121.5970454,25.0710261]}, "properties" : {"station_name" : "內湖運動中心站", "district" : "內湖區", "address" : "台北市內湖區洲子街12號", "category" : "Gogoro Network"}}, {"type" : "Feature", "geometry" : {"type":"Point","coordinates":[121.5970454,25.0710261]}, "properties" : {"station_name" : "7-ELEVEN 瓏馬店站", "district" : "內湖區", "address" : "台北市內湖區康樂街213號", "category" : "Gogoro Network"}}, {"type" : "Feature", "geometry" : {"type":"Point","coordinates":[121.5970454,25.0710261]}, "properties" : {"station_name" : "遠傳總部大樓站", "district" : "內湖區", "address" : "台北市內湖區瑞光路468號", "category" : "Gogoro Network"}}, {"type" : "Feature", "geometry" : {"type":"Point","coordinates":[121.5762512,25.0621286]}, "properties" : {"station_name" : "IKEA 內湖店站", "district" : "內湖區", "address" : "台北市內湖區舊宗路一段128號", "category" : "Gogoro Network"}}, {"type" : "Feature", "geometry" : {"type":"Point","coordinates":[121.5762512,25.0621286]}, "properties" : {"station_name" : "麗車坊內湖旗艦店站", "district" : "內湖區", "address" : "台北市內湖區舊宗路一段86號", "category" : "Gogoro Network"}}, {"type" : "Feature", "geometry" : {"type":"Point","coordinates":[121.5756543,25.0698752]}, "properties" : {"station_name" : "台亞堤頂交流道加油站", "district" : "內湖區", "address" : "台北市內湖區舊宗路二段111號", "category" : "Gogoro Network"}}, {"type" : "Feature", "geometry" : {"type":"Point","coordinates":[121.5581071,24.9882893]}, "properties" : {"station_name" : "全家明興店站", "district" : "文山區", "address" : "台北市文山區木柵路二段109巷25弄2號1樓、2-1號", "category" : "Gogoro Network"}}, {"type" : "Feature", "geometry" : {"type":"Point","coordinates":[121.5678878,25.0070569]}, "properties" : {"station_name" : "全家名門店站", "district" : "文山區", "address" : "台北市文山區和平東路四段95號", "category" : "Gogoro Network"}}, {"type" : "Feature", "geometry" : {"type":"Point","coordinates":[121.5691544,24.9872085]}, "properties" : {"station_name" : "政大加油站", "district" : "文山區", "address" : "台北市文山區指南路一段53號", "category" : "Gogoro Network"}}, {"type" : "Feature", "geometry" : {"type":"Point","coordinates":[121.5777734,24.9878317]}, "properties" : {"station_name" : "全家政富店站", "district" : "文山區", "address" : "台北市文山區指南路二段145號", "category" : "Gogoro Network"}}, {"type" : "Feature", "geometry" : {"type":"Point","coordinates":[121.5697948,25.0084625]}, "properties" : {"station_name" : "景美國小地下停車場B1F站", "district" : "文山區", "address" : "台北市文山區景文街142巷2號B1樓", "category" : "Gogoro Network"}}, {"type" : "Feature", "geometry" : {"type":"Point","coordinates":[121.5498273,25.0002551]}, "properties" : {"station_name" : "福華加油站", "district" : "文山區", "address" : "台北市文山區興隆路二段244巷1號", "category" : "Gogoro Network"}}, {"type" : "Feature", "geometry" : {"type":"Point","coordinates":[121.4985934,25.1319307]}, "properties" : {"station_name" : "台北捷運復興崗站", "district" : "北投區", "address" : "台北市北投區中央北路三段53巷10號捷運站1號出口", "category" : "Gogoro Network"}}, {"type" : "Feature", "geometry" : {"type":"Point","coordinates":[121.4985934,25.1319307]}, "properties" : {"station_name" : "台北捷運忠義站", "district" : "北投區", "address" : "台北市北投區中央北路四段301號捷運站1號出口", "category" : "Gogoro Network"}}, {"type" : "Feature", "geometry" : {"type":"Point","coordinates":[121.4985934,25.1319307]}, "properties" : {"station_name" : "振興公園地下停車場B1F站", "district" : "北投區", "address" : "台北市北投區天母西路112號B1", "category" : "Gogoro Network"}}, {"type" : "Feature", "geometry" : {"type":"Point","coordinates":[121.4985934,25.1319307]}, "properties" : {"station_name" : "Gogoro 北投文林北門市站", "district" : "北投區", "address" : "台北市北投區文林北路230號1樓", "category" : "Gogoro Network"}}, {"type" : "Feature", "geometry" : {"type":"Point","coordinates":[121.5113551,25.1129286]}, "properties" : {"station_name" : "台北捷運石牌站", "district" : "北投區", "address" : "台北市北投區石牌路一段200號", "category" : "Gogoro Network"}}, {"type" : "Feature", "geometry" : {"type":"Point","coordinates":[121.5113551,25.1129286]}, "properties" : {"station_name" : "北投運動中心站", "district" : "北投區", "address" : "台北市北投區石牌路一段39巷100號", "category" : "Gogoro Network"}}, {"type" : "Feature", "geometry" : {"type":"Point","coordinates":[121.4985934,25.1319307]}, "properties" : {"station_name" : "第一銀行北投分行站", "district" : "北投區", "address" : "台北市北投區光明路133號1、2樓前", "category" : "Gogoro Network"}}, {"type" : "Feature", "geometry" : {"type":"Point","coordinates":[121.4985934,25.1319307]}, "properties" : {"station_name" : "台北捷運北投站", "district" : "北投區", "address" : "台北市北投區光明路1號", "category" : "Gogoro Network"}}, {"type" : "Feature", "geometry" : {"type":"Point","coordinates":[121.4985934,25.1319307]}, "properties" : {"station_name" : "台北捷運唭哩岸站", "district" : "北投區", "address" : "台北市北投區西安街二段253號對面", "category" : "Gogoro Network"}}, {"type" : "Feature", "geometry" : {"type":"Point","coordinates":[121.4985934,25.1319307]}, "properties" : {"station_name" : "台亞承德加油站", "district" : "北投區", "address" : "台北市北投區承德路七段303號旁", "category" : "Gogoro Network"}}, {"type" : "Feature", "geometry" : {"type":"Point","coordinates":[121.4985934,25.1319307]}, "properties" : {"station_name" : "台北捷運明德站", "district" : "北投區", "address" : "台北市北投區明德路95號旁", "category" : "Gogoro Network"}}, {"type" : "Feature", "geometry" : {"type":"Point","coordinates":[121.5774743,25.0500706]}, "properties" : {"station_name" : "蒲園商旅站", "district" : "松山區", "address" : "台北市松山區八德路四段176號", "category" : "Gogoro Network"}}, {"type" : "Feature", "geometry" : {"type":"Point","coordinates":[121.5774743,25.0500706]}, "properties" : {"station_name" : "松山區公所站", "district" : "松山區", "address" : "台北市松山區八德路四段692號", "category" : "Gogoro Network"}}, {"type" : "Feature", "geometry" : {"type":"Point","coordinates":[121.5640554,25.0605743]}, "properties" : {"station_name" : "家樂福三民店2F站", "district" : "松山區", "address" : "台北市松山區三民路160號", "category" : "Gogoro Network"}}, {"type" : "Feature", "geometry" : {"type":"Point","coordinates":[121.5628111,25.0582615]}, "properties" : {"station_name" : "民生配水池加壓站停車場站", "district" : "松山區", "address" : "台北市松山區民生東路四段133號車道出口旁", "category" : "Gogoro Network"}}, {"type" : "Feature", "geometry" : {"type":"Point","coordinates":[121.5450018,25.0632553]}, "properties" : {"station_name" : "民有市場地下停車場B1F站", "district" : "松山區", "address" : "台北市松山區民權東路三段140巷15號", "category" : "Gogoro Network"}}, {"type" : "Feature", "geometry" : {"type":"Point","coordinates":[121.5537481,25.0447925]}, "properties" : {"station_name" : "第一銀行延吉站", "district" : "松山區", "address" : "台北市松山區延吉街13號", "category" : "Gogoro Network"}}, {"type" : "Feature", "geometry" : {"type":"Point","coordinates":[121.5448504,25.0482457]}, "properties" : {"station_name" : "合作金庫銀行總行站", "district" : "松山區", "address" : "台北市松山區長安東路二段225號", "category" : "Gogoro Network"}}, {"type" : "Feature", "geometry" : {"type":"Point","coordinates":[121.5564066,25.0521594]}, "properties" : {"station_name" : "全家新健康店站", "district" : "松山區", "address" : "台北市松山區南京東路四段133巷9弄2號", "category" : "Gogoro Network"}}, {"type" : "Feature", "geometry" : {"type":"Point","coordinates":[121.5616446,25.0707648]}, "properties" : {"station_name" : "康晰汽車有限公司站", "district" : "松山區", "address" : "台北市松山區濱江街375號", "category" : "Gogoro Network"}}, {"type" : "Feature", "geometry" : {"type":"Point","coordinates":[121.5644995,25.0338352]}, "properties" : {"station_name" : "和雲台北永吉路停車場站", "district" : "信義區", "address" : "台北市信義區永吉路120巷83號旁", "category" : "Gogoro Network"}}, {"type" : "Feature", "geometry" : {"type":"Point","coordinates":[121.5809487,25.0423346]}, "properties" : {"station_name" : "春光公園地下停車場B1F站", "district" : "信義區", "address" : "台北市信義區忠孝東路 5 段 666 號", "category" : "Gogoro Network"}}, {"type" : "Feature", "geometry" : {"type":"Point","coordinates":[121.5644995,25.0338352]}, "properties" : {"station_name" : "松山工農地下停車場B1F站", "district" : "信義區", "address" : "台北市信義區忠孝東路五段236巷15號", "category" : "Gogoro Network"}}, {"type" : "Feature", "geometry" : {"type":"Point","coordinates":[121.5644995,25.0338352]}, "properties" : {"station_name" : "台北市環保局三張犁分隊部站", "district" : "信義區", "address" : "台北市信義區忠孝東路五段257號後門", "category" : "Gogoro Network"}}, {"type" : "Feature", "geometry" : {"type":"Point","coordinates":[121.5644995,25.0338352]}, "properties" : {"station_name" : "全家新忠隆店站", "district" : "信義區", "address" : "台北市信義區忠孝東路五段71巷8號", "category" : "Gogoro Network"}}, {"type" : "Feature", "geometry" : {"type":"Point","coordinates":[121.5644995,25.0338352]}, "properties" : {"station_name" : "Gogoro瑞協社區電站", "district" : "信義區", "address" : "台北市信義區松仁路174號(近三犁公園)", "category" : "Gogoro Network"}}, {"type" : "Feature", "geometry" : {"type":"Point","coordinates":[121.5644995,25.0338352]}, "properties" : {"station_name" : "臺北市松隆平面停車場站", "district" : "信義區", "address" : "台北市信義區松隆路282號前", "category" : "Gogoro Network"}}, {"type" : "Feature", "geometry" : {"type":"Point","coordinates":[121.5671056,25.0361422]}, "properties" : {"station_name" : "府前廣場地下停車場B1F站", "district" : "信義區", "address" : "台北市信義區松壽路1號", "category" : "Gogoro Network"}}, {"type" : "Feature", "geometry" : {"type":"Point","coordinates":[121.5644995,25.0338352]}, "properties" : {"station_name" : "臺北市公共運輸處大樓站", "district" : "信義區", "address" : "台北市信義區信義路五段300號後", "category" : "Gogoro Network"}}, {"type" : "Feature", "geometry" : {"type":"Point","coordinates":[121.5644995,25.0338352]}, "properties" : {"station_name" : "SOKER 台北基隆路店站", "district" : "信義區", "address" : "台北市信義區基隆路一段131號", "category" : "Gogoro Network"}}, {"type" : "Feature", "geometry" : {"type":"Point","coordinates":[121.5644995,25.0338352]}, "properties" : {"station_name" : "臺北市災害應變中心地下停車場B1F站", "district" : "信義區", "address" : "台北市信義區莊敬路391巷11弄2號", "category" : "Gogoro Network"}}, {"type" : "Feature", "geometry" : {"type":"Point","coordinates":[121.5863949,25.0462137]}, "properties" : {"station_name" : "臺北市公有成德市場站", "district" : "南港區", "address" : "台北市南港區同德路100號", "category" : "Gogoro Network"}}, {"type" : "Feature", "geometry" : {"type":"Point","coordinates":[121.5927274,25.0498787]}, "properties" : {"station_name" : "玉成國小地下停車場B1F站", "district" : "南港區", "address" : "台北市南港區昆陽街23號B1樓", "category" : "Gogoro Network"}}, {"type" : "Feature", "geometry" : {"type":"Point","coordinates":[121.6147933,25.0473369]}, "properties" : {"station_name" : "全家研究院店站", "district" : "南港區", "address" : "台北市南港區研究院路2段70巷1號", "category" : "Gogoro Network"}}, {"type" : "Feature", "geometry" : {"type":"Point","coordinates":[121.61973,25.0586]}, "properties" : {"station_name" : "台北捷運內湖機廠站", "district" : "南港區", "address" : "台北市南港區經貿一路265號", "category" : "Gogoro Network"}}, {"type" : "Feature", "geometry" : {"type":"Point","coordinates":[121.5927274,25.0498787]}, "properties" : {"station_name" : "南港國小地下停車場B1F站", "district" : "南港區", "address" : "台北市南港區興東街59號地下一樓", "category" : "Gogoro Network"}}, {"type" : "Feature", "geometry" : {"type":"Point","coordinates":[121.5029764,25.0444536]}, "properties" : {"station_name" : "峨眉立體停車場B1F站", "district" : "萬華區", "address" : "台北市萬華區峨眉街83號", "category" : "Gogoro Network"}}, {"type" : "Feature", "geometry" : {"type":"Point","coordinates":[121.5066466,25.0375415]}, "properties" : {"station_name" : "家樂福桂林店站", "district" : "萬華區", "address" : "台北市萬華區桂林路1號", "category" : "Gogoro Network"}}, {"type" : "Feature", "geometry" : {"type":"Point","coordinates":[121.501038,25.0250308]}, "properties" : {"station_name" : "山隆萬大加油站", "district" : "萬華區", "address" : "台北市萬華區萬大路207號", "category" : "Gogoro Network"}}, {"type" : "Feature", "geometry" : {"type":"Point","coordinates":[121.501038,25.0250308]}, "properties" : {"station_name" : "山隆華中加油站", "district" : "萬華區", "address" : "台北市萬華區萬大路388號", "category" : "Gogoro Network"}}, {"type" : "Feature", "geometry" : {"type":"Point","coordinates":[121.4942457,25.0368098]}, "properties" : {"station_name" : "臺北市公有環南市場站", "district" : "萬華區", "address" : "台北市萬華區環河南路二段245號", "category" : "Gogoro Network"}}, {"type" : "Feature", "geometry" : {"type":"Point","coordinates":[121.5064782,25.0636874]}, "properties" : {"station_name" : "臺北市大龍公園站", "district" : "大同區", "address" : "台北市大同區大龍街262號(近大龍夜市商圈)", "category" : "Gogoro Network"}}, {"type" : "Feature", "geometry" : {"type":"Point","coordinates":[121.5703384,25.0453144]}, "properties" : {"station_name" : "臺北市永吉路120巷平面停車場站", "district" : "信義區", "address" : "台北市信義區永吉路120巷83號(近永吉路120巷22弄松隆路口)", "category" : "Gogoro Network"}}, {"type" : "Feature", "geometry" : {"type":"Point","coordinates":[121.5086722,25.1144029]}, "properties" : {"station_name" : "中油石牌愛心加油站", "district" : "北投區", "address" : "台北市北投區承德路七段139號", "category" : "Gogoro Network"}}, {"type" : "Feature", "geometry" : {"type":"Point","coordinates":[121.5644995,25.0338352]}, "properties" : {"station_name" : "臺北市象山公園站", "district" : "信義區", "address" : "台北市信義區信義路五段150巷與松仁路153巷口電池交換站", "category" : "Gogoro Network"}}, {"type" : "Feature", "geometry" : {"type":"Point","coordinates":[121.5262468,25.0934949]}, "properties" : {"station_name" : "USPACE 中油福林停車場站", "district" : "士林區", "address" : "台北市士林區中山北路五段465號旁電池交換站", "category" : "Gogoro Network"}}, {"type" : "Feature", "geometry" : {"type":"Point","coordinates":[121.5166451,25.058437]}, "properties" : {"station_name" : "臺北市蔣渭水紀念公園站", "district" : "大同區", "address" : "台北市大同區歸綏街79巷11號", "category" : "Gogoro Network"}}, {"type" : "Feature", "geometry" : {"type":"Point","coordinates":[121.5697948,25.0084625]}, "properties" : {"station_name" : "臺北市考選部國家考場站", "district" : "文山區", "address" : "台北市文山區木柵路一段70巷3號對面電池交換站", "category" : "Gogoro Network"}}, {"type" : "Feature", "geometry" : {"type":"Point","coordinates":[121.5435546,25.0333294]}, "properties" : {"station_name" : "臺北市台新金控大樓站 ", "district" : "大安區", "address" : "台北市大安區仁愛路四段118號", "category" : "Gogoro Network"}}, {"type" : "Feature", "geometry" : {"type":"Point","coordinates":[121.5697948,25.0084625]}, "properties" : {"station_name" : "臺北市興隆市場站 ", "district" : "文山區", "address" : "台北市文山區興隆路二段97號(近興隆路二段/興隆路二段123巷交叉口)", "category" : "Gogoro Network"}}, {"type" : "Feature", "geometry" : {"type":"Point","coordinates":[121.5772719,25.0498852]}, "properties" : {"station_name" : "臺北市民權公園站", "district" : "松山區", "address" : "臺北市松山區民權東路四段180號旁(近民權公園地下停車場出入口)", "category" : "Gogoro Network"}}, {"type" : "Feature", "geometry" : {"type":"Point","coordinates":[121.5204139,25.0519913]}, "properties" : {"station_name" : "臺北市中山市場站", "district" : "中山區", "address" : "臺北市中山區長安西路3號", "category" : "Gogoro Network"}}, {"type" : "Feature", "geometry" : {"type":"Point","coordinates":[121.5435546,25.0333294]}, "properties" : {"station_name" : "臺北市安祥公園旁平面停車場站", "district" : "大安區", "address" : "台北市大安區信義路3段157巷10弄2號旁", "category" : "Gogoro Network"}}, {"type" : "Feature", "geometry" : {"type":"Point","coordinates":[121.5242068,25.0918396]}, "properties" : {"station_name" : "太平洋建設德行東路站", "district" : "士林區", "address" : "臺北市士林區德行東路249號旁", "category" : "Gogoro Network"}}, {"type" : "Feature", "geometry" : {"type":"Point","coordinates":[121.533468,25.0643611]}, "properties" : {"station_name" : "臺北市中山區興安街站", "district" : "中山區", "address" : "臺北市中山區興安街近合江街口", "category" : "Gogoro Network"}}, {"type" : "Feature", "geometry" : {"type":"Point","coordinates":[121.5668963,25.0333448]}, "properties" : {"station_name" : "臺北市信義廣場站", "district" : "信義區", "address" : "臺北市信義區松廉路/松智路交叉口(近信義廣場地下停車場1號出口)", "category" : "Gogoro Network"}}, {"type" : "Feature", "geometry" : {"type":"Point","coordinates":[121.5595749,25.0376284]}, "properties" : {"station_name" : "臺北市中山公園站", "district" : "信義區", "address" : "臺北市信義區仁愛路四段505號", "category" : "Gogoro Network"}}, {"type" : "Feature", "geometry" : {"type":"Point","coordinates":[121.5970454,25.0710261]}, "properties" : {"station_name" : "臺北市樂活公園站", "district" : "內湖區", "address" : "台北市內湖區康樂街61巷2號對面", "category" : "Gogoro Network"}}, {"type" : "Feature", "geometry" : {"type":"Point","coordinates":[121.5017664,25.1268545]}, "properties" : {"station_name" : "台北捷運奇岩站", "district" : "北投區", "address" : "台北市北投區三合街二段489號", "category" : "Gogoro Network"}}, {"type" : "Feature", "geometry" : {"type":"Point","coordinates":[121.5091935,25.0553315]}, "properties" : {"station_name" : "臺北市玉泉公園站", "district" : "大同區", "address" : "台北市大同區西寧北路28號", "category" : "Gogoro Network"}}, {"type" : "Feature", "geometry" : {"type":"Point","coordinates":[121.4993322,25.0319327]}, "properties" : {"station_name" : "臺北市萬華站前廣場站", "district" : "萬華區", "address" : "臺北市萬華區康定路380號旁", "category" : "Gogoro Network"}}, {"type" : "Feature", "geometry" : {"type":"Point","coordinates":[121.5927274,25.0498787]}, "properties" : {"station_name" : "臺北市南港區向陽路站", "district" : "南港區", "address" : "台北市南港區向陽路80號旁100公尺電池交換站", "category" : "Gogoro Network"}}, {"type" : "Feature", "geometry" : {"type":"Point","coordinates":[121.5050977,25.0332513]}, "properties" : {"station_name" : "Gogoro萬華南寧門市站", "district" : "萬華區", "address" : "台北市萬華區南寧路62、64、66號(近三水街口)", "category" : "Gogoro Network"}}, {"type" : "Feature", "geometry" : {"type":"Point","coordinates":[121.5772719,25.0498852]}, "properties" : {"station_name" : "臺北市健康公宅站", "district" : "松山區", "address" : "臺北市松山區健康路305號前方(近健康路/延壽街72巷口)", "category" : "Gogoro Network"}}, {"type" : "Feature", "geometry" : {"type":"Point","coordinates":[121.518267,25.0323611]}, "properties" : {"station_name" : "臺北植物園站", "district" : "中正區", "address" : "臺北市中正區和平西路二段102號前(近和平西路二段104巷口)", "category" : "Gogoro Network"}}, {"type" : "Feature", "geometry" : {"type":"Point","coordinates":[121.5215597,25.0267368]}, "properties" : {"station_name" : "國立臺北教育大學產學合作暨育成中心站", "district" : "中正區", "address" : "臺北市中正區和平西路一段90號(近牯嶺街84巷內)", "category" : "Gogoro Network"}}, {"type" : "Feature", "geometry" : {"type":"Point","coordinates":[121.515514,25.065986]}, "properties" : {"station_name" : "臺北市大同區承德路三段站", "district" : "大同區", "address" : "臺北市大同區承德路三段237號前", "category" : "Gogoro Network"}}, {"type" : "Feature", "geometry" : {"type":"Point","coordinates":[121.5000693,25.1369989]}, "properties" : {"station_name" : "台北捷運新北投站", "district" : "北投區", "address" : "臺北市北投區大業路700號", "category" : "Gogoro Network"}}, {"type" : "Feature", "geometry" : {"type":"Point","coordinates":[121.5223828,25.0847287]}, "properties" : {"station_name" : "臺北市前港公園站", "district" : "士林區", "address" : "臺北市士林區前港街45號", "category" : "Gogoro Network"}}, {"type" : "Feature", "geometry" : {"type":"Point","coordinates":[121.5005238,25.0293616]}, "properties" : {"station_name" : "臺北市華江高中站", "district" : "萬華區", "address" : "臺北市萬華區西藏路213號", "category" : "Gogoro Network"}}, {"type" : "Feature", "geometry" : {"type":"Point","coordinates":[121.5772719,25.0498852]}, "properties" : {"station_name" : "臺北市民權東路四段站", "district" : "松山區", "address" : "臺北市松山區敦化北路405巷123弄3號前", "category" : "Gogoro Network"}}, {"type" : "Feature", "geometry" : {"type":"Point","coordinates":[121.5379159,25.0256227]}, "properties" : {"station_name" : "臺北市龍門國中站", "district" : "大安區", "address" : "臺北市大安區建國南路二段305號", "category" : "Gogoro Network"}}, {"type" : "Feature", "geometry" : {"type":"Point","coordinates":[121.533468,25.0643611]}, "properties" : {"station_name" : "臺北市華山公園站", "district" : "中山區", "address" : "臺北市中山區長安東路一段52巷14號旁(近市民大道二段/長安東路一段52巷口)", "category" : "Gogoro Network"}}, {"type" : "Feature", "geometry" : {"type":"Point","coordinates":[121.533468,25.0643611]}, "properties" : {"station_name" : "臺北市榮星公園站", "district" : "中山區", "address" : "臺北市中山區民權東路三段1號榮星公園", "category" : "Gogoro Network"}}, {"type" : "Feature", "geometry" : {"type":"Point","coordinates":[121.4999266,25.0334399]}, "properties" : {"station_name" : "臺北市老松國小站", "district" : "萬華區", "address" : "台北市萬華區康定路250巷", "category" : "Gogoro Network"}}, {"type" : "Feature", "geometry" : {"type":"Point","coordinates":[121.6159446,25.0482856]}, "properties" : {"station_name" : "臺北市南港自來水加壓站", "district" : "南港區", "address" : "臺北市南港區研究院路二段1號", "category" : "Gogoro Network"}}, {"type" : "Feature", "geometry" : {"type":"Point","coordinates":[121.5772719,25.0498852]}, "properties" : {"station_name" : "臺北市光復民權站", "district" : "松山區", "address" : "臺北市松山區光復北路268號前", "category" : "Gogoro Network"}}, {"type" : "Feature", "geometry" : {"type":"Point","coordinates":[121.6065999,25.0545779]}, "properties" : {"station_name" : "台北捷運昆陽站", "district" : "南港區", "address" : "臺北市南港區忠孝東路6段451號", "category" : "Gogoro Network"}}, {"type" : "Feature", "geometry" : {"type":"Point","coordinates":[121.5839584,25.0429535]}, "properties" : {"station_name" : "臺北市玉成公園站", "district" : "南港區", "address" : "台北市南港區中坡南路55號", "category" : "Gogoro Network"}}, {"type" : "Feature", "geometry" : {"type":"Point","coordinates":[121.5644905,24.9981722]}, "properties" : {"station_name" : "台北捷運萬芳社區站", "district" : "文山區", "address" : "臺北市文山區萬芳路60號", "category" : "Gogoro Network"}}, {"type" : "Feature", "geometry" : {"type":"Point","coordinates":[121.5889983,25.069664]}, "properties" : {"station_name" : "臺北市金湖路站", "district" : "內湖區", "address" : "臺北市內湖區金湖路239號旁", "category" : "Gogoro Network"}}, {"type" : "Feature", "geometry" : {"type":"Point","coordinates":[121.534395,25.0265152]}, "properties" : {"station_name" : "台北捷運麟光站", "district" : "大安區", "address" : "臺北市大安區和平東路3段410號", "category" : "Gogoro Network"}}, {"type" : "Feature", "geometry" : {"type":"Point","coordinates":[121.5889983,25.069664]}, "properties" : {"station_name" : "臺北市環山路站", "district" : "內湖區", "address" : "臺北市內湖區環山路一段56號對面", "category" : "Gogoro Network"}}, {"type" : "Feature", "geometry" : {"type":"Point","coordinates":[121.534395,25.0265152]}, "properties" : {"station_name" : "臺北市金山公園站", "district" : "大安區", "address" : "臺北市大安區愛國東路31號前", "category" : "Gogoro Network"}}, {"type" : "Feature", "geometry" : {"type":"Point","coordinates":[121.4993322,25.0319327]}, "properties" : {"station_name" : "臺北市青年公園站", "district" : "萬華區", "address" : "臺北市萬華區水源路與國興路口", "category" : "Gogoro Network"}}, {"type" : "Feature", "geometry" : {"type":"Point","coordinates":[121.533468,25.0643611]}, "properties" : {"station_name" : "臺北市建國仁愛路口站", "district" : "中山區", "address" : "臺北市中山區建國南路一段與仁愛路交叉口", "category" : "Gogoro Network"}}, {"type" : "Feature", "geometry" : {"type":"Point","coordinates":[121.5194546,25.0391684]}, "properties" : {"station_name" : "臺北市仁愛路林森路口站", "district" : "中正區", "address" : "臺北市中正區仁愛路一段", "category" : "Gogoro Network"}}, {"type" : "Feature", "geometry" : {"type":"Point","coordinates":[121.558261,25.0272856]}, "properties" : {"station_name" : "Gogoro 信義信安門市站", "district" : "信義區", "address" : "臺北市信義區信安街202號", "category" : "Gogoro Network"}}, {"type" : "Feature", "geometry" : {"type":"Point","coordinates":[121.5285134,25.0265944]}, "properties" : {"station_name" : "師大校本部站", "district" : "大安區", "address" : "臺北市大安區師大路9號", "category" : "Gogoro Network"}}, {"type" : "Feature", "geometry" : {"type":"Point","coordinates":[121.534395,25.0265152]}, "properties" : {"station_name" : "Gogoro大安敦南門市站", "district" : "大安區", "address" : "臺北市大安區敦化南路1段142號", "category" : "Gogoro Network"}}, {"type" : "Feature", "geometry" : {"type":"Point","coordinates":[121.5668963,25.0333448]}, "properties" : {"station_name" : "臺北市景勤二號公園站", "district" : "信義區", "address" : "臺北市信義區信安街56號對面(近景勤二號公園)", "category" : "Gogoro Network"}}, {"type" : "Feature", "geometry" : {"type":"Point","coordinates":[121.5927274,25.0498787]}, "properties" : {"station_name" : "臺北市南港自來水加壓站", "district" : "南港區", "address" : "台北市南港區大坑街南港自來水加壓站旁電池交換站(南港區中南段)", "category" : "Gogoro Network"}}, {"type" : "Feature", "geometry" : {"type":"Point","coordinates":[121.515514,25.065986]}, "properties" : {"station_name" : "臺北市玉泉公園站", "district" : "大同區", "address" : "臺北市大同區西寧北路與鄭州路口電池交換站", "category" : "Gogoro Network"}}, {"type" : "Feature", "geometry" : {"type":"Point","coordinates":[121.4985934,25.1319307]}, "properties" : {"station_name" : "台北捷運唭哩岸站", "district" : "北投區", "address" : "台北市北投區西安街二段354號斜對面(立農段五小段586地號)", "category" : "Gogoro Network"}}, {"type" : "Feature", "geometry" : {"type":"Point","coordinates":[121.6110533,25.0590517]}, "properties" : {"station_name" : "南港軟體園區站", "district" : "南港區", "address" : "臺北市南港區園區街3號", "category" : "Gogoro Network"}}, {"type" : "Feature", "geometry" : {"type":"Point","coordinates":[121.5269398,25.117932]}, "properties" : {"station_name" : "臺北市中山天母路口站", "district" : "士林區", "address" : "臺北市士林區天母西路3-53號前", "category" : "Gogoro Network"}}, {"type" : "Feature", "geometry" : {"type":"Point","coordinates":[121.5406308,25.0579063]}, "properties" : {"station_name" : "國立臺北大學臺北校區站", "district" : "中山區", "address" : "臺北市中山區民生東路三段67號", "category" : "Gogoro Network"}}, {"type" : "Feature", "geometry" : {"type":"Point","coordinates":[121.5889983,25.069664]}, "properties" : {"station_name" : "U-POWER 內湖民善站", "district" : "內湖區", "address" : "臺北市內湖區民善路與新湖一路交叉口", "category" : "Gogoro Network"}}, {"type" : "Feature", "geometry" : {"type":"Point","coordinates":[121.5743932,24.9979538]}, "properties" : {"station_name" : "U-POWER 台北文山木柵站", "district" : "文山區", "address" : "臺北市文山區木柵路四段123號", "category" : "Gogoro Network"}}, {"type" : "Feature", "geometry" : {"type":"Point","coordinates":[121.57991,25.0559]}, "properties" : {"station_name" : "T.CBD台塑總部站", "district" : "內湖區", "address" : "台北市內湖區南京東路六段370號", "category" : "Gogoro Network"}}, {"type" : "Feature", "geometry" : {"type":"Point","coordinates":[121.5277511,25.0361232]}, "properties" : {"station_name" : "臺北市臨沂街平面停車場站", "district" : "中正區", "address" : "臺北市中正區金山南路一段79巷9號", "category" : "Gogoro Network"}}, {"type" : "Feature", "geometry" : {"type":"Point","coordinates":[121.5561187,25.0001969]}, "properties" : {"station_name" : "臺北市文山運動中心站", "district" : "文山區", "address" : "臺北市文山區興隆路三段222號", "category" : "Gogoro Network"}}, {"type" : "Feature", "geometry" : {"type":"Point","coordinates":[121.5668963,25.0333448]}, "properties" : {"station_name" : "臺北市信義區富台里站", "district" : "信義區", "address" : "臺北市信義區虎林街120巷270號對面", "category" : "Gogoro Network"}}, {"type" : "Feature", "geometry" : {"type":"Point","coordinates":[121.58575,24.9765952]}, "properties" : {"station_name" : "貓空茶推廣中心停車場站", "district" : "文山區", "address" : "臺北市文山區指南路三段40巷8-4號", "category" : "Gogoro Network"}}, {"type" : "Feature", "geometry" : {"type":"Point","coordinates":[121.5182197,25.0628947]}, "properties" : {"station_name" : "臺北市數位產業園區站", "district" : "大同區", "address" : "臺北市大同區承德路三段287號", "category" : "Gogoro Network"}}, {"type" : "Feature", "geometry" : {"type":"Point","coordinates":[121.5743916,25.033533]}, "properties" : {"station_name" : "臺北市警察局信義分局站", "district" : "信義區", "address" : "臺北市信義區信義路五段17號", "category" : "Gogoro Network"}}, {"type" : "Feature", "geometry" : {"type":"Point","coordinates":[121.6105845,25.0708764]}, "properties" : {"station_name" : "臺北市東湖二號公園站", "district" : "內湖區", "address" : "臺北市內湖區康寧路三段99巷39弄19-1號", "category" : "Gogoro Network"}}, {"type" : "Feature", "geometry" : {"type":"Point","coordinates":[121.5553129,25.0578565]}, "properties" : {"station_name" : "臺北市吉祥平面停車場站", "district" : "松山區", "address" : "臺北市松山區光復北路11巷81號", "category" : "Gogoro Network"}}, {"type" : "Feature", "geometry" : {"type":"Point","coordinates":[121.515514,25.065986]}, "properties" : {"station_name" : "臺北市永樂國小站", "district" : "大同區", "address" : "臺北市大同區涼州街84號對面", "category" : "Gogoro Network"}}, {"type" : "Feature", "geometry" : {"type":"Point","coordinates":[121.6065999,25.0545779]}, "properties" : {"station_name" : "臺北市新新公園站", "district" : "南港區", "address" : "臺北市南港區南港路三段47巷8號對面", "category" : "Gogoro Network"}}, {"type" : "Feature", "geometry" : {"type":"Point","coordinates":[121.4715357,25.124069]}, "properties" : {"station_name" : "慈濟北投大愛電視台站", "district" : "北投區", "address" : "臺北市北投區立德路8號", "category" : "Gogoro Network"}}, {"type" : "Feature", "geometry" : {"type":"Point","coordinates":[121.5970454,25.0710261]}, "properties" : {"station_name" : "中油康寧加油站", "district" : "內湖區", "address" : "台北市內湖區康寧路三段30號", "category" : "Gogoro Network"}}, {"type" : "Feature", "geometry" : {"type":"Point","coordinates":[121.570458,24.989786]}, "properties" : {"station_name" : "國立政治大學所屬指南派出所旁機車停車場站", "district" : "文山區", "address" : "臺北市文山區指南路二段177號旁", "category" : "Gogoro Network"}}, {"type" : "Feature", "geometry" : {"type":"Point","coordinates":[121.570458,24.989786]}, "properties" : {"station_name" : "臺北市萬有公園站", "district" : "文山區", "address" : "臺北市文山區景隆街22號對面", "category" : "Gogoro Network"}}, {"type" : "Feature", "geometry" : {"type":"Point","coordinates":[121.533468,25.0643611]}, "properties" : {"station_name" : "臺北市中山區中央里站", "district" : "中山區", "address" : "臺北市中山區松江路199號前", "category" : "Gogoro Network"}}, {"type" : "Feature", "geometry" : {"type":"Point","coordinates":[121.6084347,25.058537]}, "properties" : {"station_name" : "臺北市東陽公園站", "district" : "南港區", "address" : "臺北市南港區重陽路187巷6號", "category" : "Gogoro Network"}}, {"type" : "Feature", "geometry" : {"type":"Point","coordinates":[121.5889983,25.069664]}, "properties" : {"station_name" : "臺北市扶輪親恩公園站", "district" : "內湖區", "address" : "臺北市內湖區行忠路139號旁", "category" : "Gogoro Network"}}, {"type" : "Feature", "geometry" : {"type":"Point","coordinates":[121.534395,25.0265152]}, "properties" : {"station_name" : "臺北市警察局臥龍街派出所站", "district" : "大安區", "address" : "臺北市大安區臥龍區206號旁", "category" : "Gogoro Network"}}, {"type" : "Feature", "geometry" : {"type":"Point","coordinates":[121.5189407,25.0646924]}, "properties" : {"station_name" : "台北-新豐騎士用品店", "district" : "大同區", "address" : "台北市大同區承德路三段291號", "category" : "光捷"}}, {"type" : "Feature", "geometry" : {"type":"Point","coordinates":[121.5640554,25.0605743]}, "properties" : {"station_name" : "台北-家樂福三民店", "district" : "松山區", "address" : "台北市松山區三民路160號", "category" : "光捷"}}, {"type" : "Feature", "geometry" : {"type":"Point","coordinates":[121.5262468,25.0934949]}, "properties" : {"station_name" : "台北-家樂福天母店", "district" : "士林區", "address" : "台北市士林區德行西路47號", "category" : "光捷"}}, {"type" : "Feature", "geometry" : {"type":"Point","coordinates":[121.5970454,25.0710261]}, "properties" : {"station_name" : "台北-家樂福內湖店", "district" : "內湖區", "address" : "台北市內湖區民善街88號", "category" : "光捷"}}, {"type" : "Feature", "geometry" : {"type":"Point","coordinates":[121.5289341,25.0587404]}, "properties" : {"station_name" : "台北-萊爾富北市中原二店", "district" : "中山區", "address" : "台北市中山區中原街77號", "category" : "光捷"}}, {"type" : "Feature", "geometry" : {"type":"Point","coordinates":[121.5204261,25.0621837]}, "properties" : {"station_name" : "台北-萊爾富北市山擎店", "district" : "中山區", "address" : "台北市中山區天祥路70號", "category" : "光捷"}}, {"type" : "Feature", "geometry" : {"type":"Point","coordinates":[121.5184876,25.0595236]}, "properties" : {"station_name" : "台北-大千國際開發", "district" : "大同區", "address" : "台北市大同區承德路二段164號", "category" : "光捷"}}, {"type" : "Feature", "geometry" : {"type":"Point","coordinates":[121.5321852,25.0634612]}, "properties" : {"station_name" : "台北-展欣豪車業有限公司", "district" : "中山區", "address" : "台北市中山區民權東路二段126號", "category" : "光捷"}}, {"type" : "Feature", "geometry" : {"type":"Point","coordinates":[121.4942457,25.0368098]}, "properties" : {"station_name" : "台北-台灣7天精品旅店", "district" : "萬華區", "address" : "台北市萬華區環河南路二段282號", "category" : "光捷"}}, {"type" : "Feature", "geometry" : {"type":"Point","coordinates":[121.5186098,25.0719168]}, "properties" : {"station_name" : "台北-禾豐精品", "district" : "大同區", "address" : "台北市大同區庫倫街1號", "category" : "光捷"}}, {"type" : "Feature", "geometry" : {"type":"Point","coordinates":[121.5644995,25.0338352]}, "properties" : {"station_name" : "台北-建安重車有限公司", "district" : "信義區", "address" : "台北市信義區嘉興街181巷6號", "category" : "光捷"}}, {"type" : "Feature", "geometry" : {"type":"Point","coordinates":[121.5644995,25.0338352]}, "properties" : {"station_name" : "台北-光明車業有限公司", "district" : "信義區", "address" : "台北市信義區基隆路二段165號", "category" : "光捷"}}, {"type" : "Feature", "geometry" : {"type":"Point","coordinates":[121.5262468,25.0934949]}, "properties" : {"station_name" : "台北-德龍車業", "district" : "士林區", "address" : "台北市士林區故宮路41巷1號", "category" : "光捷"}}, {"type" : "Feature", "geometry" : {"type":"Point","coordinates":[121.5970454,25.0710261]}, "properties" : {"station_name" : "台北-葉陽車業行", "district" : "內湖區", "address" : "台北市內湖區民權東路六段320號", "category" : "光捷"}}, {"type" : "Feature", "geometry" : {"type":"Point","coordinates":[121.533387,25.0568748]}, "properties" : {"station_name" : "台北-車麗屋松江店", "district" : "中山區", "address" : "台北市中山區松江路550號", "category" : "光捷"}}, {"type" : "Feature", "geometry" : {"type":"Point","coordinates":[121.5970454,25.0710261]}, "properties" : {"station_name" : "台北-車麗屋行忠店", "district" : "內湖區", "address" : "台北市內湖區行忠路67號", "category" : "光捷"}}, {"type" : "Feature", "geometry" : {"type":"Point","coordinates":[121.5670447,24.982455]}, "properties" : {"station_name" : "台北-瀚立車業行", "district" : "文山區", "address" : "台北市文山區恆光街19號", "category" : "光捷"}}, {"type" : "Feature", "geometry" : {"type":"Point","coordinates":[121.5275341,25.0876963]}, "properties" : {"station_name" : "台北-中油福林站加油站", "district" : "士林區", "address" : "台北市士林區中山北路五段465號", "category" : "光捷"}}, {"type" : "Feature", "geometry" : {"type":"Point","coordinates":[121.535648,25.0369898]}, "properties" : {"station_name" : "台北-中油新生南路站加油站", "district" : "大安區", "address" : "台北市大安區仁愛路三段1號", "category" : "光捷"}}, {"type" : "Feature", "geometry" : {"type":"Point","coordinates":[121.5382187,25.0460414]}, "properties" : {"station_name" : "台北-中油中崙站加油站", "district" : "中山區", "address" : "台北市中山區八德路二段214號", "category" : "光捷"}}, {"type" : "Feature", "geometry" : {"type":"Point","coordinates":[121.5348382,25.0105292]}, "properties" : {"station_name" : "台北-中油汀州路站加油站", "district" : "中正區", "address" : "台北市中正區汀州路三段1號", "category" : "光捷"}}, {"type" : "Feature", "geometry" : {"type":"Point","coordinates":[121.5240491,25.0452339]}, "properties" : {"station_name" : "台北-中油林森北路站加油站", "district" : "中正區", "address" : "台北市中正區林森北路11號", "category" : "光捷"}}, {"type" : "Feature", "geometry" : {"type":"Point","coordinates":[121.5970454,25.0710261]}, "properties" : {"station_name" : "台北-中油內湖站加油站", "district" : "內湖區", "address" : "台北市內湖區民權東路六段50號", "category" : "光捷"}}, {"type" : "Feature", "geometry" : {"type":"Point","coordinates":[121.6032255,25.0540124]}, "properties" : {"station_name" : "台北-中油南港站加油站", "district" : "南港區", "address" : "台北市南港區南港路二段50號", "category" : "光捷"}}, {"type" : "Feature", "geometry" : {"type":"Point","coordinates":[121.5435546,25.0333294]}, "properties" : {"station_name" : "台北-中油富陽街站加油站", "district" : "大安區", "address" : "台北市大安區富陽街129號", "category" : "光捷"}}, {"type" : "Feature", "geometry" : {"type":"Point","coordinates":[121.530536,25.0664]}, "properties" : {"station_name" : "台北-明欣機車行", "district" : "中山區", "address" : "台北市中山區吉林路401號", "category" : "光捷"}}, {"type" : "Feature", "geometry" : {"type":"Point","coordinates":[121.5571382,24.9826121]}, "properties" : {"station_name" : "台北-嘉能事業有限公司", "district" : "文山區", "address" : "台北市文山區木新路三段29號", "category" : "光捷"}}, {"type" : "Feature", "geometry" : {"type":"Point","coordinates":[121.501038,25.0250308]}, "properties" : {"station_name" : "台北-建成機車", "district" : "萬華區", "address" : "台北市萬華區萬大路424巷83號", "category" : "光捷"}}, {"type" : "Feature", "geometry" : {"type":"Point","coordinates":[121.5970454,25.0710261]}, "properties" : {"station_name" : "台北-昇陽綠能企業社", "district" : "內湖區", "address" : "台北市內湖區成功路三段90號", "category" : "光捷"}}, {"type" : "Feature", "geometry" : {"type":"Point","coordinates":[121.515074,25.0564498]}, "properties" : {"station_name" : "台北-進揚機車行", "district" : "大同區", "address" : "台北市大同區重慶北路二段164號", "category" : "光捷"}}, {"type" : "Feature", "geometry" : {"type":"Point","coordinates":[121.4985934,25.1319307]}, "properties" : {"station_name" : "台北-捷利機車行", "district" : "北投區", "address" : "台北市北投區大同街202之2號", "category" : "光捷"}}, {"type" : "Feature", "geometry" : {"type":"Point","coordinates":[121.5203914,25.0526256]}, "properties" : {"station_name" : "台北-英全機車行", "district" : "中山區", "address" : "台北市中山區北安路656號", "category" : "光捷"}}, {"type" : "Feature", "geometry" : {"type":"Point","coordinates":[121.5904535,25.0528485]}, "properties" : {"station_name" : "台北-安忻車業", "district" : "南港區", "address" : "台北市南港區南港路三段314巷16號", "category" : "光捷"}}, {"type" : "Feature", "geometry" : {"type":"Point","coordinates":[121.5800643,25.0502748]}, "properties" : {"station_name" : "台北-友誠機車行", "district" : "南港區", "address" : "台北市南港區八德路四段832號", "category" : "光捷"}}, {"type" : "Feature", "geometry" : {"type":"Point","coordinates":[121.5644995,25.0338352]}, "properties" : {"station_name" : "台北-翔偉機車行", "district" : "信義區", "address" : "台北市信義區福德街66號", "category" : "光捷"}}, {"type" : "Feature", "geometry" : {"type":"Point","coordinates":[121.5431118,24.9994968]}, "properties" : {"station_name" : "台北-德勝車業", "district" : "文山區", "address" : "台北市文山區興隆路一段139號", "category" : "光捷"}}, {"type" : "Feature", "geometry" : {"type":"Point","coordinates":[121.5581071,24.9882893]}, "properties" : {"station_name" : "台北-益欣車業", "district" : "文山區", "address" : "台北市文山區木柵路二段109巷23號", "category" : "光捷"}}, {"type" : "Feature", "geometry" : {"type":"Point","coordinates":[121.570717,24.9838867]}, "properties" : {"station_name" : "台北-宏大機車行", "district" : "文山區", "address" : "台北市文山區木新路二段112號", "category" : "光捷"}}, {"type" : "Feature", "geometry" : {"type":"Point","coordinates":[121.5498273,25.0002551]}, "properties" : {"station_name" : "台北-興陽車業行", "district" : "文山區", "address" : "台北市文山區興隆路二段155號", "category" : "光捷"}}, {"type" : "Feature", "geometry" : {"type":"Point","coordinates":[121.5498273,25.0002551]}, "properties" : {"station_name" : "台北-鋒權輪機車精品", "district" : "文山區", "address" : "台北市文山區興隆路二段249號", "category" : "光捷"}}, {"type" : "Feature", "geometry" : {"type":"Point","coordinates":[121.5672524,24.9904932]}, "properties" : {"station_name" : "台北-運詳機車有限公司", "district" : "文山區", "address" : "台北市文山區久康街1號", "category" : "光捷"}}, {"type" : "Feature", "geometry" : {"type":"Point","coordinates":[121.5455883,24.9955184]}, "properties" : {"station_name" : "台北-祥騰機車行", "district" : "文山區", "address" : "台北市文山區景興路94號", "category" : "光捷"}}, {"type" : "Feature", "geometry" : {"type":"Point","coordinates":[121.5455883,24.9955184]}, "properties" : {"station_name" : "台北-青林車業", "district" : "文山區", "address" : "台北市文山區景興路172號", "category" : "光捷"}}, {"type" : "Feature", "geometry" : {"type":"Point","coordinates":[121.5359723,25.0020591]}, "properties" : {"station_name" : "台北-高旺車業", "district" : "文山區", "address" : "台北市文山區羅斯福路五段182號", "category" : "光捷"}}, {"type" : "Feature", "geometry" : {"type":"Point","coordinates":[121.5402339,24.9969013]}, "properties" : {"station_name" : "台北-旺佳車業", "district" : "文山區", "address" : "台北市文山區羅斯福路六段52號", "category" : "光捷"}}, {"type" : "Feature", "geometry" : {"type":"Point","coordinates":[121.5644995,25.0338352]}, "properties" : {"station_name" : "台北-辰昶車業", "district" : "信義區", "address" : "台北市信義區信安街80號", "category" : "光捷"}}, {"type" : "Feature", "geometry" : {"type":"Point","coordinates":[121.5644995,25.0338352]}, "properties" : {"station_name" : "台北-益昇機車行", "district" : "信義區", "address" : "台北市信義區莊敬路214號", "category" : "光捷"}}, {"type" : "Feature", "geometry" : {"type":"Point","coordinates":[121.501038,25.0250308]}, "properties" : {"station_name" : "台北-尚億車業有限公司", "district" : "萬華區", "address" : "台北市萬華區萬大路500號", "category" : "光捷"}}, {"type" : "Feature", "geometry" : {"type":"Point","coordinates":[121.5123809,25.0623103]}, "properties" : {"station_name" : "台北-加祥車業", "district" : "大同區", "address" : "台北市大同區延平北路二段256號", "category" : "光捷"}}, {"type" : "Feature", "geometry" : {"type":"Point","coordinates":[121.5571382,24.9826121]}, "properties" : {"station_name" : "台北-嘉能事業有限公司二站", "district" : "文山區", "address" : "台北市文山區木新路三段29號", "category" : "光捷"}}, {"type" : "Feature", "geometry" : {"type":"Point","coordinates":[121.5498273,25.0002551]}, "properties" : {"station_name" : "台北-旺利車業行", "district" : "文山區", "address" : "台北市文山區興隆路二段243號", "category" : "光捷"}}, {"type" : "Feature", "geometry" : {"type":"Point","coordinates":[121.4991774,25.0915274]}, "properties" : {"station_name" : "台北-嘉盛車業有限公司", "district" : "士林區", "address" : "台北市士林區延平北路六段139號", "category" : "光捷"}}, {"type" : "Feature", "geometry" : {"type":"Point","coordinates":[121.5130463,25.0270249]}, "properties" : {"station_name" : "台北-金讚汽車中正廠", "district" : "中正區", "address" : "台北市中正區泉州街22號", "category" : "光捷"}}, {"type" : "Feature", "geometry" : {"type":"Point","coordinates":[121.5941892,25.0834972]}, "properties" : {"station_name" : "台北-柏成車業", "district" : "內湖區", "address" : "台北市內湖區成功路四段331號", "category" : "光捷"}}, {"type" : "Feature", "geometry" : {"type":"Point","coordinates":[121.570819,25.0504218]}, "properties" : {"station_name" : "台北-老羅機車行", "district" : "松山區", "address" : "台北市松山區塔悠路206號", "category" : "光捷"}}, {"type" : "Feature", "geometry" : {"type":"Point","coordinates":[121.4910519,25.0278646]}, "properties" : {"station_name" : "台北-璟興車業有限公司", "district" : "萬華區", "address" : "台北市萬華區西園路二段265號", "category" : "光捷"}}, {"type" : "Feature", "geometry" : {"type":"Point","coordinates":[121.5644995,25.0338352]}, "properties" : {"station_name" : "台北-群輝車業", "district" : "信義區", "address" : "台北市信義區永吉路237號", "category" : "光捷"}}, {"type" : "Feature", "geometry" : {"type":"Point","coordinates":[121.5644995,25.0338352]}, "properties" : {"station_name" : "台北-力鼎機車行", "district" : "信義區", "address" : "台北市信義區基隆路一段99號", "category" : "光捷"}}, {"type" : "Feature", "geometry" : {"type":"Point","coordinates":[121.5644995,25.0338352]}, "properties" : {"station_name" : "台北-大仁北醫店", "district" : "信義區", "address" : "台北市信義區莊敬路325巷38號", "category" : "光捷"}}, {"type" : "Feature", "geometry" : {"type":"Point","coordinates":[121.5934408,25.0481827]}, "properties" : {"station_name" : "台北-技專機車行", "district" : "南港區", "address" : "台北市南港區昆陽街157巷11號", "category" : "光捷"}}, {"type" : "Feature", "geometry" : {"type":"Point","coordinates":[121.5893351,25.0471848]}, "properties" : {"station_name" : "台北-成豈車業", "district" : "南港區", "address" : "台北市南港區東新街8之5號", "category" : "光捷"}}, {"type" : "Feature", "geometry" : {"type":"Point","coordinates":[121.6163328,25.0449505]}, "properties" : {"station_name" : "台北-南港研究院路二段站", "district" : "南港區", "address" : "台北市南港區研究院路二段84巷3號", "category" : "光捷"}}, {"type" : "Feature", "geometry" : {"type":"Point","coordinates":[121.543884,24.9980906]}, "properties" : {"station_name" : "台北-三育機車", "district" : "文山區", "address" : "台北市文山區景隆街54號", "category" : "光捷"}}, {"type" : "Feature", "geometry" : {"type":"Point","coordinates":[121.5970454,25.0710261]}, "properties" : {"station_name" : "台北-大祥機車行", "district" : "內湖區", "address" : "台北市內湖區星雲街61號", "category" : "光捷"}}, {"type" : "Feature", "geometry" : {"type":"Point","coordinates":[121.5970454,25.0710261]}, "properties" : {"station_name" : "台北-新廣新機車行", "district" : "內湖區", "address" : "台北市內湖區金龍路148號", "category" : "光捷"}}, {"type" : "Feature", "geometry" : {"type":"Point","coordinates":[121.5262468,25.0934949]}, "properties" : {"station_name" : "台北-便利購士林雨聲店", "district" : "士林區", "address" : "台北市士林區雨聲街52號、52-1號、52巷1號", "category" : "光捷"}}, {"type" : "Feature", "geometry" : {"type":"Point","coordinates":[121.5179054,25.0709646]}, "properties" : {"station_name" : "台北-便利購台北酒泉店", "district" : "大同區", "address" : "台北市大同區酒泉街105號", "category" : "光捷"}}, {"type" : "Feature", "geometry" : {"type":"Point","coordinates":[121.5970454,25.0710261]}, "properties" : {"station_name" : "台北-國立車業", "district" : "內湖區", "address" : "台北市內湖區康樂街95號", "category" : "光捷"}}, {"type" : "Feature", "geometry" : {"type":"Point","coordinates":[121.5970454,25.0710261]}, "properties" : {"station_name" : "台北-玟樺機車行", "district" : "內湖區", "address" : "台北市內湖區內湖路一段91巷7號", "category" : "光捷"}}, {"type" : "Feature", "geometry" : {"type":"Point","coordinates":[121.5139307,25.0618087]}, "properties" : {"station_name" : "台北-中一車業行", "district" : "大同區", "address" : "台北市大同區蘭州街42號", "category" : "光捷"}}, {"type" : "Feature", "geometry" : {"type":"Point","coordinates":[121.563983,25.0628993]}, "properties" : {"station_name" : "台北-好記機車行", "district" : "松山區", "address" : "台北市松山區民權東路五段19號", "category" : "光捷"}}, {"type" : "Feature", "geometry" : {"type":"Point","coordinates":[121.5644995,25.0338352]}, "properties" : {"station_name" : "台北-和撒那車業行", "district" : "信義區", "address" : "台北市信義區吳興街281巷52號", "category" : "光捷"}}, {"type" : "Feature", "geometry" : {"type":"Point","coordinates":[121.5016108,25.0277845]}, "properties" : {"station_name" : "台北-正中機車行", "district" : "萬華區", "address" : "台北市萬華區雙和街75號", "category" : "光捷"}}, {"type" : "Feature", "geometry" : {"type":"Point","coordinates":[121.533387,25.0568748]}, "properties" : {"station_name" : "台北-中山松江路站", "district" : "中山區", "address" : "台北市中山區松江路534號", "category" : "光捷"}}, {"type" : "Feature", "geometry" : {"type":"Point","coordinates":[121.5262468,25.0934949]}, "properties" : {"station_name" : "台北-泰承車業", "district" : "士林區", "address" : "台北市士林區大南路334號", "category" : "光捷"}}, {"type" : "Feature", "geometry" : {"type":"Point","coordinates":[121.5644995,25.0338352]}, "properties" : {"station_name" : "台北-鴻源機車行", "district" : "信義區", "address" : "台北市信義區松隆路292號", "category" : "光捷"}}, {"type" : "Feature", "geometry" : {"type":"Point","coordinates":[121.5970454,25.0710261]}, "properties" : {"station_name" : "台北-新明機車材料行", "district" : "內湖區", "address" : "台北市內湖區新明路304-1號", "category" : "光捷"}}, {"type" : "Feature", "geometry" : {"type":"Point","coordinates":[121.5970454,25.0710261]}, "properties" : {"station_name" : "台北-四維通", "district" : "內湖區", "address" : "台北市內湖區民權東路六段130號", "category" : "光捷"}}, {"type" : "Feature", "geometry" : {"type":"Point","coordinates":[121.5904535,25.0528485]}, "properties" : {"station_name" : "台北-興揚機車", "district" : "南港區", "address" : "台北市南港區南港路三段16巷4號", "category" : "光捷"}}, {"type" : "Feature", "geometry" : {"type":"Point","coordinates":[121.5970454,25.0710261]}, "properties" : {"station_name" : "台北-興陽機車行", "district" : "內湖區", "address" : "台北市內湖區五分街39號", "category" : "光捷"}}, {"type" : "Feature", "geometry" : {"type":"Point","coordinates":[121.4970601,25.0230581]}, "properties" : {"station_name" : "台北-東龍旺車業", "district" : "萬華區", "address" : "台北市萬華區東園街133號", "category" : "光捷"}}, {"type" : "Feature", "geometry" : {"type":"Point","coordinates":[121.4684133,25.128121]}, "properties" : {"station_name" : "台北-聯盈機車材料行", "district" : "北投區", "address" : "台北市北投區中央北路四段545號", "category" : "光捷"}}, {"type" : "Feature", "geometry" : {"type":"Point","coordinates":[121.5435546,25.0333294]}, "properties" : {"station_name" : "台北-黑騎士工坊", "district" : "大安區", "address" : "台北市大安區通化街19巷39號", "category" : "光捷"}}, {"type" : "Feature", "geometry" : {"type":"Point","coordinates":[121.4985934,25.1319307]}, "properties" : {"station_name" : "台北-雄發車業", "district" : "北投區", "address" : "台北市北投區吉利街119號", "category" : "光捷"}}, {"type" : "Feature", "geometry" : {"type":"Point","coordinates":[121.607192,25.0520905]}, "properties" : {"station_name" : "台北-大輝車業有限公司", "district" : "南港區", "address" : "台北市南港區忠孝東路七段600號", "category" : "光捷"}}, {"type" : "Feature", "geometry" : {"type":"Point","coordinates":[121.4869899,25.1247944]}, "properties" : {"station_name" : "台北-百傑車業行", "district" : "北投區", "address" : "台北市北投區中央北路二段303號", "category" : "光捷"}}, {"type" : "Feature", "geometry" : {"type":"Point","coordinates":[121.5774743,25.0500706]}, "properties" : {"station_name" : "台北-日新汽車", "district" : "松山區", "address" : "台北市松山區八德路四段282號", "category" : "光捷"}}, {"type" : "Feature", "geometry" : {"type":"Point","coordinates":[121.5050977,25.0332513]}, "properties" : {"station_name" : "台北-萬華西藏路站", "district" : "萬華區", "address" : "台北市萬華區西藏路450之3號", "category" : "光捷"}}, {"type" : "Feature", "geometry" : {"type":"Point","coordinates":[121.5184876,25.0595236]}, "properties" : {"station_name" : "台北-大千國際開發二站", "district" : "大同區", "address" : "台北市大同區承德路二段164號", "category" : "光捷"}}, {"type" : "Feature", "geometry" : {"type":"Point","coordinates":[121.5184876,25.0595236]}, "properties" : {"station_name" : "台北-大千國際開發三站", "district" : "大同區", "address" : "台北市大同區承德路二段164號", "category" : "光捷"}}, {"type" : "Feature", "geometry" : {"type":"Point","coordinates":[121.4985934,25.1319307]}, "properties" : {"station_name" : "台北-萊爾富北市奇岩店", "district" : "北投區", "address" : "台北市北投區中央南路二段5、7號", "category" : "光捷"}}, {"type" : "Feature", "geometry" : {"type":"Point","coordinates":[121.5435546,25.0333294]}, "properties" : {"station_name" : "台北-萊爾富北市安興店", "district" : "大安區", "address" : "台北市大安區復興南路2段148號", "category" : "光捷"}}, {"type" : "Feature", "geometry" : {"type":"Point","coordinates":[121.5262468,25.0934949]}, "properties" : {"station_name" : "台北-萊爾富北市社子店", "district" : "士林區", "address" : "台北市士林區社子街63巷2號", "category" : "光捷"}}, {"type" : "Feature", "geometry" : {"type":"Point","coordinates":[121.5262468,25.0934949]}, "properties" : {"station_name" : "台北-萊爾富士林花好店", "district" : "士林區", "address" : "台北市士林區重慶北路四段78號及80號", "category" : "光捷"}}, {"type" : "Feature", "geometry" : {"type":"Point","coordinates":[121.4985934,25.1319307]}, "properties" : {"station_name" : "台北-萊爾富北市立農店", "district" : "北投區", "address" : "台北市北投區義理街96號及立農街2段292號", "category" : "光捷"}}, {"type" : "Feature", "geometry" : {"type":"Point","coordinates":[121.5970454,25.0710261]}, "properties" : {"station_name" : "台北-萊爾富內湖樂康店", "district" : "內湖區", "address" : "台北市內湖區康樂街136巷18弄1號", "category" : "光捷"}}, {"type" : "Feature", "geometry" : {"type":"Point","coordinates":[121.5970454,25.0710261]}, "properties" : {"station_name" : "台北-萊爾富北市安泰店", "district" : "內湖區", "address" : "台北市內湖區安泰街31號", "category" : "光捷"}}, {"type" : "Feature", "geometry" : {"type":"Point","coordinates":[121.5970454,25.0710261]}, "properties" : {"station_name" : "台北-萊爾富北市金碧店", "district" : "內湖區", "address" : "台北市內湖區金龍路64、66號", "category" : "光捷"}}, {"type" : "Feature", "geometry" : {"type":"Point","coordinates":[121.5970454,25.0710261]}, "properties" : {"station_name" : "台北-萊爾富北市湖康店", "district" : "內湖區", "address" : "台北市內湖區文湖街21巷26、28號", "category" : "光捷"}}, {"type" : "Feature", "geometry" : {"type":"Point","coordinates":[121.607192,25.0520905]}, "properties" : {"station_name" : "台北-萊爾富北市南港二店", "district" : "南港區", "address" : "台北市南港區忠孝東路七段639號", "category" : "光捷"}}, {"type" : "Feature", "geometry" : {"type":"Point","coordinates":[121.5807208,25.052184]}, "properties" : {"station_name" : "台北-萊爾富南港慈祐宮店", "district" : "南港區", "address" : "台北市南港區南港路三段358、360號", "category" : "光捷"}}, {"type" : "Feature", "geometry" : {"type":"Point","coordinates":[121.5359723,25.0020591]}, "properties" : {"station_name" : "台北-萊爾富北市文武店", "district" : "文山區", "address" : "台北市文山區羅斯福路五段203號", "category" : "光捷"}}, {"type" : "Feature", "geometry" : {"type":"Point","coordinates":[121.5696052,24.9837414]}, "properties" : {"station_name" : "台北-萊爾富文山大王店", "district" : "文山區", "address" : "台北市文山區木新路二段141、143號", "category" : "光捷"}}, {"type" : "Feature", "geometry" : {"type":"Point","coordinates":[121.5405197,24.9939167]}, "properties" : {"station_name" : "台北-7ELEVEN新萬隆店", "district" : "文山區", "address" : "台北市文山區羅斯福路六段20號22號", "category" : "光捷"}}, {"type" : "Feature", "geometry" : {"type":"Point","coordinates":[121.5553812,24.9877658]}, "properties" : {"station_name" : "台北-7ELEVEN華興店", "district" : "文山區", "address" : "台北市文山區木柵路一段284號286號", "category" : "光捷"}}, {"type" : "Feature", "geometry" : {"type":"Point","coordinates":[121.5441,24.9937578]}, "properties" : {"station_name" : "台北-7ELEVEN景興店", "district" : "文山區", "address" : "台北市文山區景興路113號115號", "category" : "光捷"}}, {"type" : "Feature", "geometry" : {"type":"Point","coordinates":[121.5697948,25.0084625]}, "properties" : {"station_name" : "台北-7ELEVEN萬福店", "district" : "文山區", "address" : "台北市文山區萬年里羅斯福路五段170巷33及35號", "category" : "光捷"}}, {"type" : "Feature", "geometry" : {"type":"Point","coordinates":[121.5359723,25.0020591]}, "properties" : {"station_name" : "台北-7ELEVEN羅斯福店", "district" : "文山區", "address" : "台北市文山區羅斯福路五段216號", "category" : "光捷"}}, {"type" : "Feature", "geometry" : {"type":"Point","coordinates":[121.5389478,24.9932839]}, "properties" : {"station_name" : "台北-7ELEVEN景捷店", "district" : "文山區", "address" : "台北市文山區景福街252號", "category" : "光捷"}}, {"type" : "Feature", "geometry" : {"type":"Point","coordinates":[121.4985934,25.1319307]}, "properties" : {"station_name" : "台北-草山車業", "district" : "北投區", "address" : "台北市北投區東陽街470號", "category" : "光捷"}}, {"type" : "Feature", "geometry" : {"type":"Point","coordinates":[121.5188567,25.0598954]}, "properties" : {"station_name" : "台北-玖宏車業", "district" : "大同區", "address" : "台北市大同區雙連街45號", "category" : "光捷"}}, {"type" : "Feature", "geometry" : {"type":"Point","coordinates":[121.4942457,25.0368098]}, "properties" : {"station_name" : "台北-永盛機車行", "district" : "萬華區", "address" : "台北市萬華區環河南路二段300號", "category" : "光捷"}}, {"type" : "Feature", "geometry" : {"type":"Point","coordinates":[121.5002063,25.1129943]}, "properties" : {"station_name" : "台北-先進國際車業", "district" : "北投區", "address" : "台北市北投區立賢路63號", "category" : "光捷"}}, {"type" : "Feature", "geometry" : {"type":"Point","coordinates":[121.5609326,24.9838823]}, "properties" : {"station_name" : "台北-炫超車業", "district" : "文山區", "address" : "台北市文山區興隆路四段23號", "category" : "光捷"}}, {"type" : "Feature", "geometry" : {"type":"Point","coordinates":[121.4942457,25.0368098]}, "properties" : {"station_name" : "台北-永盛機車行二站", "district" : "萬華區", "address" : "台北市萬華區環河南路二段300號", "category" : "光捷"}}, {"type" : "Feature", "geometry" : {"type":"Point","coordinates":[121.5970454,25.0710261]}, "properties" : {"station_name" : "台北-蠻牛車業", "district" : "內湖區", "address" : "台北市內湖區內湖路二段61號", "category" : "光捷"}}, {"type" : "Feature", "geometry" : {"type":"Point","coordinates":[121.5530182,25.0571724]}, "properties" : {"station_name" : "台北-雙欣車行", "district" : "松山區", "address" : "台北市松山區民生東路四段80巷13號", "category" : "光捷"}}, {"type" : "Feature", "geometry" : {"type":"Point","coordinates":[121.5003547,25.1380728]}, "properties" : {"station_name" : "台北-昕蕎髮藝", "district" : "北投區", "address" : "台北市北投區永興路一段31號", "category" : "光捷"}}, {"type" : "Feature", "geometry" : {"type":"Point","coordinates":[121.5234114,25.1075866]}, "properties" : {"station_name" : "台北-金輪機車行", "district" : "士林區", "address" : "台北市士林區中山北路六段405巷79號", "category" : "光捷"}}, {"type" : "Feature", "geometry" : {"type":"Point","coordinates":[121.505426,25.0297093]}, "properties" : {"station_name" : "台北-尚興車業行", "district" : "中正區", "address" : "台北市中正區中華路二段173號", "category" : "光捷"}}, {"type" : "Feature", "geometry" : {"type":"Point","coordinates":[121.5005096,25.1308871]}, "properties" : {"station_name" : "台北-義成車行", "district" : "北投區", "address" : "台北市北投區中央南路一段225巷4號", "category" : "光捷"}}, {"type" : "Feature", "geometry" : {"type":"Point","coordinates":[121.5005096,25.1308871]}, "properties" : {"station_name" : "台北-福盛全有限公司", "district" : "北投區", "address" : "台北市北投區中央南路一段210號", "category" : "光捷"}}, {"type" : "Feature", "geometry" : {"type":"Point","coordinates":[121.4942457,25.0368098]}, "properties" : {"station_name" : "台北-環南市場", "district" : "萬華區", "address" : "台北市萬華區環河南路二段245號", "category" : "光捷"}}, {"type" : "Feature", "geometry" : {"type":"Point","coordinates":[121.5262468,25.0934949]}, "properties" : {"station_name" : "台北-士林永平街站", "district" : "士林區", "address" : "台北市士林區永平街39號", "category" : "光捷"}}, {"type" : "Feature", "geometry" : {"type":"Point","coordinates":[121.5774743,25.0500706]}, "properties" : {"station_name" : "台北-尚勇機車行", "district" : "松山區", "address" : "台北市松山區八德路四段332號", "category" : "光捷"}}, {"type" : "Feature", "geometry" : {"type":"Point","coordinates":[121.4985934,25.1319307]}, "properties" : {"station_name" : "台北-振昇機車行", "district" : "北投區", "address" : "台北市北投區中和街241號", "category" : "光捷"}}, {"type" : "Feature", "geometry" : {"type":"Point","coordinates":[121.5608623,25.0080499]}, "properties" : {"station_name" : "台北-愛眉山莊", "district" : "文山區", "address" : "台北市文山區辛亥路四段77巷92弄1號", "category" : "光捷"}}, {"type" : "Feature", "geometry" : {"type":"Point","coordinates":[121.5499373,25.046159]}, "properties" : {"station_name" : "台北-日星車業行", "district" : "松山區", "address" : "台北市松山區八德路三段198號", "category" : "光捷"}}, {"type" : "Feature", "geometry" : {"type":"Point","coordinates":[121.5374994,25.0112342]}, "properties" : {"station_name" : "台北-台灣大學公館平面停車場", "district" : "大安區", "address" : "台北市大安區羅斯福路四段3號", "category" : "光捷"}}, {"type" : "Feature", "geometry" : {"type":"Point","coordinates":[121.4684133,25.128121]}, "properties" : {"station_name" : "台北-祥光機車行", "district" : "北投區", "address" : "台北市北投區中央北路四段398號", "category" : "光捷"}}, {"type" : "Feature", "geometry" : {"type":"Point","coordinates":[121.5262468,25.0934949]}, "properties" : {"station_name" : "台北-茶咖商行", "district" : "士林區", "address" : "台北市士林區社中街133號", "category" : "光捷"}}, {"type" : "Feature", "geometry" : {"type":"Point","coordinates":[121.5149598,25.0287679]}, "properties" : {"station_name" : "台北-三之三車業", "district" : "中正區", "address" : "台北市中正區重慶南路三段56號", "category" : "光捷"}}, {"type" : "Feature", "geometry" : {"type":"Point","coordinates":[121.5262468,25.0934949]}, "properties" : {"station_name" : "台北-協展機車行", "district" : "士林區", "address" : "台北市士林區德行東路149號", "category" : "光捷"}}, {"type" : "Feature", "geometry" : {"type":"Point","coordinates":[121.4985934,25.1319307]}, "properties" : {"station_name" : "台北-上益車業行", "district" : "北投區", "address" : "台北市北投區文林北路94巷133號", "category" : "光捷"}}, {"type" : "Feature", "geometry" : {"type":"Point","coordinates":[121.5082123,25.126026]}, "properties" : {"station_name" : "台北-力通機車行", "district" : "北投區", "address" : "台北市北投區公館路146號", "category" : "光捷"}}, {"type" : "Feature", "geometry" : {"type":"Point","coordinates":[121.5970454,25.0710261]}, "properties" : {"station_name" : "台北-OK便利商店內湖金龍店", "district" : "內湖區", "address" : "台北市內湖區內湖路三段60巷10弄1號", "category" : "光捷"}}, {"type" : "Feature", "geometry" : {"type":"Point","coordinates":[121.5644995,25.0338352]}, "properties" : {"station_name" : "台北-OK便利商店台北景聯店", "district" : "信義區", "address" : "台北市信義區吳興街110號", "category" : "光捷"}}, {"type" : "Feature", "geometry" : {"type":"Point","coordinates":[121.501038,25.0250308]}, "properties" : {"station_name" : "台北-OK便利商店萬大店", "district" : "萬華區", "address" : "台北市萬華區萬大路423巷12號", "category" : "光捷"}}, {"type" : "Feature", "geometry" : {"type":"Point","coordinates":[121.4985934,25.1319307]}, "properties" : {"station_name" : "台北-OK便利商店北投吉利店", "district" : "北投區", "address" : "台北市北投區吉利街140號", "category" : "光捷"}}, {"type" : "Feature", "geometry" : {"type":"Point","coordinates":[121.5435546,25.0333294]}, "properties" : {"station_name" : "台北-車王二輪社", "district" : "大安區", "address" : "台北市大安區延吉街64之1號", "category" : "光捷"}}, {"type" : "Feature", "geometry" : {"type":"Point","coordinates":[121.5149598,25.0287679]}, "properties" : {"station_name" : "台北-隆發車業", "district" : "中正區", "address" : "台北市中正區重慶南路三段135號", "category" : "光捷"}}, {"type" : "Feature", "geometry" : {"type":"Point","coordinates":[121.4985934,25.1319307]}, "properties" : {"station_name" : "台北-金展機車行", "district" : "北投區", "address" : "台北市北投區自強街62號", "category" : "光捷"}}, {"type" : "Feature", "geometry" : {"type":"Point","coordinates":[121.5099942,25.0268636]}, "properties" : {"station_name" : "台北-弘安重車", "district" : "中正區", "address" : "台北市中正區汀洲路二段192號", "category" : "光捷"}}, {"type" : "Feature", "geometry" : {"type":"Point","coordinates":[121.5644995,25.0338352]}, "properties" : {"station_name" : "台北-大仁車業", "district" : "信義區", "address" : "台北市信義區松隆路80號", "category" : "光捷"}}, {"type" : "Feature", "geometry" : {"type":"Point","coordinates":[121.5644995,25.0338352]}, "properties" : {"station_name" : "台北-裕源車業行", "district" : "信義區", "address" : "台北市信義區永吉路27號", "category" : "光捷"}}, {"type" : "Feature", "geometry" : {"type":"Point","coordinates":[121.5405664,25.056113]}, "properties" : {"station_name" : "台北-興羨車業", "district" : "中山區", "address" : "台北市中山區興安街65號", "category" : "光捷"}}, {"type" : "Feature", "geometry" : {"type":"Point","coordinates":[121.5501633,25.0309492]}, "properties" : {"station_name" : "台北-日立永大電梯股份有限公司", "district" : "大安區", "address" : "台北市大安區敦化南路二段63巷54弄6號", "category" : "光捷"}}, {"type" : "Feature", "geometry" : {"type":"Point","coordinates":[121.5224894,25.0668316]}, "properties" : {"station_name" : "台北-祐泰電能車業", "district" : "中山區", "address" : "台北市中山區德惠街202號", "category" : "光捷"}}, {"type" : "Feature", "geometry" : {"type":"Point","coordinates":[121.521639,25.0550542]}, "properties" : {"station_name" : "台北-全益機車行", "district" : "中山區", "address" : "台北市中山區中山北路二段59巷34號", "category" : "光捷"}}, {"type" : "Feature", "geometry" : {"type":"Point","coordinates":[121.5262468,25.0934949]}, "properties" : {"station_name" : "台北-學生機車行", "district" : "士林區", "address" : "台北市士林區華岡路31之3號", "category" : "光捷"}}, {"type" : "Feature", "geometry" : {"type":"Point","coordinates":[121.563983,25.0628993]}, "properties" : {"station_name" : "台北-國民車鋪", "district" : "松山區", "address" : "台北市松山區民權東路五段9號", "category" : "光捷"}}, {"type" : "Feature", "geometry" : {"type":"Point","coordinates":[121.5189407,25.0646924]}, "properties" : {"station_name" : "台北-大瑩車業行", "district" : "大同區", "address" : "台北市大同區承德路三段20號", "category" : "光捷"}}, {"type" : "Feature", "geometry" : {"type":"Point","coordinates":[121.6077101,25.0533658]}, "properties" : {"station_name" : "台北-南港高工", "district" : "南港區", "address" : "台北市南港區興中路29號", "category" : "光捷"}}, {"type" : "Feature", "geometry" : {"type":"Point","coordinates":[121.5655753,25.0541888]}, "properties" : {"station_name" : "台北-興鈺國際", "district" : "松山區", "address" : "台北市松山區健康路325巷36號", "category" : "光捷"}}, {"type" : "Feature", "geometry" : {"type":"Point","coordinates":[121.5262468,25.0934949]}, "properties" : {"station_name" : "台北-盛鑫電能有限公司", "district" : "士林區", "address" : "台北市士林區永平街35號", "category" : "光捷"}}, {"type" : "Feature", "geometry" : {"type":"Point","coordinates":[121.5111976,25.1086672]}, "properties" : {"station_name" : "台北-中油降2元站加油站", "district" : "北投區", "address" : "台北市北投區承德路六段359號", "category" : "光捷"}}, {"type" : "Feature", "geometry" : {"type":"Point","coordinates":[121.5435546,25.0333294]}, "properties" : {"station_name" : "中油信義路站", "district" : "大安區", "address" : "台北市大安區信義路四段374號", "category" : "中油"}}, {"type" : "Feature", "geometry" : {"type":"Point","coordinates":[121.5290875,25.0620079]}, "properties" : {"station_name" : "中油新生北路站", "district" : "中山區", "address" : "台北市中山區新生北路二段71號", "category" : "中油"}}, {"type" : "Feature", "geometry" : {"type":"Point","coordinates":[121.5970454,25.0710261]}, "properties" : {"station_name" : "中油內湖麗山街站", "district" : "內湖區", "address" : "台北市內湖區內湖路一段362號", "category" : "中油"}}, {"type" : "Feature", "geometry" : {"type":"Point","coordinates":[121.5970454,25.0710261]}, "properties" : {"station_name" : "中油西湖站", "district" : "內湖區", "address" : "台北市內湖區內湖路一段59號", "category" : "中油"}}, {"type" : "Feature", "geometry" : {"type":"Point","coordinates":[121.5970454,25.0710261]}, "properties" : {"station_name" : "中油東湖站", "district" : "內湖區", "address" : "台北市內湖區康寧路三段225號", "category" : "中油"}}, {"type" : "Feature", "geometry" : {"type":"Point","coordinates":[121.5970454,25.0710261]}, "properties" : {"station_name" : "中油康寧加油站", "district" : "內湖區", "address" : "台北市內湖區康寧路三段30號", "category" : "中油"}}, {"type" : "Feature", "geometry" : {"type":"Point","coordinates":[121.5431118,24.9994968]}, "properties" : {"station_name" : "中油萬隆站", "district" : "文山區", "address" : "台北市文山區興隆路一段13號", "category" : "中油"}}, {"type" : "Feature", "geometry" : {"type":"Point","coordinates":[121.5086722,25.1144029]}, "properties" : {"station_name" : "中油北投加油站", "district" : "北投區", "address" : "台北市北投區承德路七段384號", "category" : "中油"}}, {"type" : "Feature", "geometry" : {"type":"Point","coordinates":[121.5640554,25.0605743]}, "properties" : {"station_name" : "中油民生東路站", "district" : "松山區", "address" : "台北市松山區三民路126號", "category" : "中油"}}, {"type" : "Feature", "geometry" : {"type":"Point","coordinates":[121.5443589,25.0492835]}, "properties" : {"station_name" : "中油復興北路加油站", "district" : "松山區", "address" : "台北市松山區復興北路31號", "category" : "中油"}}, {"type" : "Feature", "geometry" : {"type":"Point","coordinates":[121.5382187,25.0460414]}, "properties" : {"station_name" : "中油中崙站", "district" : "中山區", "address" : "台北市中山區八德路二段214號", "category" : "中油"}}, {"type" : "Feature", "geometry" : {"type":"Point","coordinates":[121.5275341,25.0876963]}, "properties" : {"station_name" : "中油福林站", "district" : "士林區", "address" : "台北市士林區中山北路五段465號", "category" : "中油"}}, {"type" : "Feature", "geometry" : {"type":"Point","coordinates":[121.5970454,25.0710261]}, "properties" : {"station_name" : "中油內湖站", "district" : "內湖區", "address" : "台北市內湖區民權東路六段50號", "category" : "中油"}}, {"type" : "Feature", "geometry" : {"type":"Point","coordinates":[121.535648,25.0369898]}, "properties" : {"station_name" : "中油新生南路站", "district" : "大安區", "address" : "台北市大安區仁愛路三段1號", "category" : "中油"}}, {"type" : "Feature", "geometry" : {"type":"Point","coordinates":[121.6032255,25.0540124]}, "properties" : {"station_name" : "中油南港站", "district" : "南港區", "address" : "台北市南港區南港路二段50號", "category" : "中油"}}, {"type" : "Feature", "geometry" : {"type":"Point","coordinates":[121.5348382,25.0105292]}, "properties" : {"station_name" : "中油汀州路站", "district" : "中正區", "address" : "台北市中正區汀州路三段1號", "category" : "中油"}}, {"type" : "Feature", "geometry" : {"type":"Point","coordinates":[121.5435546,25.0333294]}, "properties" : {"station_name" : "中油富陽街站", "district" : "大安區", "address" : "台北市大安區富陽街129號", "category" : "中油"}}, {"type" : "Feature", "geometry" : {"type":"Point","coordinates":[121.5240491,25.0452339]}, "properties" : {"station_name" : "中油林森北路站", "district" : "中正區", "address" : "台北市中正區林森北路11號", "category" : "中油"}}]}
