{"type" : "FeatureCollection", "features" : [{"type" : "Feature", "geometry" : {"type":"Point","coordinates":[121.373826,24.9412209]}, "properties" : {"station_name" : "巴黎花都社區", "district" : "三峽區", "address" : "新北市三峽區學成路265號", "category" : "社區大樓", "plug_type" : "充電箱", "plug_count" : 4}}, {"type" : "Feature", "geometry" : {"type":"Point","coordinates":[121.4644511,25.0893724]}, "properties" : {"station_name" : "知森堂社區", "district" : "蘆洲區", "address" : "新北市蘆洲區光榮路120巷8弄33號", "category" : "社區大樓", "plug_type" : "無", "plug_count" : 1}}, {"type" : "Feature", "geometry" : {"type":"Point","coordinates":[121.4502478,25.0357722]}, "properties" : {"station_name" : "都市特區", "district" : "新莊區", "address" : "新北市新莊區中平路270號7弄12號8樓", "category" : "社區大樓", "plug_type" : "充電箱", "plug_count" : 5}}, {"type" : "Feature", "geometry" : {"type":"Point","coordinates":[121.4435554,25.05433]}, "properties" : {"station_name" : "歐洲之星社區", "district" : "新莊區", "address" : "新北市新莊區中原路193-203號", "category" : "社區大樓", "plug_type" : "充電箱", "plug_count" : 2}}, {"type" : "Feature", "geometry" : {"type":"Point","coordinates":[121.4630027,25.0405575]}, "properties" : {"station_name" : "峰景鳳翔社區管理委員會", "district" : "新莊區", "address" : "新北市新莊區中正路７０６號１樓", "category" : "社區大樓", "plug_type" : "充電箱", "plug_count" : 4}}, {"type" : "Feature", "geometry" : {"type":"Point","coordinates":[121.3824657,24.945157]}, "properties" : {"station_name" : "愛在歐洲社區", "district" : "樹林區", "address" : "新北市樹林區大成路20-1號", "category" : "社區大樓", "plug_type" : "充電箱", "plug_count" : 5}}, {"type" : "Feature", "geometry" : {"type":"Point","coordinates":[121.499532,25.0003537]}, "properties" : {"station_name" : "泰和園", "district" : "中和區", "address" : "新北市中和區泰和街1號", "category" : "社區大樓", "plug_type" : "充電箱", "plug_count" : 1}}, {"type" : "Feature", "geometry" : {"type":"Point","coordinates":[121.3853377,24.9486959]}, "properties" : {"station_name" : "遠雄紫京城社區", "district" : "樹林區", "address" : "新北市樹林區學勤路500號", "category" : "社區大樓", "plug_type" : "無", "plug_count" : 2}}, {"type" : "Feature", "geometry" : {"type":"Point","coordinates":[121.43846,25.0828143]}, "properties" : {"station_name" : "五股區公所", "district" : "五股區", "address" : "新北市五股區中興路四段50號", "category" : "公務機關-區公所", "plug_type" : "充電箱", "plug_count" : 2}}, {"type" : "Feature", "geometry" : {"type":"Point","coordinates":[121.5678688,25.2912335]}, "properties" : {"station_name" : "石門區公所", "district" : "石門區", "address" : "新北市石門區中山路66號(石門區公所)", "category" : "公務機關-區公所", "plug_type" : "充電座", "plug_count" : 6}}, {"type" : "Feature", "geometry" : {"type":"Point","coordinates":[121.9091546,25.0220508]}, "properties" : {"station_name" : "貢寮區公所", "district" : "貢寮區", "address" : "新北市貢寮區朝陽街54號", "category" : "公務機關-區公所", "plug_type" : "插頭式", "plug_count" : 2}}, {"type" : "Feature", "geometry" : {"type":"Point","coordinates":[121.4630027,25.0405575]}, "properties" : {"station_name" : "新莊區公所", "district" : "新莊區", "address" : "新北市新莊區中正路176號", "category" : "公務機關-區公所", "plug_type" : "充電箱", "plug_count" : 4}}, {"type" : "Feature", "geometry" : {"type":"Point","coordinates":[121.6889336,25.1805892]}, "properties" : {"station_name" : "萬里區公所", "district" : "萬里區", "address" : "新北市萬里區瑪鋉路123號", "category" : "公務機關-區公所", "plug_type" : "充電箱", "plug_count" : 2}}, {"type" : "Feature", "geometry" : {"type":"Point","coordinates":[121.49898,24.999397]}, "properties" : {"station_name" : "中和區公所", "district" : "中和區", "address" : "新北市中和區景平路634之2號", "category" : "公務機關-區公所", "plug_type" : "充電箱", "plug_count" : 2}}, {"type" : "Feature", "geometry" : {"type":"Point","coordinates":[121.5420049,24.9689977]}, "properties" : {"station_name" : "新店區公所", "district" : "新店區", "address" : "新北市新店區北新路一段80號", "category" : "公務機關-區公所", "plug_type" : "充電座", "plug_count" : 8}}, {"type" : "Feature", "geometry" : {"type":"Point","coordinates":[121.4560511,25.0095644]}, "properties" : {"station_name" : "板橋區公所", "district" : "板橋區", "address" : "新北市板橋區府中路30號", "category" : "公務機關-區公所", "plug_type" : "插頭式", "plug_count" : 2}}, {"type" : "Feature", "geometry" : {"type":"Point","coordinates":[121.798129,25.1169441]}, "properties" : {"station_name" : "瑞芳區公所", "district" : "瑞芳區", "address" : "新北市瑞芳區逢甲路82號", "category" : "公務機關-區公所", "plug_type" : "插頭式", "plug_count" : 1}}, {"type" : "Feature", "geometry" : {"type":"Point","coordinates":[121.4264275,24.9935557]}, "properties" : {"station_name" : "樹林區公所", "district" : "樹林區", "address" : "新北市樹林區鎮前街93號", "category" : "公務機關-區公所", "plug_type" : "充電箱", "plug_count" : 2}}, {"type" : "Feature", "geometry" : {"type":"Point","coordinates":[121.3671925,24.9349558]}, "properties" : {"station_name" : "三峽區公所", "district" : "三峽區", "address" : "新北市三峽區中山路17號", "category" : "公務機關-區公所", "plug_type" : "充電箱", "plug_count" : 2}}, {"type" : "Feature", "geometry" : {"type":"Point","coordinates":[121.5158471,25.0149458]}, "properties" : {"station_name" : "永和區公所", "district" : "永和區", "address" : "新北市永和區竹林路200號", "category" : "公務機關-區公所", "plug_type" : "充電箱", "plug_count" : 2}}, {"type" : "Feature", "geometry" : {"type":"Point","coordinates":[121.6587475,25.0641586]}, "properties" : {"station_name" : "汐止區公所", "district" : "汐止區", "address" : "新北市汐止區新台五路1段268號", "category" : "公務機關-區公所", "plug_type" : "充電箱", "plug_count" : 2}}, {"type" : "Feature", "geometry" : {"type":"Point","coordinates":[121.6160711,25.0024127]}, "properties" : {"station_name" : "深坑區公所", "district" : "深坑區", "address" : "新北市深坑區深坑街10號", "category" : "公務機關-區公所", "plug_type" : "充電箱", "plug_count" : 2}}, {"type" : "Feature", "geometry" : {"type":"Point","coordinates":[121.4035113,25.1456917]}, "properties" : {"station_name" : "八里區公所", "district" : "八里區", "address" : "新北市八里區中山路2段356巷16號", "category" : "公務機關-區公所", "plug_type" : "充電箱", "plug_count" : 2}}, {"type" : "Feature", "geometry" : {"type":"Point","coordinates":[121.3916021,25.0775308]}, "properties" : {"station_name" : "林口區公所", "district" : "林口區", "address" : "新北市林口區仁愛路1段378號", "category" : "公務機關-區公所", "plug_type" : "充電箱", "plug_count" : 2}}, {"type" : "Feature", "geometry" : {"type":"Point","coordinates":[121.4308111,25.058864]}, "properties" : {"station_name" : "泰山區公所", "district" : "泰山區", "address" : "新北市泰山區明志路1段322號", "category" : "公務機關-區公所", "plug_type" : "充電箱", "plug_count" : 2}}, {"type" : "Feature", "geometry" : {"type":"Point","coordinates":[121.3539143,24.956063]}, "properties" : {"station_name" : "鶯歌區公所", "district" : "鶯歌區", "address" : "新北市鶯歌區仁愛路55號", "category" : "公務機關-區公所", "plug_type" : "充電箱", "plug_count" : 4}}, {"type" : "Feature", "geometry" : {"type":"Point","coordinates":[121.6361852,25.221883]}, "properties" : {"station_name" : "金山區公所", "district" : "金山區", "address" : "新北市金山區金美里中正路11號", "category" : "公務機關-區公所", "plug_type" : "充電箱", "plug_count" : 2}}, {"type" : "Feature", "geometry" : {"type":"Point","coordinates":[121.6585671,24.9916787]}, "properties" : {"station_name" : "石碇區公所", "district" : "石碇區", "address" : "新北市石碇區石崁路25號", "category" : "公務機關-區公所", "plug_type" : "充電箱", "plug_count" : 2}}, {"type" : "Feature", "geometry" : {"type":"Point","coordinates":[121.452042,25.0381206]}, "properties" : {"station_name" : "新莊地政事務所", "district" : "新莊區", "address" : "新北市新莊區中華路一段3號", "category" : "公務機關-地政", "plug_type" : "插頭式", "plug_count" : 2}}, {"type" : "Feature", "geometry" : {"type":"Point","coordinates":[121.3649618,24.9431015]}, "properties" : {"station_name" : "三峽區清潔隊", "district" : "三峽區", "address" : "新北市三峽區隆恩街243號", "category" : "公務機關-環保局", "plug_type" : "充電座", "plug_count" : 6}}, {"type" : "Feature", "geometry" : {"type":"Point","coordinates":[121.4219951,25.0578716]}, "properties" : {"station_name" : "泰山區清潔隊", "district" : "泰山區", "address" : "新北市泰山區公園路52號3樓", "category" : "公務機關-環保局", "plug_type" : "插頭式", "plug_count" : 6}}, {"type" : "Feature", "geometry" : {"type":"Point","coordinates":[121.5408786,24.9787321]}, "properties" : {"station_name" : "新店區清潔隊", "district" : "新店區", "address" : "新北市新店區民族路109號", "category" : "公務機關-環保局", "plug_type" : "插頭式", "plug_count" : 2}}, {"type" : "Feature", "geometry" : {"type":"Point","coordinates":[121.4912444,25.0498627]}, "properties" : {"station_name" : "三重區清潔隊", "district" : "三重區", "address" : "新北市三重區成功路1號", "category" : "公務機關-環保局", "plug_type" : "充電箱", "plug_count" : 5}}, {"type" : "Feature", "geometry" : {"type":"Point","coordinates":[121.4320555,25.1747492]}, "properties" : {"station_name" : "淡水區清潔隊", "district" : "淡水區", "address" : "新北市淡水區中正路320號", "category" : "公務機關-環保局", "plug_type" : "插頭式", "plug_count" : 2}}, {"type" : "Feature", "geometry" : {"type":"Point","coordinates":[121.4623341,25.0096413]}, "properties" : {"station_name" : "環保局民族路辦公室地", "district" : "板橋區", "address" : "新北市板橋區民族路57號", "category" : "公務機關-環保局", "plug_type" : "充電箱", "plug_count" : 8}}, {"type" : "Feature", "geometry" : {"type":"Point","coordinates":[121.4623341,25.0096413]}, "properties" : {"station_name" : "環保局民族路辦公室外側", "district" : "板橋區", "address" : "新北市板橋區民族路57號", "category" : "公務機關-環保局", "plug_type" : "充電箱", "plug_count" : 2}}, {"type" : "Feature", "geometry" : {"type":"Point","coordinates":[121.4035113,25.1456917]}, "properties" : {"station_name" : "八里垃圾掩埋場土地公廟", "district" : "八里區", "address" : "新北市八里區下罟里中山路三段403號", "category" : "公務機關-環保局", "plug_type" : "充電座", "plug_count" : 4}}, {"type" : "Feature", "geometry" : {"type":"Point","coordinates":[121.443348,24.972201]}, "properties" : {"station_name" : "廣福市民活動中心", "district" : "土城區", "address" : "新北市土城區學府路1段99巷底1樓", "category" : "公務機關-其他", "plug_type" : "充電箱", "plug_count" : 2}}, {"type" : "Feature", "geometry" : {"type":"Point","coordinates":[121.4667663,25.0124033]}, "properties" : {"station_name" : "新北市政府稅捐稽徵處", "district" : "板橋區", "address" : "新北市板橋區中山路一段143號", "category" : "公務機關-其他", "plug_type" : "充電箱", "plug_count" : 2}}, {"type" : "Feature", "geometry" : {"type":"Point","coordinates":[121.7128289,24.9369501]}, "properties" : {"station_name" : "坪林國中公車站", "district" : "坪林區", "address" : "新北市坪林區國中路4號", "category" : "公務機關-其他", "plug_type" : "充電座", "plug_count" : 6}}, {"type" : "Feature", "geometry" : {"type":"Point","coordinates":[121.865676,25.033409]}, "properties" : {"station_name" : "雙溪火車站", "district" : "雙溪區", "address" : "新北市雙溪區新基村朝陽街1號", "category" : "公務機關-其他", "plug_type" : "充電座", "plug_count" : 6}}, {"type" : "Feature", "geometry" : {"type":"Point","coordinates":[121.4531477,25.1813044]}, "properties" : {"station_name" : "淡水區老人活動中心(中興市民活動中心)", "district" : "淡水區", "address" : "新北市淡水區水源街1段29號", "category" : "公務機關-其他", "plug_type" : "充電箱", "plug_count" : 2}}, {"type" : "Feature", "geometry" : {"type":"Point","coordinates":[121.4590989,25.0096703]}, "properties" : {"station_name" : "新北市政府警察局板橋分局", "district" : "板橋區", "address" : "新北市板橋區文化路1段52號", "category" : "公務機關-其他", "plug_type" : "無", "plug_count" : 1}}, {"type" : "Feature", "geometry" : {"type":"Point","coordinates":[121.4612415,24.9915153]}, "properties" : {"station_name" : "新北市政府警察局板橋分局信義派出所", "district" : "板橋區", "address" : "新北市板橋區廣權路28號", "category" : "公務機關-其他", "plug_type" : "充電箱", "plug_count" : 2}}, {"type" : "Feature", "geometry" : {"type":"Point","coordinates":[121.4281634,24.9895677]}, "properties" : {"station_name" : "新北市政府警察局板橋分局沙侖派出所", "district" : "板橋區", "address" : "新北市板橋區溪北路111號", "category" : "公務機關-其他", "plug_type" : "充電座", "plug_count" : 2}}, {"type" : "Feature", "geometry" : {"type":"Point","coordinates":[121.4561373,25.0289388]}, "properties" : {"station_name" : "新北市板橋殯儀館", "district" : "板橋區", "address" : "新北市板橋區中正路560號", "category" : "公務機關-其他", "plug_type" : "充電箱", "plug_count" : 2}}, {"type" : "Feature", "geometry" : {"type":"Point","coordinates":[121.353973,24.9533587]}, "properties" : {"station_name" : "鶯歌陶瓷博物館後停車場", "district" : "鶯歌區", "address" : "新北市鶯歌區文化路200號", "category" : "公務機關-其他", "plug_type" : "無", "plug_count" : 2}}, {"type" : "Feature", "geometry" : {"type":"Point","coordinates":[121.4807245,25.079981]}, "properties" : {"station_name" : "三和國中", "district" : "三重區", "address" : "新北市三重區三和路四段216號", "category" : "國中小學", "plug_type" : "插頭式", "plug_count" : 4}}, {"type" : "Feature", "geometry" : {"type":"Point","coordinates":[121.4771344,25.0696231]}, "properties" : {"station_name" : "明志國中", "district" : "三重區", "address" : "新北市三重區中正北路107號", "category" : "國中小學", "plug_type" : "插頭式", "plug_count" : 6}}, {"type" : "Feature", "geometry" : {"type":"Point","coordinates":[121.4904278,25.0530676]}, "properties" : {"station_name" : "集美國小", "district" : "三重區", "address" : "新北市三重區集美街10號", "category" : "國中小學", "plug_type" : "插頭式", "plug_count" : 7}}, {"type" : "Feature", "geometry" : {"type":"Point","coordinates":[121.4302445,24.962389]}, "properties" : {"station_name" : "土城國中", "district" : "土城區", "address" : "新北市土城區永寧路18號", "category" : "國中小學", "plug_type" : "插頭式", "plug_count" : 6}}, {"type" : "Feature", "geometry" : {"type":"Point","coordinates":[121.4718458,25.0065078]}, "properties" : {"station_name" : "自強國中", "district" : "中和區", "address" : "新北市中和區莒光路191號", "category" : "國中小學", "plug_type" : "插頭式", "plug_count" : 4}}, {"type" : "Feature", "geometry" : {"type":"Point","coordinates":[121.3676645,25.0686212]}, "properties" : {"station_name" : "麗林國小", "district" : "林口區", "address" : "新北市林口區公園路46號", "category" : "國中小學", "plug_type" : "插頭式", "plug_count" : 10}}, {"type" : "Feature", "geometry" : {"type":"Point","coordinates":[121.4640857,24.9976814]}, "properties" : {"station_name" : "後埔國小", "district" : "板橋區", "address" : "新北市板橋區重慶路157號", "category" : "國中小學", "plug_type" : "插頭式", "plug_count" : 8}}, {"type" : "Feature", "geometry" : {"type":"Point","coordinates":[121.4529444,25.1930465]}, "properties" : {"station_name" : "育英國小", "district" : "淡水區", "address" : "新北市淡水區埤島里14號", "category" : "國中小學", "plug_type" : "插頭式", "plug_count" : 6}}, {"type" : "Feature", "geometry" : {"type":"Point","coordinates":[121.4522371,25.2154707]}, "properties" : {"station_name" : "興仁國小", "district" : "淡水區", "address" : "新北市淡水區興仁路101巷10號", "category" : "國中小學", "plug_type" : "插頭式", "plug_count" : 4}}, {"type" : "Feature", "geometry" : {"type":"Point","coordinates":[121.4478113,25.0568344]}, "properties" : {"station_name" : "中信國小", "district" : "新莊區", "address" : "新北市新莊區中信街168號", "category" : "國中小學", "plug_type" : "插頭式", "plug_count" : 3}}, {"type" : "Feature", "geometry" : {"type":"Point","coordinates":[121.4602928,25.0659346]}, "properties" : {"station_name" : "興化國小", "district" : "新莊區", "address" : "新北市新莊區五工二路50巷2號", "category" : "國中小學", "plug_type" : "插頭式", "plug_count" : 6}}, {"type" : "Feature", "geometry" : {"type":"Point","coordinates":[121.4179272,25.021947]}, "properties" : {"station_name" : "裕民國小", "district" : "新莊區", "address" : "新北市新莊區裕民街123號", "category" : "國中小學", "plug_type" : "插頭式", "plug_count" : 4}}, {"type" : "Feature", "geometry" : {"type":"Point","coordinates":[121.4143875,25.022844]}, "properties" : {"station_name" : "丹鳳高中", "district" : "新莊區", "address" : "新北市新莊區龍安路72號", "category" : "高中專科", "plug_type" : "插頭式", "plug_count" : 6}}, {"type" : "Feature", "geometry" : {"type":"Point","coordinates":[121.8097683,25.1089107]}, "properties" : {"station_name" : "欽賢國中(九份校區)", "district" : "瑞芳區", "address" : "新北市瑞芳區崙項路3-1號", "category" : "國中小學", "plug_type" : "無", "plug_count" : 4}}, {"type" : "Feature", "geometry" : {"type":"Point","coordinates":[121.4010543,24.9752586]}, "properties" : {"station_name" : "山佳國小", "district" : "樹林區", "address" : "新北市樹林區中山路三段5號", "category" : "國中小學", "plug_type" : "插頭式", "plug_count" : 6}}, {"type" : "Feature", "geometry" : {"type":"Point","coordinates":[121.4757534,25.0507854]}, "properties" : {"station_name" : "興穀國小", "district" : "三重區", "address" : "新北市三重區五谷王北街46號", "category" : "國中小學", "plug_type" : "插頭式", "plug_count" : 6}}, {"type" : "Feature", "geometry" : {"type":"Point","coordinates":[121.4785402,25.0182473]}, "properties" : {"station_name" : "光仁高中", "district" : "板橋區", "address" : "新北市板橋區中山路二段225巷18號", "category" : "高中專科", "plug_type" : "插頭式", "plug_count" : 2}}, {"type" : "Feature", "geometry" : {"type":"Point","coordinates":[121.4620712,25.0262164]}, "properties" : {"station_name" : "新埔國小", "district" : "板橋區", "address" : "新北市板橋區陽明街206號", "category" : "國中小學", "plug_type" : "插頭式", "plug_count" : 4}}, {"type" : "Feature", "geometry" : {"type":"Point","coordinates":[121.4689472,25.0126733]}, "properties" : {"station_name" : "海山國小", "district" : "板橋區", "address" : "新北市板橋區漢生東路280號", "category" : "國中小學", "plug_type" : "插頭式", "plug_count" : 2}}, {"type" : "Feature", "geometry" : {"type":"Point","coordinates":[121.4244745,25.0244791]}, "properties" : {"station_name" : "福營國中", "district" : "新莊區", "address" : "新北市新莊區富國路105號", "category" : "國中小學", "plug_type" : "插頭式", "plug_count" : 2}}, {"type" : "Feature", "geometry" : {"type":"Point","coordinates":[121.4969969,25.0834051]}, "properties" : {"station_name" : "新北市立碧華國民中學", "district" : "三重區", "address" : "新北市三重區自強路五段66號", "category" : "國中小學", "plug_type" : "插頭式", "plug_count" : 4}}, {"type" : "Feature", "geometry" : {"type":"Point","coordinates":[121.4531477,25.1813044]}, "properties" : {"station_name" : "捷運紅樹林站", "district" : "淡水區", "address" : "新北市淡水區中正東路2段68號", "category" : "捷運站", "plug_type" : "插頭式", "plug_count" : 12}}, {"type" : "Feature", "geometry" : {"type":"Point","coordinates":[121.4320555,25.1747492]}, "properties" : {"station_name" : "捷運淡水站", "district" : "淡水區", "address" : "新北市淡水區中正路1號", "category" : "捷運站", "plug_type" : "插頭式", "plug_count" : 12}}, {"type" : "Feature", "geometry" : {"type":"Point","coordinates":[121.4519316,25.1016954]}, "properties" : {"station_name" : "新北市五股區成州國民小學", "district" : "五股區", "address" : "新北市五股區成泰路三段493號", "category" : "國中小學", "plug_type" : "插頭式", "plug_count" : 6}}, {"type" : "Feature", "geometry" : {"type":"Point","coordinates":[121.4583173,25.0630398]}, "properties" : {"station_name" : "機場捷運A3新北產業園區站", "district" : "新莊區", "address" : "新北市新莊區五工路37號", "category" : "捷運站", "plug_type" : "插頭式", "plug_count" : 4}}, {"type" : "Feature", "geometry" : {"type":"Point","coordinates":[121.4506203,25.0603828]}, "properties" : {"station_name" : "機場捷運A4新莊副都心站", "district" : "新莊區", "address" : "新北市新莊區新北大道四段188號", "category" : "捷運站", "plug_type" : "插頭式", "plug_count" : 4}}, {"type" : "Feature", "geometry" : {"type":"Point","coordinates":[121.4394747,25.0533707]}, "properties" : {"station_name" : "機場捷運A5泰山站", "district" : "泰山區", "address" : "新北市泰山區新北大道四段431號", "category" : "捷運站", "plug_type" : "插頭式", "plug_count" : 4}}, {"type" : "Feature", "geometry" : {"type":"Point","coordinates":[121.4216146,25.032578]}, "properties" : {"station_name" : "機場捷運A6泰山貴和站", "district" : "泰山區", "address" : "新北市泰山區新北大道六段460號", "category" : "捷運站", "plug_type" : "插頭式", "plug_count" : 4}}, {"type" : "Feature", "geometry" : {"type":"Point","coordinates":[121.4574721,25.0261679]}, "properties" : {"station_name" : "太子學院區", "district" : "板橋區", "address" : "新北市板橋區龍泉街130號1樓", "category" : "社區大樓", "plug_type" : "充電箱", "plug_count" : 3}}, {"type" : "Feature", "geometry" : {"type":"Point","coordinates":[121.3744797,24.9358367]}, "properties" : {"station_name" : "大漢宮廷", "district" : "三峽區", "address" : "新北市三峽區民生街19巷7弄47號", "category" : "社區大樓", "plug_type" : "插頭式", "plug_count" : 3}}, {"type" : "Feature", "geometry" : {"type":"Point","coordinates":[121.5004322,24.9973339]}, "properties" : {"station_name" : "中和第一新城", "district" : "中和區", "address" : "新北市中和區圓通路240巷3弄1號", "category" : "社區大樓", "plug_type" : "插頭式", "plug_count" : 12}}, {"type" : "Feature", "geometry" : {"type":"Point","coordinates":[121.6216807,25.0404238]}, "properties" : {"station_name" : "康詩丹郡", "district" : "汐止區", "address" : "新北市汐止區林森街73巷29號", "category" : "社區大樓", "plug_type" : "插頭式", "plug_count" : 16}}, {"type" : "Feature", "geometry" : {"type":"Point","coordinates":[121.4486002,25.1794421]}, "properties" : {"station_name" : "孟子社區", "district" : "淡水區", "address" : "新北市淡水區北新路121號", "category" : "社區大樓", "plug_type" : "插頭式", "plug_count" : 4}}, {"type" : "Feature", "geometry" : {"type":"Point","coordinates":[121.4546416,25.1690274]}, "properties" : {"station_name" : "淡江柏園二期AB區", "district" : "淡水區", "address" : "新北市淡水區鄧公路29巷2號", "category" : "社區大樓", "plug_type" : "插頭式", "plug_count" : 24}}, {"type" : "Feature", "geometry" : {"type":"Point","coordinates":[121.4524,25.0359]}, "properties" : {"station_name" : "碧瑤皇家", "district" : "新莊區", "address" : "新莊區民安西路173巷31號", "category" : "社區大樓", "plug_type" : "插頭式", "plug_count" : 2}}, {"type" : "Feature", "geometry" : {"type":"Point","coordinates":[121.4730508,25.0899256]}, "properties" : {"station_name" : "富貴榮邑", "district" : "蘆洲區", "address" : "新北市蘆洲區民義街22巷5號", "category" : "社區大樓", "plug_type" : "充電座", "plug_count" : 8}}, {"type" : "Feature", "geometry" : {"type":"Point","coordinates":[121.5380205,24.954728]}, "properties" : {"station_name" : "信義金蘭社區", "district" : "新店區", "address" : "新北市新店區國校路6-1號", "category" : "社區大樓", "plug_type" : "插頭式", "plug_count" : 2}}, {"type" : "Feature", "geometry" : {"type":"Point","coordinates":[121.4502478,25.0357722]}, "properties" : {"station_name" : "中榮大樓", "district" : "新莊區", "address" : "新北市新莊區中榮街49巷9號地下室", "category" : "社區大樓", "plug_type" : "插頭式", "plug_count" : 2}}, {"type" : "Feature", "geometry" : {"type":"Point","coordinates":[121.488102,25.061486]}, "properties" : {"station_name" : "三輝首馥社區", "district" : "三重區", "address" : "新北市三重區重新路四段16~32號", "category" : "社區大樓", "plug_type" : "無", "plug_count" : 1}}, {"type" : "Feature", "geometry" : {"type":"Point","coordinates":[121.368905,24.9343387]}, "properties" : {"station_name" : "上北大社區", "district" : "三峽區", "address" : "新北市三峽區大觀路132~192號", "category" : "社區大樓", "plug_type" : "無", "plug_count" : 1}}, {"type" : "Feature", "geometry" : {"type":"Point","coordinates":[121.373826,24.9412209]}, "properties" : {"station_name" : "大英博物館", "district" : "三峽區", "address" : "新北市三峽區學成路93號", "category" : "社區大樓", "plug_type" : "無", "plug_count" : 1}}, {"type" : "Feature", "geometry" : {"type":"Point","coordinates":[121.468325,25.0033158]}, "properties" : {"station_name" : "大順名門社區", "district" : "中和區", "address" : "新北市中和區德光路125-151號", "category" : "社區大樓", "plug_type" : "無", "plug_count" : 1}}, {"type" : "Feature", "geometry" : {"type":"Point","coordinates":[121.3610342,25.0649787]}, "properties" : {"station_name" : "巴黎香榭", "district" : "林口區", "address" : "新北市林口區文化三路", "category" : "社區大樓", "plug_type" : "無", "plug_count" : 1}}, {"type" : "Feature", "geometry" : {"type":"Point","coordinates":[121.3773137,24.942632]}, "properties" : {"station_name" : "四季會館", "district" : "三峽區", "address" : "新北市三峽區大德路85號", "category" : "社區大樓", "plug_type" : "無", "plug_count" : 1}}, {"type" : "Feature", "geometry" : {"type":"Point","coordinates":[121.4587,25.0117]}, "properties" : {"station_name" : "正隆廣場", "district" : "板橋區", "address" : "新北市板橋市民生路一段5號", "category" : "社區大樓", "plug_type" : "無", "plug_count" : 1}}, {"type" : "Feature", "geometry" : {"type":"Point","coordinates":[121.4606593,25.1425987]}, "properties" : {"station_name" : "民權巨星", "district" : "蘆洲區", "address" : "新北市蘆州區民權路134巷1號", "category" : "社區大樓", "plug_type" : "無", "plug_count" : 1}}, {"type" : "Feature", "geometry" : {"type":"Point","coordinates":[121.3658122,25.0691702]}, "properties" : {"station_name" : "永翊花園", "district" : "林口區", "address" : "新北市林口區文化二路一段260巷", "category" : "社區大樓", "plug_type" : "無", "plug_count" : 1}}, {"type" : "Feature", "geometry" : {"type":"Point","coordinates":[121.4125831,25.0127058]}, "properties" : {"station_name" : "名人皇邸社區", "district" : "樹林區", "address" : "新北市樹林區保安街三段1巷", "category" : "社區大樓", "plug_type" : "無", "plug_count" : 1}}, {"type" : "Feature", "geometry" : {"type":"Point","coordinates":[121.488102,25.061486]}, "properties" : {"station_name" : "合康達觀社區", "district" : "三重區", "address" : "新北市三重區仁義街323~345號", "category" : "社區大樓", "plug_type" : "充電箱", "plug_count" : 1}}, {"type" : "Feature", "geometry" : {"type":"Point","coordinates":[121.3493761,25.0707774]}, "properties" : {"station_name" : "竹城松賀", "district" : "林口區", "address" : "新北市林口區源泉街", "category" : "社區大樓", "plug_type" : "無", "plug_count" : 1}}, {"type" : "Feature", "geometry" : {"type":"Point","coordinates":[121.465271,25.0792982]}, "properties" : {"station_name" : "旺旺來", "district" : "蘆洲區", "address" : "新北市蘆洲區九芎街90巷12號", "category" : "社區大樓", "plug_type" : "無", "plug_count" : 1}}, {"type" : "Feature", "geometry" : {"type":"Point","coordinates":[121.4557597,25.0044984]}, "properties" : {"station_name" : "昇陽府中棧", "district" : "板橋區", "address" : "新北市板橋區縣民大道一段185號", "category" : "社區大樓", "plug_type" : "插頭式", "plug_count" : 1}}, {"type" : "Feature", "geometry" : {"type":"Point","coordinates":[121.6444778,25.0618627]}, "properties" : {"station_name" : "東方大鎮公寓大廈社區", "district" : "汐止區", "address" : "新北市汐止區大同路一段286巷23號1樓", "category" : "社區大樓", "plug_type" : "無", "plug_count" : 1}}, {"type" : "Feature", "geometry" : {"type":"Point","coordinates":[121.4508215,24.9802665]}, "properties" : {"station_name" : "金雞報喜社區", "district" : "土城區", "address" : "新北市土城區學士路33巷23號", "category" : "社區大樓", "plug_type" : "插頭式", "plug_count" : 1}}, {"type" : "Feature", "geometry" : {"type":"Point","coordinates":[121.4436418,25.0504529]}, "properties" : {"station_name" : "帝后花園亞歷山大區社區", "district" : "新莊區", "address" : "新北市新莊區立信三街12巷1號", "category" : "社區大樓", "plug_type" : "無", "plug_count" : 1}}, {"type" : "Feature", "geometry" : {"type":"Point","coordinates":[121.368905,24.9343387]}, "properties" : {"station_name" : "皇翔峇里島南區", "district" : "三峽區", "address" : "新北市三峽區大智路45~69(南區)號", "category" : "社區大樓", "plug_type" : "無", "plug_count" : 1}}, {"type" : "Feature", "geometry" : {"type":"Point","coordinates":[121.3690599,25.080859]}, "properties" : {"station_name" : "家天下社區", "district" : "林口區", "address" : "新北市林口區文化北路一段488-1號", "category" : "社區大樓", "plug_type" : "無", "plug_count" : 1}}, {"type" : "Feature", "geometry" : {"type":"Point","coordinates":[121.4720212,25.0255128]}, "properties" : {"station_name" : "家麒文化", "district" : "板橋區", "address" : "新北市板橋區莊敬路61號", "category" : "社區大樓", "plug_type" : "無", "plug_count" : 1}}, {"type" : "Feature", "geometry" : {"type":"Point","coordinates":[121.5033896,25.0107113]}, "properties" : {"station_name" : "泰隆柏園社區", "district" : "板橋區", "address" : "新北市永和區保順路51巷10號", "category" : "社區大樓", "plug_type" : "無", "plug_count" : 1}}, {"type" : "Feature", "geometry" : {"type":"Point","coordinates":[121.4527113,25.1622155]}, "properties" : {"station_name" : "海揚社區", "district" : "淡水區", "address" : "新北市淡水區中正東路一段3巷14弄1號", "category" : "社區大樓", "plug_type" : "充電箱", "plug_count" : 1}}, {"type" : "Feature", "geometry" : {"type":"Point","coordinates":[121.381248,25.0900179]}, "properties" : {"station_name" : "紐約上城社區", "district" : "林口區", "address" : "新北市林口區文化三路二段", "category" : "社區大樓", "plug_type" : "無", "plug_count" : 1}}, {"type" : "Feature", "geometry" : {"type":"Point","coordinates":[121.630022,25.0701597]}, "properties" : {"station_name" : "高登屋社區", "district" : "汐止區", "address" : "新北市汐止區民族三街", "category" : "社區大樓", "plug_type" : "無", "plug_count" : 1}}, {"type" : "Feature", "geometry" : {"type":"Point","coordinates":[121.4661614,24.9844729]}, "properties" : {"station_name" : "國美之星A館社區", "district" : "土城區", "address" : "新北市土城區延吉街383號", "category" : "社區大樓", "plug_type" : "無", "plug_count" : 1}}, {"type" : "Feature", "geometry" : {"type":"Point","coordinates":[121.4778237,25.0641217]}, "properties" : {"station_name" : "博愛新城社區", "district" : "三重區", "address" : "新北市三重區頂崁街210巷12弄25號", "category" : "社區大樓", "plug_type" : "無", "plug_count" : 1}}, {"type" : "Feature", "geometry" : {"type":"Point","coordinates":[121.4742198,25.0786908]}, "properties" : {"station_name" : "喝采社區", "district" : "蘆洲區", "address" : "新北市蘆洲區民生街65號1樓", "category" : "社區大樓", "plug_type" : "無", "plug_count" : 1}}, {"type" : "Feature", "geometry" : {"type":"Point","coordinates":[121.5673768,24.9549767]}, "properties" : {"station_name" : "新陛潭社區", "district" : "新店區", "address" : "新北市新店區北宜路二段30巷", "category" : "社區大樓", "plug_type" : "插頭式", "plug_count" : 2}}, {"type" : "Feature", "geometry" : {"type":"Point","coordinates":[121.488102,25.061486]}, "properties" : {"station_name" : "葉隱集社區", "district" : "三重區", "address" : "新北市三重區三賢街101~103號", "category" : "社區大樓", "plug_type" : "無", "plug_count" : 1}}, {"type" : "Feature", "geometry" : {"type":"Point","coordinates":[121.3658122,25.0691702]}, "properties" : {"station_name" : "遠雄大未來社區", "district" : "林口區", "address" : "新北市林口區文化二路一段575號", "category" : "社區大樓", "plug_type" : "插頭式", "plug_count" : 1}}, {"type" : "Feature", "geometry" : {"type":"Point","coordinates":[121.488102,25.061486]}, "properties" : {"station_name" : "臨江仙社區", "district" : "三重區", "address" : "新北市三重區集賢路15~25號", "category" : "社區大樓", "plug_type" : "無", "plug_count" : 1}}, {"type" : "Feature", "geometry" : {"type":"Point","coordinates":[121.4590989,25.0096703]}, "properties" : {"station_name" : "馥華大台北社區", "district" : "板橋區", "address" : "新北市板橋區中山路二段403~411號", "category" : "社區大樓", "plug_type" : "無", "plug_count" : 1}}, {"type" : "Feature", "geometry" : {"type":"Point","coordinates":[121.444727,25.0516752]}, "properties" : {"station_name" : "藝術國寶", "district" : "新莊區", "address" : "新北市新莊區中平路287-303號", "category" : "社區大樓", "plug_type" : "無", "plug_count" : null}}, {"type" : "Feature", "geometry" : {"type":"Point","coordinates":[121.4435554,25.05433]}, "properties" : {"station_name" : "歐洲之星公寓大廈", "district" : "新莊區", "address" : "新北市新莊區中原路193號", "category" : "社區大樓", "plug_type" : "充電箱", "plug_count" : 2}}, {"type" : "Feature", "geometry" : {"type":"Point","coordinates":[121.491826,25.0888131]}, "properties" : {"station_name" : "陸江社區", "district" : "三重區", "address" : "新北市三重區集賢路118號", "category" : "社區大樓", "plug_type" : "充電箱", "plug_count" : 4}}, {"type" : "Feature", "geometry" : {"type":"Point","coordinates":[121.3726096,24.9420433]}, "properties" : {"station_name" : "北大MBA社區", "district" : "三峽區", "address" : "新北市三峽區國際一街92號", "category" : "社區大樓", "plug_type" : "充電箱", "plug_count" : 2}}, {"type" : "Feature", "geometry" : {"type":"Point","coordinates":[121.4489612,25.1390779]}, "properties" : {"station_name" : "地中海大廈社區", "district" : "八里區", "address" : "新北市八里區龍米路一段442-468號", "category" : "社區大樓", "plug_type" : "充電箱", "plug_count" : 5}}, {"type" : "Feature", "geometry" : {"type":"Point","coordinates":[121.49898,24.999397]}, "properties" : {"station_name" : "富貴麗景社區", "district" : "中和區", "address" : "新北市中和區中正路167巷20~48號", "category" : "社區大樓", "plug_type" : "充電箱", "plug_count" : 2}}, {"type" : "Feature", "geometry" : {"type":"Point","coordinates":[121.4640857,24.9976814]}, "properties" : {"station_name" : "擎天大廈社區", "district" : "板橋區", "address" : "新北市板橋區重慶路247號", "category" : "社區大樓", "plug_type" : "充電箱", "plug_count" : 1}}, {"type" : "Feature", "geometry" : {"type":"Point","coordinates":[121.3793776,24.9452764]}, "properties" : {"station_name" : "麗寶國際館社區", "district" : "樹林區", "address" : "新北市樹林區學成路541號", "category" : "社區大樓", "plug_type" : "充電箱", "plug_count" : 2}}, {"type" : "Feature", "geometry" : {"type":"Point","coordinates":[121.5200703,25.009235]}, "properties" : {"station_name" : "台北菠爾社區", "district" : "永和區", "address" : "新北市永和區環河西路2段187-201號", "category" : "社區大樓", "plug_type" : "充電箱", "plug_count" : 1}}, {"type" : "Feature", "geometry" : {"type":"Point","coordinates":[121.5240457,25.0034677]}, "properties" : {"station_name" : "芬第夏宮社區", "district" : "永和區", "address" : "新北市永和區永利路72巷2號", "category" : "社區大樓", "plug_type" : "充電箱", "plug_count" : 3}}, {"type" : "Feature", "geometry" : {"type":"Point","coordinates":[121.4319539,24.9938885]}, "properties" : {"station_name" : "麗池花園廣場社區", "district" : "板橋區", "address" : "新北市板橋區篤行路一段10-1號", "category" : "社區大樓", "plug_type" : "充電箱", "plug_count" : 1}}, {"type" : "Feature", "geometry" : {"type":"Point","coordinates":[121.443348,24.972201]}, "properties" : {"station_name" : "海山品園尊品區社區", "district" : "土城區", "address" : "新北市土城區中央路1段250巷7~15號", "category" : "社區大樓", "plug_type" : "插頭式", "plug_count" : 2}}, {"type" : "Feature", "geometry" : {"type":"Point","coordinates":[121.4362002,25.0245661]}, "properties" : {"station_name" : "現代巴黎社區", "district" : "新莊區", "address" : "新北市新莊區新樹路621號", "category" : "社區大樓", "plug_type" : "充電箱", "plug_count" : 1}}, {"type" : "Feature", "geometry" : {"type":"Point","coordinates":[121.4636447,25.055115]}, "properties" : {"station_name" : "金莊悅泉社區", "district" : "新莊區", "address" : "新北市新莊區福前街500號", "category" : "社區大樓", "plug_type" : "插頭式", "plug_count" : 3}}, {"type" : "Feature", "geometry" : {"type":"Point","coordinates":[121.3773137,24.942632]}, "properties" : {"station_name" : "中北大社區", "district" : "三峽區", "address" : "新北市三峽區大德路467號", "category" : "社區大樓", "plug_type" : "充電箱", "plug_count" : 2}}, {"type" : "Feature", "geometry" : {"type":"Point","coordinates":[121.6616203,25.063029]}, "properties" : {"station_name" : "國家交響樂社區", "district" : "汐止區", "address" : "新北市汐止區仁愛路151巷18號", "category" : "社區大樓", "plug_type" : "充電箱", "plug_count" : 8}}, {"type" : "Feature", "geometry" : {"type":"Point","coordinates":[121.4362002,25.0245661]}, "properties" : {"station_name" : "世界盃雪梨特區社區", "district" : "新莊區", "address" : "新北市新莊區新樹路611號", "category" : "社區大樓", "plug_type" : "充電箱", "plug_count" : 5}}, {"type" : "Feature", "geometry" : {"type":"Point","coordinates":[121.3853377,24.9486959]}, "properties" : {"station_name" : "遠雄大學哈佛社區", "district" : "樹林區", "address" : "新北市樹林區學勤路360號", "category" : "社區大樓", "plug_type" : "插頭式", "plug_count" : 5}}, {"type" : "Feature", "geometry" : {"type":"Point","coordinates":[121.4531477,25.1813044]}, "properties" : {"station_name" : "天域社區公寓大廈", "district" : "淡水區", "address" : "新北市淡水區新春里新民街300號", "category" : "社區大樓", "plug_type" : "無", "plug_count" : 1}}, {"type" : "Feature", "geometry" : {"type":"Point","coordinates":[121.5033708,24.9411967]}, "properties" : {"station_name" : "達觀鎮A1社區", "district" : "新店區", "address" : "新北市新店區達觀路8巷2號", "category" : "社區大樓", "plug_type" : "充電箱", "plug_count" : 1}}, {"type" : "Feature", "geometry" : {"type":"Point","coordinates":[121.4095036,25.0276244]}, "properties" : {"station_name" : "仙境傳說社區", "district" : "新莊區", "address" : "新北市新莊區青山路一段56號", "category" : "社區大樓", "plug_type" : "無", "plug_count" : 3}}, {"type" : "Feature", "geometry" : {"type":"Point","coordinates":[121.3916021,25.0775308]}, "properties" : {"station_name" : "遠雄未來城一期社區", "district" : "林口區", "address" : "新北市林口區文化三路1段378號", "category" : "社區大樓", "plug_type" : "充電座", "plug_count" : 4}}, {"type" : "Feature", "geometry" : {"type":"Point","coordinates":[121.488102,25.061486]}, "properties" : {"station_name" : "羅浮花園皇家特區公寓大廈", "district" : "三重區", "address" : "新北市三重區碧華里14鄰五華街218號", "category" : "社區大樓", "plug_type" : "無", "plug_count" : 1}}, {"type" : "Feature", "geometry" : {"type":"Point","coordinates":[121.4502478,25.0357722]}, "properties" : {"station_name" : "鄉林淳風公寓大廈", "district" : "新莊區", "address" : "新北市新莊區福基里1鄰福美街128巷12號", "category" : "社區大樓", "plug_type" : "充電箱", "plug_count" : 5}}, {"type" : "Feature", "geometry" : {"type":"Point","coordinates":[121.6210242,25.0674719]}, "properties" : {"station_name" : "東湖麗都社區", "district" : "汐止區", "address" : "新北市汐止區 北山里 康寧街141巷46~60~1號", "category" : "社區大樓", "plug_type" : "無", "plug_count" : 1}}, {"type" : "Feature", "geometry" : {"type":"Point","coordinates":[121.443348,24.972201]}, "properties" : {"station_name" : "永福社區公寓大廈", "district" : "土城區", "address" : "新北市土城區廣福里學府路一段99巷27號4樓", "category" : "社區大樓", "plug_type" : "無", "plug_count" : 6}}, {"type" : "Feature", "geometry" : {"type":"Point","coordinates":[121.4460216,25.1944531]}, "properties" : {"station_name" : "淡水情歌公寓大廈", "district" : "淡水區", "address" : "新北市淡水區淡金路二段81號", "category" : "社區大樓", "plug_type" : "無", "plug_count" : null}}, {"type" : "Feature", "geometry" : {"type":"Point","coordinates":[121.4531477,25.1813044]}, "properties" : {"station_name" : "淡水新橫濱社區", "district" : "淡水區", "address" : "新北市淡水區新市一路3段10~40號", "category" : "社區大樓", "plug_type" : "無", "plug_count" : null}}, {"type" : "Feature", "geometry" : {"type":"Point","coordinates":[121.6629171,25.0699012]}, "properties" : {"station_name" : "登峰天廈BC區公寓大廈", "district" : "汐止區", "address" : "新北市汐止區大同路二段184巷2-16號", "category" : "社區大樓", "plug_type" : "無", "plug_count" : 2}}, {"type" : "Feature", "geometry" : {"type":"Point","coordinates":[121.381248,25.0900179]}, "properties" : {"station_name" : "遠雄U未來社區", "district" : "林口區", "address" : "新北市林口區文化三路二段16號2樓", "category" : "社區大樓", "plug_type" : "無", "plug_count" : 6}}, {"type" : "Feature", "geometry" : {"type":"Point","coordinates":[121.4998397,24.993649]}, "properties" : {"station_name" : "新歐洲社區", "district" : "中和區", "address" : "新北市中和區中興街216號1樓", "category" : "社區大樓", "plug_type" : "插頭式", "plug_count" : 2}}, {"type" : "Feature", "geometry" : {"type":"Point","coordinates":[121.5164338,24.9983305]}, "properties" : {"station_name" : "漢皇極品喬治五世公寓大廈", "district" : "永和區", "address" : "新北市永和區中正路465巷21-25號", "category" : "社區大樓", "plug_type" : "無", "plug_count" : 5}}, {"type" : "Feature", "geometry" : {"type":"Point","coordinates":[121.441386,25.1818426]}, "properties" : {"station_name" : "世界之窗社區", "district" : "淡水區", "address" : "新北市淡水區新春街1號", "category" : "社區大樓", "plug_type" : "插頭式", "plug_count" : 1}}, {"type" : "Feature", "geometry" : {"type":"Point","coordinates":[121.4321356,25.0554474]}, "properties" : {"station_name" : "台北京城", "district" : "泰山區", "address" : "新北市泰山區仁義路139號1樓", "category" : "社區大樓", "plug_type" : "無", "plug_count" : null}}, {"type" : "Feature", "geometry" : {"type":"Point","coordinates":[121.4630027,25.0405575]}, "properties" : {"station_name" : "捷運好境社區", "district" : "新莊區", "address" : "新北市新莊區中正路893巷108號", "category" : "社區大樓", "plug_type" : "充電座", "plug_count" : 1}}, {"type" : "Feature", "geometry" : {"type":"Point","coordinates":[121.4308111,25.058864]}, "properties" : {"station_name" : "稙村秀社區", "district" : "泰山區", "address" : "新北市泰山區明志路2段136巷26號", "category" : "社區大樓", "plug_type" : "充電座", "plug_count" : 3}}, {"type" : "Feature", "geometry" : {"type":"Point","coordinates":[121.4205326,24.9907063]}, "properties" : {"station_name" : "心六藝社區", "district" : "樹林區", "address" : "新北市樹林區南園里學成路712-798號", "category" : "社區大樓", "plug_type" : "充電座", "plug_count" : 5}}, {"type" : "Feature", "geometry" : {"type":"Point","coordinates":[121.5449921,24.9747647]}, "properties" : {"station_name" : "臺灣通用器材公司", "district" : "新店區", "address" : "新北市新店區寶橋路233號", "category" : "公司行號", "plug_type" : "充電座", "plug_count" : 3}}, {"type" : "Feature", "geometry" : {"type":"Point","coordinates":[121.4588551,25.0650341]}, "properties" : {"station_name" : "優境環境科技", "district" : "新莊區", "address" : "新北市新莊區五工三路70巷13號", "category" : "公司行號", "plug_type" : "插頭式", "plug_count" : 4}}, {"type" : "Feature", "geometry" : {"type":"Point","coordinates":[121.477435,25.0689635]}, "properties" : {"station_name" : "信鋒輪業有限公司", "district" : "三重區", "address" : "新北市三重區三民街136號", "category" : "機車經銷商", "plug_type" : "插頭式", "plug_count" : 4}}, {"type" : "Feature", "geometry" : {"type":"Point","coordinates":[121.4630027,25.0405575]}, "properties" : {"station_name" : "向銓環保電動車", "district" : "新莊區", "address" : "新北市新莊區中正路727號", "category" : "機車經銷商", "plug_type" : "充電座", "plug_count" : 2}}, {"type" : "Feature", "geometry" : {"type":"Point","coordinates":[121.4962445,25.0706956]}, "properties" : {"station_name" : "尚益機車行", "district" : "三重區", "address" : "新北市三重區三和路三段24號", "category" : "機車經銷商", "plug_type" : "插頭式", "plug_count" : 6}}, {"type" : "Feature", "geometry" : {"type":"Point","coordinates":[121.3717265,24.9380443]}, "properties" : {"station_name" : "信寬有限公司", "district" : "三峽區", "address" : "新北市三峽區復興路293號", "category" : "機車經銷商", "plug_type" : "充電座", "plug_count" : 3}}, {"type" : "Feature", "geometry" : {"type":"Point","coordinates":[121.5111885,24.9925869]}, "properties" : {"station_name" : "一俐機車有限公司", "district" : "中和區", "address" : "新北市中和區景平路670號", "category" : "機車經銷商", "plug_type" : "插頭式", "plug_count" : 10}}, {"type" : "Feature", "geometry" : {"type":"Point","coordinates":[121.3861663,25.0846316]}, "properties" : {"station_name" : "吉全機車行", "district" : "林口區", "address" : "新北市林口區林口路285號", "category" : "機車經銷商", "plug_type" : "插頭式", "plug_count" : 4}}, {"type" : "Feature", "geometry" : {"type":"Point","coordinates":[121.4689472,25.0126733]}, "properties" : {"station_name" : "富搌企業有公司", "district" : "板橋區", "address" : "新北市板橋區漢生東路340巷1號", "category" : "機車經銷商", "plug_type" : "插頭式", "plug_count" : 6}}, {"type" : "Feature", "geometry" : {"type":"Point","coordinates":[121.4375024,25.1553251]}, "properties" : {"station_name" : "頂立車業行", "district" : "八里區", "address" : "新北市八里區龍米路二段192號", "category" : "機車經銷商", "plug_type" : "充電座", "plug_count" : 2}}, {"type" : "Feature", "geometry" : {"type":"Point","coordinates":[121.4407129,24.9642364]}, "properties" : {"station_name" : "全達機車行", "district" : "土城區", "address" : "新北市土城區忠義路53-1號", "category" : "機車經銷商", "plug_type" : "插頭式", "plug_count" : 6}}, {"type" : "Feature", "geometry" : {"type":"Point","coordinates":[121.5200703,25.009235]}, "properties" : {"station_name" : "昇鴻車業有限公司", "district" : "永和區", "address" : "新北市永和區秀朗路2段167號", "category" : "機車經銷商", "plug_type" : "插頭式", "plug_count" : 4}}, {"type" : "Feature", "geometry" : {"type":"Point","coordinates":[121.3965113,25.0769632]}, "properties" : {"station_name" : "成龍車業行", "district" : "林口區", "address" : "新北市林口區粉寮路一段43號", "category" : "機車經銷商", "plug_type" : "插頭式", "plug_count" : 4}}, {"type" : "Feature", "geometry" : {"type":"Point","coordinates":[121.4590989,25.0096703]}, "properties" : {"station_name" : "大忠車業行", "district" : "板橋區", "address" : "新北市板橋區中正路250巷13號1F", "category" : "機車經銷商", "plug_type" : "插頭式", "plug_count" : 2}}, {"type" : "Feature", "geometry" : {"type":"Point","coordinates":[121.4549156,25.0366548]}, "properties" : {"station_name" : "寶祥機車行", "district" : "新莊區", "address" : "新北市新莊區中港路394號", "category" : "機車經銷商", "plug_type" : "插頭式", "plug_count" : 2}}, {"type" : "Feature", "geometry" : {"type":"Point","coordinates":[121.3339971,24.9618347]}, "properties" : {"station_name" : "同億機車行", "district" : "鶯歌區", "address" : "新北市鶯歌區鶯桃路122號", "category" : "機車經銷商", "plug_type" : "充電座", "plug_count" : 2}}, {"type" : "Feature", "geometry" : {"type":"Point","coordinates":[121.5419,24.9676]}, "properties" : {"station_name" : "全富車業有限公司", "district" : "新店區", "address" : "新店區北新路一段169號", "category" : "機車經銷商", "plug_type" : "充電座", "plug_count" : 4}}, {"type" : "Feature", "geometry" : {"type":"Point","coordinates":[121.4234354,24.9954072]}, "properties" : {"station_name" : "緯鴻機車有限公司", "district" : "樹林區", "address" : "新北市樹林區保安二街102號", "category" : "機車經銷商", "plug_type" : "插頭式", "plug_count" : 4}}, {"type" : "Feature", "geometry" : {"type":"Point","coordinates":[121.4934672,25.0778917]}, "properties" : {"station_name" : "宏大機車行", "district" : "三重區", "address" : "新北市三重區仁愛街640號", "category" : "機車經銷商", "plug_type" : "插頭式", "plug_count" : 6}}, {"type" : "Feature", "geometry" : {"type":"Point","coordinates":[121.4490886,24.9918203]}, "properties" : {"station_name" : "力溢機車有限公司", "district" : "土城區", "address" : "新北市土城區中央路一段302號", "category" : "機車經銷商", "plug_type" : "插頭式", "plug_count" : 4}}, {"type" : "Feature", "geometry" : {"type":"Point","coordinates":[121.4590301,24.9792544]}, "properties" : {"station_name" : "翰昌車料行", "district" : "土城區", "address" : "新北市土城區青雲路309號", "category" : "機車經銷商", "plug_type" : "插頭式", "plug_count" : 4}}, {"type" : "Feature", "geometry" : {"type":"Point","coordinates":[121.5117211,24.9920225]}, "properties" : {"station_name" : "有盛機車有限公司", "district" : "中和區", "address" : "新北市中和區安樂路29號", "category" : "機車經銷商", "plug_type" : "插頭式", "plug_count" : 6}}, {"type" : "Feature", "geometry" : {"type":"Point","coordinates":[121.468325,25.0033158]}, "properties" : {"station_name" : "展宏車業行", "district" : "中和區", "address" : "新北市中和區德光路16號", "category" : "機車經銷商", "plug_type" : "插頭式", "plug_count" : 4}}, {"type" : "Feature", "geometry" : {"type":"Point","coordinates":[121.5164338,24.9983305]}, "properties" : {"station_name" : "大鑫機車業有限公司", "district" : "永和區", "address" : "新北市永和區中正路40號", "category" : "機車經銷商", "plug_type" : "插頭式", "plug_count" : 4}}, {"type" : "Feature", "geometry" : {"type":"Point","coordinates":[121.5224208,24.9996968]}, "properties" : {"station_name" : "富元機車有限公司", "district" : "永和區", "address" : "新北市永和區得和路30號", "category" : "機車經銷商", "plug_type" : "充電座", "plug_count" : 4}}, {"type" : "Feature", "geometry" : {"type":"Point","coordinates":[121.6587475,25.0641586]}, "properties" : {"station_name" : "周石田車業有限公司", "district" : "汐止區", "address" : "新北市汐止區大同硌二段294號", "category" : "機車經銷商", "plug_type" : "充電座", "plug_count" : 4}}, {"type" : "Feature", "geometry" : {"type":"Point","coordinates":[121.3974436,25.0773384]}, "properties" : {"station_name" : "鴻輪車業行", "district" : "林口區", "address" : "新北市林口區中正路329號", "category" : "機車經銷商", "plug_type" : "插頭式", "plug_count" : 4}}, {"type" : "Feature", "geometry" : {"type":"Point","coordinates":[121.3974436,25.0773384]}, "properties" : {"station_name" : "順展機車行", "district" : "林口區", "address" : "新北市林口區中正路491號", "category" : "機車經銷商", "plug_type" : "插頭式", "plug_count" : 6}}, {"type" : "Feature", "geometry" : {"type":"Point","coordinates":[121.3658122,25.0691702]}, "properties" : {"station_name" : "國城車行", "district" : "林口區", "address" : "新北市林口區文化二路一段36號", "category" : "機車經銷商", "plug_type" : "插頭式", "plug_count" : 4}}, {"type" : "Feature", "geometry" : {"type":"Point","coordinates":[121.3980461,25.0774653]}, "properties" : {"station_name" : "林口車業(自強店)", "district" : "林口區", "address" : "新北市林口區自強三街3號", "category" : "機車經銷商", "plug_type" : "插頭式", "plug_count" : 4}}, {"type" : "Feature", "geometry" : {"type":"Point","coordinates":[121.3861663,25.0846316]}, "properties" : {"station_name" : "隆興機車行", "district" : "林口區", "address" : "新北市林口區林口路265號", "category" : "機車經銷商", "plug_type" : "插頭式", "plug_count" : 4}}, {"type" : "Feature", "geometry" : {"type":"Point","coordinates":[121.4487376,24.9936524]}, "properties" : {"station_name" : "永川車業有限公司", "district" : "板橋區", "address" : "新北市板橋區四川路二段245巷12號", "category" : "機車經銷商", "plug_type" : "充電座", "plug_count" : 2}}, {"type" : "Feature", "geometry" : {"type":"Point","coordinates":[121.4609197,25.0119657]}, "properties" : {"station_name" : "大良機車材料行", "district" : "板橋區", "address" : "新北市板橋區民權路220號", "category" : "機車經銷商", "plug_type" : "充電座", "plug_count" : 2}}, {"type" : "Feature", "geometry" : {"type":"Point","coordinates":[121.4640406,25.0051508]}, "properties" : {"station_name" : "蘭帝機車有限公司", "district" : "板橋區", "address" : "新北市板橋區實踐路82號", "category" : "機車經銷商", "plug_type" : "充電座", "plug_count" : 2}}, {"type" : "Feature", "geometry" : {"type":"Point","coordinates":[121.488102,25.061486]}, "properties" : {"station_name" : "銘通機車有限公司", "district" : "三重區", "address" : "新北市三重區重陽路1段104巷5號", "category" : "機車經銷商", "plug_type" : "插頭式", "plug_count" : 4}}, {"type" : "Feature", "geometry" : {"type":"Point","coordinates":[121.368905,24.9343387]}, "properties" : {"station_name" : "長銘車業有限公司", "district" : "三峽區", "address" : "新北市三峽區介壽路1段230號", "category" : "機車經銷商", "plug_type" : "充電座", "plug_count" : 2}}, {"type" : "Feature", "geometry" : {"type":"Point","coordinates":[121.4820434,24.9953311]}, "properties" : {"station_name" : "豪元車業有限公司", "district" : "中和區", "address" : "新北市中和區連城路135號", "category" : "機車經銷商", "plug_type" : "插頭式", "plug_count" : 6}}, {"type" : "Feature", "geometry" : {"type":"Point","coordinates":[121.5112252,24.9921865]}, "properties" : {"station_name" : "瑞和車業行", "district" : "中和區", "address" : "新北市中和區景新街230-1號", "category" : "機車經銷商", "plug_type" : "插頭式", "plug_count" : 6}}, {"type" : "Feature", "geometry" : {"type":"Point","coordinates":[121.4561373,25.0289388]}, "properties" : {"station_name" : "榮輪車業有限公司", "district" : "板橋區", "address" : "新北市板橋區中正路307號", "category" : "機車經銷商", "plug_type" : "充電座", "plug_count" : 2}}, {"type" : "Feature", "geometry" : {"type":"Point","coordinates":[121.4487376,24.9936524]}, "properties" : {"station_name" : "榮德車業有限公司", "district" : "板橋區", "address" : "新北市板橋區四川路二段245巷67號", "category" : "機車經銷商", "plug_type" : "充電座", "plug_count" : 5}}, {"type" : "Feature", "geometry" : {"type":"Point","coordinates":[121.4623341,25.0096413]}, "properties" : {"station_name" : "協泰車業有限公司", "district" : "板橋區", "address" : "新北市板橋區民族路93號1樓", "category" : "機車經銷商", "plug_type" : "充電座", "plug_count" : 2}}, {"type" : "Feature", "geometry" : {"type":"Point","coordinates":[121.4590989,25.0096703]}, "properties" : {"station_name" : "安全車業有限公司", "district" : "板橋區", "address" : "新北市板橋區長江路3段117號", "category" : "機車經銷商", "plug_type" : "充電座", "plug_count" : 2}}, {"type" : "Feature", "geometry" : {"type":"Point","coordinates":[121.4640997,25.0312402]}, "properties" : {"station_name" : "樺山車業有限公司", "district" : "板橋區", "address" : "新北市板橋區長江路一段51號", "category" : "機車經銷商", "plug_type" : "充電座", "plug_count" : 2}}, {"type" : "Feature", "geometry" : {"type":"Point","coordinates":[121.4720212,25.0255128]}, "properties" : {"station_name" : "華豐機車行", "district" : "板橋區", "address" : "新北市板橋區莊敬路214號", "category" : "機車經銷商", "plug_type" : "充電座", "plug_count" : 2}}, {"type" : "Feature", "geometry" : {"type":"Point","coordinates":[121.4486002,25.1794421]}, "properties" : {"station_name" : "德欣機車行", "district" : "淡水區", "address" : "新北市淡水區北新路74號", "category" : "機車經銷商", "plug_type" : "插頭式", "plug_count" : 6}}, {"type" : "Feature", "geometry" : {"type":"Point","coordinates":[121.457053,25.0292953]}, "properties" : {"station_name" : "來興車業有限公司", "district" : "板橋區", "address" : "新北市板橋區新海路398號", "category" : "機車經銷商", "plug_type" : "充電座", "plug_count" : 2}}, {"type" : "Feature", "geometry" : {"type":"Point","coordinates":[121.4501245,25.0478]}, "properties" : {"station_name" : "鎰昇車業有限公司", "district" : "新莊區", "address" : "新北市新莊區中誠街1號", "category" : "機車經銷商", "plug_type" : "充電座", "plug_count" : 0}}, {"type" : "Feature", "geometry" : {"type":"Point","coordinates":[121.4420835,25.0466777]}, "properties" : {"station_name" : "暐達車業有限公司", "district" : "新莊區", "address" : "新北市新莊區新泰路218號", "category" : "機車經銷商", "plug_type" : "充電座", "plug_count" : 2}}, {"type" : "Feature", "geometry" : {"type":"Point","coordinates":[121.4420835,25.0466777]}, "properties" : {"station_name" : "順豐車業行", "district" : "新莊區", "address" : "新北市新莊區新泰路336號", "category" : "機車經銷商", "plug_type" : "充電座", "plug_count" : 2}}, {"type" : "Feature", "geometry" : {"type":"Point","coordinates":[121.4754811,25.0815723]}, "properties" : {"station_name" : "順華車行有限公司", "district" : "蘆洲區", "address" : "新北市蘆洲區中山一路276號", "category" : "機車經銷商", "plug_type" : "充電座", "plug_count" : 3}}, {"type" : "Feature", "geometry" : {"type":"Point","coordinates":[121.475272,25.0867406]}, "properties" : {"station_name" : "勝男車業有限公司", "district" : "蘆洲區", "address" : "新北市蘆洲區復興路284號", "category" : "機車經銷商", "plug_type" : "充電座", "plug_count" : 2}}, {"type" : "Feature", "geometry" : {"type":"Point","coordinates":[121.4630027,25.0405575]}, "properties" : {"station_name" : "東明車業有限公司", "district" : "新莊區", "address" : "新北市新莊區中正路145-15號", "category" : "機車經銷商", "plug_type" : "充電座", "plug_count" : 3}}, {"type" : "Feature", "geometry" : {"type":"Point","coordinates":[121.4553737,25.0481972]}, "properties" : {"station_name" : "永利機車行", "district" : "新莊區", "address" : "新北市新莊區自信街66號", "category" : "機車經銷商", "plug_type" : "充電座", "plug_count" : 2}}, {"type" : "Feature", "geometry" : {"type":"Point","coordinates":[121.4546292,25.0588207]}, "properties" : {"station_name" : "連陽車業有限公司", "district" : "新莊區", "address" : "新北市新莊區昌平街67號", "category" : "機車經銷商", "plug_type" : "充電座", "plug_count" : 2}}, {"type" : "Feature", "geometry" : {"type":"Point","coordinates":[121.4599462,25.0604648]}, "properties" : {"station_name" : "長興機車行", "district" : "新莊區", "address" : "新北市新莊區思源路287巷1弄66號", "category" : "機車經銷商", "plug_type" : "充電座", "plug_count" : 3}}, {"type" : "Feature", "geometry" : {"type":"Point","coordinates":[121.4562,25.0443104]}, "properties" : {"station_name" : "萬能機車行", "district" : "新莊區", "address" : "新北市新莊區復興路二段99號", "category" : "機車經銷商", "plug_type" : "充電座", "plug_count" : 2}}, {"type" : "Feature", "geometry" : {"type":"Point","coordinates":[121.4208392,24.9960499]}, "properties" : {"station_name" : "英松機車行", "district" : "樹林區", "address" : "新北市樹林區保安街一段120號", "category" : "機車經銷商", "plug_type" : "插頭式", "plug_count" : 5}}, {"type" : "Feature", "geometry" : {"type":"Point","coordinates":[121.4754811,25.0815723]}, "properties" : {"station_name" : "謝氏機車行", "district" : "蘆洲區", "address" : "新北市蘆洲區中山一路265號", "category" : "機車經銷商", "plug_type" : "充電座", "plug_count" : 2}}, {"type" : "Feature", "geometry" : {"type":"Point","coordinates":[121.4597594,25.082591]}, "properties" : {"station_name" : "裕山機車有限公司", "district" : "蘆洲區", "address" : "新北市蘆洲區中原路75號", "category" : "機車經銷商", "plug_type" : "充電座", "plug_count" : 2}}, {"type" : "Feature", "geometry" : {"type":"Point","coordinates":[121.3534186,24.957017]}, "properties" : {"station_name" : "弘祥機車有限公司", "district" : "鶯歌區", "address" : "新北市鶯歌區中正一路20號", "category" : "機車經銷商", "plug_type" : "充電座", "plug_count" : 2}}, {"type" : "Feature", "geometry" : {"type":"Point","coordinates":[121.5096412,24.9948567]}, "properties" : {"station_name" : "福豪車業行", "district" : "中和區", "address" : "新北市中和區安平路110號", "category" : "機車經銷商", "plug_type" : "插頭式", "plug_count" : 6}}, {"type" : "Feature", "geometry" : {"type":"Point","coordinates":[121.462212,25.0185763]}, "properties" : {"station_name" : "旺昇機車行", "district" : "板橋區", "address" : "新北市板橋區國光路180號1樓", "category" : "機車經銷商", "plug_type" : "充電座", "plug_count" : 3}}, {"type" : "Feature", "geometry" : {"type":"Point","coordinates":[121.4547125,25.0152332]}, "properties" : {"station_name" : "祥達車業有限公司", "district" : "板橋區", "address" : "新北市板橋區大智街22號", "category" : "機車經銷商", "plug_type" : "插頭式", "plug_count" : 3}}, {"type" : "Feature", "geometry" : {"type":"Point","coordinates":[121.488102,25.061486]}, "properties" : {"station_name" : "泓發車行有限公司", "district" : "三重區", "address" : "新北市三重區三和路三段160號一樓", "category" : "機車經銷商", "plug_type" : "充電座", "plug_count" : 4}}, {"type" : "Feature", "geometry" : {"type":"Point","coordinates":[121.4806667,25.074383]}, "properties" : {"station_name" : "新泰機車行", "district" : "三重區", "address" : "新北市三重區下竹圍街24號", "category" : "機車經銷商", "plug_type" : "插頭式", "plug_count" : 2}}, {"type" : "Feature", "geometry" : {"type":"Point","coordinates":[121.4835463,25.0631397]}, "properties" : {"station_name" : "新輪車業行", "district" : "三重區", "address" : "新北市三重區中華路54號", "category" : "機車經銷商", "plug_type" : "充電座", "plug_count" : 4}}, {"type" : "Feature", "geometry" : {"type":"Point","coordinates":[121.4689743,25.0508808]}, "properties" : {"station_name" : "昇達車業有限公司", "district" : "三重區", "address" : "新北市三重區中興北街42巷8號", "category" : "機車經銷商", "plug_type" : "充電座", "plug_count" : 4}}, {"type" : "Feature", "geometry" : {"type":"Point","coordinates":[121.4789944,25.075286]}, "properties" : {"station_name" : "鴻福機車行", "district" : "三重區", "address" : "新北市三重區永福街237號", "category" : "機車經銷商", "plug_type" : "插頭式", "plug_count" : 2}}, {"type" : "Feature", "geometry" : {"type":"Point","coordinates":[121.4905981,25.0686318]}, "properties" : {"station_name" : "昆輝機車行", "district" : "三重區", "address" : "新北市三重區自強路二段76號", "category" : "機車經銷商", "plug_type" : "插頭式", "plug_count" : 4}}, {"type" : "Feature", "geometry" : {"type":"Point","coordinates":[121.4849022,25.0714864]}, "properties" : {"station_name" : "展立機車行", "district" : "三重區", "address" : "新北市三重區後竹圍街243號", "category" : "機車經銷商", "plug_type" : "充電座", "plug_count" : 4}}, {"type" : "Feature", "geometry" : {"type":"Point","coordinates":[121.4778237,25.0641217]}, "properties" : {"station_name" : "昱安車業行", "district" : "三重區", "address" : "新北市三重區頂崁街199號", "category" : "機車經銷商", "plug_type" : "插頭式", "plug_count" : 4}}, {"type" : "Feature", "geometry" : {"type":"Point","coordinates":[121.5028735,25.0647758]}, "properties" : {"station_name" : "大新上允車業有限公司", "district" : "三重區", "address" : "新北市三重區福德北路15-1號一樓", "category" : "機車經銷商", "plug_type" : "充電座", "plug_count" : 4}}, {"type" : "Feature", "geometry" : {"type":"Point","coordinates":[121.5021547,25.0651834]}, "properties" : {"station_name" : "上允車業有限公司", "district" : "三重區", "address" : "新北市三重區福德北路47號", "category" : "機車經銷商", "plug_type" : "插頭式", "plug_count" : 2}}, {"type" : "Feature", "geometry" : {"type":"Point","coordinates":[121.502597,25.0743067]}, "properties" : {"station_name" : "勝達(永達)機車行", "district" : "三重區", "address" : "新北市三重區龍門路88號", "category" : "機車經銷商", "plug_type" : "無", "plug_count" : 1}}, {"type" : "Feature", "geometry" : {"type":"Point","coordinates":[121.3736696,24.929073]}, "properties" : {"station_name" : "毅達機車有限公司", "district" : "三峽區", "address" : "新北市三峽區中正路一段101號", "category" : "機車經銷商", "plug_type" : "充電座", "plug_count" : 2}}, {"type" : "Feature", "geometry" : {"type":"Point","coordinates":[121.3777308,24.9307438]}, "properties" : {"station_name" : "廣進車業有限公司", "district" : "三峽區", "address" : "新北市三峽區介壽路一段165號", "category" : "機車經銷商", "plug_type" : "充電座", "plug_count" : 2}}, {"type" : "Feature", "geometry" : {"type":"Point","coordinates":[121.368905,24.9343387]}, "properties" : {"station_name" : "新進車業有限公司", "district" : "三峽區", "address" : "新北市三峽區國光路322號", "category" : "機車經銷商", "plug_type" : "充電座", "plug_count" : 2}}, {"type" : "Feature", "geometry" : {"type":"Point","coordinates":[121.3717265,24.9380443]}, "properties" : {"station_name" : "睿騏車業有限公司", "district" : "三峽區", "address" : "新北市三峽區復興路34號", "category" : "機車經銷商", "plug_type" : "充電座", "plug_count" : 2}}, {"type" : "Feature", "geometry" : {"type":"Point","coordinates":[121.443348,24.972201]}, "properties" : {"station_name" : "昌隆機車行", "district" : "土城區", "address" : "新北市土城區中央路1段253號", "category" : "機車經銷商", "plug_type" : "插頭式", "plug_count" : 2}}, {"type" : "Feature", "geometry" : {"type":"Point","coordinates":[121.4490886,24.9918203]}, "properties" : {"station_name" : "世煇車業有限公司", "district" : "土城區", "address" : "新北市土城區中央路一段357號", "category" : "機車經銷商", "plug_type" : "充電座", "plug_count" : 4}}, {"type" : "Feature", "geometry" : {"type":"Point","coordinates":[121.4382143,24.9683427]}, "properties" : {"station_name" : "鋐鉅車業有限公司", "district" : "土城區", "address" : "新北市土城區中央路三段229號", "category" : "機車經銷商", "plug_type" : "充電座", "plug_count" : 4}}, {"type" : "Feature", "geometry" : {"type":"Point","coordinates":[121.49898,24.999397]}, "properties" : {"station_name" : "東茂車業有限公司", "district" : "中和區", "address" : "新北市中和區中山路2段475號1F", "category" : "機車經銷商", "plug_type" : "插頭式", "plug_count" : 2}}, {"type" : "Feature", "geometry" : {"type":"Point","coordinates":[121.4875624,25.0048591]}, "properties" : {"station_name" : "鴻緯車業有限公司", "district" : "中和區", "address" : "新北市中和區中山路二段467號", "category" : "機車經銷商", "plug_type" : "充電座", "plug_count" : 4}}, {"type" : "Feature", "geometry" : {"type":"Point","coordinates":[121.5016177,24.9934722]}, "properties" : {"station_name" : "申鼎車業有限公司", "district" : "中和區", "address" : "新北市中和區中正路194號", "category" : "機車經銷商", "plug_type" : "充電座", "plug_count" : 4}}, {"type" : "Feature", "geometry" : {"type":"Point","coordinates":[121.4998397,24.993649]}, "properties" : {"station_name" : "進鑫車業有限公司", "district" : "中和區", "address" : "新北市中和區中興街156號", "category" : "機車經銷商", "plug_type" : "充電座", "plug_count" : 4}}, {"type" : "Feature", "geometry" : {"type":"Point","coordinates":[121.5117211,24.9920225]}, "properties" : {"station_name" : "久川車業有限公司", "district" : "中和區", "address" : "新北市中和區安樂路68號", "category" : "機車經銷商", "plug_type" : "充電座", "plug_count" : 4}}, {"type" : "Feature", "geometry" : {"type":"Point","coordinates":[121.5055573,24.9908913]}, "properties" : {"station_name" : "佳順機車行", "district" : "中和區", "address" : "新北市中和區南山路543號", "category" : "機車經銷商", "plug_type" : "插頭式", "plug_count" : 2}}, {"type" : "Feature", "geometry" : {"type":"Point","coordinates":[121.4820434,24.9953311]}, "properties" : {"station_name" : "銓富機車有限公司", "district" : "中和區", "address" : "新北市中和區連城路337-1號", "category" : "機車經銷商", "plug_type" : "充電座", "plug_count" : 4}}, {"type" : "Feature", "geometry" : {"type":"Point","coordinates":[121.49898,24.999397]}, "properties" : {"station_name" : "佑泰車業有限公司", "district" : "中和區", "address" : "新北市中和區景新街467巷1號一樓", "category" : "機車經銷商", "plug_type" : "充電座", "plug_count" : 4}}, {"type" : "Feature", "geometry" : {"type":"Point","coordinates":[121.5112252,24.9921865]}, "properties" : {"station_name" : "冠盈車業", "district" : "中和區", "address" : "新北市中和區景新街491號", "category" : "機車經銷商", "plug_type" : "無", "plug_count" : 1}}, {"type" : "Feature", "geometry" : {"type":"Point","coordinates":[121.4355993,25.0700926]}, "properties" : {"station_name" : "德陽車業行", "district" : "五股區", "address" : "新北市五股區成泰路一段71號", "category" : "機車經銷商", "plug_type" : "插頭式", "plug_count" : 4}}, {"type" : "Feature", "geometry" : {"type":"Point","coordinates":[121.5070044,25.006579]}, "properties" : {"station_name" : "永鑫車業有限公司", "district" : "永和區", "address" : "新北市永和區中山路一段82-1號一樓", "category" : "機車經銷商", "plug_type" : "充電座", "plug_count" : 4}}, {"type" : "Feature", "geometry" : {"type":"Point","coordinates":[121.5164338,24.9983305]}, "properties" : {"station_name" : "廣固機車行", "district" : "永和區", "address" : "新北市永和區中正路522號", "category" : "機車經銷商", "plug_type" : "插頭式", "plug_count" : 4}}, {"type" : "Feature", "geometry" : {"type":"Point","coordinates":[121.5098381,25.0168692]}, "properties" : {"station_name" : "宏億機車行", "district" : "永和區", "address" : "新北市永和區文化路165號", "category" : "機車經銷商", "plug_type" : "無", "plug_count" : 1}}, {"type" : "Feature", "geometry" : {"type":"Point","coordinates":[121.5186653,24.9995136]}, "properties" : {"station_name" : "大中車業公司", "district" : "永和區", "address" : "新北市永和區民族街67巷6號", "category" : "機車經銷商", "plug_type" : "無", "plug_count" : 1}}, {"type" : "Feature", "geometry" : {"type":"Point","coordinates":[121.5159199,25.0041163]}, "properties" : {"station_name" : "弘安車業有限公司", "district" : "永和區", "address" : "新北市永和區永貞路344號", "category" : "機車經銷商", "plug_type" : "充電座", "plug_count" : 4}}, {"type" : "Feature", "geometry" : {"type":"Point","coordinates":[121.5162013,25.0047057]}, "properties" : {"station_name" : "聯盟車業行", "district" : "永和區", "address" : "新北市永和區秀朗路一段42號", "category" : "機車經銷商", "plug_type" : "無", "plug_count" : 1}}, {"type" : "Feature", "geometry" : {"type":"Point","coordinates":[121.5200703,25.009235]}, "properties" : {"station_name" : "立晟車業有限公司", "district" : "永和區", "address" : "新北市永和區保平路213號一樓", "category" : "機車經銷商", "plug_type" : "無", "plug_count" : 1}}, {"type" : "Feature", "geometry" : {"type":"Point","coordinates":[121.5238679,25.0065352]}, "properties" : {"station_name" : "翔龍機車行", "district" : "永和區", "address" : "新北市永和區國中路102號", "category" : "機車經銷商", "plug_type" : "無", "plug_count" : 1}}, {"type" : "Feature", "geometry" : {"type":"Point","coordinates":[121.6629171,25.0699012]}, "properties" : {"station_name" : "石田機車行", "district" : "汐止區", "address" : "新北市汐止區大同路二段290號", "category" : "機車經銷商", "plug_type" : "無", "plug_count" : 1}}, {"type" : "Feature", "geometry" : {"type":"Point","coordinates":[121.6629171,25.0699012]}, "properties" : {"station_name" : "勝川機車行", "district" : "汐止區", "address" : "新北市汐止區大同路二段683號1樓", "category" : "機車經銷商", "plug_type" : "充電座", "plug_count" : 4}}, {"type" : "Feature", "geometry" : {"type":"Point","coordinates":[121.660684,25.0655142]}, "properties" : {"station_name" : "清波車業有限公司", "district" : "汐止區", "address" : "新北市汐止區忠孝東路273號1樓", "category" : "機車經銷商", "plug_type" : "充電座", "plug_count" : 4}}, {"type" : "Feature", "geometry" : {"type":"Point","coordinates":[121.6313178,25.0632069]}, "properties" : {"station_name" : "永湛車業有限公司", "district" : "汐止區", "address" : "新北市汐止區福德一路278號1樓", "category" : "機車經銷商", "plug_type" : "插頭式", "plug_count" : 6}}, {"type" : "Feature", "geometry" : {"type":"Point","coordinates":[121.3974436,25.0773384]}, "properties" : {"station_name" : "正陽車業有限公司", "district" : "林口區", "address" : "新北市林口區中正路173號", "category" : "機車經銷商", "plug_type" : "插頭式", "plug_count" : 4}}, {"type" : "Feature", "geometry" : {"type":"Point","coordinates":[121.4590989,25.0096703]}, "properties" : {"station_name" : "忠山機車行", "district" : "板橋區", "address" : "新北市板橋區文化路1段205號", "category" : "機車經銷商", "plug_type" : "插頭式", "plug_count" : 4}}, {"type" : "Feature", "geometry" : {"type":"Point","coordinates":[121.457848,24.9988577]}, "properties" : {"station_name" : "繼郎機車有限公司", "district" : "板橋區", "address" : "新北市板橋區四川路一段381號", "category" : "機車經銷商", "plug_type" : "插頭式", "plug_count" : 2}}, {"type" : "Feature", "geometry" : {"type":"Point","coordinates":[121.4676907,25.0233438]}, "properties" : {"station_name" : "昇龍國際車業有限公司", "district" : "板橋區", "address" : "新北市板橋區民生路三段179號", "category" : "機車經銷商", "plug_type" : "插頭式", "plug_count" : 1}}, {"type" : "Feature", "geometry" : {"type":"Point","coordinates":[121.4623341,25.0096413]}, "properties" : {"station_name" : "永督機車行", "district" : "板橋區", "address" : "新北市板橋區民族路178號", "category" : "機車經銷商", "plug_type" : "插頭式", "plug_count" : 1}}, {"type" : "Feature", "geometry" : {"type":"Point","coordinates":[121.4590989,25.0096703]}, "properties" : {"station_name" : "銘汰車業行", "district" : "板橋區", "address" : "新北市板橋區光武路26號1F", "category" : "機車經銷商", "plug_type" : "充電座", "plug_count" : 1}}, {"type" : "Feature", "geometry" : {"type":"Point","coordinates":[121.4556209,25.0118279]}, "properties" : {"station_name" : "益昌機車行", "district" : "板橋區", "address" : "新北市板橋區西門街24號", "category" : "機車經銷商", "plug_type" : "插頭式", "plug_count" : 1}}, {"type" : "Feature", "geometry" : {"type":"Point","coordinates":[121.46362,25.00242]}, "properties" : {"station_name" : "上野車業有限公司", "district" : "板橋區", "address" : "新北市板橋區忠孝路83號", "category" : "機車經銷商", "plug_type" : "充電座", "plug_count" : 2}}, {"type" : "Feature", "geometry" : {"type":"Point","coordinates":[121.4590989,25.0096703]}, "properties" : {"station_name" : "明興機車行", "district" : "板橋區", "address" : "新北市板橋區長江路1段359號", "category" : "機車經銷商", "plug_type" : "充電座", "plug_count" : 2}}, {"type" : "Feature", "geometry" : {"type":"Point","coordinates":[121.4670297,25.0321115]}, "properties" : {"station_name" : "晉新輪業有限公司", "district" : "板橋區", "address" : "新北市板橋區長江路二段197號", "category" : "機車經銷商", "plug_type" : "充電座", "plug_count" : 2}}, {"type" : "Feature", "geometry" : {"type":"Point","coordinates":[121.4590989,25.0096703]}, "properties" : {"station_name" : "僑王車業有限公司", "district" : "板橋區", "address" : "新北市板橋區華興街42號1F", "category" : "機車經銷商", "plug_type" : "充電座", "plug_count" : 1}}, {"type" : "Feature", "geometry" : {"type":"Point","coordinates":[121.4590989,25.0096703]}, "properties" : {"station_name" : "永定機車行", "district" : "板橋區", "address" : "新北市板橋區溪昆二街8號", "category" : "機車經銷商", "plug_type" : "充電座", "plug_count" : 2}}, {"type" : "Feature", "geometry" : {"type":"Point","coordinates":[121.4640406,25.0051508]}, "properties" : {"station_name" : "通天車業有限公司", "district" : "板橋區", "address" : "新北市板橋區實踐路171號", "category" : "機車經銷商", "plug_type" : "充電座", "plug_count" : 2}}, {"type" : "Feature", "geometry" : {"type":"Point","coordinates":[121.4642395,25.0177237]}, "properties" : {"station_name" : "萬光機車行", "district" : "板橋區", "address" : "新北市板橋區漢生西路60號", "category" : "機車經銷商", "plug_type" : "插頭式", "plug_count" : 1}}, {"type" : "Feature", "geometry" : {"type":"Point","coordinates":[121.4723046,25.0299181]}, "properties" : {"station_name" : "連盛車業", "district" : "板橋區", "address" : "新北市板橋區雙十路二段67號", "category" : "機車經銷商", "plug_type" : "充電座", "plug_count" : 2}}, {"type" : "Feature", "geometry" : {"type":"Point","coordinates":[121.4275817,25.0502721]}, "properties" : {"station_name" : "榮泰機車行", "district" : "泰山區", "address" : "新北市泰山區明志路二段333號", "category" : "機車經銷商", "plug_type" : "充電座", "plug_count" : 1}}, {"type" : "Feature", "geometry" : {"type":"Point","coordinates":[121.427383,25.0642564]}, "properties" : {"station_name" : "大運車輛企業有限公司", "district" : "泰山區", "address" : "新北市泰山區泰林路二段178號", "category" : "機車經銷商", "plug_type" : "充電座", "plug_count" : 2}}, {"type" : "Feature", "geometry" : {"type":"Point","coordinates":[121.9229762,25.0487087]}, "properties" : {"station_name" : "利祥機車行", "district" : "貢寮區", "address" : "新北市貢寮區仁和路244號", "category" : "機車經銷商", "plug_type" : "插頭式", "plug_count" : 2}}, {"type" : "Feature", "geometry" : {"type":"Point","coordinates":[121.4531477,25.1813044]}, "properties" : {"station_name" : "永群車業有限公司", "district" : "淡水區", "address" : "新北市淡水區中山北路1段247巷68號", "category" : "機車經銷商", "plug_type" : "充電座", "plug_count" : 4}}, {"type" : "Feature", "geometry" : {"type":"Point","coordinates":[121.4418898,25.1756422]}, "properties" : {"station_name" : "加益車業有限公司", "district" : "淡水區", "address" : "新北市淡水區中山北路一段307號1樓", "category" : "機車經銷商", "plug_type" : "充電座", "plug_count" : 4}}, {"type" : "Feature", "geometry" : {"type":"Point","coordinates":[121.4463805,25.1680759]}, "properties" : {"station_name" : "樺龍車業有限公司", "district" : "淡水區", "address" : "新北市淡水區中正東路43號1樓", "category" : "機車經銷商", "plug_type" : "充電座", "plug_count" : 4}}, {"type" : "Feature", "geometry" : {"type":"Point","coordinates":[121.4531477,25.1813044]}, "properties" : {"station_name" : "盛偉機車行", "district" : "淡水區", "address" : "新北市淡水區民權路183之2號", "category" : "機車經銷商", "plug_type" : "無", "plug_count" : 1}}, {"type" : "Feature", "geometry" : {"type":"Point","coordinates":[121.6121013,25.0012052]}, "properties" : {"station_name" : "鼎祐車業行", "district" : "深坑區", "address" : "新北市深坑區北深路二段84號", "category" : "機車經銷商", "plug_type" : "充電座", "plug_count" : 2}}, {"type" : "Feature", "geometry" : {"type":"Point","coordinates":[121.4962445,25.0706956]}, "properties" : {"station_name" : "上暉車業有限公司", "district" : "三重區", "address" : "新北市三重區三和路三段40號", "category" : "機車經銷商", "plug_type" : "插頭式", "plug_count" : 2}}, {"type" : "Feature", "geometry" : {"type":"Point","coordinates":[121.4556209,25.0118279]}, "properties" : {"station_name" : "北門車業有限公司", "district" : "板橋區", "address" : "新北市板橋區西門街12號", "category" : "機車經銷商", "plug_type" : "充電座", "plug_count" : 2}}, {"type" : "Feature", "geometry" : {"type":"Point","coordinates":[121.4640857,24.9976814]}, "properties" : {"station_name" : "錕達車業有限公司", "district" : "板橋區", "address" : "新北市板橋區重慶路349號", "category" : "機車經銷商", "plug_type" : "充電座", "plug_count" : 2}}, {"type" : "Feature", "geometry" : {"type":"Point","coordinates":[121.5420049,24.9689977]}, "properties" : {"station_name" : "香港車業有限公司", "district" : "新店區", "address" : "新北市新店區北新路一段29號", "category" : "機車經銷商", "plug_type" : "充電座", "plug_count" : 2}}, {"type" : "Feature", "geometry" : {"type":"Point","coordinates":[121.5369806,24.9854934]}, "properties" : {"station_name" : "群英輪業有限公司", "district" : "新店區", "address" : "新北市新店區建國路135號", "category" : "機車經銷商", "plug_type" : "充電座", "plug_count" : 2}}, {"type" : "Feature", "geometry" : {"type":"Point","coordinates":[121.4754811,25.0815723]}, "properties" : {"station_name" : "金大機車有限公司", "district" : "蘆洲區", "address" : "新北市蘆洲區中山一路63號", "category" : "機車經銷商", "plug_type" : "充電座", "plug_count" : 5}}, {"type" : "Feature", "geometry" : {"type":"Point","coordinates":[121.5419,24.9676]}, "properties" : {"station_name" : "進揚車業有限公司", "district" : "新店區", "address" : "新店區北新路一段287號一樓", "category" : "機車經銷商", "plug_type" : "充電座", "plug_count" : 2}}, {"type" : "Feature", "geometry" : {"type":"Point","coordinates":[121.5419,24.9676]}, "properties" : {"station_name" : "裕正機車行", "district" : "新店區", "address" : "新店區民族路182號", "category" : "機車經銷商", "plug_type" : "充電座", "plug_count" : 1}}, {"type" : "Feature", "geometry" : {"type":"Point","coordinates":[121.5419,24.9676]}, "properties" : {"station_name" : "裕成機車行", "district" : "新店區", "address" : "新店區民族路245號", "category" : "機車經銷商", "plug_type" : "充電座", "plug_count" : 1}}, {"type" : "Feature", "geometry" : {"type":"Point","coordinates":[121.5419,24.9676]}, "properties" : {"station_name" : "新祥輪業有限公司", "district" : "新店區", "address" : "新店區光明街117號", "category" : "機車經銷商", "plug_type" : "充電座", "plug_count" : 1}}, {"type" : "Feature", "geometry" : {"type":"Point","coordinates":[121.5419,24.9676]}, "properties" : {"station_name" : "霸輪機車行", "district" : "新店區", "address" : "新店區安和路三段169號", "category" : "機車經銷商", "plug_type" : "充電座", "plug_count" : 1}}, {"type" : "Feature", "geometry" : {"type":"Point","coordinates":[121.5419,24.9676]}, "properties" : {"station_name" : "昇宏車業有限公司", "district" : "新店區", "address" : "新店區安康路3段28號1F", "category" : "機車經銷商", "plug_type" : "充電座", "plug_count" : 1}}, {"type" : "Feature", "geometry" : {"type":"Point","coordinates":[121.5419,24.9676]}, "properties" : {"station_name" : "真亨車業有限公司", "district" : "新店區", "address" : "新店區順安街21號1樓", "category" : "機車經銷商", "plug_type" : "充電座", "plug_count" : 2}}, {"type" : "Feature", "geometry" : {"type":"Point","coordinates":[121.4540747,25.0608116]}, "properties" : {"station_name" : "榮鋒科技企業有限公司", "district" : "新莊區", "address" : "新北市新莊區新北大道二段360 號", "category" : "機車經銷商", "plug_type" : "充電座", "plug_count" : 1}}, {"type" : "Feature", "geometry" : {"type":"Point","coordinates":[121.444727,25.0516752]}, "properties" : {"station_name" : "昇億機車行", "district" : "新莊區", "address" : "新北市新莊區中平路82巷32號", "category" : "機車經銷商", "plug_type" : "充電座", "plug_count" : 2}}, {"type" : "Feature", "geometry" : {"type":"Point","coordinates":[121.4630027,25.0405575]}, "properties" : {"station_name" : "五洲機車有限公司", "district" : "新莊區", "address" : "新北市新莊區中正路346號", "category" : "機車經銷商", "plug_type" : "充電座", "plug_count" : 2}}, {"type" : "Feature", "geometry" : {"type":"Point","coordinates":[121.4630027,25.0405575]}, "properties" : {"station_name" : "SYM新北市服務中心", "district" : "新莊區", "address" : "新北市新莊區中正路57號", "category" : "機車經銷商", "plug_type" : "充電座", "plug_count" : 3}}, {"type" : "Feature", "geometry" : {"type":"Point","coordinates":[121.4502478,25.0357722]}, "properties" : {"station_name" : "巨陽車業行", "district" : "新莊區", "address" : "新北市新莊區中和街90號1F", "category" : "機車經銷商", "plug_type" : "充電座", "plug_count" : 2}}, {"type" : "Feature", "geometry" : {"type":"Point","coordinates":[121.4502478,25.0357722]}, "properties" : {"station_name" : "桄昇車業有限公司", "district" : "新莊區", "address" : "新北市新莊區思源路165號一樓", "category" : "機車經銷商", "plug_type" : "充電座", "plug_count" : 2}}, {"type" : "Feature", "geometry" : {"type":"Point","coordinates":[121.4502478,25.0357722]}, "properties" : {"station_name" : "昇旺國際車業有限公司", "district" : "新莊區", "address" : "新北市新莊區復興路二段18號一樓", "category" : "機車經銷商", "plug_type" : "充電座", "plug_count" : 2}}, {"type" : "Feature", "geometry" : {"type":"Point","coordinates":[121.4205326,24.9907063]}, "properties" : {"station_name" : "勝龍車業行", "district" : "樹林區", "address" : "新北市樹林區大成路1、3號", "category" : "機車經銷商", "plug_type" : "充電座", "plug_count" : 4}}, {"type" : "Feature", "geometry" : {"type":"Point","coordinates":[121.4239814,24.9923966]}, "properties" : {"station_name" : "樹福車業有限公司", "district" : "樹林區", "address" : "新北市樹林區中山路一段54號", "category" : "機車經銷商", "plug_type" : "充電座", "plug_count" : 4}}, {"type" : "Feature", "geometry" : {"type":"Point","coordinates":[121.4183436,24.9797797]}, "properties" : {"station_name" : "泰利車業行", "district" : "樹林區", "address" : "新北市樹林區太元街36號", "category" : "機車經銷商", "plug_type" : "插頭式", "plug_count" : 2}}, {"type" : "Feature", "geometry" : {"type":"Point","coordinates":[121.4183436,24.9797797]}, "properties" : {"station_name" : "裕晟機車有限公司", "district" : "樹林區", "address" : "新北市樹林區太元街64號", "category" : "機車經銷商", "plug_type" : "充電座", "plug_count" : 4}}, {"type" : "Feature", "geometry" : {"type":"Point","coordinates":[121.4190248,24.9818162]}, "properties" : {"station_name" : "昇豐車業行", "district" : "樹林區", "address" : "新北市樹林區太平路150巷7號", "category" : "機車經銷商", "plug_type" : "無", "plug_count" : 1}}, {"type" : "Feature", "geometry" : {"type":"Point","coordinates":[121.4234354,24.9954072]}, "properties" : {"station_name" : "駿億車業有限公司", "district" : "樹林區", "address" : "新北市樹林區保安二街43號", "category" : "機車經銷商", "plug_type" : "充電座", "plug_count" : 4}}, {"type" : "Feature", "geometry" : {"type":"Point","coordinates":[121.4264275,24.9935557]}, "properties" : {"station_name" : "譽盛機車有限公司", "district" : "樹林區", "address" : "新北市樹林區鎮前街271-3號", "category" : "機車經銷商", "plug_type" : "充電座", "plug_count" : 4}}, {"type" : "Feature", "geometry" : {"type":"Point","coordinates":[121.4622855,25.0807992]}, "properties" : {"station_name" : "萬達車業行", "district" : "蘆洲區", "address" : "新北市蘆洲區中華街74號", "category" : "機車經銷商", "plug_type" : "充電座", "plug_count" : 2}}, {"type" : "Feature", "geometry" : {"type":"Point","coordinates":[121.3365869,24.9401031]}, "properties" : {"station_name" : "景陽車業有限公司", "district" : "鶯歌區", "address" : "新北市鶯歌區中正三路341號", "category" : "機車經銷商", "plug_type" : "充電座", "plug_count" : 2}}, {"type" : "Feature", "geometry" : {"type":"Point","coordinates":[121.3524936,24.950204]}, "properties" : {"station_name" : "陽全車業有限公司", "district" : "鶯歌區", "address" : "新北市鶯歌區文化路385號", "category" : "機車經銷商", "plug_type" : "充電座", "plug_count" : 2}}, {"type" : "Feature", "geometry" : {"type":"Point","coordinates":[121.6629171,25.0699012]}, "properties" : {"station_name" : "郭賜美車業", "district" : "汐止區", "address" : "新北市汐止區大同路二段669號", "category" : "機車經銷商", "plug_type" : "充電座", "plug_count" : 4}}, {"type" : "Feature", "geometry" : {"type":"Point","coordinates":[121.4264086,25.0220627]}, "properties" : {"station_name" : "必榮機車材料行", "district" : "新莊區", "address" : "新北市新莊區民安西路365號", "category" : "機車經銷商", "plug_type" : "無", "plug_count" : 1}}, {"type" : "Feature", "geometry" : {"type":"Point","coordinates":[121.4418898,25.1756422]}, "properties" : {"station_name" : "永群車業有限公司", "district" : "淡水區", "address" : "新北市淡水區中山北路一段245號", "category" : "機車經銷商", "plug_type" : "充電座", "plug_count" : 1}}, {"type" : "Feature", "geometry" : {"type":"Point","coordinates":[121.3861663,25.0846316]}, "properties" : {"station_name" : "林口車業有限公司", "district" : "林口區", "address" : "新北市林口區林口路52號", "category" : "機車經銷商", "plug_type" : "充電座", "plug_count" : 2}}, {"type" : "Feature", "geometry" : {"type":"Point","coordinates":[121.427383,25.0642564]}, "properties" : {"station_name" : "威騎車業有限公司", "district" : "泰山區", "address" : "新北市泰山區泰林路二段593號", "category" : "機車經銷商", "plug_type" : "無", "plug_count" : 1}}, {"type" : "Feature", "geometry" : {"type":"Point","coordinates":[121.5171885,24.9675548]}, "properties" : {"station_name" : "祥義車業有限公司", "district" : "新店區", "address" : "新北市新店區碧安街7巷9號", "category" : "機車經銷商", "plug_type" : "無", "plug_count" : 2}}, {"type" : "Feature", "geometry" : {"type":"Point","coordinates":[121.8046604,25.1084678]}, "properties" : {"station_name" : "瑞輪車業有限公司", "district" : "瑞芳區", "address" : "新北市瑞芳區明燈路三段74號", "category" : "機車經銷商", "plug_type" : "充電座", "plug_count" : 2}}, {"type" : "Feature", "geometry" : {"type":"Point","coordinates":[121.4420835,25.0466777]}, "properties" : {"station_name" : "裕大車業有限公司", "district" : "新莊區", "address" : "新北市新莊區新泰路339號", "category" : "機車經銷商", "plug_type" : "充電座", "plug_count" : 2}}, {"type" : "Feature", "geometry" : {"type":"Point","coordinates":[121.49898,24.999397]}, "properties" : {"station_name" : "豪呈機車有限公司", "district" : "中和區", "address" : "新北市中和區成功路109號一樓", "category" : "機車經銷商", "plug_type" : "充電座", "plug_count" : 2}}, {"type" : "Feature", "geometry" : {"type":"Point","coordinates":[121.6889336,25.1805892]}, "properties" : {"station_name" : "台順車業有限公司", "district" : "萬里區", "address" : "新北市萬里區瑪鋉路290號", "category" : "機車經銷商", "plug_type" : "插頭式", "plug_count" : 2}}, {"type" : "Feature", "geometry" : {"type":"Point","coordinates":[121.5071048,25.0071484]}, "properties" : {"station_name" : "永欣車業有限公司", "district" : "永和區", "address" : "新北市永和區中山路一段82-86號", "category" : "機車經銷商", "plug_type" : "充電箱", "plug_count" : 1}}, {"type" : "Feature", "geometry" : {"type":"Point","coordinates":[121.4436619,25.170509]}, "properties" : {"station_name" : "立冠車業有限公司", "district" : "淡水區", "address" : "新北市淡水區中山路137-1號", "category" : "機車經銷商", "plug_type" : "插頭式", "plug_count" : 2}}, {"type" : "Feature", "geometry" : {"type":"Point","coordinates":[121.5087419,24.9588498]}, "properties" : {"station_name" : "全新車業有限公司", "district" : "新店區", "address" : "新北市新店區安康路二段3-3號", "category" : "機車經銷商", "plug_type" : "插頭式", "plug_count" : 2}}, {"type" : "Feature", "geometry" : {"type":"Point","coordinates":[121.5420049,24.9689977]}, "properties" : {"station_name" : "吉興車業行", "district" : "新店區", "address" : "新北市新店區北新路一段331號", "category" : "機車經銷商", "plug_type" : "插頭式", "plug_count" : 2}}, {"type" : "Feature", "geometry" : {"type":"Point","coordinates":[121.4614475,25.026807]}, "properties" : {"station_name" : "有利車業有限公司", "district" : "板橋區", "address" : "新北市板橋區互助街94號", "category" : "機車經銷商", "plug_type" : "插頭式", "plug_count" : 2}}, {"type" : "Feature", "geometry" : {"type":"Point","coordinates":[121.6629171,25.0699012]}, "properties" : {"station_name" : "宏升機車有限公司", "district" : "汐止區", "address" : "新北市汐止區大同路二段503號", "category" : "機車經銷商", "plug_type" : "插頭式", "plug_count" : 2}}, {"type" : "Feature", "geometry" : {"type":"Point","coordinates":[121.484152,25.0754904]}, "properties" : {"station_name" : "和昌輪業有限公司", "district" : "三重區", "address" : "新北市三重區車路頭街33號", "category" : "機車經銷商", "plug_type" : "充電箱", "plug_count" : 4}}, {"type" : "Feature", "geometry" : {"type":"Point","coordinates":[121.5164338,24.9983305]}, "properties" : {"station_name" : "和欣機車有限公司", "district" : "永和區", "address" : "新北市永和區中正路653號", "category" : "機車經銷商", "plug_type" : "插頭式", "plug_count" : 2}}, {"type" : "Feature", "geometry" : {"type":"Point","coordinates":[121.4559983,24.9816484]}, "properties" : {"station_name" : "東泰發車業有限公司", "district" : "土城區", "address" : "新北市土城區清水路240號", "category" : "機車經銷商", "plug_type" : "充電箱", "plug_count" : 4}}, {"type" : "Feature", "geometry" : {"type":"Point","coordinates":[121.4868961,25.0615854]}, "properties" : {"station_name" : "金和機車有限公司", "district" : "三重區", "address" : "新北市三重區過圳街86號", "category" : "機車經銷商", "plug_type" : "插頭式", "plug_count" : 2}}, {"type" : "Feature", "geometry" : {"type":"Point","coordinates":[121.7994971,25.1075564]}, "properties" : {"station_name" : "金泰發車業有限公司", "district" : "瑞芳區", "address" : "新北市瑞芳區中山路174號", "category" : "機車經銷商", "plug_type" : "插頭式", "plug_count" : 2}}, {"type" : "Feature", "geometry" : {"type":"Point","coordinates":[121.488102,25.061486]}, "properties" : {"station_name" : "冠億輪業有限公司", "district" : "三重區", "address" : "新北市三重區民生街84.86號", "category" : "機車經銷商", "plug_type" : "插頭式", "plug_count" : 2}}, {"type" : "Feature", "geometry" : {"type":"Point","coordinates":[121.4520284,24.9805344]}, "properties" : {"station_name" : "昱盛車業有限公司", "district" : "土城區", "address" : "新北市土城區明德路二段127號", "category" : "機車經銷商", "plug_type" : "插頭式", "plug_count" : 2}}, {"type" : "Feature", "geometry" : {"type":"Point","coordinates":[121.4101351,25.0157686]}, "properties" : {"station_name" : "偉鼎車業有限公司", "district" : "樹林區", "address" : "新北市樹林區中正路662號", "category" : "機車經銷商", "plug_type" : "插頭式", "plug_count" : 2}}, {"type" : "Feature", "geometry" : {"type":"Point","coordinates":[121.4680334,24.9920031]}, "properties" : {"station_name" : "祥利車業企業社", "district" : "土城區", "address" : "新北市土城區延平街73號", "category" : "機車經銷商", "plug_type" : "插頭式", "plug_count" : 2}}, {"type" : "Feature", "geometry" : {"type":"Point","coordinates":[121.6504472,25.0750637]}, "properties" : {"station_name" : "祥寶車業股份有限公司", "district" : "汐止區", "address" : "新北市汐止區康寧街356號", "category" : "機車經銷商", "plug_type" : "插頭式", "plug_count" : 2}}, {"type" : "Feature", "geometry" : {"type":"Point","coordinates":[121.4546292,25.0588207]}, "properties" : {"station_name" : "順展車業有限公司", "district" : "新莊區", "address" : "新北市新莊區昌平街7號", "category" : "機車經銷商", "plug_type" : "充電箱", "plug_count" : 4}}, {"type" : "Feature", "geometry" : {"type":"Point","coordinates":[121.4476597,25.168437]}, "properties" : {"station_name" : "順億車業有限公司", "district" : "淡水區", "address" : "新北市淡水區學府路3號", "category" : "機車經銷商", "plug_type" : "插頭式", "plug_count" : 1}}, {"type" : "Feature", "geometry" : {"type":"Point","coordinates":[121.5419418,24.9673935]}, "properties" : {"station_name" : "萬里新輪業有限公司", "district" : "新店區", "address" : "新北市新店區安康路1段125號", "category" : "機車經銷商", "plug_type" : "插頭式", "plug_count" : 2}}, {"type" : "Feature", "geometry" : {"type":"Point","coordinates":[121.6539897,25.0616775]}, "properties" : {"station_name" : "儀芳車業行", "district" : "汐止區", "address" : "新北市汐止區連興街144號", "category" : "機車經銷商", "plug_type" : "插頭式", "plug_count" : 2}}, {"type" : "Feature", "geometry" : {"type":"Point","coordinates":[121.4594425,25.0238847]}, "properties" : {"station_name" : "燦贏實業有限公司", "district" : "板橋區", "address" : "新北市板橋區英士路17號", "category" : "機車經銷商", "plug_type" : "充電箱", "plug_count" : 4}}, {"type" : "Feature", "geometry" : {"type":"Point","coordinates":[121.493681,25.0554071]}, "properties" : {"station_name" : "鴻寶車業有限公司", "district" : "三重區", "address" : "新北市三重區重安街102號", "category" : "機車經銷商", "plug_type" : "插頭式", "plug_count" : 2}}, {"type" : "Feature", "geometry" : {"type":"Point","coordinates":[121.5409093,24.9618757]}, "properties" : {"station_name" : "鶴山輪業有限公司", "district" : "新店區", "address" : "新北市新店區中興路一段186號", "category" : "機車經銷商", "plug_type" : "插頭式", "plug_count" : 8}}, {"type" : "Feature", "geometry" : {"type":"Point","coordinates":[121.4706659,25.0461385]}, "properties" : {"station_name" : "家樂福重新店", "district" : "三重區", "address" : "新北市三重區重新路五段654號", "category" : "賣場", "plug_type" : "充電座", "plug_count" : 1}}, {"type" : "Feature", "geometry" : {"type":"Point","coordinates":[121.6587475,25.0641586]}, "properties" : {"station_name" : "家樂福汐止店", "district" : "汐止區", "address" : "新北市汐止區新台五路一段108號B1", "category" : "賣場", "plug_type" : "充電箱", "plug_count" : 2}}, {"type" : "Feature", "geometry" : {"type":"Point","coordinates":[121.5461827,24.9776701]}, "properties" : {"station_name" : "家樂福新店店", "district" : "新店區", "address" : "新北市新店區中興路三段1號", "category" : "賣場", "plug_type" : "充電箱", "plug_count" : 2}}, {"type" : "Feature", "geometry" : {"type":"Point","coordinates":[121.4205326,24.9907063]}, "properties" : {"station_name" : "家樂福北大店", "district" : "樹林區", "address" : "新北市樹林區大雅路228號B1", "category" : "賣場", "plug_type" : "充電箱", "plug_count" : 2}}, {"type" : "Feature", "geometry" : {"type":"Point","coordinates":[121.4155514,24.9889432]}, "properties" : {"station_name" : "家樂福樹林店", "district" : "樹林區", "address" : "新北市樹林區大安路118號", "category" : "賣場", "plug_type" : "充電箱", "plug_count" : 2}}, {"type" : "Feature", "geometry" : {"type":"Point","coordinates":[121.49898,24.999397]}, "properties" : {"station_name" : "家樂福中和店", "district" : "中和區", "address" : "新北市中和區中山路二段295號B1", "category" : "賣場", "plug_type" : "充電箱", "plug_count" : 3}}, {"type" : "Feature", "geometry" : {"type":"Point","coordinates":[121.5428726,24.9841049]}, "properties" : {"station_name" : "中興低碳立體停車場", "district" : "新店區", "address" : "新北市新店區中興路三段6號", "category" : "公有停車場", "plug_type" : "插頭式", "plug_count" : 9}}, {"type" : "Feature", "geometry" : {"type":"Point","coordinates":[121.368905,24.9343387]}, "properties" : {"station_name" : "北大體育場停車場", "district" : "三峽區", "address" : "新北市 三峽區復興路341號對面地下停車場", "category" : "公有停車場", "plug_type" : "插頭式", "plug_count" : 8}}, {"type" : "Feature", "geometry" : {"type":"Point","coordinates":[121.4587,25.0117]}, "properties" : {"station_name" : "特專三停車場", "district" : "板橋區", "address" : "板橋區縣民大道與站前路口", "category" : "公有停車場", "plug_type" : "充電箱", "plug_count" : 10}}, {"type" : "Feature", "geometry" : {"type":"Point","coordinates":[121.4680774,24.9976044]}, "properties" : {"station_name" : "中和民德停車場", "district" : "中和區", "address" : "新北市中和區民德路188號", "category" : "公有停車場", "plug_type" : "插頭式", "plug_count" : 5}}, {"type" : "Feature", "geometry" : {"type":"Point","coordinates":[121.4450824,25.0003758]}, "properties" : {"station_name" : "台北簡易紙廠", "district" : "板橋區", "address" : "新北市板橋區大觀路二段28號", "category" : "公有停車場", "plug_type" : "插頭式", "plug_count" : 13}}, {"type" : "Feature", "geometry" : {"type":"Point","coordinates":[121.5518787,24.8646065]}, "properties" : {"station_name" : "烏來立體停車場", "district" : "烏來區", "address" : "新北市烏來區烏來街47號1樓", "category" : "公有停車場", "plug_type" : "插頭式", "plug_count" : 6}}, {"type" : "Feature", "geometry" : {"type":"Point","coordinates":[121.4607622,25.0871066]}, "properties" : {"station_name" : "鷺江國民中學地下停車場", "district" : "蘆洲區", "address" : "新北市蘆洲區長興路300號", "category" : "公有停車場", "plug_type" : "插頭式", "plug_count" : 2}}, {"type" : "Feature", "geometry" : {"type":"Point","coordinates":[121.4379022,25.0637935]}, "properties" : {"station_name" : "楓樹腳公園地下停車場", "district" : "泰山區", "address" : "新北市泰山區楓江路26巷20號", "category" : "公有停車場", "plug_type" : "插頭式", "plug_count" : 2}}, {"type" : "Feature", "geometry" : {"type":"Point","coordinates":[121.4969463,25.064469]}, "properties" : {"station_name" : "正義國小地下停車場", "district" : "三重區", "address" : "新北市三重區信義西街31號", "category" : "公有停車場", "plug_type" : "插頭式", "plug_count" : 4}}, {"type" : "Feature", "geometry" : {"type":"Point","coordinates":[121.4866,25.0612]}, "properties" : {"station_name" : "永福國小地下停車場", "district" : "三重區", "address" : "三重區永福街66號", "category" : "公有停車場", "plug_type" : "無", "plug_count" : 2}}, {"type" : "Feature", "geometry" : {"type":"Point","coordinates":[121.49898,24.999397]}, "properties" : {"station_name" : "中和國小停車場", "district" : "中和區", "address" : "新北市中和區景平路632-8號B1-B2", "category" : "公有停車場", "plug_type" : "無", "plug_count" : 4}}, {"type" : "Feature", "geometry" : {"type":"Point","coordinates":[121.4985,24.9999]}, "properties" : {"station_name" : "中和秀山公園地下停車場", "district" : "中和區", "address" : "中和區自立路15巷12號B1及B2", "category" : "公有停車場", "plug_type" : "無", "plug_count" : 5}}, {"type" : "Feature", "geometry" : {"type":"Point","coordinates":[121.4985,24.9999]}, "properties" : {"station_name" : "公有民享市場地下停車場", "district" : "中和區", "address" : "中和區民享街37號B1", "category" : "公有停車場", "plug_type" : "無", "plug_count" : 2}}, {"type" : "Feature", "geometry" : {"type":"Point","coordinates":[121.4382,25.0825]}, "properties" : {"station_name" : "五股區工商路立體停車場", "district" : "五股區", "address" : "五股區工商路3號", "category" : "公有停車場", "plug_type" : "無", "plug_count" : 2}}, {"type" : "Feature", "geometry" : {"type":"Point","coordinates":[121.3917,25.0772]}, "properties" : {"station_name" : "林口區停三停車場", "district" : "林口區", "address" : "林口區中山路99號", "category" : "公有停車場", "plug_type" : "無", "plug_count" : 2}}, {"type" : "Feature", "geometry" : {"type":"Point","coordinates":[121.4371301,25.1731425]}, "properties" : {"station_name" : "淡水文化機車立體停車場", "district" : "淡水區", "address" : "新北市淡水區文化路57號", "category" : "公有停車場", "plug_type" : "無", "plug_count" : 23}}, {"type" : "Feature", "geometry" : {"type":"Point","coordinates":[121.4209,24.9909]}, "properties" : {"station_name" : "聯永物業股份有限公司臺北大學停一站停車場", "district" : "樹林區", "address" : "樹林區大義路與學城路口", "category" : "公有停車場", "plug_type" : "無", "plug_count" : 2}}, {"type" : "Feature", "geometry" : {"type":"Point","coordinates":[121.488102,25.061486]}, "properties" : {"station_name" : "溪美立體停車場", "district" : "三重區", "address" : "新北市三重區自強路4段55號", "category" : "公有停車場", "plug_type" : "無", "plug_count" : 2}}, {"type" : "Feature", "geometry" : {"type":"Point","coordinates":[121.6611687,25.0725934]}, "properties" : {"station_name" : "城中平面停車場", "district" : "汐止區", "address" : "新北市汐止區建成路47號", "category" : "公有停車場", "plug_type" : "無", "plug_count" : 2}}, {"type" : "Feature", "geometry" : {"type":"Point","coordinates":[121.4510285,24.9941664]}, "properties" : {"station_name" : "華東停車場", "district" : "板橋區", "address" : "新北市板橋區南雅南路二段144巷", "category" : "公有停車場", "plug_type" : "無", "plug_count" : 2}}, {"type" : "Feature", "geometry" : {"type":"Point","coordinates":[121.4946334,25.0807277]}, "properties" : {"station_name" : "家樂福蘆洲店", "district" : "蘆洲區", "address" : "新北市三重區五華街282號", "category" : "賣場", "plug_type" : "充電箱", "plug_count" : 1}}, {"type" : "Feature", "geometry" : {"type":"Point","coordinates":[121.3743978,25.0774882]}, "properties" : {"station_name" : "家樂福林口店", "district" : "林口區", "address" : "新北市林口區文化二路一段 559 號 B1", "category" : "賣場", "plug_type" : "充電箱", "plug_count" : 1}}, {"type" : "Feature", "geometry" : {"type":"Point","coordinates":[121.4275817,25.0502721]}, "properties" : {"station_name" : "義學立體停車場", "district" : "泰山區", "address" : "新北市泰山區明志路二段188號", "category" : "公有停車場", "plug_type" : "無", "plug_count" : 2}}, {"type" : "Feature", "geometry" : {"type":"Point","coordinates":[121.3537712,24.9599449]}, "properties" : {"station_name" : "建國路停一停車場", "district" : "鶯歌區", "address" : "新北市鶯歌區建國路66號旁空地", "category" : "公有停車場", "plug_type" : "無", "plug_count" : 2}}, {"type" : "Feature", "geometry" : {"type":"Point","coordinates":[121.3537712,24.9599449]}, "properties" : {"station_name" : "老街第二停車場", "district" : "鶯歌區", "address" : "新北市鶯歌區尖山埔路295號旁空地", "category" : "公有停車場", "plug_type" : "無", "plug_count" : 2}}, {"type" : "Feature", "geometry" : {"type":"Point","coordinates":[121.711185,24.937388]}, "properties" : {"station_name" : "坪林區水柳腳立體停車場", "district" : "坪林區", "address" : "新北市坪林區水柳腳34之1號", "category" : "公有停車場", "plug_type" : "無", "plug_count" : 2}}, {"type" : "Feature", "geometry" : {"type":"Point","coordinates":[121.4382,25.0825]}, "properties" : {"station_name" : "成洲停車場", "district" : "五股區", "address" : "五股區成泰路三段320號旁", "category" : "公有停車場", "plug_type" : "無", "plug_count" : 2}}, {"type" : "Feature", "geometry" : {"type":"Point","coordinates":[121.3543,24.9544]}, "properties" : {"station_name" : "三號公園前尖山埔路停車場", "district" : "鶯歌區", "address" : "鶯歌區三號公園前尖山埔路", "category" : "公有停車場", "plug_type" : "無", "plug_count" : 2}}, {"type" : "Feature", "geometry" : {"type":"Point","coordinates":[121.3671925,24.9349558]}, "properties" : {"station_name" : "三峽國小地下停車場", "district" : "三峽區", "address" : "新北市三峽區中山路16號", "category" : "公有停車場", "plug_type" : "插頭式", "plug_count" : 4}}, {"type" : "Feature", "geometry" : {"type":"Point","coordinates":[121.5419418,24.9673935]}, "properties" : {"station_name" : "新店北新公有停車場", "district" : "新店區", "address" : "新北市新店區北新路一段92號B1及B2", "category" : "公有停車場", "plug_type" : "無", "plug_count" : 2}}, {"type" : "Feature", "geometry" : {"type":"Point","coordinates":[121.443348,24.972201]}, "properties" : {"station_name" : "土城區莒光四村平面停車場", "district" : "土城區", "address" : "新北市土城區中央路1段189巷口南側", "category" : "公有停車場", "plug_type" : "無", "plug_count" : 2}}, {"type" : "Feature", "geometry" : {"type":"Point","coordinates":[121.4561373,25.0289388]}, "properties" : {"station_name" : "板橋新海抽水站平面停車場", "district" : "板橋區", "address" : "新北市板橋區中正路511號", "category" : "公有停車場", "plug_type" : "插頭式", "plug_count" : 2}}, {"type" : "Feature", "geometry" : {"type":"Point","coordinates":[121.4531477,25.1813044]}, "properties" : {"station_name" : "中正市場機車停車場", "district" : "淡水區", "address" : "新北市淡水區中正路115號b1", "category" : "公有停車場", "plug_type" : "充電箱", "plug_count" : 2}}, {"type" : "Feature", "geometry" : {"type":"Point","coordinates":[121.4436619,25.170509]}, "properties" : {"station_name" : "中山市場機車停車場", "district" : "淡水區", "address" : "新北市淡水區中山路77號2樓", "category" : "公有停車場", "plug_type" : "充電箱", "plug_count" : 2}}, {"type" : "Feature", "geometry" : {"type":"Point","coordinates":[121.4701937,25.0140383]}, "properties" : {"station_name" : "新北市政府市民廣場地下停車場", "district" : "板橋區", "address" : "新北市板橋區中山路一段161號", "category" : "公有停車場", "plug_type" : "充電箱", "plug_count" : 20}}, {"type" : "Feature", "geometry" : {"type":"Point","coordinates":[121.498533,25.0593061]}, "properties" : {"station_name" : "光興國小地下停車場", "district" : "三重區", "address" : "新北市三重區正義南路62號", "category" : "公有停車場", "plug_type" : "插頭式", "plug_count" : 10}}, {"type" : "Feature", "geometry" : {"type":"Point","coordinates":[121.8097683,25.1089107]}, "properties" : {"station_name" : "瑞芳區消防分隊前汽車平面停車場(嘟嘟房瑞芳站)", "district" : "瑞芳區", "address" : "新北市瑞芳區中正路30號對面", "category" : "公有停車場", "plug_type" : "", "plug_count" : 2}}, {"type" : "Feature", "geometry" : {"type":"Point","coordinates":[121.443348,24.972201]}, "properties" : {"station_name" : "延吉立體停車場", "district" : "土城區", "address" : "新北市土城區德峰街65號", "category" : "公有停車場", "plug_type" : "", "plug_count" : 2}}, {"type" : "Feature", "geometry" : {"type":"Point","coordinates":[121.443348,24.972201]}, "properties" : {"station_name" : "中洲平面停車場", "district" : "土城區", "address" : "新北市土城區中洲路11號對面空地", "category" : "公有停車場", "plug_type" : "", "plug_count" : 10}}, {"type" : "Feature", "geometry" : {"type":"Point","coordinates":[121.4502478,25.0357722]}, "properties" : {"station_name" : "新莊區新莊國民中學地下停車場", "district" : "新莊區", "address" : "新北市新莊區景德街138號", "category" : "公有停車場", "plug_type" : "", "plug_count" : 2}}, {"type" : "Feature", "geometry" : {"type":"Point","coordinates":[121.528527,24.9832686]}, "properties" : {"station_name" : "二重國中地下停車場", "district" : "三重區", "address" : "新北市三重區忠孝路3段89號B1、B2?", "category" : "公有停車場", "plug_type" : "", "plug_count" : 2}}, {"type" : "Feature", "geometry" : {"type":"Point","coordinates":[121.528527,24.9832686]}, "properties" : {"station_name" : " 碧華國小地下停車場", "district" : "三重區", "address" : "新北市三重區五華街160號B1、B2", "category" : "公有停車場", "plug_type" : "", "plug_count" : 2}}, {"type" : "Feature", "geometry" : {"type":"Point","coordinates":[121.528527,24.9832686]}, "properties" : {"station_name" : "板橋區重慶公園地下停車場", "district" : "板橋區", "address" : "新北市板橋區重慶路265號B1、B2", "category" : "公有停車場", "plug_type" : "", "plug_count" : 2}}, {"type" : "Feature", "geometry" : {"type":"Point","coordinates":[121.6335992,25.0761302]}, "properties" : {"station_name" : "新北市板橋區新北市立圖書館地下停車場", "district" : "板橋區", "address" : "新北市板橋區貴興路139號B1~B3", "category" : "公有停車場", "plug_type" : "", "plug_count" : 20}}, {"type" : "Feature", "geometry" : {"type":"Point","coordinates":[121.5200703,25.009235]}, "properties" : {"station_name" : "永和國小地下停車場", "district" : "永和區", "address" : "新北市永和區中正路412巷對面入口", "category" : "公有停車場", "plug_type" : "", "plug_count" : 2}}, {"type" : "Feature", "geometry" : {"type":"Point","coordinates":[121.4502478,25.0357722]}, "properties" : {"station_name" : "中環站停車場", "district" : "新莊區", "address" : "新北市新莊區中環路2段48之8號斜對面", "category" : "公有停車場", "plug_type" : "", "plug_count" : 4}}, {"type" : "Feature", "geometry" : {"type":"Point","coordinates":[121.4502478,25.0357722]}, "properties" : {"station_name" : "後港新公園地下停車場", "district" : "新莊區", "address" : "新北市新莊區後港一路19號B1", "category" : "公有停車場", "plug_type" : "", "plug_count" : 4}}, {"type" : "Feature", "geometry" : {"type":"Point","coordinates":[121.4590989,25.0096703]}, "properties" : {"station_name" : "大漢停車場", "district" : "板橋區", "address" : "新北市板橋區民生路3段119號對面", "category" : "公有停車場", "plug_type" : "", "plug_count" : 12}}, {"type" : "Feature", "geometry" : {"type":"Point","coordinates":[121.368905,24.9343387]}, "properties" : {"station_name" : "三角湧平面停車場", "district" : "三峽區", "address" : "新北市三峽區中華路與中華路3巷交叉口", "category" : "公有停車場", "plug_type" : "插頭式", "plug_count" : 4}}, {"type" : "Feature", "geometry" : {"type":"Point","coordinates":[121.368905,24.9343387]}, "properties" : {"station_name" : "光明平面停車場", "district" : "三峽區", "address" : "新北市三峽區光明路39號之1", "category" : "公有停車場", "plug_type" : "插頭式", "plug_count" : 2}}, {"type" : "Feature", "geometry" : {"type":"Point","coordinates":[121.374782,24.9295265]}, "properties" : {"station_name" : "長福平面停車場", "district" : "三峽區", "address" : "新北市三峽區光明路1號", "category" : "公有停車場", "plug_type" : "插頭式", "plug_count" : 2}}, {"type" : "Feature", "geometry" : {"type":"Point","coordinates":[121.3737273,24.9386525]}, "properties" : {"station_name" : "防災公園平面停車場", "district" : "三峽區", "address" : "新北市三峽區國光街60號", "category" : "公有停車場", "plug_type" : "插頭式", "plug_count" : 4}}, {"type" : "Feature", "geometry" : {"type":"Point","coordinates":[121.4587,25.0117]}, "properties" : {"station_name" : " 板橋國小地下停車場", "district" : "板橋區", "address" : "板橋區文化路一段23號B1~B3", "category" : "公有停車場", "plug_type" : "插頭式", "plug_count" : 2}}, {"type" : "Feature", "geometry" : {"type":"Point","coordinates":[121.4587,25.0117]}, "properties" : {"station_name" : " 板橋國中地下停車場", "district" : "板橋區", "address" : "板橋區中正路437號B1", "category" : "公有停車場", "plug_type" : "插頭式", "plug_count" : 2}}, {"type" : "Feature", "geometry" : {"type":"Point","coordinates":[121.3916021,25.0775308]}, "properties" : {"station_name" : "新北市林口區機一臨時平面停車場", "district" : "林口區", "address" : "新北市林口區文化三路1段與忠孝三路交叉口", "category" : "公有停車場", "plug_type" : "插頭式", "plug_count" : 4}}, {"type" : "Feature", "geometry" : {"type":"Point","coordinates":[121.5419,24.9676]}, "properties" : {"station_name" : " 新店區新店高中地下停車場", "district" : "新店區", "address" : "新店區中央路93號B1、B2", "category" : "公有停車場", "plug_type" : "插頭式", "plug_count" : 2}}, {"type" : "Feature", "geometry" : {"type":"Point","coordinates":[121.534632,24.9724458]}, "properties" : {"station_name" : "三民地下停車場", "district" : "新店區", "address" : "新北市新店區三民路20-1號", "category" : "公有停車場", "plug_type" : "插頭式", "plug_count" : 2}}, {"type" : "Feature", "geometry" : {"type":"Point","coordinates":[121.6618715,25.0682132]}, "properties" : {"station_name" : "汐止國民運動中心停車場", "district" : "汐止區", "address" : "新北市汐止區汐科路321號", "category" : "公有停車場", "plug_type" : "插頭式", "plug_count" : 2}}, {"type" : "Feature", "geometry" : {"type":"Point","coordinates":[121.4531477,25.1813044]}, "properties" : {"station_name" : "新北市淡水區市民聯合服務中心地下停車場", "district" : "淡水區", "address" : "新北市淡水區中山北路2段375號", "category" : "公有停車場", "plug_type" : "插頭式", "plug_count" : 2}}, {"type" : "Feature", "geometry" : {"type":"Point","coordinates":[121.488102,25.061486]}, "properties" : {"station_name" : " 聯邦地下停車場", "district" : "三重區", "address" : "新北市三重區中華路125號B2", "category" : "公有停車場", "plug_type" : "插頭式", "plug_count" : 5}}, {"type" : "Feature", "geometry" : {"type":"Point","coordinates":[121.4737,25.084923]}, "properties" : {"station_name" : "新北市蘆洲區鴨母港抽水站平面停車場", "district" : "蘆洲區", "address" : "新北市蘆洲區永安南路與環堤大道交叉處及永安南路與長安街223巷交叉處", "category" : "公有停車場", "plug_type" : "插頭式", "plug_count" : 5}}, {"type" : "Feature", "geometry" : {"type":"Point","coordinates":[121.4812504,25.0256816]}, "properties" : {"station_name" : " 新北市板橋區華翠橋下H、I、K平面停車場", "district" : "板橋區", "address" : "新北市板橋區華翠橋下(新北市板橋區富山街至太和街間)", "category" : "公有停車場", "plug_type" : "插頭式", "plug_count" : 2}}, {"type" : "Feature", "geometry" : {"type":"Point","coordinates":[121.4866,25.0612]}, "properties" : {"station_name" : "新北市三重區龍門路274巷51號對面", "district" : "三重區", "address" : "三德公園機車專用停車格", "category" : "公有停車格", "plug_type" : "插頭式", "plug_count" : 3}}, {"type" : "Feature", "geometry" : {"type":"Point","coordinates":[121.4035113,25.1456917]}, "properties" : {"station_name" : "新北市八里區龍米路2段150號隔壁", "district" : "八里區", "address" : " 新北市八里區龍米平面停車場", "category" : "公有停車場", "plug_type" : "插頭式", "plug_count" : 10}}, {"type" : "Feature", "geometry" : {"type":"Point","coordinates":[121.4434,24.9722]}, "properties" : {"station_name" : "新北市土城區學成路81號B1~B3", "district" : "土城區", "address" : "學成公園地下停車場", "category" : "公有停車場", "plug_type" : "插頭式", "plug_count" : 5}}, {"type" : "Feature", "geometry" : {"type":"Point","coordinates":[121.4587,25.0117]}, "properties" : {"station_name" : "新北市板橋區陽明街166號1F及B1~B3", "district" : "板橋區", "address" : "板橋四維公園地下停車場", "category" : "公有停車場", "plug_type" : "插頭式", "plug_count" : 3}}, {"type" : "Feature", "geometry" : {"type":"Point","coordinates":[121.9081,25.0226]}, "properties" : {"station_name" : "新北市貢寮區仁愛路43號B1", "district" : "貢寮區", "address" : "貢寮澳底公園地下停車場", "category" : "公有停車場", "plug_type" : "插頭式", "plug_count" : 3}}, {"type" : "Feature", "geometry" : {"type":"Point","coordinates":[121.4502478,25.0357722]}, "properties" : {"station_name" : "新北市新莊區四維路95號", "district" : "新莊區", "address" : " 新北市新莊區四維立體停車場", "category" : "公有停車場", "plug_type" : "插頭式", "plug_count" : 2}}, {"type" : "Feature", "geometry" : {"type":"Point","coordinates":[121.5419,24.9676]}, "properties" : {"station_name" : "新北市新店區三民路161號B1、B2", "district" : "新店區", "address" : " 新店高中停車場", "category" : "公有停車場", "plug_type" : "插頭式", "plug_count" : 6}}, {"type" : "Feature", "geometry" : {"type":"Point","coordinates":[121.4866,25.0612]}, "properties" : {"station_name" : "三重區永福街66號地下1至地下2層", "district" : "三重區", "address" : " 永福國小地下停車場", "category" : "公有停車場", "plug_type" : "插頭式", "plug_count" : 2}}, {"type" : "Feature", "geometry" : {"type":"Point","coordinates":[121.4866,25.0612]}, "properties" : {"station_name" : "新北市三重區雙園街1號B1、B2", "district" : "三重區", "address" : " 正義公園地下停車場", "category" : "公有停車場", "plug_type" : "插頭式", "plug_count" : 2}}, {"type" : "Feature", "geometry" : {"type":"Point","coordinates":[121.488102,25.061486]}, "properties" : {"station_name" : "新北市三重區河邊北街70號對面，位於環河北路近開元公園至環河北路128巷", "district" : "三重區", "address" : "新北市三重區環河快速高架橋下平面停車場", "category" : "公有停車場", "plug_type" : "插頭式", "plug_count" : 10}}, {"type" : "Feature", "geometry" : {"type":"Point","coordinates":[121.4985,24.9999]}, "properties" : {"station_name" : "新北市中和區員山路154號B1、B2", "district" : "中和區", "address" : " 積穗國小地下停車場", "category" : "公有停車場", "plug_type" : "插頭式", "plug_count" : 10}}, {"type" : "Feature", "geometry" : {"type":"Point","coordinates":[121.4587,25.0117]}, "properties" : {"station_name" : "新北市板橋區文化路2段413號B1、B2", "district" : "板橋區", "address" : " 江翠國小地下停車場", "category" : "公有停車場", "plug_type" : "插頭式", "plug_count" : 9}}, {"type" : "Feature", "geometry" : {"type":"Point","coordinates":[121.4866,25.0612]}, "properties" : {"station_name" : "新北市三重區公園街32地號", "district" : "三重區", "address" : " 龍門公園地下停車場", "category" : "公有停車場", "plug_type" : "插頭式", "plug_count" : 2}}, {"type" : "Feature", "geometry" : {"type":"Point","coordinates":[121.4866,25.0612]}, "properties" : {"station_name" : "新北市三重區五華街7巷30號", "district" : "三重區", "address" : " 五常公園地下停車場", "category" : "公有停車場", "plug_type" : "插頭式", "plug_count" : 2}}, {"type" : "Feature", "geometry" : {"type":"Point","coordinates":[121.4866,25.0612]}, "properties" : {"station_name" : "新北市三重區中華路125號B2、B3", "district" : "三重區", "address" : " 聯邦地下停車場", "category" : "公有停車場", "plug_type" : "插頭式", "plug_count" : 5}}, {"type" : "Feature", "geometry" : {"type":"Point","coordinates":[121.48287,25.07787]}, "properties" : {"station_name" : "新北市三重區永福街10巷8號B1~B3", "district" : "三重區", "address" : "新北市三重區力行地下停車場", "category" : "公有停車場", "plug_type" : "插頭式", "plug_count" : 10}}, {"type" : "Feature", "geometry" : {"type":"Point","coordinates":[121.4985,24.9999]}, "properties" : {"station_name" : "新北市中和區景新街399巷12號", "district" : "中和區", "address" : "中和景新立體停車場 ", "category" : "公有停車場", "plug_type" : "插頭式", "plug_count" : 5}}, {"type" : "Feature", "geometry" : {"type":"Point","coordinates":[121.5141,25.0073]}, "properties" : {"station_name" : "新北市永和區文化路133號", "district" : "永和區", "address" : "頂溪國小地下停車場 ", "category" : "公有停車場", "plug_type" : "插頭式", "plug_count" : 6}}, {"type" : "Feature", "geometry" : {"type":"Point","coordinates":[121.6587475,25.0641586]}, "properties" : {"station_name" : "新北市汐止區茄苳路112號對面", "district" : "汐止區", "address" : " 新北市汐止區崇德平面停車場 ", "category" : "公有停車場", "plug_type" : "插頭式", "plug_count" : 2}}, {"type" : "Feature", "geometry" : {"type":"Point","coordinates":[121.4587,25.0117]}, "properties" : {"station_name" : "新北市板橋區四汴頭抽水站對面", "district" : "板橋區", "address" : "臺65高架橋下(P93-P94)板橋端停車場", "category" : "公有停車場", "plug_type" : "插頭式", "plug_count" : 5}}, {"type" : "Feature", "geometry" : {"type":"Point","coordinates":[121.4309,25.0594]}, "properties" : {"station_name" : "新北市泰山區半山雅路2號前", "district" : "泰山區", "address" : "台貿三村平面停車場", "category" : "公有停車場", "plug_type" : "插頭式", "plug_count" : 2}}, {"type" : "Feature", "geometry" : {"type":"Point","coordinates":[121.4309,25.0594]}, "properties" : {"station_name" : "新北市泰山區憲訓路與美寧街交會處", "district" : "泰山區", "address" : "山腳平面停車場", "category" : "公有停車場", "plug_type" : "插頭式", "plug_count" : 2}}, {"type" : "Feature", "geometry" : {"type":"Point","coordinates":[121.4406,25.1697]}, "properties" : {"station_name" : "新北市淡水區民生路27-1號", "district" : "淡水區", "address" : "民生立體車場", "category" : "公有停車場", "plug_type" : "插頭式", "plug_count" : 10}}, {"type" : "Feature", "geometry" : {"type":"Point","coordinates":[121.5419,24.9676]}, "properties" : {"station_name" : "新北市新店區寶橋路10號", "district" : "新店區", "address" : "寶橋立體停車場", "category" : "公有停車場", "plug_type" : "插頭式", "plug_count" : 10}}, {"type" : "Feature", "geometry" : {"type":"Point","coordinates":[121.4524,25.0359]}, "properties" : {"station_name" : "新北市新莊區景德街138號", "district" : "新莊區", "address" : "新莊區新莊國民中學地下停車場", "category" : "公有停車場", "plug_type" : "插頭式", "plug_count" : 5}}, {"type" : "Feature", "geometry" : {"type":"Point","coordinates":[121.4209,24.9909]}, "properties" : {"station_name" : "新北市樹林區復興路202號", "district" : "樹林區", "address" : "第七停車場", "category" : "公有停車場", "plug_type" : "插頭式", "plug_count" : 2}}, {"type" : "Feature", "geometry" : {"type":"Point","coordinates":[121.4209,24.9909]}, "properties" : {"station_name" : "新北市樹林區學成路及大成街交叉處", "district" : "樹林區", "address" : "樹林停二平面停車場 ", "category" : "公有停車場", "plug_type" : "插頭式", "plug_count" : 5}}, {"type" : "Feature", "geometry" : {"type":"Point","coordinates":[121.473,25.0848]}, "properties" : {"station_name" : "新北市蘆洲區三民路與復興路口", "district" : "蘆洲區", "address" : "三民機車平面停車場", "category" : "公有停車場", "plug_type" : "插頭式", "plug_count" : 10}}, {"type" : "Feature", "geometry" : {"type":"Point","coordinates":[121.3543,24.9544]}, "properties" : {"station_name" : "新北市鶯歌區重慶街30號旁", "district" : "鶯歌區", "address" : "鶯歌區三號公園(重慶街)平面停車場 ", "category" : "公有停車場", "plug_type" : "插頭式", "plug_count" : 2}}, {"type" : "Feature", "geometry" : {"type":"Point","coordinates":[121.4209,24.9909]}, "properties" : {"station_name" : "新北市樹林區山佳火車站地下一樓", "district" : "樹林區", "address" : "聯永山佳機車地下停車場 ", "category" : "公有停車場", "plug_type" : "插頭式", "plug_count" : 10}}]}
