{"type": "FeatureCollection", "features": [{"type": "Feature", "geometry": {"type": "MultiPolygon", "coordinates": [[[[121.499283, 25.129276], [121.499289, 25.129279], [121.499286, 25.129277], [121.499283, 25.129276]]], [[[121.499298, 25.129288], [121.499302, 25.129293], [121.4993, 25.12929], [121.499298, 25.129288]]], [[[121.499307, 25.129311], [121.499307, 25.129317], [121.499307, 25.129314], [121.499307, 25.129311]]], [[[121.499306, 25.129305], [121.499307, 25.129311], [121.499307, 25.129308], [121.499306, 25.129305]]], [[[121.499304, 25.129299], [121.499306, 25.129305], [121.499306, 25.129302], [121.499304, 25.129299]]], [[[121.499294, 25.129283], [121.499298, 25.129288], [121.499296, 25.129285], [121.499294, 25.129283]]], [[[121.499302, 25.129293], [121.499304, 25.129299], [121.499303, 25.129296], [121.499302, 25.129293]]], [[[121.499289, 25.129279], [121.499294, 25.129283], [121.499292, 25.129281], [121.499289, 25.129279]]], [[[121.499305, 25.129326], [121.499307, 25.12932], [121.499307, 25.129317], [121.499305, 25.129326]]], [[[121.499283, 25.129276], [121.49928, 25.129274], [121.499274, 25.129272], [121.499283, 25.129276]]]]}, "properties": {"name": "公園", "area": 0}}, {"type": "Feature", "geometry": {"type": "MultiPolygon", "coordinates": [[[[121.564746, 24.986446], [121.56475, 24.986451], [121.564747, 24.986448], [121.564746, 24.986446]]], [[[121.564753, 24.986457], [121.564756, 24.986463], [121.564754, 24.986458], [121.564753, 24.986457]]], [[[121.564735, 24.986438], [121.564741, 24.986442], [121.564737, 24.986439], [121.564735, 24.986438]]], [[[121.564741, 24.986442], [121.564746, 24.986446], [121.564745, 24.986445], [121.564741, 24.986442]]], [[[121.564756, 24.986463], [121.564757, 24.986469], [121.564757, 24.986467], [121.564756, 24.986463]]], [[[121.56475, 24.986451], [121.564753, 24.986457], [121.564753, 24.986455], [121.56475, 24.986451]]], [[[121.564758, 24.986479], [121.564758, 24.98647], [121.564757, 24.986469], [121.564758, 24.986479]]], [[[121.564735, 24.986438], [121.564734, 24.986437], [121.564725, 24.986434], [121.564735, 24.986438]]]]}, "properties": {"name": "公園", "area": 0}}, {"type": "Feature", "geometry": {"type": "MultiPolygon", "coordinates": [[[[121.461933, 25.123136], [121.461898, 25.123301], [121.46189, 25.123337], [121.461881, 25.123381], [121.462024, 25.123433], [121.462179, 25.123466], [121.462372, 25.123508], [121.462504, 25.123541], [121.462623, 25.12357], [121.462721, 25.123594], [121.462822, 25.123618], [121.462927, 25.123652], [121.463029, 25.123685], [121.463114, 25.123712], [121.463193, 25.123751], [121.463297, 25.123725], [121.463468, 25.12369], [121.463594, 25.12367], [121.46371, 25.123656], [121.463862, 25.123644], [121.463971, 25.123639], [121.46407, 25.123638], [121.464139, 25.123639], [121.464095, 25.123585], [121.464026, 25.123543], [121.463889, 25.123492], [121.46377, 25.123459], [121.463578, 25.123427], [121.463435, 25.123418], [121.463258, 25.123415], [121.463029, 25.123411], [121.462878, 25.123409], [121.462767, 25.123407], [121.462662, 25.1234], [121.462579, 25.12339], [121.462514, 25.123378], [121.46247, 25.123368], [121.462435, 25.123358], [121.462328, 25.123321], [121.462248, 25.123285], [121.462136, 25.123233], [121.462106, 25.123217], [121.462078, 25.123197], [121.462053, 25.123175], [121.462031, 25.123151], [121.462012, 25.123124], [121.461996, 25.123096], [121.461984, 25.123066], [121.461976, 25.123035], [121.461972, 25.123004], [121.461972, 25.122972], [121.461975, 25.12294], [121.461977, 25.122933], [121.461933, 25.123136]]]]}, "properties": {"name": "公園", "area": 0}}, {"type": "Feature", "geometry": {"type": "MultiPolygon", "coordinates": [[[[121.464825, 25.120312], [121.464317, 25.119393], [121.464317, 25.119393], [121.464252, 25.11928], [121.464184, 25.119169], [121.464113, 25.119059], [121.46407, 25.118997], [121.46401, 25.118908], [121.463953, 25.118817], [121.4639, 25.118725], [121.463871, 25.11867], [121.463762, 25.11846], [121.463751, 25.118446], [121.463737, 25.118433], [121.463721, 25.118423], [121.463703, 25.118417], [121.463684, 25.118413], [121.463664, 25.118414], [121.463645, 25.118418], [121.463633, 25.118422], [121.463602, 25.118442], [121.463573, 25.118464], [121.463546, 25.118489], [121.463543, 25.118493], [121.463301, 25.118753], [121.463272, 25.118787], [121.463246, 25.118823], [121.463223, 25.118861], [121.463204, 25.118901], [121.463196, 25.118922], [121.463171, 25.118988], [121.463159, 25.119026], [121.463151, 25.119064], [121.463147, 25.119103], [121.463147, 25.119142], [121.46315, 25.119181], [121.463154, 25.119202], [121.463238, 25.119625], [121.463251, 25.119697], [121.463259, 25.119769], [121.463264, 25.119842], [121.463264, 25.119915], [121.463261, 25.119988], [121.463254, 25.12006], [121.463242, 25.120133], [121.463227, 25.120204], [121.463208, 25.120275], [121.463185, 25.120345], [121.463158, 25.120413], [121.463128, 25.120481], [121.463099, 25.120538], [121.463504, 25.120502], [121.463568, 25.120425], [121.463586, 25.120407], [121.463606, 25.120391], [121.463629, 25.120379], [121.463653, 25.120369], [121.463679, 25.120363], [121.463694, 25.120361], [121.463947, 25.120339], [121.463974, 25.120338], [121.464, 25.120341], [121.464009, 25.120343], [121.464034, 25.120351], [121.464058, 25.120363], [121.464079, 25.120377], [121.464098, 25.120394], [121.464106, 25.120402], [121.464118, 25.120411], [121.464133, 25.120416], [121.464149, 25.120418], [121.464152, 25.120418], [121.464796, 25.120362], [121.464807, 25.120359], [121.464817, 25.120353], [121.464825, 25.120344], [121.464829, 25.120333], [121.464829, 25.120322], [121.464825, 25.120312]]]]}, "properties": {"name": "公園", "area": 0}}, {"type": "Feature", "geometry": {"type": "MultiPolygon", "coordinates": [[[[121.46579, 25.125478], [121.46578, 25.125529], [121.46577, 25.125449], [121.465739, 25.125308], [121.465696, 25.125119], [121.465683, 25.12506], [121.465641, 25.125006], [121.465602, 25.125016], [121.465577, 25.124954], [121.465611, 25.124949], [121.465635, 25.124754], [121.465496, 25.124761], [121.465483, 25.124697], [121.465474, 25.124649], [121.465466, 25.124591], [121.465447, 25.12444], [121.465383, 25.124459], [121.465152, 25.124559], [121.465144, 25.124562], [121.465154, 25.124573], [121.465244, 25.124658], [121.465292, 25.124706], [121.465337, 25.124756], [121.465379, 25.124809], [121.465418, 25.124864], [121.465454, 25.12492], [121.465485, 25.124978], [121.465514, 25.125038], [121.465538, 25.125099], [121.465559, 25.125162], [121.465576, 25.125225], [121.465589, 25.125289], [121.465599, 25.125353], [121.465604, 25.125418], [121.465605, 25.125468], [121.465607, 25.125826], [121.465609, 25.125836], [121.465614, 25.125845], [121.465623, 25.125852], [121.465631, 25.125854], [121.465642, 25.125855], [121.465653, 25.125853], [121.465662, 25.125847], [121.465667, 25.125841], [121.465696, 25.125794], [121.465721, 25.125751], [121.465742, 25.125706], [121.46576, 25.12566], [121.465774, 25.125613], [121.465784, 25.125566], [121.46579, 25.12549], [121.46579, 25.125478]]]]}, "properties": {"name": "公園", "area": 0}}, {"type": "Feature", "geometry": {"type": "MultiPolygon", "coordinates": [[[[121.466402, 25.119268], [121.466393, 25.119275], [121.466387, 25.119284], [121.466384, 25.119295], [121.466385, 25.119302], [121.466446, 25.119599], [121.466532, 25.120016], [121.466536, 25.120028], [121.466544, 25.120039], [121.466555, 25.120047], [121.466568, 25.120051], [121.466581, 25.120053], [121.466587, 25.120052], [121.4669, 25.120008], [121.466913, 25.120005], [121.466924, 25.119998], [121.466933, 25.119989], [121.466938, 25.119977], [121.46694, 25.119965], [121.466939, 25.119958], [121.466909, 25.119823], [121.466896, 25.119775], [121.46688, 25.119729], [121.466859, 25.119684], [121.466849, 25.119664], [121.466824, 25.119622], [121.466795, 25.119581], [121.466763, 25.119542], [121.466728, 25.119505], [121.46669, 25.119471], [121.466681, 25.119464], [121.466679, 25.119462], [121.466561, 25.119367], [121.466442, 25.119272], [121.466432, 25.119267], [121.466421, 25.119264], [121.466414, 25.119265], [121.466403, 25.119268], [121.466402, 25.119268]]]]}, "properties": {"name": "公園", "area": 0}}, {"type": "Feature", "geometry": {"type": "MultiPolygon", "coordinates": [[[[121.466665, 25.128067], [121.466628, 25.128022], [121.466565, 25.127972], [121.4665, 25.127925], [121.466432, 25.127881], [121.466363, 25.127839], [121.466311, 25.127812], [121.466273, 25.127792], [121.466233, 25.127775], [121.466191, 25.127761], [121.466148, 25.127751], [121.466105, 25.127744], [121.46606, 25.127741], [121.466025, 25.127742], [121.465863, 25.127483], [121.465706, 25.127634], [121.465705, 25.127716], [121.465709, 25.127797], [121.465715, 25.127865], [121.46597, 25.128642], [121.466296, 25.129329], [121.466329, 25.129382], [121.466365, 25.129432], [121.466404, 25.12948], [121.466424, 25.129503], [121.466468, 25.129548], [121.466515, 25.129591], [121.466565, 25.129631], [121.466617, 25.129668], [121.466622, 25.129672], [121.466642, 25.129682], [121.466697, 25.129712], [121.466964, 25.129853], [121.467258, 25.130009], [121.46726, 25.129979], [121.466992, 25.129796], [121.466723, 25.129613], [121.466645, 25.129411], [121.46675, 25.128954], [121.466765, 25.128615], [121.46678, 25.128276], [121.466764, 25.128232], [121.466745, 25.128188], [121.466722, 25.128146], [121.466696, 25.128106], [121.466666, 25.128068], [121.466665, 25.128067]]]]}, "properties": {"name": "公園", "area": 0}}, {"type": "Feature", "geometry": {"type": "MultiPolygon", "coordinates": [[[[121.467369, 25.108486], [121.467121, 25.108592], [121.466913, 25.108691], [121.466747, 25.108781], [121.466704, 25.1088], [121.466663, 25.108821], [121.466624, 25.108846], [121.466588, 25.108873], [121.466554, 25.108904], [121.466523, 25.108936], [121.466495, 25.108971], [121.46647, 25.109008], [121.466449, 25.109047], [121.466432, 25.109087], [121.466418, 25.109128], [121.466411, 25.109157], [121.466404, 25.1092], [121.4664, 25.109243], [121.4664, 25.109245], [121.466401, 25.109288], [121.466406, 25.109331], [121.466415, 25.109373], [121.466428, 25.109415], [121.466444, 25.109455], [121.466464, 25.109495], [121.466488, 25.109532], [121.466492, 25.109538], [121.466493, 25.109539], [121.466532, 25.109593], [121.466537, 25.1096], [121.466539, 25.109605], [121.46656, 25.109641], [121.466585, 25.109677], [121.466613, 25.10971], [121.466643, 25.10974], [121.466677, 25.109768], [121.466713, 25.109794], [121.466752, 25.109816], [121.466792, 25.109836], [121.467077, 25.109806], [121.468323, 25.109592], [121.468974, 25.109481], [121.469226, 25.109496], [121.469593, 25.109518], [121.469654, 25.109507], [121.468653, 25.107985], [121.468471, 25.108054], [121.468317, 25.108114], [121.467369, 25.108486]]]]}, "properties": {"name": "公園", "area": 0}}, {"type": "Feature", "geometry": {"type": "MultiPolygon", "coordinates": [[[[121.469589, 25.115663], [121.469587, 25.115663], [121.469583, 25.115663], [121.467346, 25.115543], [121.466234, 25.115547], [121.466237, 25.115894], [121.466242, 25.117346], [121.466695, 25.117319], [121.466748, 25.117316], [121.466761, 25.117316], [121.467255, 25.117431], [121.467361, 25.117433], [121.468173, 25.117694], [121.468173, 25.117694], [121.468246, 25.117758], [121.468311, 25.117799], [121.468418, 25.117834], [121.468967, 25.118016], [121.469056, 25.118045], [121.469094, 25.118352], [121.469105, 25.118446], [121.469307, 25.120098], [121.469393, 25.120809], [121.469411, 25.120953], [121.470243, 25.120862], [121.470888, 25.120791], [121.470972, 25.12148], [121.471027, 25.121936], [121.47111, 25.122615], [121.471398, 25.122591], [121.471441, 25.122587], [121.472096, 25.122547], [121.472339, 25.122532], [121.48027, 25.122045], [121.483678, 25.121828], [121.483679, 25.121824], [121.485745, 25.121695], [121.484988, 25.115491], [121.485011, 25.115384], [121.484973, 25.115364], [121.484808, 25.115273], [121.484702, 25.115214], [121.484594, 25.115159], [121.484483, 25.115106], [121.484372, 25.115057], [121.484258, 25.115011], [121.484143, 25.114969], [121.484026, 25.11493], [121.483909, 25.114894], [121.48379, 25.114862], [121.483669, 25.114833], [121.483548, 25.114807], [121.483449, 25.114789], [121.481668, 25.114488], [121.478315, 25.114037], [121.47825, 25.11403], [121.478248, 25.114029], [121.478248, 25.114029], [121.478164, 25.114023], [121.478079, 25.11402], [121.477995, 25.11402], [121.477911, 25.114025], [121.477827, 25.114033], [121.477743, 25.114044], [121.47766, 25.114059], [121.477578, 25.114077], [121.477539, 25.114088], [121.475951, 25.114518], [121.473007, 25.115316], [121.472812, 25.115365], [121.472616, 25.11541], [121.47242, 25.115452], [121.472222, 25.11549], [121.472024, 25.115525], [121.471825, 25.115557], [121.471625, 25.115584], [121.471425, 25.115609], [121.471224, 25.115629], [121.471023, 25.115646], [121.470822, 25.115659], [121.47062, 25.115669], [121.470418, 25.115675], [121.470216, 25.115678], [121.470015, 25.115677], [121.469813, 25.115672], [121.469771, 25.115671], [121.469685, 25.115667], [121.469589, 25.115663]]]]}, "properties": {"name": "公園", "area": 0}}, {"type": "Feature", "geometry": {"type": "MultiPolygon", "coordinates": [[[[121.4798, 25.10989], [121.478385, 25.109495], [121.477236, 25.109178], [121.474635, 25.109061], [121.473127, 25.109156], [121.472766, 25.109461], [121.472782, 25.109489], [121.472878, 25.109498], [121.472877, 25.109498], [121.473486, 25.109414], [121.474335, 25.109499], [121.474336, 25.1095], [121.47531, 25.109539], [121.476255, 25.109581], [121.477135, 25.109621], [121.4796, 25.110302], [121.479917, 25.110434], [121.480225, 25.110562], [121.481318, 25.111017], [121.485957, 25.112733], [121.486108, 25.112787], [121.486261, 25.112837], [121.486415, 25.112884], [121.48657, 25.112927], [121.486726, 25.112967], [121.486883, 25.113003], [121.487041, 25.113036], [121.487168, 25.11306], [121.487331, 25.113086], [121.487496, 25.113109], [121.48766, 25.113129], [121.487826, 25.113145], [121.487991, 25.113157], [121.488157, 25.113166], [121.488168, 25.113166], [121.48833, 25.113171], [121.488492, 25.113171], [121.488654, 25.113168], [121.488816, 25.113161], [121.488978, 25.113151], [121.489139, 25.113137], [121.4893, 25.11312], [121.48946, 25.113099], [121.48962, 25.113074], [121.489779, 25.113046], [121.489938, 25.113014], [121.490095, 25.112979], [121.490252, 25.11294], [121.490407, 25.112898], [121.490561, 25.112853], [121.490714, 25.112804], [121.490865, 25.112751], [121.491015, 25.112695], [121.491164, 25.112636], [121.491311, 25.112574], [121.491456, 25.112508], [121.491599, 25.112439], [121.491741, 25.112367], [121.49188, 25.112292], [121.492018, 25.112214], [121.492153, 25.112132], [121.492286, 25.112048], [121.492417, 25.111961], [121.492434, 25.111949], [121.492446, 25.111941], [121.494015, 25.11086], [121.492986, 25.110572], [121.492972, 25.11057], [121.492957, 25.110571], [121.492944, 25.110576], [121.492933, 25.110583], [121.492932, 25.110584], [121.492807, 25.110689], [121.49268, 25.110792], [121.49255, 25.110893], [121.492417, 25.11099], [121.492282, 25.111085], [121.492144, 25.111177], [121.492005, 25.111266], [121.491862, 25.111352], [121.491718, 25.111434], [121.491572, 25.111514], [121.491424, 25.111591], [121.491388, 25.111608], [121.491388, 25.111608], [121.491238, 25.111681], [121.491085, 25.111751], [121.490931, 25.111817], [121.490775, 25.11188], [121.490618, 25.11194], [121.490459, 25.111996], [121.490298, 25.112049], [121.490137, 25.112098], [121.489974, 25.112145], [121.48981, 25.112187], [121.489645, 25.112226], [121.489479, 25.112262], [121.489476, 25.112263], [121.489309, 25.112295], [121.489141, 25.112323], [121.488973, 25.112348], [121.488804, 25.11237], [121.488635, 25.112387], [121.488465, 25.112402], [121.488295, 25.112412], [121.488124, 25.112419], [121.487954, 25.112423], [121.487783, 25.112422], [121.487613, 25.112419], [121.487442, 25.112411], [121.487272, 25.1124], [121.487103, 25.112385], [121.486933, 25.112367], [121.486764, 25.112345], [121.486596, 25.11232], [121.486429, 25.112291], [121.486262, 25.112259], [121.486096, 25.112223], [121.485931, 25.112183], [121.485844, 25.112161], [121.482712, 25.111052], [121.482331, 25.110913], [121.481951, 25.110771], [121.481573, 25.110625], [121.481197, 25.110477], [121.480822, 25.110325], [121.480449, 25.110169], [121.480077, 25.110011], [121.4798, 25.10989]]]]}, "properties": {"name": "公園", "area": 0}}, {"type": "Feature", "geometry": {"type": "MultiPolygon", "coordinates": [[[[121.482787, 25.139265], [121.483074, 25.13845], [121.483186, 25.138131], [121.483168, 25.138125], [121.482513, 25.137874], [121.481931, 25.137652], [121.481515, 25.138439], [121.482251, 25.138818], [121.482771, 25.139252], [121.482778, 25.139258], [121.482787, 25.139265]]]]}, "properties": {"name": "公園", "area": 0}}, {"type": "Feature", "geometry": {"type": "MultiPolygon", "coordinates": [[[[121.484313, 25.142816], [121.484328, 25.142848], [121.484303, 25.14292], [121.484322, 25.14298], [121.484454, 25.143159], [121.484557, 25.142357], [121.484361, 25.142638], [121.48432, 25.142635], [121.484313, 25.142816]]]]}, "properties": {"name": "公園", "area": 0}}, {"type": "Feature", "geometry": {"type": "MultiPolygon", "coordinates": [[[[121.484557, 25.142357], [121.484583, 25.142277], [121.484607, 25.142196], [121.484626, 25.142115], [121.484641, 25.142032], [121.484653, 25.14195], [121.48466, 25.141866], [121.484664, 25.141783], [121.484663, 25.1417], [121.484659, 25.141616], [121.48465, 25.141533], [121.484638, 25.14145], [121.484622, 25.14137], [121.484709, 25.141194], [121.484823, 25.141137], [121.484864, 25.141018], [121.484206, 25.140465], [121.483921, 25.140867], [121.483857, 25.140857], [121.483742, 25.141079], [121.483726, 25.141108], [121.483696, 25.141143], [121.483687, 25.141153], [121.483656, 25.141168], [121.483637, 25.141255], [121.483617, 25.141406], [121.483614, 25.141476], [121.483615, 25.141545], [121.48362, 25.141615], [121.483629, 25.141684], [121.483642, 25.141752], [121.483659, 25.14182], [121.483679, 25.141887], [121.483704, 25.141953], [121.483732, 25.142017], [121.483764, 25.142081], [121.483799, 25.142142], [121.483838, 25.142202], [121.48388, 25.14226], [121.483926, 25.142316], [121.483974, 25.142369], [121.484026, 25.142421], [121.48408, 25.142469], [121.484138, 25.142515], [121.484197, 25.142559], [121.484259, 25.142599], [121.48432, 25.142635], [121.484361, 25.142638], [121.484557, 25.142357]]]]}, "properties": {"name": "公園", "area": 0}}, {"type": "Feature", "geometry": {"type": "MultiPolygon", "coordinates": [[[[121.485421, 25.143627], [121.48542, 25.143815], [121.485427, 25.143813], [121.485446, 25.143808], [121.485491, 25.143797], [121.485537, 25.14379], [121.485583, 25.143786], [121.485629, 25.143786], [121.485676, 25.14379], [121.485681, 25.143791], [121.486036, 25.143836], [121.486055, 25.143837], [121.486073, 25.143834], [121.486091, 25.143828], [121.486106, 25.143818], [121.486119, 25.143806], [121.486129, 25.143792], [121.486131, 25.143788], [121.486137, 25.143772], [121.486139, 25.143755], [121.486136, 25.143738], [121.48613, 25.143722], [121.48612, 25.143707], [121.486108, 25.143694], [121.486104, 25.143692], [121.485918, 25.143559], [121.485872, 25.143526], [121.485852, 25.143511], [121.485648, 25.14351], [121.485668, 25.143513], [121.485686, 25.143519], [121.485703, 25.143529], [121.485718, 25.143541], [121.485729, 25.143555], [121.485737, 25.143572], [121.485742, 25.14359], [121.485742, 25.143608], [121.485739, 25.143625], [121.485731, 25.143642], [121.48572, 25.143657], [121.485706, 25.14367], [121.48569, 25.14368], [121.485672, 25.143687], [121.485652, 25.14369], [121.485632, 25.14369], [121.485613, 25.143686], [121.485595, 25.143679], [121.485579, 25.143669], [121.485565, 25.143656], [121.485554, 25.143641], [121.48555, 25.143632], [121.485421, 25.143627]]]]}, "properties": {"name": "公園", "area": 0}}, {"type": "Feature", "geometry": {"type": "MultiPolygon", "coordinates": [[[[121.48681, 25.103767], [121.486766, 25.1038], [121.486726, 25.103834], [121.486688, 25.103872], [121.486653, 25.103911], [121.486621, 25.103953], [121.486593, 25.103997], [121.486568, 25.104043], [121.486547, 25.10409], [121.486529, 25.104138], [121.486515, 25.104187], [121.486506, 25.104237], [121.4865, 25.104288], [121.486498, 25.104339], [121.4865, 25.10439], [121.486505, 25.10444], [121.486515, 25.10449], [121.486529, 25.104539], [121.486547, 25.104588], [121.486568, 25.104635], [121.486593, 25.10468], [121.486621, 25.104724], [121.486653, 25.104766], [121.486688, 25.104806], [121.486726, 25.104843], [121.486766, 25.104878], [121.48681, 25.10491], [121.486843, 25.104932], [121.487237, 25.105023], [121.48725, 25.105024], [121.487263, 25.105022], [121.487274, 25.105016], [121.487283, 25.105008], [121.487289, 25.104997], [121.487291, 25.104989], [121.487303, 25.104855], [121.487312, 25.10472], [121.487317, 25.104585], [121.487317, 25.10445], [121.487314, 25.104315], [121.487307, 25.10418], [121.487296, 25.104045], [121.487281, 25.103911], [121.487262, 25.103777], [121.487247, 25.103689], [121.487243, 25.103678], [121.487235, 25.103668], [121.487225, 25.103661], [121.487213, 25.103657], [121.4872, 25.103657], [121.487191, 25.103658], [121.48681, 25.103767]]]]}, "properties": {"name": "公園", "area": 0}}, {"type": "Feature", "geometry": {"type": "MultiPolygon", "coordinates": [[[[121.488027, 25.140146], [121.488119, 25.140143], [121.488192, 25.14019], [121.488203, 25.14017], [121.488214, 25.14015], [121.488222, 25.140139], [121.488219, 25.140118], [121.488218, 25.14011], [121.488216, 25.140081], [121.488201, 25.140083], [121.488159, 25.140087], [121.488143, 25.140088], [121.488143, 25.140088], [121.488145, 25.14011], [121.488138, 25.14011], [121.48813, 25.14011], [121.488132, 25.140137], [121.488055, 25.140136], [121.48796, 25.140148], [121.488027, 25.140146]]]]}, "properties": {"name": "公園", "area": 0}}, {"type": "Feature", "geometry": {"type": "MultiPolygon", "coordinates": [[[[121.488062, 25.140651], [121.488298, 25.14063], [121.488312, 25.140627], [121.488323, 25.14062], [121.488333, 25.140611], [121.488339, 25.1406], [121.488341, 25.140588], [121.488341, 25.140581], [121.488309, 25.140304], [121.48838, 25.140096], [121.488219, 25.140111], [121.488219, 25.140118], [121.488222, 25.140139], [121.488214, 25.14015], [121.488203, 25.14017], [121.488192, 25.14019], [121.488119, 25.140143], [121.488027, 25.140146], [121.488025, 25.140146], [121.488025, 25.140147], [121.488062, 25.140651]]]]}, "properties": {"name": "公園", "area": 0}}, {"type": "Feature", "geometry": {"type": "MultiPolygon", "coordinates": [[[[121.488559, 25.14027], [121.488992, 25.140227], [121.489163, 25.140209], [121.48913, 25.139849], [121.488509, 25.139909], [121.488516, 25.139968], [121.488516, 25.13999], [121.488513, 25.140012], [121.488511, 25.14002], [121.488462, 25.140162], [121.488458, 25.140179], [121.488458, 25.140196], [121.488462, 25.140213], [121.48847, 25.140229], [121.488481, 25.140243], [121.488495, 25.140254], [121.488512, 25.140263], [121.48853, 25.140268], [121.488549, 25.14027], [121.488559, 25.14027]]]]}, "properties": {"name": "公園", "area": 0}}, {"type": "Feature", "geometry": {"type": "MultiPolygon", "coordinates": [[[[121.488703, 25.140779], [121.488466, 25.140798], [121.4885, 25.141093], [121.488504, 25.141107], [121.488511, 25.141119], [121.488522, 25.14113], [121.488535, 25.141137], [121.488549, 25.141142], [121.488565, 25.141142], [121.488566, 25.141142], [121.488738, 25.141129], [121.488703, 25.140779]]]]}, "properties": {"name": "公園", "area": 0}}, {"type": "Feature", "geometry": {"type": "MultiPolygon", "coordinates": [[[[121.488824, 25.031876], [121.488826, 25.031882], [121.488829, 25.031894], [121.488831, 25.031905], [121.488834, 25.031916], [121.488837, 25.031927], [121.48884, 25.031938], [121.488843, 25.031949], [121.488845, 25.03196], [121.488848, 25.031972], [121.488851, 25.031983], [121.488852, 25.031985], [121.489134, 25.031895], [121.489238, 25.031861], [121.489208, 25.031752], [121.489108, 25.031784], [121.488824, 25.031876]]]]}, "properties": {"name": "公園", "area": 0}}, {"type": "Feature", "geometry": {"type": "MultiPolygon", "coordinates": [[[[121.489098, 25.146717], [121.491974, 25.147085], [121.492111, 25.144871], [121.492111, 25.144871], [121.490517, 25.144463], [121.489098, 25.146717]]]]}, "properties": {"name": "公園", "area": 0}}, {"type": "Feature", "geometry": {"type": "MultiPolygon", "coordinates": [[[[121.489284, 25.116375], [121.489161, 25.116367], [121.489038, 25.116356], [121.488915, 25.116342], [121.488815, 25.116327], [121.488811, 25.116326], [121.488591, 25.116291], [121.488278, 25.116241], [121.488205, 25.116229], [121.487852, 25.116172], [121.487293, 25.116083], [121.487049, 25.116044], [121.487046, 25.116043], [121.487057, 25.11673], [121.485739, 25.116734], [121.486271, 25.121095], [121.486481, 25.121109], [121.486567, 25.121114], [121.486862, 25.121129], [121.486879, 25.12113], [121.48725, 25.121167], [121.487265, 25.121168], [121.487647, 25.121199], [121.487641, 25.121371], [121.487697, 25.121376], [121.487697, 25.121399], [121.487692, 25.121571], [121.487691, 25.121586], [121.488201, 25.121559], [121.490795, 25.1214], [121.49128, 25.121366], [121.495188, 25.12112], [121.496113, 25.121065], [121.498315, 25.120923], [121.498393, 25.12091], [121.49847, 25.120893], [121.498546, 25.120873], [121.498621, 25.12085], [121.498695, 25.120823], [121.498767, 25.120793], [121.498837, 25.120759], [121.498906, 25.120723], [121.498972, 25.120683], [121.499036, 25.12064], [121.499098, 25.120595], [121.499157, 25.120547], [121.499213, 25.120496], [121.499266, 25.120443], [121.499317, 25.120387], [121.499364, 25.120329], [121.499408, 25.120269], [121.499449, 25.120207], [121.499487, 25.120143], [121.49952, 25.120078], [121.499524, 25.12007], [121.499543, 25.119689], [121.499546, 25.119293], [121.499539, 25.117539], [121.499532, 25.115786], [121.49953, 25.115712], [121.499523, 25.115638], [121.499513, 25.115564], [121.499499, 25.115491], [121.499481, 25.115419], [121.499459, 25.115348], [121.499433, 25.115277], [121.499404, 25.115208], [121.499371, 25.11514], [121.499342, 25.115087], [121.499298, 25.115032], [121.499252, 25.11498], [121.499202, 25.114929], [121.49915, 25.114882], [121.499095, 25.114836], [121.499037, 25.114794], [121.498977, 25.114754], [121.498915, 25.114718], [121.49885, 25.114684], [121.498784, 25.114654], [121.498716, 25.114627], [121.498647, 25.114603], [121.498576, 25.114582], [121.498504, 25.114566], [121.498463, 25.114558], [121.498463, 25.114555], [121.496026, 25.114125], [121.495928, 25.114109], [121.49583, 25.114098], [121.495731, 25.114089], [121.495632, 25.114085], [121.495533, 25.114084], [121.495433, 25.114086], [121.495334, 25.114092], [121.495236, 25.114102], [121.495137, 25.114115], [121.49504, 25.114132], [121.494943, 25.114153], [121.494847, 25.114176], [121.494753, 25.114204], [121.494659, 25.114235], [121.494567, 25.114269], [121.494477, 25.114306], [121.494388, 25.114347], [121.494302, 25.114391], [121.494217, 25.114438], [121.494134, 25.114488], [121.494054, 25.114541], [121.493976, 25.114597], [121.4939, 25.114656], [121.493828, 25.114717], [121.493811, 25.114731], [121.493717, 25.114814], [121.493621, 25.114893], [121.493521, 25.11497], [121.493419, 25.115043], [121.493315, 25.115114], [121.493208, 25.115183], [121.4931, 25.115248], [121.492989, 25.11531], [121.492876, 25.115369], [121.492761, 25.115424], [121.492663, 25.115469], [121.492545, 25.115518], [121.49244, 25.115559], [121.492429, 25.115564], [121.492346, 25.115595], [121.492215, 25.115644], [121.491745, 25.115819], [121.490999, 25.116098], [121.490945, 25.116118], [121.49083, 25.116159], [121.490713, 25.116196], [121.490663, 25.116211], [121.490544, 25.116244], [121.490425, 25.116273], [121.490304, 25.116299], [121.490183, 25.116321], [121.490061, 25.11634], [121.489938, 25.116355], [121.489815, 25.116367], [121.489692, 25.116374], [121.489568, 25.116379], [121.489445, 25.116379], [121.489321, 25.116377], [121.489284, 25.116375]]]]}, "properties": {"name": "公園", "area": 0}}, {"type": "Feature", "geometry": {"type": "MultiPolygon", "coordinates": [[[[121.4894, 25.139218], [121.489358, 25.138814], [121.489333, 25.138541], [121.489125, 25.138529], [121.489199, 25.139235], [121.4894, 25.139218]]]]}, "properties": {"name": "公園", "area": 0}}, {"type": "Feature", "geometry": {"type": "MultiPolygon", "coordinates": [[[[121.491076, 25.144133], [121.491003, 25.144251], [121.490827, 25.144536], [121.490083, 25.145177], [121.492459, 25.146342], [121.492757, 25.146378], [121.492716, 25.146052], [121.492299, 25.145097], [121.492292, 25.145017], [121.492303, 25.144889], [121.491883, 25.144451], [121.491753, 25.144339], [121.49159, 25.144247], [121.491427, 25.144174], [121.491382, 25.144153], [121.491339, 25.144128], [121.491298, 25.1441], [121.49126, 25.144069], [121.491225, 25.144036], [121.491192, 25.144], [121.491173, 25.143976], [121.491076, 25.144133]]]]}, "properties": {"name": "公園", "area": 0}}, {"type": "Feature", "geometry": {"type": "MultiPolygon", "coordinates": [[[[121.492162, 25.023079], [121.492125, 25.02309], [121.492017, 25.023327], [121.492188, 25.023366], [121.49256, 25.023567], [121.492541, 25.02359], [121.492596, 25.023619], [121.492732, 25.023402], [121.492722, 25.023368], [121.492162, 25.023079]]]]}, "properties": {"name": "公園", "area": 0}}, {"type": "Feature", "geometry": {"type": "MultiPolygon", "coordinates": [[[[121.492561, 25.034313], [121.492966, 25.034014], [121.492821, 25.033844], [121.492416, 25.034143], [121.492416, 25.034143], [121.492561, 25.034313]]]]}, "properties": {"name": "公園", "area": 0}}, {"type": "Feature", "geometry": {"type": "MultiPolygon", "coordinates": [[[[121.493202, 25.033167], [121.493042, 25.03299], [121.492638, 25.033287], [121.492638, 25.033287], [121.49279, 25.033457], [121.493202, 25.033167]]]]}, "properties": {"name": "公園", "area": 0}}, {"type": "Feature", "geometry": {"type": "MultiPolygon", "coordinates": [[[[121.49321, 25.035044], [121.493244, 25.035082], [121.493245, 25.035093], [121.493633, 25.035084], [121.493569, 25.035012], [121.493447, 25.034875], [121.49321, 25.035044]]]]}, "properties": {"name": "公園", "area": 0}}, {"type": "Feature", "geometry": {"type": "MultiPolygon", "coordinates": [[[[121.493337, 25.11015], [121.493332, 25.110161], [121.493332, 25.110173], [121.493335, 25.110184], [121.493339, 25.11019], [121.493348, 25.110199], [121.49335, 25.1102], [121.493361, 25.110205], [121.49447, 25.110515], [121.494549, 25.110442], [121.494606, 25.110386], [121.49468, 25.110308], [121.494751, 25.110228], [121.494819, 25.110146], [121.494883, 25.110062], [121.494944, 25.109976], [121.495002, 25.109888], [121.495056, 25.109798], [121.495107, 25.109706], [121.495155, 25.109613], [121.495198, 25.109519], [121.495238, 25.109423], [121.495275, 25.109326], [121.495307, 25.109227], [121.495336, 25.109128], [121.495361, 25.109028], [121.495381, 25.108927], [121.495398, 25.108826], [121.495412, 25.108724], [121.495419, 25.108647], [121.495419, 25.108641], [121.495423, 25.108598], [121.495573, 25.108064], [121.495813, 25.104965], [121.496055, 25.101842], [121.496187, 25.100138], [121.496186, 25.099547], [121.496186, 25.099546], [121.496186, 25.098932], [121.496188, 25.098835], [121.496194, 25.098739], [121.496204, 25.098642], [121.496218, 25.098546], [121.496236, 25.098451], [121.496248, 25.098394], [121.496248, 25.098394], [121.496352, 25.097796], [121.496402, 25.097706], [121.496454, 25.097618], [121.49651, 25.097532], [121.49657, 25.097447], [121.496633, 25.097365], [121.496699, 25.097285], [121.496768, 25.097206], [121.49684, 25.097131], [121.496844, 25.097127], [121.496845, 25.097126], [121.496846, 25.097125], [121.496921, 25.097052], [121.497, 25.096981], [121.497081, 25.096913], [121.497132, 25.096873], [121.497058, 25.096672], [121.496925, 25.096828], [121.496796, 25.096987], [121.496669, 25.097148], [121.496546, 25.09731], [121.496426, 25.097475], [121.496309, 25.097642], [121.496196, 25.097811], [121.496086, 25.097981], [121.49598, 25.098154], [121.495877, 25.098328], [121.495777, 25.098503], [121.495681, 25.098681], [121.495589, 25.09886], [121.495527, 25.098986], [121.495461, 25.099139], [121.495388, 25.099294], [121.495319, 25.099451], [121.495253, 25.099609], [121.495191, 25.099769], [121.495132, 25.099929], [121.495077, 25.100091], [121.495027, 25.100254], [121.49498, 25.100417], [121.494936, 25.100582], [121.494897, 25.100747], [121.494862, 25.100914], [121.49483, 25.10108], [121.494803, 25.101248], [121.494779, 25.101416], [121.494759, 25.101584], [121.494743, 25.101752], [121.494732, 25.101921], [121.494724, 25.10209], [121.49472, 25.102212], [121.494761, 25.102416], [121.494797, 25.102621], [121.49483, 25.102826], [121.494858, 25.103032], [121.494883, 25.103238], [121.494904, 25.103445], [121.49492, 25.103652], [121.494933, 25.103859], [121.494942, 25.104066], [121.494947, 25.104273], [121.494948, 25.104481], [121.494945, 25.104688], [121.494938, 25.104895], [121.494927, 25.105102], [121.494912, 25.105309], [121.494893, 25.105516], [121.49487, 25.105722], [121.494843, 25.105928], [121.494812, 25.106134], [121.494778, 25.106339], [121.494739, 25.106543], [121.494697, 25.106747], [121.494677, 25.106837], [121.494679, 25.106841], [121.494675, 25.106843], [121.494627, 25.107046], [121.494575, 25.107248], [121.494519, 25.107449], [121.494459, 25.107649], [121.494396, 25.107848], [121.494328, 25.108046], [121.494257, 25.108243], [121.494182, 25.108439], [121.494103, 25.108634], [121.494021, 25.108827], [121.493935, 25.109019], [121.493845, 25.10921], [121.493752, 25.109399], [121.493655, 25.109586], [121.493555, 25.109772], [121.49345, 25.109957], [121.493343, 25.11014], [121.493337, 25.11015], [121.493337, 25.11015], [121.493337, 25.11015]]]]}, "properties": {"name": "公園", "area": 0}}, {"type": "Feature", "geometry": {"type": "MultiPolygon", "coordinates": [[[[121.493451, 25.034195], [121.493598, 25.034364], [121.493999, 25.034068], [121.493947, 25.034008], [121.493851, 25.0339], [121.493451, 25.034195]]]]}, "properties": {"name": "公園", "area": 0}}, {"type": "Feature", "geometry": {"type": "MultiPolygon", "coordinates": [[[[121.493953, 25.024054], [121.494246, 25.024267], [121.494292, 25.02425], [121.494353, 25.023836], [121.494235, 25.023822], [121.494133, 25.023757], [121.494111, 25.023796], [121.4941, 25.023789], [121.493953, 25.024054]]]]}, "properties": {"name": "公園", "area": 0}}, {"type": "Feature", "geometry": {"type": "MultiPolygon", "coordinates": [[[[121.494047, 25.03319], [121.494107, 25.033507], [121.494248, 25.033777], [121.494662, 25.033832], [121.494847, 25.033857], [121.494878, 25.033835], [121.494929, 25.033517], [121.495003, 25.033049], [121.494967, 25.033018], [121.49407, 25.03316], [121.494047, 25.03319]]]]}, "properties": {"name": "公園", "area": 0}}, {"type": "Feature", "geometry": {"type": "MultiPolygon", "coordinates": [[[[121.494263, 25.032333], [121.494591, 25.03228], [121.494522, 25.031933], [121.494194, 25.031986], [121.494194, 25.031986], [121.494263, 25.032333]]]]}, "properties": {"name": "公園", "area": 0}}, {"type": "Feature", "geometry": {"type": "MultiPolygon", "coordinates": [[[[121.494531, 25.137778], [121.494861, 25.137904], [121.49476, 25.137738], [121.494693, 25.137627], [121.494361, 25.137777], [121.494365, 25.137779], [121.49441, 25.137792], [121.494468, 25.137807], [121.494531, 25.137778]]]]}, "properties": {"name": "公園", "area": 0}}, {"type": "Feature", "geometry": {"type": "MultiPolygon", "coordinates": [[[[121.494538, 25.034943], [121.494581, 25.034957], [121.494622, 25.034974], [121.494661, 25.034995], [121.494698, 25.035018], [121.494733, 25.035044], [121.494765, 25.035073], [121.494794, 25.035105], [121.49482, 25.035139], [121.494827, 25.035149], [121.494923, 25.035147], [121.494917, 25.034925], [121.494584, 25.034854], [121.494551, 25.034874], [121.494538, 25.034943]]]]}, "properties": {"name": "公園", "area": 0}}, {"type": "Feature", "geometry": {"type": "MultiPolygon", "coordinates": [[[[121.494644, 25.101752], [121.494637, 25.101843], [121.49472, 25.102212], [121.494725, 25.102043], [121.494734, 25.101874], [121.494747, 25.101705], [121.494764, 25.101537], [121.494785, 25.101369], [121.49481, 25.101201], [121.494839, 25.101034], [121.494871, 25.100867], [121.494908, 25.100701], [121.494948, 25.100536], [121.494992, 25.100372], [121.49504, 25.100208], [121.495092, 25.100046], [121.495148, 25.099884], [121.495208, 25.099724], [121.495271, 25.099565], [121.495338, 25.099407], [121.495408, 25.099251], [121.495461, 25.099139], [121.495527, 25.098986], [121.495617, 25.098805], [121.49571, 25.098627], [121.495807, 25.09845], [121.495908, 25.098275], [121.496012, 25.098101], [121.496119, 25.097929], [121.49623, 25.097759], [121.496344, 25.097591], [121.496462, 25.097425], [121.496583, 25.097261], [121.496707, 25.097099], [121.496834, 25.096939], [121.496965, 25.096781], [121.497058, 25.096672], [121.497024, 25.096566], [121.49689, 25.096722], [121.496758, 25.09688], [121.49663, 25.097041], [121.496505, 25.097204], [121.496384, 25.097369], [121.496266, 25.097536], [121.496151, 25.097704], [121.496039, 25.097875], [121.495931, 25.098047], [121.495826, 25.098222], [121.495725, 25.098397], [121.495628, 25.098575], [121.495534, 25.098754], [121.495443, 25.098935], [121.495436, 25.098949], [121.495358, 25.099129], [121.495358, 25.099129], [121.495285, 25.099285], [121.495249, 25.099365], [121.495248, 25.099369], [121.49518, 25.099527], [121.495117, 25.099687], [121.495057, 25.099848], [121.495, 25.100011], [121.494948, 25.100174], [121.494899, 25.100338], [121.494855, 25.100504], [121.494814, 25.10067], [121.494777, 25.100837], [121.494744, 25.101004], [121.494714, 25.101172], [121.494689, 25.101341], [121.494668, 25.10151], [121.49465, 25.101679], [121.494644, 25.101752]]]]}, "properties": {"name": "公園", "area": 0}}, {"type": "Feature", "geometry": {"type": "MultiPolygon", "coordinates": [[[[121.494688, 25.034549], [121.494723, 25.034522], [121.494758, 25.034355], [121.494661, 25.034335], [121.494632, 25.034353], [121.494607, 25.03455], [121.494568, 25.034776], [121.494584, 25.034798], [121.494642, 25.03481], [121.49463, 25.034783], [121.494622, 25.034755], [121.494618, 25.034726], [121.494618, 25.034697], [121.494622, 25.034668], [121.49463, 25.03464], [121.494641, 25.034613], [121.494656, 25.034587], [121.494675, 25.034563], [121.494688, 25.034549]]]]}, "properties": {"name": "公園", "area": 0}}, {"type": "Feature", "geometry": {"type": "MultiPolygon", "coordinates": [[[[121.495051, 25.020963], [121.495056, 25.021006], [121.495056, 25.021009], [121.495353, 25.0211], [121.49539, 25.021068], [121.495374, 25.021005], [121.495336, 25.020854], [121.495291, 25.020836], [121.495051, 25.020963]]]]}, "properties": {"name": "公園", "area": 0}}, {"type": "Feature", "geometry": {"type": "MultiPolygon", "coordinates": [[[[121.495262, 25.03725], [121.495262, 25.037256], [121.49526, 25.037286], [121.495481, 25.037483], [121.495485, 25.037486], [121.495696, 25.037331], [121.49548, 25.03709], [121.495262, 25.03725]]]]}, "properties": {"name": "公園", "area": 0}}, {"type": "Feature", "geometry": {"type": "MultiPolygon", "coordinates": [[[[121.49584, 25.144793], [121.495832, 25.144803], [121.495812, 25.144828], [121.495793, 25.144854], [121.495775, 25.144879], [121.495756, 25.144905], [121.495735, 25.144938], [121.495712, 25.144975], [121.495843, 25.144933], [121.495855, 25.144927], [121.495865, 25.144918], [121.495872, 25.144906], [121.495875, 25.144894], [121.495873, 25.144881], [121.495873, 25.144879], [121.495871, 25.144874], [121.495859, 25.144834], [121.49585, 25.144793], [121.495849, 25.144784], [121.49584, 25.144793]]]]}, "properties": {"name": "公園", "area": 0}}, {"type": "Feature", "geometry": {"type": "MultiPolygon", "coordinates": [[[[121.496246, 25.026472], [121.496666, 25.026619], [121.49678, 25.026407], [121.496391, 25.026176], [121.496391, 25.026176], [121.496246, 25.026472]]]]}, "properties": {"name": "公園", "area": 0}}, {"type": "Feature", "geometry": {"type": "MultiPolygon", "coordinates": [[[[121.496256, 25.136578], [121.496245, 25.136585], [121.496237, 25.136595], [121.496232, 25.136606], [121.496232, 25.136618], [121.496235, 25.13663], [121.496242, 25.13664], [121.49625, 25.136647], [121.497061, 25.137179], [121.497097, 25.137203], [121.497058, 25.136755], [121.496922, 25.136714], [121.496866, 25.136696], [121.496822, 25.136685], [121.4968, 25.136678], [121.496778, 25.136671], [121.496764, 25.136666], [121.496742, 25.136658], [121.496708, 25.136641], [121.496678, 25.136621], [121.496652, 25.136601], [121.496637, 25.136587], [121.496622, 25.136574], [121.496606, 25.136557], [121.49659, 25.136541], [121.496566, 25.13651], [121.496545, 25.136482], [121.496525, 25.136455], [121.496256, 25.136578]]]]}, "properties": {"name": "公園", "area": 0}}, {"type": "Feature", "geometry": {"type": "MultiPolygon", "coordinates": [[[[121.496262, 25.026475], [121.496901, 25.026706], [121.496874, 25.026566], [121.496846, 25.026417], [121.496837, 25.026373], [121.496613, 25.026198], [121.496545, 25.026168], [121.496431, 25.026117], [121.496262, 25.026475]]]]}, "properties": {"name": "公園", "area": 0}}, {"type": "Feature", "geometry": {"type": "MultiPolygon", "coordinates": [[[[121.496453, 25.038873], [121.49726, 25.039262], [121.49711, 25.038897], [121.496936, 25.038699], [121.496819, 25.038726], [121.4968, 25.038734], [121.496453, 25.038873]]]]}, "properties": {"name": "公園", "area": 0}}, {"type": "Feature", "geometry": {"type": "MultiPolygon", "coordinates": [[[[121.496705, 25.136527], [121.496716, 25.136538], [121.496737, 25.136554], [121.496758, 25.136568], [121.496782, 25.13658], [121.496811, 25.13659], [121.496851, 25.136603], [121.496894, 25.136614], [121.496952, 25.136632], [121.49705, 25.136662], [121.497012, 25.136231], [121.49661, 25.136416], [121.496627, 25.136439], [121.496643, 25.136461], [121.496664, 25.136488], [121.49669, 25.136515], [121.496703, 25.136526], [121.496703, 25.136526], [121.496705, 25.136527]]]]}, "properties": {"name": "公園", "area": 0}}, {"type": "Feature", "geometry": {"type": "MultiPolygon", "coordinates": [[[[121.496872, 25.032895], [121.496976, 25.032918], [121.497081, 25.032937], [121.497098, 25.032939], [121.497147, 25.032947], [121.497608, 25.033001], [121.497728, 25.03301], [121.497632, 25.032849], [121.497193, 25.032072], [121.497153, 25.03207], [121.497129, 25.032086], [121.496854, 25.032865], [121.496872, 25.032895]]]]}, "properties": {"name": "公園", "area": 0}}, {"type": "Feature", "geometry": {"type": "MultiPolygon", "coordinates": [[[[121.496936, 25.136064], [121.496948, 25.136056], [121.496958, 25.136046], [121.496965, 25.136033], [121.496968, 25.136019], [121.496967, 25.136006], [121.496962, 25.135992], [121.496962, 25.135991], [121.496901, 25.135884], [121.496787, 25.135684], [121.496749, 25.135703], [121.496712, 25.135726], [121.496678, 25.135751], [121.496671, 25.135758], [121.496659, 25.135768], [121.496634, 25.135811], [121.496606, 25.135853], [121.496575, 25.135892], [121.49654, 25.13593], [121.496534, 25.135936], [121.496508, 25.135973], [121.496485, 25.136013], [121.496481, 25.136022], [121.496477, 25.136063], [121.496477, 25.136104], [121.496482, 25.136144], [121.49649, 25.136185], [121.496502, 25.136224], [121.496515, 25.136257], [121.496936, 25.136064]]]]}, "properties": {"name": "公園", "area": 0}}, {"type": "Feature", "geometry": {"type": "MultiPolygon", "coordinates": [[[[121.497228, 25.022631], [121.497194, 25.022741], [121.497207, 25.022766], [121.497749, 25.022972], [121.497786, 25.022958], [121.497845, 25.022831], [121.497228, 25.022631]]]]}, "properties": {"name": "公園", "area": 0}}, {"type": "Feature", "geometry": {"type": "MultiPolygon", "coordinates": [[[[121.497477, 25.096049], [121.497499, 25.096138], [121.497524, 25.096226], [121.497554, 25.096314], [121.497556, 25.096318], [121.49756, 25.096331], [121.497641, 25.096552], [121.502396, 25.094109], [121.502652, 25.093978], [121.50167, 25.094111], [121.500047, 25.094339], [121.499418, 25.094426], [121.498886, 25.094827], [121.498675, 25.094992], [121.498466, 25.09516], [121.498261, 25.095333], [121.49806, 25.09551], [121.497861, 25.095687], [121.497477, 25.096049]]]]}, "properties": {"name": "公園", "area": 0}}, {"type": "Feature", "geometry": {"type": "MultiPolygon", "coordinates": [[[[121.497659, 25.026742], [121.497719, 25.027021], [121.497766, 25.027036], [121.498203, 25.026686], [121.498196, 25.026641], [121.498195, 25.026641], [121.497659, 25.026742]]]]}, "properties": {"name": "公園", "area": 0}}, {"type": "Feature", "geometry": {"type": "MultiPolygon", "coordinates": [[[[121.498182, 25.039209], [121.498256, 25.039561], [121.498418, 25.039541], [121.498442, 25.039514], [121.498417, 25.039231], [121.498282, 25.039238], [121.498253, 25.039242], [121.498243, 25.039197], [121.498182, 25.039209]]]]}, "properties": {"name": "公園", "area": 0}}, {"type": "Feature", "geometry": {"type": "MultiPolygon", "coordinates": [[[[121.498264, 25.033354], [121.498333, 25.033461], [121.499117, 25.033523], [121.499106, 25.033635], [121.499301, 25.033644], [121.499339, 25.033615], [121.499348, 25.033442], [121.498264, 25.033354]]]]}, "properties": {"name": "公園", "area": 0}}, {"type": "Feature", "geometry": {"type": "MultiPolygon", "coordinates": [[[[121.498522, 25.038586], [121.498488, 25.03862], [121.498504, 25.0388], [121.498547, 25.038823], [121.499081, 25.038609], [121.499092, 25.038595], [121.499092, 25.038593], [121.49907, 25.038575], [121.498522, 25.038586]]]]}, "properties": {"name": "公園", "area": 0}}, {"type": "Feature", "geometry": {"type": "MultiPolygon", "coordinates": [[[[121.498999, 25.034482], [121.499031, 25.034535], [121.49921, 25.034798], [121.499268, 25.034787], [121.499284, 25.034534], [121.499285, 25.03452], [121.498999, 25.034482]]]]}, "properties": {"name": "公園", "area": 0}}, {"type": "Feature", "geometry": {"type": "MultiPolygon", "coordinates": [[[[121.499172, 25.130065], [121.499182, 25.130067], [121.49952, 25.129336], [121.499361, 25.129295], [121.499274, 25.129272], [121.499286, 25.129277], [121.499296, 25.129285], [121.499303, 25.129296], [121.499307, 25.129308], [121.499307, 25.12932], [121.499305, 25.129326], [121.499062, 25.129994], [121.499056, 25.130006], [121.499047, 25.130015], [121.499035, 25.130022], [121.499021, 25.130025], [121.499007, 25.130025], [121.499002, 25.130024], [121.499172, 25.130065]]]]}, "properties": {"name": "公園", "area": 0}}, {"type": "Feature", "geometry": {"type": "MultiPolygon", "coordinates": [[[[121.49936, 25.129175], [121.499354, 25.129186], [121.499344, 25.129195], [121.499332, 25.129202], [121.499319, 25.129205], [121.499305, 25.129205], [121.4993, 25.129204], [121.499376, 25.129224], [121.499553, 25.12927], [121.499864, 25.128566], [121.499895, 25.128499], [121.500009, 25.128273], [121.499927, 25.128264], [121.499896, 25.128261], [121.499819, 25.128252], [121.499782, 25.128244], [121.499682, 25.128519], [121.499559, 25.128487], [121.499572, 25.128493], [121.499582, 25.128501], [121.499589, 25.128511], [121.499592, 25.128523], [121.499592, 25.128535], [121.49959, 25.128541], [121.49936, 25.129175]]]]}, "properties": {"name": "公園", "area": 0}}, {"type": "Feature", "geometry": {"type": "MultiPolygon", "coordinates": [[[[121.499435, 25.035775], [121.499446, 25.036222], [121.499447, 25.036222], [121.499456, 25.036599], [121.499492, 25.036628], [121.499756, 25.036619], [121.500422, 25.036595], [121.500449, 25.03657], [121.500431, 25.03618], [121.50042, 25.035941], [121.500393, 25.035383], [121.499751, 25.035401], [121.499453, 25.035409], [121.49942, 25.035441], [121.499435, 25.035775]]]]}, "properties": {"name": "公園", "area": 0}}, {"type": "Feature", "geometry": {"type": "MultiPolygon", "coordinates": [[[[121.499774, 25.144809], [121.499729, 25.144764], [121.499692, 25.144816], [121.499544, 25.144803], [121.499461, 25.144764], [121.49942, 25.144836], [121.49945, 25.144851], [121.49946, 25.144856], [121.499507, 25.144908], [121.499596, 25.144937], [121.499636, 25.144997], [121.499721, 25.145009], [121.49977, 25.145029], [121.499817, 25.145054], [121.499831, 25.144999], [121.499849, 25.144976], [121.499855, 25.144919], [121.499793, 25.144911], [121.499737, 25.144874], [121.499755, 25.144861], [121.499741, 25.14482], [121.499774, 25.144809]]]]}, "properties": {"name": "公園", "area": 0}}, {"type": "Feature", "geometry": {"type": "MultiPolygon", "coordinates": [[[[121.499775, 25.041434], [121.499679, 25.041476], [121.499776, 25.04155], [121.500111, 25.041804], [121.500111, 25.041804], [121.500129, 25.041803], [121.500154, 25.041775], [121.50013, 25.041589], [121.500067, 25.041339], [121.500034, 25.041324], [121.499775, 25.041434]]]]}, "properties": {"name": "公園", "area": 0}}, {"type": "Feature", "geometry": {"type": "MultiPolygon", "coordinates": [[[[121.49996, 25.135251], [121.500117, 25.135622], [121.500223, 25.135872], [121.500245, 25.135917], [121.50027, 25.13596], [121.500298, 25.136002], [121.50033, 25.136042], [121.500365, 25.136079], [121.500403, 25.136114], [121.500443, 25.136146], [121.500486, 25.136176], [121.500532, 25.136203], [121.500579, 25.136226], [121.500597, 25.136234], [121.500768, 25.136305], [121.500781, 25.136309], [121.500795, 25.136309], [121.500808, 25.136305], [121.50082, 25.136298], [121.500829, 25.136289], [121.500834, 25.136277], [121.500836, 25.136265], [121.500835, 25.136257], [121.500822, 25.136199], [121.500822, 25.136199], [121.500816, 25.136184], [121.500807, 25.136171], [121.500797, 25.136162], [121.500797, 25.136162], [121.500778, 25.136147], [121.50075, 25.136123], [121.500725, 25.136097], [121.500703, 25.136068], [121.500684, 25.136038], [121.500669, 25.136005], [121.500658, 25.135972], [121.500654, 25.135955], [121.500497, 25.135231], [121.500493, 25.135199], [121.500492, 25.135166], [121.500495, 25.135133], [121.500502, 25.1351], [121.500513, 25.135069], [121.500528, 25.135039], [121.500545, 25.135011], [121.50076, 25.134705], [121.500793, 25.134644], [121.50083, 25.134585], [121.50087, 25.134527], [121.500913, 25.134472], [121.500949, 25.13443], [121.500998, 25.134379], [121.50105, 25.13433], [121.501104, 25.134283], [121.501143, 25.134253], [121.501823, 25.133755], [121.501842, 25.133737], [121.501857, 25.133717], [121.50187, 25.133695], [121.501878, 25.133671], [121.501883, 25.133647], [121.501884, 25.133622], [121.501881, 25.133598], [121.501874, 25.133574], [121.501863, 25.133551], [121.501849, 25.13353], [121.501835, 25.133514], [121.499826, 25.135028], [121.499863, 25.135076], [121.499896, 25.135127], [121.499926, 25.135179], [121.499952, 25.135233], [121.49996, 25.135251]]]]}, "properties": {"name": "公園", "area": 0}}, {"type": "Feature", "geometry": {"type": "MultiPolygon", "coordinates": [[[[121.500121, 25.128558], [121.499945, 25.128512], [121.499934, 25.128509], [121.49993, 25.128519], [121.499913, 25.128555], [121.499904, 25.128573], [121.499903, 25.128576], [121.499912, 25.128579], [121.500109, 25.12863], [121.500154, 25.128642], [121.500168, 25.12857], [121.500169, 25.128548], [121.500155, 25.128555], [121.500145, 25.128558], [121.500132, 25.128559], [121.500121, 25.128558]]]]}, "properties": {"name": "公園", "area": 0}}, {"type": "Feature", "geometry": {"type": "MultiPolygon", "coordinates": [[[[121.500131, 25.119979], [121.500126, 25.119883], [121.500111, 25.1196], [121.500103, 25.119472], [121.500101, 25.119417], [121.50009, 25.119326], [121.500089, 25.119473], [121.500087, 25.119601], [121.500083, 25.119764], [121.500076, 25.119928], [121.500061, 25.120161], [121.50014, 25.120168], [121.500138, 25.120125], [121.500131, 25.119979]]]]}, "properties": {"name": "公園", "area": 0}}, {"type": "Feature", "geometry": {"type": "MultiPolygon", "coordinates": [[[[121.500967, 25.024391], [121.500968, 25.024397], [121.500971, 25.024408], [121.500973, 25.024419], [121.500976, 25.02443], [121.500979, 25.024441], [121.500982, 25.024452], [121.500984, 25.024464], [121.500987, 25.024475], [121.50099, 25.024486], [121.500992, 25.024497], [121.500995, 25.024508], [121.500997, 25.02452], [121.501, 25.024531], [121.501002, 25.024542], [121.501005, 25.024553], [121.501007, 25.024565], [121.50101, 25.024576], [121.501012, 25.024587], [121.501046, 25.024606], [121.501349, 25.024534], [121.501299, 25.024431], [121.501289, 25.02443], [121.501285, 25.024418], [121.501428, 25.02438], [121.501379, 25.024303], [121.501365, 25.024269], [121.50122, 25.024316], [121.501216, 25.024306], [121.501171, 25.02432], [121.501167, 25.024307], [121.501146, 25.024323], [121.500967, 25.024391]]]]}, "properties": {"name": "公園", "area": 0}}, {"type": "Feature", "geometry": {"type": "MultiPolygon", "coordinates": [[[[121.500992, 25.100872], [121.500984, 25.100945], [121.503464, 25.101038], [121.503464, 25.101038], [121.503471, 25.100966], [121.500992, 25.100872]]]]}, "properties": {"name": "公園", "area": 0}}, {"type": "Feature", "geometry": {"type": "MultiPolygon", "coordinates": [[[[121.501279, 25.12312], [121.50127, 25.122977], [121.501182, 25.122939], [121.501026, 25.122635], [121.501048, 25.122519], [121.500915, 25.122422], [121.500883, 25.122262], [121.500852, 25.122104], [121.500897, 25.121901], [121.500898, 25.121896], [121.500785, 25.121764], [121.500777, 25.121413], [121.500772, 25.121217], [121.501014, 25.120915], [121.500957, 25.12087], [121.50076, 25.120714], [121.500766, 25.120562], [121.50054, 25.120769], [121.500595, 25.120954], [121.500583, 25.121045], [121.500542, 25.12111], [121.500533, 25.121207], [121.500526, 25.121279], [121.500522, 25.121323], [121.5005, 25.121349], [121.500501, 25.121575], [121.500537, 25.121743], [121.500655, 25.122232], [121.500629, 25.122358], [121.50072, 25.122521], [121.500731, 25.12257], [121.500755, 25.122677], [121.500812, 25.122763], [121.500783, 25.122858], [121.500939, 25.122957], [121.500983, 25.123035], [121.501206, 25.123426], [121.501245, 25.123288], [121.501289, 25.123152], [121.501291, 25.123144], [121.501279, 25.12312]]]]}, "properties": {"name": "公園", "area": 0}}, {"type": "Feature", "geometry": {"type": "MultiPolygon", "coordinates": [[[[121.501403, 25.137713], [121.501145, 25.137693], [121.50113, 25.137693], [121.501116, 25.137697], [121.501103, 25.137705], [121.501093, 25.137715], [121.501086, 25.137727], [121.501083, 25.13774], [121.501083, 25.137744], [121.501083, 25.138073], [121.501084, 25.138508], [121.501085, 25.138548], [121.501468, 25.138275], [121.50184, 25.138856], [121.501949, 25.138751], [121.501482, 25.138016], [121.501459, 25.137977], [121.50144, 25.137936], [121.501425, 25.137894], [121.501413, 25.137851], [121.501406, 25.137807], [121.501402, 25.137763], [121.501402, 25.137719], [121.501403, 25.137713]]]]}, "properties": {"name": "公園", "area": 0}}, {"type": "Feature", "geometry": {"type": "MultiPolygon", "coordinates": [[[[121.502544, 25.038349], [121.502522, 25.03838], [121.502579, 25.038638], [121.502614, 25.038795], [121.502647, 25.038816], [121.502992, 25.038753], [121.503015, 25.038724], [121.502934, 25.038305], [121.502902, 25.038284], [121.502544, 25.038349]]]]}, "properties": {"name": "公園", "area": 0}}, {"type": "Feature", "geometry": {"type": "MultiPolygon", "coordinates": [[[[121.502703, 25.022043], [121.50286, 25.02358], [121.502877, 25.023688], [121.502941, 25.024119], [121.502951, 25.024174], [121.502965, 25.024229], [121.502983, 25.024282], [121.503004, 25.024335], [121.50303, 25.024386], [121.503058, 25.024435], [121.50309, 25.024483], [121.503126, 25.024529], [121.503164, 25.024572], [121.50319, 25.024598], [121.503557, 25.024951], [121.503606, 25.024995], [121.503657, 25.025036], [121.503673, 25.025047], [121.503679, 25.025052], [121.503686, 25.025057], [121.503693, 25.025063], [121.503701, 25.025068], [121.503708, 25.025073], [121.503716, 25.025078], [121.503723, 25.025083], [121.503731, 25.025088], [121.503738, 25.025092], [121.503746, 25.025097], [121.503754, 25.025102], [121.503762, 25.025107], [121.503769, 25.025111], [121.503777, 25.025116], [121.503785, 25.02512], [121.503793, 25.025125], [121.503801, 25.025129], [121.503809, 25.025133], [121.503817, 25.025138], [121.503825, 25.025142], [121.503833, 25.025146], [121.503841, 25.02515], [121.503849, 25.025154], [121.503856, 25.025157], [121.503857, 25.025158], [121.503866, 25.025162], [121.503874, 25.025166], [121.503882, 25.02517], [121.50389, 25.025173], [121.503899, 25.025177], [121.503907, 25.025181], [121.503916, 25.025184], [121.503924, 25.025188], [121.503933, 25.025191], [121.503941, 25.025194], [121.50395, 25.025198], [121.503958, 25.025201], [121.503967, 25.025204], [121.503975, 25.025207], [121.503984, 25.02521], [121.503993, 25.025213], [121.504001, 25.025216], [121.50401, 25.025219], [121.504019, 25.025222], [121.504028, 25.025225], [121.504731, 25.025441], [121.505625, 25.025715], [121.506312, 25.025926], [121.506416, 25.025958], [121.506455, 25.025948], [121.506511, 25.025889], [121.507635, 25.024698], [121.508008, 25.024302], [121.508032, 25.024277], [121.50811, 25.024195], [121.508115, 25.024188], [121.508121, 25.024182], [121.508126, 25.024176], [121.508132, 25.02417], [121.508137, 25.024163], [121.508143, 25.024157], [121.508148, 25.02415], [121.508153, 25.024144], [121.508158, 25.024137], [121.508163, 25.02413], [121.508168, 25.024123], [121.508173, 25.024117], [121.508177, 25.02411], [121.508182, 25.024103], [121.508186, 25.024096], [121.508191, 25.024089], [121.508195, 25.024082], [121.508199, 25.024075], [121.508203, 25.024068], [121.508207, 25.02406], [121.508211, 25.024053], [121.508215, 25.024046], [121.508219, 25.024038], [121.508222, 25.024031], [121.508226, 25.024024], [121.508229, 25.024016], [121.508232, 25.024009], [121.508236, 25.024001], [121.508239, 25.023994], [121.508242, 25.023986], [121.508245, 25.023978], [121.508247, 25.023971], [121.50825, 25.023963], [121.508253, 25.023955], [121.508255, 25.023947], [121.508257, 25.02394], [121.50826, 25.023932], [121.508262, 25.023924], [121.508264, 25.023916], [121.508266, 25.023908], [121.508268, 25.0239], [121.508269, 25.023892], [121.508271, 25.023884], [121.508272, 25.023876], [121.508274, 25.023869], [121.508275, 25.023861], [121.508276, 25.023853], [121.508298, 25.02367], [121.508396, 25.022838], [121.507787, 25.022433], [121.507413, 25.022183], [121.505982, 25.021231], [121.504281, 25.020098], [121.5042, 25.020098], [121.504099, 25.020171], [121.50393, 25.020291], [121.503654, 25.020487], [121.503062, 25.020911], [121.50262, 25.021229], [121.502703, 25.022043]]]]}, "properties": {"name": "公園", "area": 0}}, {"type": "Feature", "geometry": {"type": "MultiPolygon", "coordinates": [[[[121.502977, 25.120589], [121.50306, 25.120538], [121.503287, 25.1204], [121.503296, 25.120392], [121.503302, 25.120383], [121.503304, 25.120372], [121.503302, 25.120361], [121.503296, 25.120351], [121.503291, 25.120346], [121.502566, 25.119788], [121.502559, 25.119784], [121.50255, 25.119784], [121.502542, 25.119787], [121.50254, 25.119789], [121.502465, 25.119856], [121.50246, 25.119863], [121.502458, 25.119872], [121.502461, 25.11988], [121.502462, 25.119882], [121.502949, 25.120583], [121.502956, 25.120589], [121.502964, 25.120592], [121.502973, 25.120591], [121.502977, 25.120589]]]]}, "properties": {"name": "公園", "area": 0}}, {"type": "Feature", "geometry": {"type": "MultiPolygon", "coordinates": [[[[121.502979, 25.132932], [121.503016, 25.132982], [121.503019, 25.132986], [121.503028, 25.132995], [121.50304, 25.133001], [121.503053, 25.133004], [121.503067, 25.133004], [121.503079, 25.132999], [121.503085, 25.132996], [121.503746, 25.132554], [121.503917, 25.132113], [121.503917, 25.132112], [121.503939, 25.132065], [121.503968, 25.132022], [121.504177, 25.131744], [121.504567, 25.131223], [121.504573, 25.131213], [121.504575, 25.131201], [121.504573, 25.13119], [121.504567, 25.13118], [121.504558, 25.131172], [121.504549, 25.131167], [121.50426, 25.131072], [121.504168, 25.131046], [121.504075, 25.131023], [121.503981, 25.131004], [121.503935, 25.130996], [121.503771, 25.130975], [121.503757, 25.130975], [121.503743, 25.130978], [121.503731, 25.130985], [121.503722, 25.130995], [121.503716, 25.131007], [121.503714, 25.13101], [121.503562, 25.131619], [121.503538, 25.131774], [121.50347, 25.132024], [121.503447, 25.132104], [121.50342, 25.132182], [121.503389, 25.132259], [121.503354, 25.132335], [121.503316, 25.13241], [121.503274, 25.132483], [121.503228, 25.132554], [121.50318, 25.132623], [121.503128, 25.132691], [121.503072, 25.132756], [121.503014, 25.132819], [121.502969, 25.132864], [121.502962, 25.132873], [121.502958, 25.132885], [121.502958, 25.132896], [121.502961, 25.132908], [121.502964, 25.132912], [121.502968, 25.132917], [121.502979, 25.132932]]]]}, "properties": {"name": "公園", "area": 0}}, {"type": "Feature", "geometry": {"type": "MultiPolygon", "coordinates": [[[[121.502988, 25.044504], [121.502963, 25.044543], [121.503189, 25.045355], [121.503223, 25.04548], [121.503255, 25.045495], [121.503488, 25.045442], [121.503547, 25.045085], [121.503754, 25.045039], [121.503804, 25.045028], [121.503783, 25.044944], [121.503964, 25.044897], [121.503906, 25.044669], [121.503753, 25.044706], [121.503562, 25.044751], [121.50345, 25.044393], [121.502988, 25.044504]]]]}, "properties": {"name": "公園", "area": 0}}, {"type": "Feature", "geometry": {"type": "MultiPolygon", "coordinates": [[[[121.503196, 25.122521], [121.503084, 25.12242], [121.503047, 25.122462], [121.503372, 25.122634], [121.50386, 25.122579], [121.503848, 25.122546], [121.50341, 25.122562], [121.503304, 25.122459], [121.503294, 25.122483], [121.503292, 25.122489], [121.50329, 25.122496], [121.503285, 25.122508], [121.503277, 25.12252], [121.503265, 25.122528], [121.503252, 25.122534], [121.503237, 25.122536], [121.503222, 25.122535], [121.503208, 25.12253], [121.503197, 25.122522], [121.503196, 25.122521]]]]}, "properties": {"name": "公園", "area": 0}}, {"type": "Feature", "geometry": {"type": "MultiPolygon", "coordinates": [[[[121.503277, 25.122427], [121.503229, 25.122355], [121.503228, 25.122353], [121.503189, 25.122269], [121.503053, 25.122271], [121.503039, 25.122321], [121.503056, 25.122394], [121.503081, 25.122366], [121.503224, 25.122496], [121.503231, 25.122499], [121.503239, 25.1225], [121.503246, 25.122496], [121.503251, 25.12249], [121.503251, 25.122488], [121.503256, 25.122471], [121.503267, 25.122444], [121.503277, 25.122427], [121.503277, 25.122427]]]]}, "properties": {"name": "公園", "area": 0}}, {"type": "Feature", "geometry": {"type": "MultiPolygon", "coordinates": [[[[121.50353, 25.140382], [121.503715, 25.140327], [121.503908, 25.140307], [121.504101, 25.140322], [121.504287, 25.140374], [121.504296, 25.140377], [121.504311, 25.14038], [121.504326, 25.140381], [121.504341, 25.140377], [121.504354, 25.14037], [121.504366, 25.140361], [121.504374, 25.140349], [121.504374, 25.140347], [121.50445, 25.140183], [121.504454, 25.140169], [121.504454, 25.140155], [121.504451, 25.14014], [121.504444, 25.140127], [121.504435, 25.140118], [121.502549, 25.138413], [121.502537, 25.138404], [121.502523, 25.138399], [121.502508, 25.138397], [121.502492, 25.138399], [121.502478, 25.138404], [121.502466, 25.138413], [121.502465, 25.138414], [121.501934, 25.138924], [121.501926, 25.138934], [121.501921, 25.138946], [121.50192, 25.138959], [121.501923, 25.138972], [121.50193, 25.138983], [121.501933, 25.138986], [121.502403, 25.139467], [121.502827, 25.140254], [121.503425, 25.140417], [121.503461, 25.140413], [121.50353, 25.140382]]]]}, "properties": {"name": "公園", "area": 0}}, {"type": "Feature", "geometry": {"type": "MultiPolygon", "coordinates": [[[[121.503592, 25.124528], [121.503581, 25.124519], [121.503574, 25.124507], [121.503571, 25.124493], [121.503572, 25.12448], [121.503576, 25.124467], [121.503577, 25.124466], [121.50368, 25.12428], [121.503162, 25.12431], [121.503192, 25.124586], [121.503198, 25.124636], [121.503179, 25.124857], [121.503156, 25.125078], [121.503142, 25.125194], [121.503165, 25.125457], [121.503174, 25.125512], [121.503188, 25.125566], [121.503205, 25.12562], [121.503226, 25.125673], [121.503251, 25.125724], [121.503273, 25.125762], [121.503315, 25.125831], [121.503354, 25.125902], [121.503389, 25.125974], [121.503421, 25.126048], [121.503425, 25.126058], [121.503453, 25.126148], [121.503515, 25.126377], [121.503573, 25.126595], [121.503578, 25.126607], [121.503587, 25.126617], [121.503598, 25.126624], [121.503611, 25.126628], [121.503613, 25.126628], [121.503756, 25.126646], [121.503633, 25.126066], [121.503634, 25.126066], [121.5036, 25.125973], [121.50357, 25.125879], [121.503544, 25.125784], [121.503521, 25.125689], [121.503503, 25.125593], [121.503488, 25.125496], [121.503478, 25.125399], [121.503471, 25.125301], [121.503469, 25.125229], [121.503471, 25.125217], [121.503476, 25.125207], [121.503485, 25.125199], [121.503497, 25.125194], [121.503509, 25.125192], [121.503519, 25.125193], [121.504352, 25.125379], [121.504348, 25.125378], [121.504362, 25.12538], [121.504375, 25.125378], [121.504387, 25.125374], [121.504398, 25.125366], [121.504405, 25.125355], [121.504407, 25.125349], [121.504451, 25.125205], [121.504453, 25.125192], [121.50445, 25.12518], [121.504444, 25.125168], [121.504435, 25.125158], [121.504434, 25.125158], [121.503592, 25.124528]]]]}, "properties": {"name": "公園", "area": 0}}, {"type": "Feature", "geometry": {"type": "MultiPolygon", "coordinates": [[[[121.503682, 25.126801], [121.503669, 25.126801], [121.503655, 25.126805], [121.503644, 25.126812], [121.503635, 25.126821], [121.503629, 25.126833], [121.503628, 25.126838], [121.503535, 25.127339], [121.503507, 25.127428], [121.503482, 25.127518], [121.503461, 25.127608], [121.503444, 25.1277], [121.503436, 25.127752], [121.503421, 25.127905], [121.503411, 25.128059], [121.503404, 25.128213], [121.503401, 25.128367], [121.503402, 25.128519], [121.503395, 25.128601], [121.503384, 25.128683], [121.503369, 25.128764], [121.50335, 25.128844], [121.503345, 25.128864], [121.503333, 25.128938], [121.503331, 25.128955], [121.503333, 25.129026], [121.503339, 25.129097], [121.503349, 25.129168], [121.503352, 25.129185], [121.503369, 25.129321], [121.503511, 25.129358], [121.503664, 25.129476], [121.503816, 25.129845], [121.503981, 25.129919], [121.504178, 25.129512], [121.503641, 25.129264], [121.503629, 25.129257], [121.50362, 25.129246], [121.503614, 25.129234], [121.503612, 25.129221], [121.503614, 25.129208], [121.503615, 25.129205], [121.503835, 25.128621], [121.5041, 25.127919], [121.504106, 25.127909], [121.504115, 25.1279], [121.504127, 25.127895], [121.504139, 25.127894], [121.504152, 25.127896], [121.504161, 25.127899], [121.50459, 25.128148], [121.504602, 25.128153], [121.504615, 25.128154], [121.504627, 25.128151], [121.504638, 25.128146], [121.504646, 25.128137], [121.504651, 25.128129], [121.504766, 25.12782], [121.504769, 25.127807], [121.504768, 25.127794], [121.504763, 25.127782], [121.504754, 25.127771], [121.504743, 25.127763], [121.50474, 25.127761], [121.504598, 25.1277], [121.504454, 25.127641], [121.504308, 25.127586], [121.504161, 25.127534], [121.504013, 25.127485], [121.503998, 25.12748], [121.503985, 25.127475], [121.503975, 25.127466], [121.503967, 25.127455], [121.503963, 25.127442], [121.503964, 25.127429], [121.503964, 25.127425], [121.504103, 25.1269], [121.504104, 25.126888], [121.504102, 25.126876], [121.504095, 25.126866], [121.504085, 25.126857], [121.504074, 25.126852], [121.504066, 25.12685], [121.503682, 25.126801]]]]}, "properties": {"name": "公園", "area": 0}}, {"type": "Feature", "geometry": {"type": "MultiPolygon", "coordinates": [[[[121.503773, 25.117832], [121.502969, 25.11856], [121.503002, 25.118639], [121.503024, 25.118693], [121.50304, 25.118735], [121.503079, 25.118843], [121.503103, 25.118912], [121.503126, 25.11898], [121.503153, 25.119047], [121.503183, 25.119113], [121.503217, 25.119177], [121.503255, 25.119239], [121.503296, 25.1193], [121.50334, 25.119358], [121.503387, 25.119415], [121.503408, 25.119437], [121.503452, 25.119479], [121.503499, 25.119518], [121.503549, 25.119555], [121.503601, 25.119588], [121.503655, 25.119619], [121.503709, 25.119645], [121.50365, 25.119926], [121.503791, 25.120015], [121.503802, 25.12002], [121.503815, 25.120022], [121.503829, 25.12002], [121.503841, 25.120015], [121.503844, 25.120013], [121.503895, 25.119974], [121.503949, 25.119936], [121.504006, 25.119901], [121.504065, 25.119869], [121.5041, 25.119852], [121.503851, 25.119319], [121.504057, 25.118946], [121.504231, 25.118599], [121.504405, 25.118251], [121.504399, 25.118248], [121.504016, 25.117994], [121.503773, 25.117832]]]]}, "properties": {"name": "公園", "area": 0}}, {"type": "Feature", "geometry": {"type": "MultiPolygon", "coordinates": [[[[121.503799, 25.136534], [121.504056, 25.136462], [121.504147, 25.136424], [121.504119, 25.136393], [121.504088, 25.136364], [121.50407, 25.136348], [121.504043, 25.136331], [121.50393, 25.136422], [121.50389, 25.136441], [121.503849, 25.13646], [121.503806, 25.136476], [121.503764, 25.136492], [121.503744, 25.136499], [121.503723, 25.136502], [121.503702, 25.136502], [121.503681, 25.136498], [121.503662, 25.13649], [121.503654, 25.136486], [121.503627, 25.136475], [121.503602, 25.136462], [121.50358, 25.136445], [121.50356, 25.136425], [121.503544, 25.136404], [121.50353, 25.13638], [121.503527, 25.136372], [121.503502, 25.136345], [121.50347, 25.136312], [121.503437, 25.13628], [121.503401, 25.136248], [121.503368, 25.136226], [121.503296, 25.13619], [121.503242, 25.136168], [121.503176, 25.136145], [121.503113, 25.136126], [121.503058, 25.136115], [121.502998, 25.136116], [121.502978, 25.136122], [121.502913, 25.136141], [121.502848, 25.13616], [121.502753, 25.136177], [121.502692, 25.136167], [121.502679, 25.136161], [121.50267, 25.136153], [121.502655, 25.136111], [121.502652, 25.13609], [121.502639, 25.136084], [121.502658, 25.136037], [121.502676, 25.135984], [121.502676, 25.135972], [121.502677, 25.135959], [121.50267, 25.135934], [121.502659, 25.135905], [121.502612, 25.13582], [121.502567, 25.135731], [121.50255, 25.13571], [121.502424, 25.135606], [121.50231, 25.135603], [121.502198, 25.135596], [121.502085, 25.135586], [121.501973, 25.135572], [121.501861, 25.135555], [121.501821, 25.135547], [121.501692, 25.135533], [121.50168, 25.13552], [121.501666, 25.13551], [121.50165, 25.135503], [121.501633, 25.1355], [121.501628, 25.135499], [121.501571, 25.135496], [121.501383, 25.135567], [121.501196, 25.135647], [121.501233, 25.135762], [121.50127, 25.1358], [121.501391, 25.13581], [121.501439, 25.135851], [121.501447, 25.135906], [121.501261, 25.136051], [121.501144, 25.136122], [121.501029, 25.136164], [121.500968, 25.136172], [121.501029, 25.136432], [121.501046, 25.136568], [121.50105, 25.136583], [121.501057, 25.136596], [121.501068, 25.136607], [121.501082, 25.136616], [121.501097, 25.136621], [121.50111, 25.136623], [121.502125, 25.136676], [121.503471, 25.136756], [121.503981, 25.136787], [121.50401, 25.136787], [121.50404, 25.136784], [121.504069, 25.136777], [121.504097, 25.136767], [121.504122, 25.136754], [121.504146, 25.136737], [121.504167, 25.136718], [121.504185, 25.136696], [121.5042, 25.136673], [121.504211, 25.136648], [121.504219, 25.136621], [121.504222, 25.136594], [121.504223, 25.136582], [121.504129, 25.136589], [121.504034, 25.136597], [121.503858, 25.13666], [121.503837, 25.136658], [121.503803, 25.136607], [121.503777, 25.13654], [121.503799, 25.136534]]]]}, "properties": {"name": "公園", "area": 0}}, {"type": "Feature", "geometry": {"type": "MultiPolygon", "coordinates": [[[[121.50388, 25.13], [121.503816, 25.129845], [121.503772, 25.129739], [121.503664, 25.129476], [121.503511, 25.129358], [121.503445, 25.129341], [121.503506, 25.129764], [121.503692, 25.129971], [121.503721, 25.130006], [121.503748, 25.130044], [121.50377, 25.130084], [121.503781, 25.130106], [121.503799, 25.130148], [121.503812, 25.130191], [121.503822, 25.130235], [121.503828, 25.130279], [121.503829, 25.130324], [121.503827, 25.130369], [121.503826, 25.13038], [121.503775, 25.130812], [121.503776, 25.130826], [121.50378, 25.130839], [121.503788, 25.130852], [121.503799, 25.130862], [121.503812, 25.130869], [121.503827, 25.130873], [121.503828, 25.130873], [121.503954, 25.130889], [121.504051, 25.130907], [121.504147, 25.130928], [121.504242, 25.130953], [121.504299, 25.13097], [121.504549, 25.131052], [121.504561, 25.131055], [121.504573, 25.131053], [121.504584, 25.131049], [121.504593, 25.131041], [121.504599, 25.131031], [121.5046, 25.13102], [121.5046, 25.13102], [121.504599, 25.13094], [121.504602, 25.13086], [121.504608, 25.13078], [121.504615, 25.130723], [121.504628, 25.130644], [121.504643, 25.130575], [121.504657, 25.130511], [121.504674, 25.130449], [121.50468, 25.130432], [121.504429, 25.130273], [121.504364, 25.130241], [121.504211, 25.130165], [121.50421, 25.130164], [121.504208, 25.130163], [121.504208, 25.130163], [121.50388, 25.13]]]]}, "properties": {"name": "公園", "area": 0}}, {"type": "Feature", "geometry": {"type": "MultiPolygon", "coordinates": [[[[121.50427, 25.122474], [121.504333, 25.122556], [121.504443, 25.122696], [121.50498, 25.12276], [121.505422, 25.12301], [121.505424, 25.123001], [121.50547, 25.12299], [121.505521, 25.123047], [121.505907, 25.123134], [121.50621, 25.123104], [121.506242, 25.123101], [121.506497, 25.123054], [121.506847, 25.122965], [121.507097, 25.12288], [121.507251, 25.122779], [121.507403, 25.122702], [121.507463, 25.122695], [121.507474, 25.122726], [121.507496, 25.122969], [121.507591, 25.123159], [121.507514, 25.123433], [121.508122, 25.123846], [121.508238, 25.123908], [121.508347, 25.123914], [121.508557, 25.123938], [121.509075, 25.124016], [121.509239, 25.123951], [121.509417, 25.123869], [121.50859, 25.123096], [121.508847, 25.12254], [121.508883, 25.122463], [121.509306, 25.121992], [121.509306, 25.121992], [121.509309, 25.121989], [121.509337, 25.121958], [121.509338, 25.121957], [121.509156, 25.122037], [121.508972, 25.122064], [121.508746, 25.122056], [121.508588, 25.122051], [121.508348, 25.121939], [121.508342, 25.121594], [121.508339, 25.121575], [121.508307, 25.12154], [121.508279, 25.121503], [121.508255, 25.121464], [121.508233, 25.121423], [121.508221, 25.121394], [121.508181, 25.121219], [121.508115, 25.120807], [121.508111, 25.120794], [121.508104, 25.120782], [121.508093, 25.120773], [121.50808, 25.120766], [121.508065, 25.120763], [121.50805, 25.120763], [121.508047, 25.120764], [121.507634, 25.120841], [121.507632, 25.121051], [121.507281, 25.121231], [121.507233, 25.12127], [121.507078, 25.1214], [121.506965, 25.121475], [121.506891, 25.121526], [121.506813, 25.121414], [121.506775, 25.121361], [121.506735, 25.121298], [121.506727, 25.121324], [121.506709, 25.121374], [121.506686, 25.121423], [121.50666, 25.121471], [121.50663, 25.121516], [121.506597, 25.12156], [121.506561, 25.121602], [121.506526, 25.121637], [121.506671, 25.121696], [121.506502, 25.121837], [121.506282, 25.121919], [121.506258, 25.121946], [121.505988, 25.122255], [121.505583, 25.12246], [121.505113, 25.122405], [121.504645, 25.122352], [121.504443, 25.12213], [121.504372, 25.12205], [121.504508, 25.12179], [121.504529, 25.121752], [121.504525, 25.121749], [121.504519, 25.121744], [121.504209, 25.12148], [121.504138, 25.121493], [121.504082, 25.122233], [121.504258, 25.12246], [121.504264, 25.122458], [121.50427, 25.12246], [121.504274, 25.122464], [121.504274, 25.122467], [121.504272, 25.122472], [121.50427, 25.122474]]]]}, "properties": {"name": "公園", "area": 0}}, {"type": "Feature", "geometry": {"type": "MultiPolygon", "coordinates": [[[[121.504409, 25.125679], [121.504351, 25.126035], [121.504351, 25.126048], [121.504354, 25.12606], [121.504362, 25.126072], [121.504372, 25.12608], [121.504385, 25.126086], [121.504389, 25.126087], [121.504635, 25.126143], [121.50488, 25.126202], [121.505062, 25.126249], [121.505076, 25.126251], [121.505091, 25.126249], [121.505104, 25.126244], [121.505115, 25.126235], [121.505123, 25.126225], [121.505125, 25.126222], [121.505205, 25.126056], [121.505278, 25.125914], [121.505282, 25.125902], [121.505282, 25.12589], [121.505278, 25.125878], [121.505271, 25.125868], [121.505268, 25.125866], [121.504578, 25.125277], [121.504567, 25.12527], [121.504554, 25.125267], [121.504541, 25.125267], [121.504529, 25.12527], [121.504518, 25.125277], [121.50451, 25.125286], [121.504506, 25.125295], [121.50447, 25.125422], [121.504438, 25.12555], [121.504409, 25.125679], [121.504409, 25.125679]]]]}, "properties": {"name": "公園", "area": 0}}, {"type": "Feature", "geometry": {"type": "MultiPolygon", "coordinates": [[[[121.504734, 25.14048], [121.505061, 25.140527], [121.505344, 25.141003], [121.505249, 25.141035], [121.505293, 25.141097], [121.505333, 25.141161], [121.50537, 25.141227], [121.505403, 25.141294], [121.505433, 25.141363], [121.505448, 25.1414], [121.50554, 25.141508], [121.505637, 25.141416], [121.505729, 25.141471], [121.505822, 25.141526], [121.505869, 25.141561], [121.505916, 25.141596], [121.505978, 25.141609], [121.506039, 25.141622], [121.506049, 25.141624], [121.50612, 25.141642], [121.506192, 25.14166], [121.506247, 25.141685], [121.506302, 25.14171], [121.506333, 25.141724], [121.506364, 25.141739], [121.506375, 25.141744], [121.506385, 25.14175], [121.506406, 25.14176], [121.506433, 25.141748], [121.506602, 25.141661], [121.506591, 25.141655], [121.50659, 25.141655], [121.506507, 25.141617], [121.506418, 25.141557], [121.506357, 25.141518], [121.506296, 25.141479], [121.506241, 25.141482], [121.506113, 25.141427], [121.505984, 25.141372], [121.505906, 25.141355], [121.505781, 25.141293], [121.505705, 25.141233], [121.505629, 25.141173], [121.505571, 25.141117], [121.505513, 25.141062], [121.505465, 25.14099], [121.505426, 25.140929], [121.5054, 25.140892], [121.505378, 25.140862], [121.505347, 25.140826], [121.505316, 25.14079], [121.505302, 25.140763], [121.505289, 25.140735], [121.505278, 25.140689], [121.505264, 25.140633], [121.505256, 25.140605], [121.50523, 25.140536], [121.505204, 25.140467], [121.505199, 25.140452], [121.505193, 25.140437], [121.505158, 25.140425], [121.504996, 25.140371], [121.504791, 25.140321], [121.504749, 25.140308], [121.504709, 25.140293], [121.504671, 25.140274], [121.504635, 25.140252], [121.504614, 25.140237], [121.504603, 25.140231], [121.504591, 25.140227], [121.504578, 25.140227], [121.504566, 25.140231], [121.504556, 25.140238], [121.504549, 25.140248], [121.504549, 25.140248], [121.504475, 25.140408], [121.504472, 25.140421], [121.504472, 25.140434], [121.504476, 25.140447], [121.504484, 25.140458], [121.504494, 25.140467], [121.504497, 25.140468], [121.504675, 25.140568], [121.504734, 25.14048]]]]}, "properties": {"name": "公園", "area": 0}}, {"type": "Feature", "geometry": {"type": "MultiPolygon", "coordinates": [[[[121.505706, 25.13736], [121.506033, 25.137357], [121.506684, 25.13735], [121.507384, 25.13742], [121.507691, 25.137278], [121.508103, 25.137365], [121.508373, 25.137411], [121.508647, 25.137477], [121.508914, 25.137573], [121.509045, 25.137586], [121.508194, 25.137072], [121.508037, 25.137006], [121.50785, 25.136933], [121.507827, 25.136925], [121.507782, 25.136909], [121.507736, 25.136897], [121.507689, 25.136888], [121.507641, 25.136882], [121.507593, 25.13688], [121.507578, 25.13688], [121.506976, 25.136894], [121.50658, 25.136886], [121.506514, 25.136886], [121.506448, 25.13689], [121.506382, 25.136897], [121.506317, 25.136908], [121.506301, 25.136911], [121.506169, 25.136939], [121.50619, 25.137029], [121.50599, 25.13707], [121.506006, 25.137191], [121.5057, 25.137284], [121.505706, 25.13736]]]]}, "properties": {"name": "公園", "area": 0}}, {"type": "Feature", "geometry": {"type": "MultiPolygon", "coordinates": [[[[121.505854, 25.046374], [121.50616, 25.046303], [121.506053, 25.045929], [121.505782, 25.045992], [121.505756, 25.04603], [121.505854, 25.046374]]]]}, "properties": {"name": "公園", "area": 0}}, {"type": "Feature", "geometry": {"type": "MultiPolygon", "coordinates": [[[[121.505878, 25.090165], [121.505868, 25.090166], [121.505859, 25.09017], [121.505853, 25.090177], [121.50585, 25.090186], [121.50585, 25.090191], [121.50594, 25.090747], [121.505959, 25.090867], [121.506045, 25.091402], [121.506048, 25.091413], [121.506056, 25.091423], [121.506066, 25.09143], [121.506078, 25.091434], [121.506091, 25.091435], [121.506101, 25.091433], [121.506244, 25.091387], [121.50654, 25.091293], [121.506893, 25.091181], [121.506904, 25.091176], [121.506912, 25.091168], [121.506916, 25.091158], [121.506917, 25.091148], [121.506915, 25.09114], [121.506725, 25.090693], [121.506692, 25.090614], [121.506536, 25.090245], [121.506531, 25.090236], [121.506522, 25.090231], [121.506513, 25.090228], [121.506198, 25.090197], [121.505878, 25.090165]]]]}, "properties": {"name": "公園", "area": 0}}, {"type": "Feature", "geometry": {"type": "MultiPolygon", "coordinates": [[[[121.506198, 25.127715], [121.506176, 25.127766], [121.506108, 25.127898], [121.506036, 25.128028], [121.505961, 25.128157], [121.505882, 25.128284], [121.505845, 25.12834], [121.505845, 25.128341], [121.505839, 25.128353], [121.505838, 25.128366], [121.50584, 25.128379], [121.505846, 25.128391], [121.505856, 25.1284], [121.505858, 25.128402], [121.50586, 25.128403], [121.505912, 25.128441], [121.505961, 25.128481], [121.506008, 25.128524], [121.506052, 25.128569], [121.506093, 25.128617], [121.50613, 25.128667], [121.506165, 25.128719], [121.506173, 25.128733], [121.506486, 25.128576], [121.506617, 25.128512], [121.506724, 25.128447], [121.506784, 25.128401], [121.506892, 25.128279], [121.507029, 25.127997], [121.506439, 25.127773], [121.506601, 25.127387], [121.50642, 25.127334], [121.506406, 25.127332], [121.506392, 25.127334], [121.506378, 25.127338], [121.506367, 25.127346], [121.506359, 25.127357], [121.506357, 25.12736], [121.506198, 25.127715]]]]}, "properties": {"name": "公園", "area": 0}}, {"type": "Feature", "geometry": {"type": "MultiPolygon", "coordinates": [[[[121.50642, 25.049148], [121.506383, 25.049212], [121.506872, 25.05049], [121.50694, 25.050526], [121.50774, 25.050402], [121.507942, 25.050371], [121.507985, 25.05031], [121.50782, 25.049736], [121.507736, 25.049446], [121.507584, 25.048916], [121.507516, 25.04888], [121.50642, 25.049148]]]]}, "properties": {"name": "公園", "area": 0}}, {"type": "Feature", "geometry": {"type": "MultiPolygon", "coordinates": [[[[121.506508, 25.099514], [121.505836, 25.099491], [121.505852, 25.100374], [121.505852, 25.100374], [121.506485, 25.10037], [121.506508, 25.099514]]]]}, "properties": {"name": "公園", "area": 0}}, {"type": "Feature", "geometry": {"type": "MultiPolygon", "coordinates": [[[[121.506531, 25.099416], [121.505377, 25.099386], [121.505362, 25.099387], [121.505347, 25.099392], [121.505335, 25.0994], [121.505325, 25.099411], [121.505318, 25.099424], [121.505315, 25.099437], [121.505315, 25.099439], [121.505299, 25.099887], [121.505283, 25.100331], [121.505284, 25.100345], [121.505289, 25.100358], [121.505298, 25.10037], [121.50531, 25.100379], [121.505324, 25.100385], [121.505339, 25.100387], [121.505341, 25.100387], [121.506499, 25.100418], [121.506515, 25.100417], [121.506529, 25.100412], [121.506542, 25.100404], [121.506551, 25.100393], [121.506558, 25.10038], [121.506561, 25.100367], [121.506561, 25.100365], [121.506575, 25.099923], [121.506589, 25.099472], [121.506588, 25.099459], [121.506582, 25.099445], [121.506574, 25.099434], [121.506562, 25.099425], [121.506548, 25.099419], [121.506533, 25.099416], [121.506531, 25.099416]]]]}, "properties": {"name": "公園", "area": 0}}, {"type": "Feature", "geometry": {"type": "MultiPolygon", "coordinates": [[[[121.506562, 25.135855], [121.506896, 25.135954], [121.506947, 25.135789], [121.506552, 25.135694], [121.506523, 25.135772], [121.50654, 25.135798], [121.506553, 25.135826], [121.506562, 25.135855]]]]}, "properties": {"name": "公園", "area": 0}}, {"type": "Feature", "geometry": {"type": "MultiPolygon", "coordinates": [[[[121.506697, 25.141674], [121.50667, 25.141688], [121.507165, 25.141765], [121.507523, 25.141773], [121.507518, 25.141763], [121.507376, 25.141725], [121.507332, 25.141697], [121.507273, 25.141682], [121.507196, 25.141674], [121.507088, 25.141658], [121.507043, 25.141642], [121.506982, 25.141622], [121.506901, 25.141621], [121.50685, 25.141636], [121.506806, 25.141644], [121.506741, 25.141636], [121.506727, 25.141652], [121.50671, 25.141666], [121.506697, 25.141674]]]]}, "properties": {"name": "公園", "area": 0}}, {"type": "Feature", "geometry": {"type": "MultiPolygon", "coordinates": [[[[121.507489, 25.142203], [121.50785, 25.141957], [121.507879, 25.14194], [121.50791, 25.141925], [121.507943, 25.141914], [121.507977, 25.141907], [121.508012, 25.141903], [121.508042, 25.141902], [121.508322, 25.141908], [121.508597, 25.141914], [121.509299, 25.141829], [121.509709, 25.141816], [121.510064, 25.141805], [121.510078, 25.141802], [121.51009, 25.141797], [121.5101, 25.141788], [121.510107, 25.141777], [121.510108, 25.141775], [121.510186, 25.141565], [121.508251, 25.141387], [121.507523, 25.141773], [121.507165, 25.141765], [121.50667, 25.141688], [121.506462, 25.141796], [121.506412, 25.141819], [121.506433, 25.141848], [121.50645, 25.14188], [121.506464, 25.141913], [121.506474, 25.141947], [121.506481, 25.141982], [121.506483, 25.142018], [121.506483, 25.142021], [121.506618, 25.142107], [121.506618, 25.142164], [121.506624, 25.142247], [121.506654, 25.142261], [121.506652, 25.142272], [121.506693, 25.142283], [121.506741, 25.142296], [121.506738, 25.142267], [121.506707, 25.142228], [121.506712, 25.14219], [121.506723, 25.1421], [121.506729, 25.142048], [121.506816, 25.142046], [121.506894, 25.142102], [121.506954, 25.142114], [121.506967, 25.14217], [121.506994, 25.142197], [121.507025, 25.142204], [121.5071, 25.14221], [121.507108, 25.142228], [121.507105, 25.142323], [121.507165, 25.142315], [121.507225, 25.142303], [121.507284, 25.142288], [121.507342, 25.14227], [121.507398, 25.142248], [121.507453, 25.142222], [121.507489, 25.142203]]]]}, "properties": {"name": "公園", "area": 0}}, {"type": "Feature", "geometry": {"type": "MultiPolygon", "coordinates": [[[[121.507619, 25.082449], [121.507891, 25.082527], [121.507903, 25.082529], [121.507915, 25.082527], [121.507926, 25.082521], [121.507934, 25.082513], [121.507938, 25.082505], [121.508271, 25.081599], [121.508533, 25.08091], [121.508537, 25.080899], [121.508541, 25.080887], [121.508546, 25.080876], [121.50855, 25.080865], [121.508555, 25.080854], [121.508559, 25.080843], [121.508564, 25.080832], [121.508569, 25.080821], [121.508573, 25.08081], [121.508578, 25.0808], [121.508583, 25.080789], [121.508588, 25.080778], [121.508594, 25.080767], [121.508599, 25.080756], [121.508604, 25.080746], [121.50861, 25.080735], [121.508615, 25.080724], [121.508621, 25.080714], [121.508626, 25.080703], [121.508632, 25.080693], [121.508638, 25.080682], [121.508644, 25.080672], [121.50865, 25.080661], [121.508656, 25.080651], [121.508662, 25.080641], [121.508668, 25.080631], [121.508675, 25.08062], [121.50868, 25.080609], [121.508682, 25.080597], [121.50868, 25.080585], [121.508675, 25.080574], [121.508668, 25.080564], [121.508657, 25.080556], [121.508639, 25.080546], [121.508221, 25.0803], [121.508148, 25.080547], [121.507869, 25.081486], [121.507854, 25.081533], [121.507594, 25.082408], [121.507593, 25.082419], [121.507596, 25.08243], [121.507602, 25.082439], [121.507611, 25.082446], [121.507619, 25.082449]]]]}, "properties": {"name": "公園", "area": 0}}, {"type": "Feature", "geometry": {"type": "MultiPolygon", "coordinates": [[[[121.507979, 25.031349], [121.507663, 25.031616], [121.507448, 25.031798], [121.507401, 25.031838], [121.50725, 25.031965], [121.507525, 25.032244], [121.507666, 25.03223], [121.508036, 25.032192], [121.508056, 25.032522], [121.508094, 25.033179], [121.508099, 25.033262], [121.508131, 25.033286], [121.508197, 25.03328], [121.50823, 25.033277], [121.509565, 25.033154], [121.509582, 25.033152], [121.510065, 25.033108], [121.510116, 25.0336], [121.510147, 25.033623], [121.510738, 25.033562], [121.510742, 25.033053], [121.511633, 25.033091], [121.511969, 25.033103], [121.512283, 25.033122], [121.512882, 25.033149], [121.512902, 25.032947], [121.512808, 25.032942], [121.512814, 25.032905], [121.512552, 25.03288], [121.512794, 25.032295], [121.51267, 25.03222], [121.512661, 25.032177], [121.512712, 25.032034], [121.512762, 25.032056], [121.51292, 25.031608], [121.511625, 25.031276], [121.511625, 25.031276], [121.50956, 25.030753], [121.509311, 25.03069], [121.509259, 25.030677], [121.509213, 25.030701], [121.509052, 25.030785], [121.507979, 25.031349]]]]}, "properties": {"name": "公園", "area": 0}}, {"type": "Feature", "geometry": {"type": "MultiPolygon", "coordinates": [[[[121.508376, 25.137091], [121.508375, 25.137101], [121.508377, 25.137111], [121.508383, 25.13712], [121.508389, 25.137125], [121.509532, 25.137815], [121.509564, 25.137835], [121.509599, 25.137851], [121.509636, 25.137865], [121.509673, 25.137875], [121.509712, 25.137881], [121.509751, 25.137884], [121.50979, 25.137883], [121.509829, 25.137879], [121.509867, 25.137871], [121.509885, 25.137866], [121.51017, 25.13778], [121.510196, 25.137775], [121.510222, 25.137772], [121.510249, 25.137774], [121.510265, 25.137776], [121.51026, 25.137417], [121.51024, 25.137097], [121.510183, 25.137086], [121.510143, 25.13708], [121.510102, 25.137078], [121.510061, 25.137079], [121.510021, 25.137084], [121.509981, 25.137093], [121.509942, 25.137105], [121.509905, 25.13712], [121.509869, 25.137138], [121.509836, 25.13716], [121.509814, 25.137176], [121.509634, 25.137324], [121.509612, 25.137339], [121.509587, 25.137352], [121.509561, 25.137361], [121.509534, 25.137367], [121.509507, 25.137369], [121.509479, 25.137367], [121.509452, 25.137362], [121.509425, 25.137354], [121.509421, 25.137352], [121.509048, 25.137186], [121.508985, 25.13716], [121.508921, 25.137137], [121.508856, 25.137118], [121.508789, 25.137102], [121.508722, 25.13709], [121.508653, 25.137082], [121.508585, 25.137077], [121.508572, 25.137076], [121.508409, 25.13707], [121.508398, 25.137071], [121.508388, 25.137076], [121.50838, 25.137084], [121.508376, 25.137091]]]]}, "properties": {"name": "公園", "area": 0}}, {"type": "Feature", "geometry": {"type": "MultiPolygon", "coordinates": [[[[121.508612, 25.119401], [121.508678, 25.11941], [121.508793, 25.119452], [121.508838, 25.119478], [121.508886, 25.119501], [121.508935, 25.119521], [121.508986, 25.119538], [121.509005, 25.119543], [121.509053, 25.119393], [121.509429, 25.119349], [121.509375, 25.119177], [121.509066, 25.119231], [121.508922, 25.119095], [121.508922, 25.119068], [121.508755, 25.119056], [121.508762, 25.118984], [121.508676, 25.11898], [121.508689, 25.11892], [121.508672, 25.118919], [121.508681, 25.118885], [121.508659, 25.11888], [121.508663, 25.118836], [121.508694, 25.118693], [121.508478, 25.118677], [121.508485, 25.11881], [121.508472, 25.11881], [121.508476, 25.118878], [121.508413, 25.118882], [121.508411, 25.118913], [121.508298, 25.118906], [121.508279, 25.118665], [121.50807, 25.118656], [121.508088, 25.118846], [121.507872, 25.118817], [121.50788, 25.119007], [121.507786, 25.119011], [121.507777, 25.118956], [121.507711, 25.118965], [121.507698, 25.118991], [121.507656, 25.118996], [121.507661, 25.119134], [121.507657, 25.119155], [121.507773, 25.119229], [121.50787, 25.119191], [121.507962, 25.119199], [121.508054, 25.119203], [121.508091, 25.119204], [121.508128, 25.119206], [121.508165, 25.119204], [121.508201, 25.119199], [121.508237, 25.11919], [121.508271, 25.119177], [121.508285, 25.119171], [121.508323, 25.119158], [121.508363, 25.119149], [121.508403, 25.119144], [121.508443, 25.119142], [121.508484, 25.119144], [121.508524, 25.119149], [121.508564, 25.119158], [121.508602, 25.11917], [121.508604, 25.119171], [121.508568, 25.119395], [121.508612, 25.119401]]]]}, "properties": {"name": "公園", "area": 0}}, {"type": "Feature", "geometry": {"type": "MultiPolygon", "coordinates": [[[[121.508666, 25.042109], [121.508709, 25.04226], [121.508769, 25.042233], [121.508813, 25.042188], [121.508835, 25.04213], [121.508831, 25.04207], [121.508802, 25.042015], [121.508752, 25.041975], [121.508689, 25.041955], [121.508623, 25.041958], [121.508666, 25.042109]]]]}, "properties": {"name": "公園", "area": 0}}, {"type": "Feature", "geometry": {"type": "MultiPolygon", "coordinates": [[[[121.508695, 25.057792], [121.508572, 25.057775], [121.508567, 25.057907], [121.508566, 25.057964], [121.508598, 25.057998], [121.508816, 25.058024], [121.508848, 25.058004], [121.508883, 25.057837], [121.508866, 25.057814], [121.508695, 25.057792]]]]}, "properties": {"name": "公園", "area": 0}}, {"type": "Feature", "geometry": {"type": "MultiPolygon", "coordinates": [[[[121.508914, 25.075574], [121.508853, 25.076205], [121.508813, 25.076621], [121.508707, 25.077437], [121.508705, 25.077448], [121.508706, 25.077459], [121.508712, 25.077469], [121.508721, 25.077477], [121.508729, 25.077482], [121.508741, 25.077484], [121.508754, 25.077483], [121.508765, 25.077478], [121.508774, 25.07747], [121.508779, 25.077463], [121.508784, 25.077455], [121.508791, 25.077446], [121.508798, 25.077436], [121.508805, 25.077427], [121.508812, 25.077417], [121.508819, 25.077408], [121.508826, 25.077398], [121.508833, 25.077389], [121.50884, 25.07738], [121.508847, 25.07737], [121.508854, 25.077361], [121.508862, 25.077352], [121.508869, 25.077342], [121.508877, 25.077333], [121.508884, 25.077324], [121.508891, 25.077315], [121.508899, 25.077306], [121.508907, 25.077297], [121.508914, 25.077288], [121.508922, 25.077279], [121.50893, 25.07727], [121.508937, 25.077261], [121.508945, 25.077252], [121.508953, 25.077243], [121.508961, 25.077234], [121.508969, 25.077226], [121.508977, 25.077217], [121.508985, 25.077208], [121.508993, 25.077199], [121.509001, 25.077191], [121.50901, 25.077182], [121.509018, 25.077174], [121.509026, 25.077165], [121.509035, 25.077157], [121.509043, 25.077148], [121.509051, 25.07714], [121.50906, 25.077132], [121.509068, 25.077123], [121.509077, 25.077115], [121.509086, 25.077107], [121.509094, 25.077098], [121.509103, 25.07709], [121.509112, 25.077082], [121.509121, 25.077074], [121.50913, 25.077066], [121.509138, 25.077058], [121.509147, 25.07705], [121.509156, 25.077042], [121.509165, 25.077034], [121.509174, 25.077026], [121.509184, 25.077019], [121.509193, 25.077011], [121.509202, 25.077003], [121.509211, 25.076995], [121.50922, 25.076988], [121.50923, 25.07698], [121.509239, 25.076973], [121.509249, 25.076965], [121.509258, 25.076958], [121.509268, 25.07695], [121.509277, 25.076943], [121.509287, 25.076936], [121.509296, 25.076928], [121.509306, 25.076921], [121.509316, 25.076914], [121.509325, 25.076907], [121.509335, 25.0769], [121.509345, 25.076892], [121.509355, 25.076885], [121.509365, 25.076878], [121.509375, 25.076872], [121.509384, 25.076865], [121.509395, 25.076858], [121.509405, 25.076851], [121.509415, 25.076844], [121.509425, 25.076838], [121.509435, 25.076831], [121.509445, 25.076824], [121.509455, 25.076818], [121.509466, 25.076811], [121.509476, 25.076805], [121.509486, 25.076798], [121.509497, 25.076792], [121.509507, 25.076786], [121.509517, 25.076779], [121.509528, 25.076773], [121.509538, 25.076767], [121.509549, 25.076761], [121.509559, 25.076755], [121.50957, 25.076749], [121.509581, 25.076743], [121.509591, 25.076737], [121.509602, 25.076731], [121.509613, 25.076725], [121.509624, 25.076719], [121.509634, 25.076713], [121.509645, 25.076708], [121.509656, 25.076702], [121.509667, 25.076696], [121.509678, 25.076691], [121.509689, 25.076685], [121.5097, 25.07668], [121.509711, 25.076674], [121.509722, 25.076669], [121.509733, 25.076664], [121.509744, 25.076659], [121.509755, 25.076653], [121.509766, 25.076648], [121.509777, 25.076643], [121.509789, 25.076638], [121.5098, 25.076633], [121.509811, 25.076628], [121.509822, 25.076623], [121.509834, 25.076618], [121.509845, 25.076614], [121.509857, 25.076609], [121.509868, 25.076604], [121.509879, 25.076599], [121.509891, 25.076595], [121.509902, 25.07659], [121.509914, 25.076586], [121.509925, 25.076581], [121.509937, 25.076577], [121.509948, 25.076573], [121.50996, 25.076569], [121.509972, 25.076564], [121.509983, 25.07656], [121.509995, 25.076556], [121.510007, 25.076552], [121.510018, 25.076548], [121.51003, 25.076544], [121.510043, 25.07654], [121.510057, 25.076536], [121.510068, 25.076531], [121.510076, 25.076522], [121.510081, 25.076512], [121.510082, 25.076506], [121.51008, 25.076495], [121.510075, 25.076485], [121.510067, 25.076477], [121.510056, 25.076471], [121.510056, 25.076471], [121.510056, 25.076471], [121.51003, 25.076463], [121.510019, 25.076458], [121.510007, 25.076454], [121.509996, 25.076449], [121.509985, 25.076444], [121.509973, 25.076439], [121.509962, 25.076434], [121.509951, 25.076429], [121.50994, 25.076424], [121.509929, 25.076419], [121.509917, 25.076414], [121.509906, 25.076409], [121.509895, 25.076403], [121.509884, 25.076398], [121.509873, 25.076392], [121.509862, 25.076387], [121.509851, 25.076381], [121.50984, 25.076376], [121.50983, 25.07637], [121.509819, 25.076365], [121.509808, 25.076359], [121.509797, 25.076353], [121.509787, 25.076347], [121.509776, 25.076341], [121.509765, 25.076335], [121.509755, 25.076329], [121.509744, 25.076323], [121.509734, 25.076317], [121.509723, 25.076311], [121.509713, 25.076304], [121.509702, 25.076298], [121.509692, 25.076292], [121.509682, 25.076285], [121.509671, 25.076279], [121.509661, 25.076272], [121.509651, 25.076265], [121.509641, 25.076259], [121.509631, 25.076252], [121.509621, 25.076245], [121.509611, 25.076239], [121.509601, 25.076232], [121.509591, 25.076225], [121.509581, 25.076218], [121.509571, 25.076211], [121.509561, 25.076204], [121.509551, 25.076197], [121.509542, 25.076189], [121.509532, 25.076182], [121.509522, 25.076175], [121.509513, 25.076167], [121.509503, 25.07616], [121.509494, 25.076153], [121.509485, 25.076145], [121.509475, 25.076138], [121.509466, 25.07613], [121.509457, 25.076122], [121.509447, 25.076115], [121.509438, 25.076107], [121.509429, 25.076099], [121.50942, 25.076091], [121.509411, 25.076083], [121.509402, 25.076076], [121.509393, 25.076067], [121.509384, 25.076059], [121.509375, 25.076051], [121.509367, 25.076043], [121.509358, 25.076035], [121.509349, 25.076027], [121.509341, 25.076019], [121.509332, 25.07601], [121.509324, 25.076002], [121.509315, 25.075994], [121.509307, 25.075985], [121.509299, 25.075977], [121.50929, 25.075968], [121.509282, 25.075959], [121.509274, 25.075951], [121.509266, 25.075942], [121.509258, 25.075933], [121.50925, 25.075925], [121.509242, 25.075916], [121.509234, 25.075907], [121.509226, 25.075898], [121.509218, 25.075889], [121.50921, 25.07588], [121.509203, 25.075871], [121.509195, 25.075862], [121.509188, 25.075853], [121.50918, 25.075844], [121.509173, 25.075835], [121.509165, 25.075826], [121.509158, 25.075817], [121.509151, 25.075807], [121.509144, 25.075798], [121.509137, 25.075789], [121.509129, 25.075779], [121.509122, 25.07577], [121.509116, 25.07576], [121.509109, 25.075751], [121.509102, 25.075741], [121.509095, 25.075732], [121.509088, 25.075722], [121.509082, 25.075712], [121.509075, 25.075703], [121.509069, 25.075693], [121.509062, 25.075683], [121.509056, 25.075673], [121.509049, 25.075664], [121.509043, 25.075654], [121.509037, 25.075644], [121.509031, 25.075634], [121.509025, 25.075624], [121.509019, 25.075614], [121.509013, 25.075604], [121.509007, 25.075594], [121.509001, 25.075584], [121.508994, 25.075571], [121.508988, 25.075558], [121.508988, 25.075558], [121.508981, 25.075549], [121.508971, 25.075542], [121.50896, 25.075539], [121.508947, 25.075538], [121.508946, 25.075539], [121.508934, 25.075542], [121.508924, 25.075549], [121.508918, 25.075559], [121.508914, 25.07557], [121.508914, 25.075574], [121.508914, 25.075574]]]]}, "properties": {"name": "公園", "area": 0}}, {"type": "Feature", "geometry": {"type": "MultiPolygon", "coordinates": [[[[121.509544, 25.026297], [121.510261, 25.026473], [121.510261, 25.026473], [121.510124, 25.026063], [121.510124, 25.026063], [121.509544, 25.026297], [121.509544, 25.026297]]]]}, "properties": {"name": "公園", "area": 0}}, {"type": "Feature", "geometry": {"type": "MultiPolygon", "coordinates": [[[[121.509683, 25.026186], [121.509679, 25.026188], [121.509669, 25.026191], [121.50966, 25.026195], [121.509652, 25.0262], [121.509645, 25.026206], [121.509639, 25.026213], [121.509633, 25.02622], [121.509629, 25.026229], [121.509626, 25.026237], [121.509624, 25.026246], [121.509623, 25.026255], [121.509624, 25.026264], [121.509626, 25.026273], [121.509629, 25.026281], [121.509633, 25.026289], [121.509639, 25.026297], [121.509645, 25.026304], [121.509653, 25.02631], [121.509661, 25.026315], [121.509667, 25.026317], [121.509775, 25.026344], [121.509889, 25.026373], [121.51025, 25.026464], [121.510263, 25.026451], [121.510238, 25.026372], [121.510149, 25.026089], [121.510114, 25.026071], [121.509683, 25.026186]]]]}, "properties": {"name": "公園", "area": 0}}, {"type": "Feature", "geometry": {"type": "MultiPolygon", "coordinates": [[[[121.509726, 25.117228], [121.509713, 25.117208], [121.509704, 25.117186], [121.509699, 25.117163], [121.509698, 25.11714], [121.5097, 25.117117], [121.509707, 25.117094], [121.509717, 25.117073], [121.509731, 25.117053], [121.509748, 25.117036], [121.509767, 25.117021], [121.509789, 25.117009], [121.509804, 25.117003], [121.511322, 25.116269], [121.511666, 25.116178], [121.51164, 25.116118], [121.51163, 25.116092], [121.511306, 25.116147], [121.50963, 25.116046], [121.509605, 25.116049], [121.509579, 25.116049], [121.509554, 25.116045], [121.50953, 25.116037], [121.509508, 25.116026], [121.509488, 25.116012], [121.50947, 25.115996], [121.509456, 25.115977], [121.509445, 25.115956], [121.509437, 25.115934], [121.509434, 25.115911], [121.509434, 25.115888], [121.509438, 25.115865], [121.509441, 25.115857], [121.509349, 25.115849], [121.509292, 25.116632], [121.508966, 25.116655], [121.508964, 25.116698], [121.50896, 25.11673], [121.509278, 25.116787], [121.509255, 25.117124], [121.508929, 25.117064], [121.508922, 25.117328], [121.509247, 25.117322], [121.509225, 25.117705], [121.509159, 25.11773], [121.509092, 25.11775], [121.509024, 25.117768], [121.509014, 25.11777], [121.508922, 25.117862], [121.508918, 25.118023], [121.509067, 25.117997], [121.509216, 25.117967], [121.509364, 25.117934], [121.509511, 25.117898], [121.509657, 25.117858], [121.509744, 25.117832], [121.509984, 25.11776], [121.510047, 25.117739], [121.509726, 25.117228]]]]}, "properties": {"name": "公園", "area": 0}}, {"type": "Feature", "geometry": {"type": "MultiPolygon", "coordinates": [[[[121.509819, 25.065914], [121.509918, 25.066198], [121.510307, 25.066202], [121.51033, 25.065947], [121.51033, 25.065947], [121.509819, 25.065914]]]]}, "properties": {"name": "公園", "area": 0}}, {"type": "Feature", "geometry": {"type": "MultiPolygon", "coordinates": [[[[121.509872, 25.137926], [121.509981, 25.13809], [121.509953, 25.138218], [121.510075, 25.138292], [121.510273, 25.138211], [121.510302, 25.138201], [121.510253, 25.137981], [121.510219, 25.137827], [121.510198, 25.137829], [121.510188, 25.137832], [121.509906, 25.137917], [121.509872, 25.137926]]]]}, "properties": {"name": "公園", "area": 0}}, {"type": "Feature", "geometry": {"type": "MultiPolygon", "coordinates": [[[[121.510002, 25.065948], [121.509878, 25.065942], [121.509907, 25.066193], [121.509916, 25.06626], [121.510341, 25.066282], [121.510341, 25.066282], [121.51036, 25.065992], [121.510334, 25.065965], [121.510002, 25.065948]]]]}, "properties": {"name": "公園", "area": 0}}, {"type": "Feature", "geometry": {"type": "MultiPolygon", "coordinates": [[[[121.510094, 25.049269], [121.509872, 25.048525], [121.509476, 25.04845], [121.509476, 25.04845], [121.509918, 25.049265], [121.510094, 25.049269]]]]}, "properties": {"name": "公園", "area": 0}}, {"type": "Feature", "geometry": {"type": "MultiPolygon", "coordinates": [[[[121.510166, 25.087957], [121.510245, 25.087998], [121.510321, 25.088043], [121.510357, 25.088065], [121.510405, 25.088104], [121.510454, 25.088144], [121.510525, 25.088248], [121.510763, 25.087556], [121.510699, 25.087502], [121.510633, 25.08745], [121.510564, 25.087401], [121.510493, 25.087355], [121.51042, 25.087312], [121.510345, 25.087273], [121.510275, 25.087239], [121.510166, 25.087957]]]]}, "properties": {"name": "公園", "area": 0}}, {"type": "Feature", "geometry": {"type": "MultiPolygon", "coordinates": [[[[121.51021, 25.141726], [121.510203, 25.141745], [121.510201, 25.141756], [121.510203, 25.141767], [121.510209, 25.141776], [121.510218, 25.141784], [121.510229, 25.141788], [121.510241, 25.141789], [121.510242, 25.141789], [121.510322, 25.141785], [121.510403, 25.141785], [121.510483, 25.141788], [121.510563, 25.141795], [121.510643, 25.141805], [121.510722, 25.141819], [121.5108, 25.141837], [121.510878, 25.141858], [121.510953, 25.141882], [121.511028, 25.14191], [121.511101, 25.141941], [121.511172, 25.141975], [121.511241, 25.142013], [121.511309, 25.142053], [121.511336, 25.142072], [121.511349, 25.142078], [121.511363, 25.142081], [121.511377, 25.142081], [121.511391, 25.142077], [121.511403, 25.142069], [121.511406, 25.142067], [121.511516, 25.14196], [121.511528, 25.141949], [121.511542, 25.141941], [121.511559, 25.141936], [121.511576, 25.141935], [121.511592, 25.141937], [121.511608, 25.141942], [121.511614, 25.141946], [121.511585, 25.141904], [121.511551, 25.141863], [121.511515, 25.141826], [121.511476, 25.14179], [121.511434, 25.141758], [121.51139, 25.141728], [121.511343, 25.141701], [121.511295, 25.141677], [121.511285, 25.141673], [121.51021, 25.141726]]]]}, "properties": {"name": "公園", "area": 0}}, {"type": "Feature", "geometry": {"type": "MultiPolygon", "coordinates": [[[[121.510238, 25.026372], [121.510263, 25.026451], [121.51025, 25.026464], [121.510355, 25.02649], [121.510331, 25.02647], [121.5103, 25.026371], [121.510206, 25.026073], [121.510225, 25.026042], [121.510114, 25.026071], [121.510149, 25.026089], [121.510238, 25.026372]]]]}, "properties": {"name": "公園", "area": 0}}, {"type": "Feature", "geometry": {"type": "MultiPolygon", "coordinates": [[[[121.510242, 25.05832], [121.510212, 25.058342], [121.510186, 25.058725], [121.510176, 25.058873], [121.510172, 25.058927], [121.510157, 25.059083], [121.510176, 25.059105], [121.51061, 25.059147], [121.510632, 25.059129], [121.510641, 25.058896], [121.510622, 25.058871], [121.510587, 25.058824], [121.510617, 25.05837], [121.51059, 25.058343], [121.510242, 25.05832]]]]}, "properties": {"name": "公園", "area": 0}}, {"type": "Feature", "geometry": {"type": "MultiPolygon", "coordinates": [[[[121.5103, 25.026371], [121.510331, 25.02647], [121.510355, 25.02649], [121.51038, 25.026497], [121.510652, 25.026565], [121.510687, 25.026533], [121.510635, 25.02637], [121.510516, 25.025998], [121.510473, 25.025976], [121.510225, 25.026042], [121.510206, 25.026073], [121.5103, 25.026371]]]]}, "properties": {"name": "公園", "area": 0}}, {"type": "Feature", "geometry": {"type": "MultiPolygon", "coordinates": [[[[121.510579, 25.136363], [121.510256, 25.13661], [121.510247, 25.136618], [121.510242, 25.136629], [121.510241, 25.136641], [121.510243, 25.136652], [121.51025, 25.136662], [121.510259, 25.13667], [121.51027, 25.136675], [121.510597, 25.136767], [121.510743, 25.136876], [121.510754, 25.136883], [121.510767, 25.136886], [121.510781, 25.136886], [121.510794, 25.136882], [121.510805, 25.136875], [121.510809, 25.136872], [121.510837, 25.136838], [121.510861, 25.136802], [121.510883, 25.136763], [121.510894, 25.136739], [121.510916, 25.136701], [121.510935, 25.136662], [121.51095, 25.136621], [121.510961, 25.136579], [121.510969, 25.136537], [121.51097, 25.136525], [121.510955, 25.136478], [121.510928, 25.136452], [121.510899, 25.136429], [121.510868, 25.136408], [121.510834, 25.136391], [121.510798, 25.136377], [121.510761, 25.136366], [121.510723, 25.136358], [121.510685, 25.136355], [121.510646, 25.136354], [121.510607, 25.136358], [121.510579, 25.136363]]]]}, "properties": {"name": "公園", "area": 0}}, {"type": "Feature", "geometry": {"type": "MultiPolygon", "coordinates": [[[[121.51061, 25.050746], [121.510597, 25.051008], [121.510892, 25.051074], [121.51119, 25.051022], [121.511158, 25.050744], [121.511132, 25.050515], [121.510619, 25.050579], [121.51061, 25.050746]]]]}, "properties": {"name": "公園", "area": 0}}, {"type": "Feature", "geometry": {"type": "MultiPolygon", "coordinates": [[[[121.510627, 25.136883], [121.510558, 25.136831], [121.510035, 25.136685], [121.509996, 25.136676], [121.509957, 25.13667], [121.509917, 25.136668], [121.509876, 25.13667], [121.509837, 25.136675], [121.509798, 25.136684], [121.50976, 25.136696], [121.509724, 25.136712], [121.509689, 25.136731], [121.509657, 25.136753], [121.509644, 25.136763], [121.509577, 25.136868], [121.509565, 25.136887], [121.509549, 25.136905], [121.509531, 25.136919], [121.50951, 25.136931], [121.509487, 25.136939], [121.509464, 25.136944], [121.509439, 25.136946], [121.509415, 25.136944], [121.509391, 25.136938], [121.509369, 25.136929], [121.509365, 25.136927], [121.509268, 25.136873], [121.50907, 25.136682], [121.509044, 25.13666], [121.509015, 25.136639], [121.508985, 25.136622], [121.508952, 25.136608], [121.508918, 25.136598], [121.508883, 25.13659], [121.508847, 25.136587], [121.508811, 25.136587], [121.508775, 25.13659], [121.508773, 25.136591], [121.508458, 25.136642], [121.508402, 25.136653], [121.508346, 25.13666], [121.508289, 25.136663], [121.508232, 25.136663], [121.508176, 25.136659], [121.508119, 25.136651], [121.508064, 25.13664], [121.508009, 25.136626], [121.507956, 25.136608], [121.507904, 25.136587], [121.507854, 25.136562], [121.507806, 25.136534], [121.50776, 25.136504], [121.507717, 25.13647], [121.507695, 25.136451], [121.507598, 25.136354], [121.506702, 25.136105], [121.506656, 25.136077], [121.506609, 25.136052], [121.50656, 25.136031], [121.506509, 25.136012], [121.506457, 25.135998], [121.506403, 25.135986], [121.506349, 25.135978], [121.506295, 25.135974], [121.50624, 25.135974], [121.506186, 25.135977], [121.506131, 25.135983], [121.506078, 25.135994], [121.506038, 25.136004], [121.504491, 25.136435], [121.504469, 25.136443], [121.504449, 25.136454], [121.504431, 25.136468], [121.504416, 25.136485], [121.504405, 25.136503], [121.504397, 25.136523], [121.504393, 25.136544], [121.504392, 25.136554], [121.504387, 25.136785], [121.504389, 25.136799], [121.504394, 25.136812], [121.504403, 25.136823], [121.504415, 25.136832], [121.504429, 25.136837], [121.504441, 25.13684], [121.505494, 25.136944], [121.505548, 25.136952], [121.505602, 25.136956], [121.505657, 25.136957], [121.505711, 25.136954], [121.505765, 25.136948], [121.505814, 25.136939], [121.506286, 25.13684], [121.506353, 25.136828], [121.506421, 25.136819], [121.506489, 25.136814], [121.506558, 25.136813], [121.506578, 25.136813], [121.506976, 25.136822], [121.507576, 25.136808], [121.507627, 25.136809], [121.507678, 25.136813], [121.507729, 25.136821], [121.507778, 25.136832], [121.507801, 25.136839], [121.50788, 25.136866], [121.508069, 25.13694], [121.508189, 25.13699], [121.508575, 25.137004], [121.508646, 25.137008], [121.508717, 25.137016], [121.508786, 25.137028], [121.508856, 25.137043], [121.508924, 25.137062], [121.50899, 25.137084], [121.509056, 25.137109], [121.509083, 25.137121], [121.509455, 25.137286], [121.509475, 25.137293], [121.509496, 25.137296], [121.509518, 25.137296], [121.509539, 25.137292], [121.509558, 25.137284], [121.509576, 25.137273], [121.509582, 25.137269], [121.509764, 25.137121], [121.509798, 25.137095], [121.509835, 25.137072], [121.509875, 25.137053], [121.509915, 25.137037], [121.509958, 25.137024], [121.510001, 25.137014], [121.510045, 25.137008], [121.51009, 25.137006], [121.510134, 25.137007], [121.510179, 25.137012], [121.5102, 25.137015], [121.510335, 25.137041], [121.510377, 25.137047], [121.51042, 25.137049], [121.510462, 25.137048], [121.510505, 25.137043], [121.510546, 25.137035], [121.510563, 25.13703], [121.510599, 25.137017], [121.510616, 25.137009], [121.51063, 25.136998], [121.510642, 25.136984], [121.51065, 25.136969], [121.510654, 25.136952], [121.510655, 25.136935], [121.510651, 25.136918], [121.510644, 25.136903], [121.510633, 25.136889], [121.510627, 25.136883]]]]}, "properties": {"name": "公園", "area": 0}}, {"type": "Feature", "geometry": {"type": "MultiPolygon", "coordinates": [[[[121.510738, 25.033562], [121.510737, 25.033593], [121.510759, 25.033593], [121.510813, 25.033601], [121.510817, 25.033602], [121.510817, 25.03358], [121.510817, 25.033541], [121.51082, 25.033196], [121.510821, 25.033149], [121.510822, 25.033057], [121.510742, 25.033053], [121.510738, 25.033562]]]]}, "properties": {"name": "公園", "area": 0}}, {"type": "Feature", "geometry": {"type": "MultiPolygon", "coordinates": [[[[121.510847, 25.126487], [121.510784, 25.12652], [121.510094, 25.126469], [121.509493, 25.126425], [121.509481, 25.126425], [121.50947, 25.12643], [121.509461, 25.126437], [121.509456, 25.126447], [121.509454, 25.126455], [121.509436, 25.1267], [121.509437, 25.126711], [121.509442, 25.126721], [121.50945, 25.126729], [121.509461, 25.126735], [121.509468, 25.126736], [121.509901, 25.126778], [121.509973, 25.126785], [121.509985, 25.126789], [121.509995, 25.126795], [121.510003, 25.126804], [121.510007, 25.126815], [121.510008, 25.126821], [121.510009, 25.127034], [121.51001, 25.127072], [121.510012, 25.127084], [121.510017, 25.127095], [121.510026, 25.127104], [121.510038, 25.12711], [121.510051, 25.127113], [121.510059, 25.127113], [121.510078, 25.127112], [121.510132, 25.127113], [121.510701, 25.127129], [121.510938, 25.126816], [121.510953, 25.126793], [121.510954, 25.126791], [121.510965, 25.126766], [121.510973, 25.12674], [121.510976, 25.126713], [121.510976, 25.126687], [121.510971, 25.12666], [121.510963, 25.126634], [121.510962, 25.126632], [121.510924, 25.126542], [121.510909, 25.126507], [121.510902, 25.126496], [121.510896, 25.12649], [121.510884, 25.126484], [121.510872, 25.126482], [121.510859, 25.126483], [121.510848, 25.126487], [121.510847, 25.126487]]]]}, "properties": {"name": "公園", "area": 0}}, {"type": "Feature", "geometry": {"type": "MultiPolygon", "coordinates": [[[[121.510867, 25.082567], [121.511347, 25.08258], [121.51148, 25.082314], [121.511483, 25.082302], [121.51148, 25.082289], [121.511471, 25.08228], [121.511458, 25.082275], [121.511027, 25.082212], [121.510943, 25.0822], [121.510867, 25.082567]]]]}, "properties": {"name": "公園", "area": 0}}, {"type": "Feature", "geometry": {"type": "MultiPolygon", "coordinates": [[[[121.511036, 25.126606], [121.511025, 25.12658], [121.511021, 25.126571], [121.511018, 25.126564], [121.510952, 25.126407], [121.510944, 25.126389], [121.510947, 25.126402], [121.510947, 25.126415], [121.510942, 25.126428], [121.510934, 25.126439], [121.510923, 25.126447], [121.510921, 25.126448], [121.510848, 25.126487], [121.51086, 25.126483], [121.510873, 25.126482], [121.510885, 25.126485], [121.510896, 25.12649], [121.510905, 25.126499], [121.510909, 25.126507], [121.510924, 25.126542], [121.510962, 25.126632], [121.51097, 25.126658], [121.510975, 25.126684], [121.510976, 25.126711], [121.510973, 25.126737], [121.510966, 25.126763], [121.510955, 25.126788], [121.510954, 25.126791], [121.510939, 25.126814], [121.510938, 25.126816], [121.510701, 25.127129], [121.510706, 25.127129], [121.510718, 25.127131], [121.510729, 25.127136], [121.510738, 25.127144], [121.510741, 25.127149], [121.510745, 25.12716], [121.510744, 25.127171], [121.51074, 25.127182], [121.510738, 25.127185], [121.510772, 25.127146], [121.510912, 25.126971], [121.511003, 25.126857], [121.511003, 25.126857], [121.511021, 25.126831], [121.511033, 25.126807], [121.511044, 25.126778], [121.511052, 25.126747], [121.511055, 25.126716], [121.511055, 25.126685], [121.511051, 25.126654], [121.511042, 25.126623], [121.511036, 25.126606], [121.511036, 25.126606]]]]}, "properties": {"name": "公園", "area": 0}}, {"type": "Feature", "geometry": {"type": "MultiPolygon", "coordinates": [[[[121.511187, 25.096984], [121.511899, 25.097223], [121.513081, 25.097618], [121.513252, 25.097199], [121.511053, 25.096436], [121.511027, 25.096462], [121.511005, 25.09649], [121.510986, 25.09652], [121.510971, 25.096552], [121.510959, 25.096585], [121.510951, 25.096619], [121.510947, 25.096653], [121.510947, 25.096688], [121.510951, 25.096723], [121.510959, 25.096757], [121.510971, 25.09679], [121.510986, 25.096821], [121.511005, 25.096852], [121.511027, 25.09688], [121.511053, 25.096906], [121.511081, 25.096929], [121.511112, 25.09695], [121.511144, 25.096967], [121.511179, 25.096982], [121.511187, 25.096984]]]]}, "properties": {"name": "公園", "area": 0}}, {"type": "Feature", "geometry": {"type": "MultiPolygon", "coordinates": [[[[121.511333, 25.138036], [121.511365, 25.138059], [121.511365, 25.13806], [121.511515, 25.138173], [121.511573, 25.138268], [121.511578, 25.13828], [121.511579, 25.138292], [121.511576, 25.138304], [121.511575, 25.138305], [121.511568, 25.138316], [121.511566, 25.138318], [121.511556, 25.138326], [121.511543, 25.138331], [121.511538, 25.138331], [121.511691, 25.138313], [121.5117, 25.138327], [121.512003, 25.138906], [121.512296, 25.138939], [121.512309, 25.138939], [121.512322, 25.138935], [121.512333, 25.138928], [121.51234, 25.138919], [121.512345, 25.138907], [121.512346, 25.1389], [121.512347, 25.138814], [121.512349, 25.138769], [121.512356, 25.138725], [121.512367, 25.138682], [121.512381, 25.138639], [121.512399, 25.138597], [121.512421, 25.138557], [121.512433, 25.138539], [121.51252, 25.138407], [121.512529, 25.13839], [121.512533, 25.138373], [121.512534, 25.138355], [121.512531, 25.138337], [121.512524, 25.13832], [121.512514, 25.138305], [121.512511, 25.138302], [121.512366, 25.138147], [121.512088, 25.137768], [121.512061, 25.137735], [121.512031, 25.137704], [121.511998, 25.137676], [121.511983, 25.137664], [121.511797, 25.137641], [121.511678, 25.137647], [121.511582, 25.137734], [121.51147, 25.137831], [121.511403, 25.137827], [121.511358, 25.137745], [121.511329, 25.137569], [121.511221, 25.137514], [121.511035, 25.137462], [121.51094, 25.137377], [121.51074, 25.137167], [121.511039, 25.136837], [121.511059, 25.136803], [121.511185, 25.136595], [121.511252, 25.136553], [121.511262, 25.136546], [121.511271, 25.136539], [121.511295, 25.136526], [121.511318, 25.136513], [121.511382, 25.136497], [121.511435, 25.136494], [121.511483, 25.136498], [121.511531, 25.136517], [121.511554, 25.136482], [121.511844, 25.136499], [121.511849, 25.136468], [121.511868, 25.136365], [121.511771, 25.13635], [121.511673, 25.136339], [121.511575, 25.136332], [121.511477, 25.136328], [121.511443, 25.136327], [121.511403, 25.136326], [121.511363, 25.136328], [121.511324, 25.136333], [121.511286, 25.136343], [121.511249, 25.136355], [121.511213, 25.136371], [121.51118, 25.13639], [121.511148, 25.136412], [121.511119, 25.136437], [121.511093, 25.136465], [121.511071, 25.136494], [121.511061, 25.136509], [121.511052, 25.13653], [121.511046, 25.136553], [121.511045, 25.136561], [121.511036, 25.136606], [121.511023, 25.136651], [121.511007, 25.136694], [121.510986, 25.136736], [121.510966, 25.136771], [121.510945, 25.136813], [121.510921, 25.136853], [121.510893, 25.136891], [121.510862, 25.136927], [121.510828, 25.13696], [121.510791, 25.136991], [121.510752, 25.13702], [121.510711, 25.137045], [121.510667, 25.137068], [121.510621, 25.137087], [121.510588, 25.137098], [121.510544, 25.13711], [121.510498, 25.137117], [121.510468, 25.13712], [121.510645, 25.137225], [121.510594, 25.137281], [121.510673, 25.137356], [121.510755, 25.137428], [121.510839, 25.137497], [121.510913, 25.137554], [121.510978, 25.137602], [121.511136, 25.13766], [121.511192, 25.137833], [121.511199, 25.137853], [121.511216, 25.13789], [121.511236, 25.137926], [121.51126, 25.13796], [121.511286, 25.137991], [121.511316, 25.138021], [121.511333, 25.138036]]]]}, "properties": {"name": "公園", "area": 0}}, {"type": "Feature", "geometry": {"type": "MultiPolygon", "coordinates": [[[[121.511484, 25.099897], [121.511476, 25.09995], [121.511464, 25.100001], [121.511448, 25.100052], [121.511428, 25.100101], [121.511404, 25.100149], [121.511402, 25.100152], [121.511341, 25.100246], [121.511277, 25.100338], [121.51121, 25.100428], [121.511139, 25.100515], [121.511135, 25.10052], [121.511017, 25.100673], [121.511017, 25.100673], [121.511011, 25.10068], [121.510721, 25.100999], [121.51046, 25.101292], [121.51206, 25.10135], [121.51208, 25.101349], [121.512099, 25.101345], [121.512117, 25.101337], [121.512132, 25.101326], [121.512145, 25.101312], [121.512155, 25.101296], [121.512161, 25.101279], [121.512163, 25.101268], [121.512282, 25.100124], [121.512282, 25.100124], [121.512301, 25.100006], [121.512323, 25.099888], [121.51235, 25.099772], [121.51238, 25.099655], [121.512414, 25.09954], [121.512451, 25.099426], [121.512452, 25.099424], [121.512595, 25.099075], [121.512598, 25.099062], [121.512598, 25.099048], [121.512593, 25.099035], [121.512585, 25.099023], [121.512574, 25.099013], [121.512562, 25.099007], [121.512102, 25.098859], [121.511616, 25.098702], [121.511599, 25.098698], [121.511581, 25.098698], [121.511563, 25.098701], [121.511547, 25.098708], [121.511533, 25.098718], [121.511521, 25.098731], [121.511518, 25.098736], [121.511517, 25.098737], [121.511501, 25.098774], [121.511489, 25.098812], [121.511483, 25.098836], [121.511464, 25.099025], [121.511454, 25.099323], [121.511476, 25.099567], [121.511487, 25.099622], [121.511494, 25.099678], [121.511498, 25.099733], [121.511497, 25.099789], [121.511492, 25.099845], [121.511484, 25.099897]]]]}, "properties": {"name": "公園", "area": 0}}, {"type": "Feature", "geometry": {"type": "MultiPolygon", "coordinates": [[[[121.511528, 25.110161], [121.513565, 25.108265], [121.512901, 25.107536], [121.511993, 25.107437], [121.511993, 25.107437], [121.511528, 25.110161]]]]}, "properties": {"name": "公園", "area": 0}}, {"type": "Feature", "geometry": {"type": "MultiPolygon", "coordinates": [[[[121.511601, 25.109909], [121.511607, 25.109932], [121.511617, 25.109954], [121.51163, 25.109975], [121.511647, 25.109993], [121.511666, 25.110009], [121.511688, 25.110022], [121.511706, 25.11003], [121.512026, 25.109735], [121.512901, 25.108924], [121.513659, 25.108223], [121.513668, 25.108212], [121.513675, 25.108198], [121.513677, 25.108184], [121.513676, 25.10817], [121.51367, 25.108156], [121.513662, 25.108145], [121.513029, 25.107459], [121.511973, 25.107371], [121.511958, 25.107372], [121.511943, 25.107376], [121.51193, 25.107383], [121.51192, 25.107393], [121.511912, 25.107406], [121.511908, 25.107419], [121.511908, 25.107421], [121.511884, 25.107652], [121.511822, 25.108247], [121.51179, 25.108557], [121.511756, 25.108853], [121.511728, 25.109103], [121.511695, 25.109387], [121.511682, 25.109501], [121.511665, 25.109615], [121.511643, 25.109728], [121.511618, 25.109841], [121.511601, 25.109909]]]]}, "properties": {"name": "公園", "area": 0}}, {"type": "Feature", "geometry": {"type": "MultiPolygon", "coordinates": [[[[121.511624, 25.141993], [121.511612, 25.141984], [121.511598, 25.141979], [121.511582, 25.141976], [121.511567, 25.141977], [121.511552, 25.141982], [121.511539, 25.14199], [121.511529, 25.142], [121.511529, 25.142001], [121.511439, 25.142088], [121.511431, 25.142098], [121.511427, 25.142109], [121.511427, 25.142121], [121.511431, 25.142133], [121.511438, 25.142143], [121.511444, 25.142148], [121.511541, 25.142215], [121.511641, 25.142279], [121.511743, 25.14234], [121.511847, 25.142398], [121.511953, 25.142453], [121.512061, 25.142504], [121.512114, 25.142528], [121.512219, 25.14257], [121.512326, 25.142609], [121.512434, 25.142644], [121.512543, 25.142676], [121.512654, 25.142704], [121.512766, 25.142729], [121.512878, 25.142751], [121.512991, 25.142768], [121.513008, 25.142771], [121.513126, 25.142797], [121.513245, 25.142821], [121.513365, 25.14284], [121.513485, 25.142856], [121.513578, 25.142866], [121.513839, 25.142873], [121.51416, 25.142881], [121.514192, 25.142876], [121.514223, 25.142868], [121.514252, 25.142856], [121.51428, 25.142841], [121.514305, 25.142823], [121.51431, 25.142819], [121.514343, 25.142772], [121.514349, 25.142762], [121.514351, 25.142751], [121.514349, 25.14274], [121.514343, 25.142731], [121.514335, 25.142724], [121.514204, 25.142632], [121.513912, 25.14258], [121.51353, 25.14255], [121.513189, 25.142501], [121.513043, 25.142445], [121.512924, 25.142432], [121.512845, 25.142438], [121.512766, 25.142441], [121.512687, 25.14244], [121.512608, 25.142435], [121.512529, 25.142427], [121.51245, 25.142415], [121.512373, 25.1424], [121.512296, 25.142381], [121.512221, 25.142359], [121.512146, 25.142333], [121.512078, 25.142306], [121.512016, 25.14228], [121.511956, 25.142251], [121.511897, 25.142218], [121.511841, 25.142182], [121.511787, 25.142144], [121.511735, 25.142102], [121.511687, 25.142058], [121.511641, 25.142012], [121.511624, 25.141993]]]]}, "properties": {"name": "公園", "area": 0}}, {"type": "Feature", "geometry": {"type": "MultiPolygon", "coordinates": [[[[121.51179, 25.070933], [121.511748, 25.070934], [121.511791, 25.071082], [121.511793, 25.071089], [121.511825, 25.071176], [121.51187, 25.071272], [121.511906, 25.071297], [121.512219, 25.071284], [121.512246, 25.071257], [121.512241, 25.070932], [121.511922, 25.070933], [121.51179, 25.070933]]]]}, "properties": {"name": "公園", "area": 0}}, {"type": "Feature", "geometry": {"type": "MultiPolygon", "coordinates": [[[[121.511896, 25.067803], [121.511837, 25.067804], [121.511839, 25.067905], [121.511843, 25.068199], [121.512182, 25.068192], [121.51221, 25.068167], [121.512204, 25.067822], [121.512176, 25.067797], [121.511896, 25.067803]]]]}, "properties": {"name": "公園", "area": 0}}, {"type": "Feature", "geometry": {"type": "MultiPolygon", "coordinates": [[[[121.512044, 25.107201], [121.512044, 25.107201], [121.512149, 25.106175], [121.512149, 25.106175], [121.512149, 25.106175], [121.512149, 25.106175], [121.511947, 25.107182], [121.511947, 25.107182], [121.512044, 25.107201]]]]}, "properties": {"name": "公園", "area": 0}}, {"type": "Feature", "geometry": {"type": "MultiPolygon", "coordinates": [[[[121.512215, 25.104887], [121.512085, 25.105997], [121.512177, 25.105984], [121.512177, 25.105984], [121.512299, 25.104904], [121.512215, 25.104887]]]]}, "properties": {"name": "公園", "area": 0}}, {"type": "Feature", "geometry": {"type": "MultiPolygon", "coordinates": [[[[121.512565, 25.065171], [121.512543, 25.065189], [121.512538, 25.065373], [121.512533, 25.065557], [121.512553, 25.065575], [121.51297, 25.065576], [121.512991, 25.065555], [121.512987, 25.065203], [121.512966, 25.065183], [121.512565, 25.065171]]]]}, "properties": {"name": "公園", "area": 0}}, {"type": "Feature", "geometry": {"type": "MultiPolygon", "coordinates": [[[[121.512754, 25.057782], [121.512743, 25.058088], [121.51277, 25.058115], [121.512928, 25.058121], [121.513476, 25.058142], [121.513513, 25.058112], [121.513545, 25.057798], [121.512754, 25.057782]]]]}, "properties": {"name": "公園", "area": 0}}, {"type": "Feature", "geometry": {"type": "MultiPolygon", "coordinates": [[[[121.512857, 25.055707], [121.512578, 25.055662], [121.512555, 25.05568], [121.51257, 25.055968], [121.512589, 25.055988], [121.51267, 25.056004], [121.513083, 25.056081], [121.513423, 25.056153], [121.513732, 25.05622], [121.513747, 25.056152], [121.513795, 25.055937], [121.512857, 25.055707]]]]}, "properties": {"name": "公園", "area": 0}}, {"type": "Feature", "geometry": {"type": "MultiPolygon", "coordinates": [[[[121.512955, 25.099226], [121.512512, 25.101522], [121.512634, 25.101543], [121.512634, 25.101543], [121.513062, 25.099232], [121.512955, 25.099226]]]]}, "properties": {"name": "公園", "area": 0}}, {"type": "Feature", "geometry": {"type": "MultiPolygon", "coordinates": [[[[121.513102, 25.126359], [121.513095, 25.126325], [121.513003, 25.126261], [121.512809, 25.126124], [121.512789, 25.126111], [121.512747, 25.126086], [121.512703, 25.126064], [121.512664, 25.126048], [121.512448, 25.125968], [121.51222, 25.125884], [121.51212, 25.125847], [121.511989, 25.125799], [121.511844, 25.125745], [121.511647, 25.125652], [121.511602, 25.125628], [121.511559, 25.125601], [121.511519, 25.125572], [121.511493, 25.12555], [121.511457, 25.125516], [121.511424, 25.12548], [121.511423, 25.125479], [121.51139, 25.125439], [121.511329, 25.125367], [121.511313, 25.12535], [121.511294, 25.125337], [121.511273, 25.125326], [121.51125, 25.125318], [121.511226, 25.125314], [121.511202, 25.125314], [121.511178, 25.125317], [121.511155, 25.125324], [121.51114, 25.12533], [121.511125, 25.125338], [121.511021, 25.125389], [121.510955, 25.125876], [121.510915, 25.126097], [121.510886, 25.126252], [121.510944, 25.126389], [121.510952, 25.126407], [121.511018, 25.126564], [121.511319, 25.126254], [121.511355, 25.126282], [121.511542, 25.126427], [121.511736, 25.126578], [121.5119, 25.126706], [121.512007, 25.126789], [121.512347, 25.126992], [121.512651, 25.12684], [121.512805, 25.126763], [121.512831, 25.12675], [121.512864, 25.126733], [121.512918, 25.126706], [121.512951, 25.126688], [121.512981, 25.126667], [121.513008, 25.126643], [121.513033, 25.126617], [121.513054, 25.126589], [121.513072, 25.126559], [121.513087, 25.126527], [121.513097, 25.126494], [121.513104, 25.12646], [121.513107, 25.126426], [121.513106, 25.126391], [121.513102, 25.126359]]]]}, "properties": {"name": "公園", "area": 0}}, {"type": "Feature", "geometry": {"type": "MultiPolygon", "coordinates": [[[[121.513102, 25.126359], [121.513106, 25.126393], [121.513107, 25.126428], [121.513104, 25.126462], [121.513097, 25.126496], [121.513086, 25.126529], [121.513071, 25.12656], [121.513053, 25.126591], [121.513031, 25.126619], [121.513006, 25.126645], [121.512979, 25.126668], [121.512949, 25.126689], [121.512918, 25.126706], [121.512864, 25.126733], [121.512847, 25.126742], [121.512805, 25.126763], [121.512651, 25.12684], [121.512664, 25.126836], [121.512678, 25.126835], [121.512692, 25.126838], [121.512704, 25.126845], [121.512713, 25.126853], [121.512732, 25.126883], [121.512748, 25.126916], [121.512749, 25.126917], [121.512747, 25.126904], [121.512749, 25.126891], [121.512755, 25.126878], [121.512764, 25.126868], [121.512775, 25.12686], [121.512778, 25.126859], [121.512958, 25.126769], [121.512993, 25.126749], [121.513027, 25.126726], [121.513058, 25.1267], [121.513083, 25.126675], [121.513105, 25.12665], [121.513127, 25.126618], [121.513147, 25.126584], [121.513162, 25.126549], [121.513174, 25.126512], [121.513182, 25.126475], [121.513185, 25.126455], [121.513185, 25.126448], [121.51319, 25.126436], [121.513197, 25.126425], [121.513208, 25.126417], [121.513214, 25.126415], [121.513228, 25.126412], [121.513241, 25.126412], [121.513253, 25.126415], [121.513095, 25.126325], [121.513102, 25.126359]]]]}, "properties": {"name": "公園", "area": 0}}, {"type": "Feature", "geometry": {"type": "MultiPolygon", "coordinates": [[[[121.513115, 25.047514], [121.512138, 25.047787], [121.511726, 25.048204], [121.513107, 25.048191], [121.513107, 25.048191], [121.513115, 25.047514]]]]}, "properties": {"name": "公園", "area": 0}}, {"type": "Feature", "geometry": {"type": "MultiPolygon", "coordinates": [[[[121.513172, 25.111533], [121.513221, 25.111357], [121.513229, 25.111259], [121.513361, 25.111264], [121.513467, 25.111108], [121.513146, 25.111106], [121.513059, 25.111469], [121.513172, 25.111533]]]]}, "properties": {"name": "公園", "area": 0}}, {"type": "Feature", "geometry": {"type": "MultiPolygon", "coordinates": [[[[121.513185, 25.126455], [121.513179, 25.126493], [121.513169, 25.12653], [121.513155, 25.126566], [121.513138, 25.1266], [121.513117, 25.126633], [121.513105, 25.12665], [121.513311, 25.12661], [121.51332, 25.126613], [121.513467, 25.126667], [121.513412, 25.126532], [121.513395, 25.126491], [121.513253, 25.126415], [121.51324, 25.126412], [121.513226, 25.126412], [121.513214, 25.126415], [121.513202, 25.126421], [121.513193, 25.12643], [121.513187, 25.126441], [121.513185, 25.126448], [121.513185, 25.126455]]]]}, "properties": {"name": "公園", "area": 0}}, {"type": "Feature", "geometry": {"type": "MultiPolygon", "coordinates": [[[[121.513527, 25.096437], [121.511559, 25.095964], [121.510803, 25.096899], [121.513, 25.097652], [121.513, 25.097652], [121.513527, 25.096437]]]]}, "properties": {"name": "公園", "area": 0}}, {"type": "Feature", "geometry": {"type": "MultiPolygon", "coordinates": [[[[121.513528, 25.096779], [121.513797, 25.096118], [121.513726, 25.096136], [121.513459, 25.096792], [121.513118, 25.09763], [121.513121, 25.097632], [121.513136, 25.097635], [121.513151, 25.097634], [121.513165, 25.09763], [121.513178, 25.097622], [121.513187, 25.097612], [121.513194, 25.097601], [121.513451, 25.096968], [121.513528, 25.096779]]]]}, "properties": {"name": "公園", "area": 0}}, {"type": "Feature", "geometry": {"type": "MultiPolygon", "coordinates": [[[[121.513533, 25.098063], [121.513603, 25.097895], [121.513584, 25.09789], [121.513564, 25.097889], [121.513544, 25.097892], [121.513526, 25.097898], [121.513509, 25.097907], [121.513494, 25.097919], [121.513483, 25.097934], [121.513475, 25.097948], [121.513475, 25.097948], [121.513441, 25.098032], [121.513533, 25.098064], [121.513533, 25.098063]]]]}, "properties": {"name": "公園", "area": 0}}, {"type": "Feature", "geometry": {"type": "MultiPolygon", "coordinates": [[[[121.513846, 25.038762], [121.513814, 25.038796], [121.513872, 25.03948], [121.514023, 25.039591], [121.515238, 25.039436], [121.515366, 25.039259], [121.515195, 25.038675], [121.515154, 25.038649], [121.513846, 25.038762]]]]}, "properties": {"name": "公園", "area": 0}}, {"type": "Feature", "geometry": {"type": "MultiPolygon", "coordinates": [[[[121.514006, 25.093378], [121.514708, 25.093622], [121.514875, 25.093213], [121.514288, 25.092998], [121.514277, 25.092996], [121.514266, 25.092997], [121.514257, 25.093002], [121.51425, 25.09301], [121.514084, 25.093271], [121.514006, 25.093378]]]]}, "properties": {"name": "公園", "area": 0}}, {"type": "Feature", "geometry": {"type": "MultiPolygon", "coordinates": [[[[121.514025, 25.040986], [121.514066, 25.04187], [121.514091, 25.042447], [121.514103, 25.042721], [121.514127, 25.043309], [121.514157, 25.043333], [121.51417, 25.043333], [121.514415, 25.043327], [121.514938, 25.043314], [121.515125, 25.043306], [121.516496, 25.043275], [121.516521, 25.043244], [121.516333, 25.042601], [121.515924, 25.041182], [121.515551, 25.039895], [121.515523, 25.039798], [121.515476, 25.03977], [121.51448, 25.039899], [121.513962, 25.039969], [121.513931, 25.040003], [121.514025, 25.040986]]]]}, "properties": {"name": "公園", "area": 0}}, {"type": "Feature", "geometry": {"type": "MultiPolygon", "coordinates": [[[[121.51461, 25.061925], [121.514684, 25.062184], [121.514708, 25.0622], [121.514906, 25.062195], [121.514926, 25.062174], [121.514906, 25.061712], [121.514876, 25.061687], [121.514645, 25.061692], [121.514622, 25.06171], [121.514584, 25.061837], [121.51461, 25.061925]]]]}, "properties": {"name": "公園", "area": 0}}, {"type": "Feature", "geometry": {"type": "MultiPolygon", "coordinates": [[[[121.514645, 25.11493], [121.514834, 25.114637], [121.514725, 25.114564], [121.514722, 25.114562], [121.514112, 25.114157], [121.513948, 25.114342], [121.513755, 25.114559], [121.514025, 25.114676], [121.514204, 25.114752], [121.51429, 25.114787], [121.514627, 25.114923], [121.514645, 25.11493]]]]}, "properties": {"name": "公園", "area": 0}}, {"type": "Feature", "geometry": {"type": "MultiPolygon", "coordinates": [[[[121.514933, 25.093175], [121.514988, 25.093196], [121.515206, 25.092662], [121.51515, 25.092643], [121.515089, 25.092793], [121.514933, 25.093175]]]]}, "properties": {"name": "公園", "area": 0}}, {"type": "Feature", "geometry": {"type": "MultiPolygon", "coordinates": [[[[121.515136, 25.063765], [121.515107, 25.063801], [121.515186, 25.064016], [121.515264, 25.064227], [121.515288, 25.064243], [121.515614, 25.064235], [121.515612, 25.063756], [121.515136, 25.063765]]]]}, "properties": {"name": "公園", "area": 0}}, {"type": "Feature", "geometry": {"type": "MultiPolygon", "coordinates": [[[[121.515171, 25.092593], [121.515226, 25.092611], [121.515438, 25.092093], [121.515382, 25.092074], [121.515317, 25.092233], [121.515171, 25.092593]]]]}, "properties": {"name": "公園", "area": 0}}, {"type": "Feature", "geometry": {"type": "MultiPolygon", "coordinates": [[[[121.515403, 25.092023], [121.515459, 25.092042], [121.515665, 25.091537], [121.515609, 25.091518], [121.51554, 25.091686], [121.515403, 25.092023]]]]}, "properties": {"name": "公園", "area": 0}}, {"type": "Feature", "geometry": {"type": "MultiPolygon", "coordinates": [[[[121.515432, 25.07494], [121.515644, 25.074938], [121.515671, 25.074912], [121.515665, 25.074613], [121.515636, 25.074588], [121.515424, 25.074591], [121.515432, 25.07494]]]]}, "properties": {"name": "公園", "area": 0}}, {"type": "Feature", "geometry": {"type": "MultiPolygon", "coordinates": [[[[121.515449, 25.070086], [121.515399, 25.070086], [121.515301, 25.070086], [121.51531, 25.070463], [121.515336, 25.070463], [121.515753, 25.070463], [121.515816, 25.070464], [121.515851, 25.070432], [121.515857, 25.070111], [121.515829, 25.070087], [121.515751, 25.070086], [121.515449, 25.070086]]]]}, "properties": {"name": "公園", "area": 0}}, {"type": "Feature", "geometry": {"type": "MultiPolygon", "coordinates": [[[[121.515458, 25.044125], [121.515461, 25.044245], [121.515483, 25.044263], [121.515512, 25.044262], [121.515643, 25.044259], [121.515699, 25.044258], [121.515719, 25.044237], [121.515715, 25.044111], [121.515694, 25.044093], [121.515643, 25.044094], [121.515486, 25.044098], [121.515458, 25.044125]]]]}, "properties": {"name": "公園", "area": 0}}, {"type": "Feature", "geometry": {"type": "MultiPolygon", "coordinates": [[[[121.515574, 25.098428], [121.515769, 25.098454], [121.518414, 25.098812], [121.51843, 25.098812], [121.518445, 25.098809], [121.518458, 25.098802], [121.518469, 25.098793], [121.518477, 25.098781], [121.518479, 25.098778], [121.518714, 25.098226], [121.518714, 25.098226], [121.51891, 25.097769], [121.51891, 25.097769], [121.519105, 25.097309], [121.519105, 25.097309], [121.519281, 25.096899], [121.517487, 25.09634], [121.516779, 25.097112], [121.515574, 25.098428]]]]}, "properties": {"name": "公園", "area": 0}}, {"type": "Feature", "geometry": {"type": "MultiPolygon", "coordinates": [[[[121.515689, 25.141585], [121.515686, 25.141576], [121.515686, 25.141576], [121.515647, 25.141545], [121.515585, 25.141497], [121.515529, 25.14146], [121.515504, 25.141446], [121.51545, 25.14142], [121.515059, 25.141368], [121.515012, 25.141362], [121.514934, 25.141351], [121.514854, 25.141343], [121.514804, 25.141339], [121.514738, 25.141336], [121.514683, 25.141334], [121.514772, 25.141428], [121.514783, 25.14144], [121.514855, 25.141517], [121.514857, 25.141519], [121.514873, 25.141533], [121.514892, 25.141544], [121.514913, 25.141552], [121.514922, 25.141555], [121.514943, 25.14156], [121.514982, 25.141554], [121.515032, 25.141561], [121.515059, 25.141562], [121.515061, 25.141562], [121.515098, 25.141566], [121.515145, 25.141572], [121.51519, 25.14158], [121.515201, 25.141583], [121.51525, 25.141593], [121.515281, 25.141598], [121.515377, 25.141632], [121.515531, 25.14169], [121.515597, 25.141656], [121.515597, 25.141656], [121.515673, 25.141617], [121.515679, 25.141612], [121.515681, 25.141609], [121.515684, 25.141605], [121.515686, 25.141602], [121.515687, 25.141598], [121.515689, 25.141593], [121.515689, 25.141585]]]]}, "properties": {"name": "公園", "area": 0}}, {"type": "Feature", "geometry": {"type": "MultiPolygon", "coordinates": [[[[121.516058, 25.066495], [121.516043, 25.066761], [121.51603, 25.066978], [121.516016, 25.067179], [121.51605, 25.06721], [121.516537, 25.067213], [121.516566, 25.067188], [121.516567, 25.066976], [121.516561, 25.066484], [121.516532, 25.066459], [121.516086, 25.06647], [121.516058, 25.066495]]]]}, "properties": {"name": "公園", "area": 0}}, {"type": "Feature", "geometry": {"type": "MultiPolygon", "coordinates": [[[[121.516417, 25.059422], [121.51639, 25.059434], [121.5163, 25.059632], [121.51623, 25.059784], [121.516248, 25.059816], [121.517273, 25.060058], [121.517306, 25.060038], [121.517371, 25.059674], [121.517349, 25.059643], [121.516985, 25.059556], [121.516417, 25.059422]]]]}, "properties": {"name": "公園", "area": 0}}, {"type": "Feature", "geometry": {"type": "MultiPolygon", "coordinates": [[[[121.516907, 25.118623], [121.516356, 25.118658], [121.516316, 25.118662], [121.516373, 25.1188], [121.516374, 25.118799], [121.516374, 25.118799], [121.516651, 25.118783], [121.516858, 25.118826], [121.516858, 25.118826], [121.516985, 25.118848], [121.517113, 25.11887], [121.51713, 25.118873], [121.517093, 25.118837], [121.517059, 25.118798], [121.517028, 25.118757], [121.517, 25.118715], [121.516975, 25.11867], [121.516969, 25.118658], [121.516962, 25.118646], [121.51695, 25.118635], [121.516937, 25.118628], [121.516922, 25.118624], [121.516907, 25.118623]]]]}, "properties": {"name": "公園", "area": 0}}, {"type": "Feature", "geometry": {"type": "MultiPolygon", "coordinates": [[[[121.517058, 25.026601], [121.517085, 25.026682], [121.517134, 25.026829], [121.517416, 25.026752], [121.517374, 25.026633], [121.517327, 25.026548], [121.517311, 25.026532], [121.517058, 25.026601]]]]}, "properties": {"name": "公園", "area": 0}}, {"type": "Feature", "geometry": {"type": "MultiPolygon", "coordinates": [[[[121.517097, 25.103086], [121.518112, 25.103083], [121.517937, 25.102661], [121.517151, 25.102604], [121.517151, 25.102604], [121.517097, 25.103086]]]]}, "properties": {"name": "公園", "area": 0}}, {"type": "Feature", "geometry": {"type": "MultiPolygon", "coordinates": [[[[121.517535, 25.071218], [121.517539, 25.071327], [121.517868, 25.071317], [121.517863, 25.071246], [121.517862, 25.071227], [121.517861, 25.071217], [121.517848, 25.071025], [121.517535, 25.071218]]]]}, "properties": {"name": "公園", "area": 0}}, {"type": "Feature", "geometry": {"type": "MultiPolygon", "coordinates": [[[[121.517537, 25.045418], [121.517601, 25.045639], [121.517692, 25.045615], [121.517883, 25.045567], [121.517817, 25.045349], [121.517537, 25.045418]]]]}, "properties": {"name": "公園", "area": 0}}, {"type": "Feature", "geometry": {"type": "MultiPolygon", "coordinates": [[[[121.51822, 25.054195], [121.518312, 25.054477], [121.518612, 25.054379], [121.518655, 25.054599], [121.518712, 25.054899], [121.518716, 25.054899], [121.519541, 25.05486], [121.519562, 25.054829], [121.519482, 25.054636], [121.519324, 25.054255], [121.519224, 25.0539], [121.519199, 25.053886], [121.519051, 25.053919], [121.518891, 25.053955], [121.518371, 25.0538], [121.518186, 25.053697], [121.518065, 25.053725], [121.51822, 25.054195]]]]}, "properties": {"name": "公園", "area": 0}}, {"type": "Feature", "geometry": {"type": "MultiPolygon", "coordinates": [[[[121.518424, 25.023002], [121.518433, 25.023357], [121.51855, 25.023351], [121.518944, 25.023333], [121.518978, 25.023301], [121.518976, 25.023003], [121.518948, 25.022978], [121.518424, 25.023002]]]]}, "properties": {"name": "公園", "area": 0}}, {"type": "Feature", "geometry": {"type": "MultiPolygon", "coordinates": [[[[121.518458, 25.023455], [121.518468, 25.023643], [121.518633, 25.023632], [121.518981, 25.023609], [121.51898, 25.023464], [121.518944, 25.023433], [121.518458, 25.023455]]]]}, "properties": {"name": "公園", "area": 0}}, {"type": "Feature", "geometry": {"type": "MultiPolygon", "coordinates": [[[[121.518701, 25.082161], [121.518717, 25.082204], [121.518949, 25.08225], [121.518971, 25.08221], [121.518805, 25.082085], [121.518765, 25.082089], [121.518725, 25.082134], [121.518701, 25.082161]]]]}, "properties": {"name": "公園", "area": 0}}, {"type": "Feature", "geometry": {"type": "MultiPolygon", "coordinates": [[[[121.518771, 25.088161], [121.518804, 25.088302], [121.518809, 25.088314], [121.518818, 25.088324], [121.518829, 25.088332], [121.518842, 25.088336], [121.518856, 25.088337], [121.518862, 25.088337], [121.518936, 25.088324], [121.519055, 25.088303], [121.519068, 25.088299], [121.51908, 25.088292], [121.519089, 25.088282], [121.519094, 25.08827], [121.519096, 25.088258], [121.519095, 25.08825], [121.519095, 25.08825], [121.519074, 25.088159], [121.518976, 25.087721], [121.518957, 25.087637], [121.518924, 25.087496], [121.518919, 25.087484], [121.518911, 25.087474], [121.5189, 25.087466], [121.518887, 25.087462], [121.518873, 25.08746], [121.518867, 25.087461], [121.518778, 25.087476], [121.518773, 25.087477], [121.518672, 25.087493], [121.518659, 25.087497], [121.518647, 25.087504], [121.518639, 25.087514], [121.518633, 25.087526], [121.518631, 25.087539], [121.518632, 25.087546], [121.518632, 25.087547], [121.518668, 25.087703], [121.518701, 25.08785], [121.518771, 25.088161]]]]}, "properties": {"name": "公園", "area": 0}}, {"type": "Feature", "geometry": {"type": "MultiPolygon", "coordinates": [[[[121.518964, 25.1323], [121.518987, 25.132318], [121.519806, 25.132528], [121.520256, 25.132427], [121.520623, 25.132494], [121.520818, 25.132529], [121.520864, 25.132453], [121.520884, 25.132114], [121.520985, 25.131981], [121.521057, 25.131855], [121.521147, 25.131768], [121.521332, 25.131887], [121.522039, 25.13192], [121.5221, 25.131856], [121.52216, 25.131792], [121.522211, 25.131726], [121.522336, 25.131627], [121.522426, 25.131522], [121.522451, 25.131436], [121.522479, 25.131271], [121.52261, 25.131153], [121.522714, 25.130974], [121.522803, 25.130873], [121.522857, 25.130781], [121.522909, 25.130712], [121.523108, 25.130378], [121.523325, 25.130447], [121.523362, 25.130473], [121.5237, 25.130606], [121.523909, 25.130696], [121.523976, 25.130706], [121.524097, 25.130691], [121.524162, 25.130633], [121.524146, 25.130613], [121.524207, 25.13053], [121.524295, 25.130472], [121.524329, 25.130449], [121.524475, 25.130304], [121.524491, 25.130258], [121.524483, 25.130176], [121.524353, 25.130082], [121.524335, 25.130015], [121.524322, 25.129927], [121.524339, 25.129775], [121.52435, 25.129712], [121.524409, 25.129706], [121.524417, 25.129685], [121.52436, 25.129543], [121.524426, 25.129518], [121.524445, 25.129546], [121.524484, 25.129541], [121.524507, 25.129511], [121.52451, 25.129483], [121.524544, 25.129429], [121.524547, 25.129411], [121.524574, 25.129366], [121.524365, 25.129349], [121.524112, 25.129234], [121.523967, 25.129178], [121.523822, 25.129121], [121.523845, 25.129081], [121.524348, 25.128789], [121.524486, 25.128539], [121.524528, 25.128274], [121.524662, 25.127879], [121.524648, 25.127819], [121.524808, 25.127532], [121.524863, 25.127452], [121.525032, 25.127023], [121.525128, 25.126934], [121.525225, 25.126846], [121.525329, 25.126759], [121.525433, 25.126672], [121.525518, 25.126576], [121.525603, 25.12648], [121.525676, 25.126373], [121.525749, 25.126266], [121.525796, 25.126261], [121.525859, 25.126199], [121.525916, 25.126122], [121.525928, 25.126019], [121.52599, 25.125879], [121.526005, 25.125832], [121.52592, 25.125805], [121.525887, 25.125805], [121.525743, 25.125804], [121.525566, 25.125881], [121.525212, 25.126072], [121.525015, 25.126113], [121.524775, 25.126174], [121.524625, 25.126184], [121.524389, 25.126149], [121.524345, 25.126034], [121.524345, 25.126034], [121.524331, 25.125996], [121.524315, 25.125876], [121.524164, 25.125918], [121.524046, 25.126001], [121.52401, 25.126005], [121.523912, 25.125952], [121.523774, 25.125994], [121.523595, 25.126128], [121.523525, 25.126093], [121.523487, 25.126073], [121.523394, 25.126039], [121.523193, 25.126], [121.523134, 25.125967], [121.522895, 25.125828], [121.522838, 25.125646], [121.522735, 25.125426], [121.522727, 25.125387], [121.522704, 25.125284], [121.522624, 25.125262], [121.522613, 25.125269], [121.522522, 25.12532], [121.522362, 25.125448], [121.522253, 25.125466], [121.522216, 25.125472], [121.521941, 25.125728], [121.521803, 25.125716], [121.520981, 25.125411], [121.521099, 25.12498], [121.521082, 25.124875], [121.520966, 25.124826], [121.520787, 25.124802], [121.520529, 25.124741], [121.520412, 25.124696], [121.520419, 25.124511], [121.520295, 25.124662], [121.52019, 25.124809], [121.520085, 25.124957], [121.519912, 25.125167], [121.519824, 25.125276], [121.519802, 25.125302], [121.519711, 25.125662], [121.519773, 25.12601], [121.519834, 25.126358], [121.519929, 25.126901], [121.519837, 25.12697], [121.519666, 25.127088], [121.519496, 25.127206], [121.519337, 25.127324], [121.519158, 25.12745], [121.518889, 25.127636], [121.518835, 25.127672], [121.518835, 25.127672], [121.519064, 25.128102], [121.51909, 25.12837], [121.519405, 25.128854], [121.519516, 25.129256], [121.519465, 25.129464], [121.519442, 25.129557], [121.519265, 25.129992], [121.519078, 25.130115], [121.519003, 25.130337], [121.51902, 25.130546], [121.518955, 25.130756], [121.518983, 25.130967], [121.519012, 25.131179], [121.519059, 25.131426], [121.519063, 25.131525], [121.519065, 25.131626], [121.518914, 25.131821], [121.518934, 25.132061], [121.518954, 25.1323], [121.518964, 25.1323]]]]}, "properties": {"name": "公園", "area": 0}}, {"type": "Feature", "geometry": {"type": "MultiPolygon", "coordinates": [[[[121.519281, 25.079849], [121.519215, 25.07989], [121.519, 25.080055], [121.519016, 25.080078], [121.519323, 25.079942], [121.519757, 25.07975], [121.519824, 25.07972], [121.519837, 25.079686], [121.519777, 25.079575], [121.519739, 25.079565], [121.519488, 25.079721], [121.519281, 25.079849]]]]}, "properties": {"name": "公園", "area": 0}}, {"type": "Feature", "geometry": {"type": "MultiPolygon", "coordinates": [[[[121.519616, 25.102954], [121.519667, 25.102905], [121.519709, 25.102869], [121.519969, 25.102653], [121.520403, 25.10229], [121.52042, 25.102274], [121.520433, 25.102255], [121.520442, 25.102235], [121.520448, 25.102213], [121.52045, 25.102191], [121.520448, 25.102169], [121.520442, 25.102148], [121.520439, 25.102139], [121.520428, 25.10212], [121.520413, 25.102102], [121.520396, 25.102087], [121.520376, 25.102074], [121.520354, 25.102065], [121.52033, 25.102059], [121.520306, 25.102056], [121.520297, 25.102056], [121.51905, 25.102101], [121.519616, 25.102954]]]]}, "properties": {"name": "公園", "area": 0}}, {"type": "Feature", "geometry": {"type": "MultiPolygon", "coordinates": [[[[121.519622, 25.047452], [121.519695, 25.0478], [121.519738, 25.048006], [121.519753, 25.048083], [121.519902, 25.048059], [121.520252, 25.048004], [121.520415, 25.047979], [121.520452, 25.047915], [121.52021, 25.04741], [121.520148, 25.047378], [121.519622, 25.047452]]]]}, "properties": {"name": "公園", "area": 0}}, {"type": "Feature", "geometry": {"type": "MultiPolygon", "coordinates": [[[[121.519813, 25.09306], [121.519972, 25.093166], [121.519985, 25.093172], [121.52, 25.093175], [121.520014, 25.093175], [121.520028, 25.093171], [121.520041, 25.093163], [121.52005, 25.093153], [121.520052, 25.093152], [121.519813, 25.092993], [121.518852, 25.092355], [121.518847, 25.092362], [121.518847, 25.092362], [121.51884, 25.092373], [121.518837, 25.092385], [121.518838, 25.092398], [121.518843, 25.09241], [121.518851, 25.09242], [121.518857, 25.092425], [121.518857, 25.092425], [121.518987, 25.092512], [121.519813, 25.09306]]]]}, "properties": {"name": "公園", "area": 0}}, {"type": "Feature", "geometry": {"type": "MultiPolygon", "coordinates": [[[[121.520118, 25.027469], [121.520165, 25.027482], [121.520421, 25.027281], [121.520489, 25.027228], [121.520813, 25.026974], [121.520834, 25.026958], [121.520821, 25.026914], [121.520795, 25.026909], [121.519973, 25.026746], [121.519935, 25.026739], [121.519908, 25.026765], [121.519919, 25.026802], [121.520118, 25.027469]]]]}, "properties": {"name": "公園", "area": 0}}, {"type": "Feature", "geometry": {"type": "MultiPolygon", "coordinates": [[[[121.520446, 25.070715], [121.520798, 25.070727], [121.521341, 25.070748], [121.522031, 25.070774], [121.522407, 25.070788], [121.523134, 25.070813], [121.523263, 25.070817], [121.523298, 25.070843], [121.523243, 25.070636], [121.522415, 25.070607], [121.522039, 25.070594], [121.521349, 25.070568], [121.520806, 25.070546], [121.520385, 25.070532], [121.520412, 25.070748], [121.520446, 25.070715]]]]}, "properties": {"name": "公園", "area": 0}}, {"type": "Feature", "geometry": {"type": "MultiPolygon", "coordinates": [[[[121.520938, 25.059083], [121.520916, 25.059102], [121.520895, 25.059422], [121.520915, 25.059442], [121.521312, 25.059459], [121.521312, 25.059086], [121.520938, 25.059083]]]]}, "properties": {"name": "公園", "area": 0}}, {"type": "Feature", "geometry": {"type": "MultiPolygon", "coordinates": [[[[121.521141, 25.065665], [121.521135, 25.065723], [121.521277, 25.065736], [121.521313, 25.06574], [121.521313, 25.06574], [121.521388, 25.065537], [121.521394, 25.065522], [121.521451, 25.065389], [121.521457, 25.065377], [121.521624, 25.065014], [121.521627, 25.065008], [121.521677, 25.064914], [121.52166, 25.064883], [121.521496, 25.064854], [121.521495, 25.064853], [121.52149, 25.064861], [121.521141, 25.065665]]]]}, "properties": {"name": "公園", "area": 0}}, {"type": "Feature", "geometry": {"type": "MultiPolygon", "coordinates": [[[[121.521305, 25.086645], [121.521328, 25.086302], [121.521352, 25.085918], [121.521367, 25.0857], [121.521345, 25.08526], [121.521325, 25.084846], [121.521322, 25.084834], [121.521316, 25.084824], [121.521306, 25.084815], [121.521295, 25.084809], [121.521282, 25.084807], [121.521273, 25.084808], [121.52114, 25.084828], [121.521037, 25.084846], [121.520836, 25.084883], [121.520318, 25.084979], [121.519779, 25.085078], [121.51971, 25.085091], [121.519464, 25.085137], [121.51945, 25.085142], [121.519439, 25.085149], [121.51943, 25.085159], [121.519425, 25.085171], [121.519424, 25.085184], [121.519424, 25.085185], [121.519444, 25.08547], [121.519474, 25.085881], [121.519477, 25.085925], [121.519518, 25.086501], [121.519532, 25.086699], [121.519532, 25.0867], [121.519535, 25.086712], [121.519542, 25.086723], [121.519551, 25.086732], [121.519564, 25.086739], [121.519577, 25.086742], [121.51959, 25.086741], [121.519767, 25.086713], [121.519786, 25.08671], [121.519919, 25.086695], [121.520052, 25.086683], [121.520186, 25.086674], [121.520319, 25.086669], [121.520453, 25.086668], [121.520587, 25.086671], [121.52072, 25.086677], [121.520854, 25.086686], [121.520986, 25.086699], [121.521119, 25.086716], [121.521235, 25.086734], [121.521235, 25.086734], [121.52125, 25.086734], [121.521265, 25.086731], [121.521278, 25.086725], [121.521289, 25.086716], [121.521297, 25.086704], [121.521301, 25.086691], [121.521302, 25.086687], [121.521305, 25.086645]]]]}, "properties": {"name": "公園", "area": 0}}, {"type": "Feature", "geometry": {"type": "MultiPolygon", "coordinates": [[[[121.521381, 25.089745], [121.522197, 25.090293], [121.522579, 25.089799], [121.521863, 25.089157], [121.521575, 25.089508], [121.521381, 25.089745]]]]}, "properties": {"name": "公園", "area": 0}}, {"type": "Feature", "geometry": {"type": "MultiPolygon", "coordinates": [[[[121.521418, 25.084636], [121.521418, 25.084636], [121.52142, 25.084648], [121.521426, 25.084659], [121.521435, 25.084668], [121.521446, 25.084674], [121.521459, 25.084677], [121.521461, 25.084677], [121.521597, 25.084666], [121.521734, 25.084658], [121.521871, 25.084654], [121.522008, 25.084654], [121.52208, 25.084655], [121.522091, 25.084653], [121.5221, 25.084648], [121.522107, 25.084641], [121.52211, 25.084632], [121.522114, 25.084611], [121.522114, 25.084611], [121.522004, 25.084608], [121.521867, 25.084609], [121.521729, 25.084613], [121.521592, 25.084621], [121.521455, 25.084632], [121.521418, 25.084636]]]]}, "properties": {"name": "公園", "area": 0}}, {"type": "Feature", "geometry": {"type": "MultiPolygon", "coordinates": [[[[121.521563, 25.061587], [121.521566, 25.061756], [121.522085, 25.061747], [121.522115, 25.061709], [121.522057, 25.06154], [121.522016, 25.061422], [121.521992, 25.061406], [121.52156, 25.061421], [121.521563, 25.061587]]]]}, "properties": {"name": "公園", "area": 0}}, {"type": "Feature", "geometry": {"type": "MultiPolygon", "coordinates": [[[[121.52159, 25.048177], [121.521567, 25.048206], [121.521619, 25.048437], [121.521644, 25.048452], [121.522393, 25.04831], [121.522414, 25.04828], [121.522374, 25.048141], [121.522333, 25.048115], [121.52159, 25.048177]]]]}, "properties": {"name": "公園", "area": 0}}, {"type": "Feature", "geometry": {"type": "MultiPolygon", "coordinates": [[[[121.521662, 25.091376], [121.522115, 25.091662], [121.522531, 25.091924], [121.522631, 25.092191], [121.523008, 25.091959], [121.522061, 25.090861], [121.521662, 25.091376]]]]}, "properties": {"name": "公園", "area": 0}}, {"type": "Feature", "geometry": {"type": "MultiPolygon", "coordinates": [[[[121.521786, 25.064511], [121.521659, 25.06471], [121.52168, 25.064751], [121.522024, 25.064807], [121.522063, 25.064779], [121.522064, 25.064767], [121.522064, 25.064756], [121.522065, 25.064744], [121.522065, 25.064733], [121.522066, 25.064722], [121.522067, 25.06471], [121.522067, 25.064699], [121.522068, 25.064688], [121.522069, 25.064676], [121.522069, 25.064665], [121.52207, 25.064654], [121.522071, 25.064642], [121.522072, 25.064631], [121.522072, 25.06462], [121.522073, 25.064608], [121.522074, 25.064597], [121.522075, 25.064586], [121.522076, 25.064574], [121.522076, 25.064563], [121.522077, 25.064552], [121.522078, 25.06454], [121.522079, 25.064529], [121.52208, 25.064518], [121.522081, 25.064506], [121.522082, 25.064495], [121.522083, 25.064484], [121.522084, 25.064472], [121.522085, 25.064461], [121.522086, 25.06445], [121.522087, 25.064438], [121.522089, 25.064427], [121.52209, 25.064416], [121.522091, 25.064404], [121.522092, 25.064393], [121.522093, 25.064382], [121.522094, 25.06437], [121.522096, 25.064359], [121.522097, 25.064348], [121.522098, 25.064336], [121.522099, 25.064325], [121.522101, 25.064314], [121.522102, 25.064302], [121.522103, 25.064291], [121.522105, 25.06428], [121.522106, 25.064269], [121.522108, 25.064257], [121.522109, 25.064246], [121.52211, 25.064235], [121.522112, 25.064223], [121.522113, 25.064212], [121.522115, 25.064201], [121.522116, 25.06419], [121.522118, 25.064178], [121.52212, 25.064167], [121.522121, 25.064156], [121.522123, 25.064144], [121.522124, 25.064133], [121.522126, 25.064122], [121.522128, 25.064111], [121.522129, 25.064099], [121.522131, 25.064088], [121.52207, 25.064069], [121.521955, 25.064249], [121.521786, 25.064511]]]]}, "properties": {"name": "公園", "area": 0}}, {"type": "Feature", "geometry": {"type": "MultiPolygon", "coordinates": [[[[121.522064, 25.096036], [121.522063, 25.096036], [121.522063, 25.096049], [121.522067, 25.096061], [121.522074, 25.096072], [121.522084, 25.096081], [121.522097, 25.096086], [121.5221, 25.096087], [121.522914, 25.096282], [121.522914, 25.096282], [121.522928, 25.096284], [121.522942, 25.096282], [121.522955, 25.096276], [121.522965, 25.096268], [121.522972, 25.096257], [121.522976, 25.096246], [121.523024, 25.095983], [121.523025, 25.095983], [121.523025, 25.09597], [121.523021, 25.095958], [121.523014, 25.095947], [121.523004, 25.095938], [121.522991, 25.095932], [121.522988, 25.095932], [121.522935, 25.095919], [121.5226, 25.095838], [121.522174, 25.095734], [121.52216, 25.095732], [121.522146, 25.095735], [121.522133, 25.09574], [121.522123, 25.095748], [121.522116, 25.095759], [121.522112, 25.09577], [121.522086, 25.095914], [121.522064, 25.096036]]]]}, "properties": {"name": "公園", "area": 0}}, {"type": "Feature", "geometry": {"type": "MultiPolygon", "coordinates": [[[[121.522515, 25.048103], [121.522493, 25.04813], [121.52257, 25.048395], [121.522651, 25.048379], [121.523569, 25.048201], [121.523535, 25.048075], [121.523499, 25.048051], [121.522515, 25.048103]]]]}, "properties": {"name": "公園", "area": 0}}, {"type": "Feature", "geometry": {"type": "MultiPolygon", "coordinates": [[[[121.522578, 25.084667], [121.522584, 25.084646], [121.522447, 25.084632], [121.52231, 25.08462], [121.522174, 25.084613], [121.522171, 25.084631], [121.522171, 25.084641], [121.522175, 25.084649], [121.522183, 25.084655], [121.522193, 25.084659], [121.522196, 25.084659], [121.522295, 25.084665], [121.522432, 25.084676], [121.522545, 25.084687], [121.522545, 25.084687], [121.522556, 25.084687], [121.522566, 25.084683], [121.522574, 25.084676], [121.522578, 25.084667]]]]}, "properties": {"name": "公園", "area": 0}}, {"type": "Feature", "geometry": {"type": "MultiPolygon", "coordinates": [[[[121.522663, 25.084657], [121.522658, 25.084674], [121.522657, 25.084684], [121.522661, 25.084693], [121.522667, 25.0847], [121.522677, 25.084704], [121.52268, 25.084705], [121.52268, 25.084705], [121.522753, 25.084715], [121.522887, 25.084738], [121.523021, 25.084765], [121.523154, 25.084795], [121.523266, 25.084823], [121.523275, 25.084778], [121.523142, 25.084745], [121.523009, 25.084716], [121.522986, 25.084711], [121.522985, 25.084711], [121.522851, 25.084686], [121.522715, 25.084664], [121.522663, 25.084657]]]]}, "properties": {"name": "公園", "area": 0}}, {"type": "Feature", "geometry": {"type": "MultiPolygon", "coordinates": [[[[121.523123, 25.019846], [121.523096, 25.019889], [121.523138, 25.019903], [121.52327, 25.019883], [121.523266, 25.019825], [121.523123, 25.019846]]]]}, "properties": {"name": "公園", "area": 0}}, {"type": "Feature", "geometry": {"type": "MultiPolygon", "coordinates": [[[[121.52331, 25.117342], [121.523314, 25.117322], [121.523317, 25.117312], [121.523334, 25.117256], [121.523355, 25.117201], [121.523362, 25.117184], [121.523367, 25.117174], [121.523068, 25.116967], [121.522772, 25.116762], [121.522659, 25.116684], [121.522512, 25.116582], [121.522512, 25.116582], [121.522356, 25.117634], [121.522428, 25.117185], [121.522509, 25.117198], [121.522555, 25.117206], [121.522558, 25.117209], [121.52257, 25.117222], [121.522927, 25.117597], [121.523039, 25.117676], [121.523062, 25.117856], [121.523152, 25.118061], [121.523174, 25.118112], [121.523126, 25.118274], [121.523183, 25.118351], [121.523199, 25.118371], [121.5232, 25.118376], [121.523196, 25.11838], [121.523197, 25.118382], [121.523166, 25.118409], [121.523154, 25.118421], [121.523147, 25.118531], [121.523147, 25.118531], [121.523133, 25.118727], [121.523134, 25.118805], [121.523134, 25.11882], [121.523135, 25.11882], [121.523135, 25.11882], [121.523763, 25.11865], [121.523637, 25.118412], [121.523637, 25.118411], [121.523388, 25.117943], [121.523363, 25.117889], [121.523341, 25.117833], [121.523323, 25.117776], [121.523308, 25.117718], [121.523298, 25.117659], [121.523291, 25.1176], [121.523289, 25.117541], [121.52329, 25.117482], [121.523296, 25.117423], [121.523305, 25.117364], [121.523305, 25.117362], [121.52331, 25.117342]]]]}, "properties": {"name": "公園", "area": 0}}, {"type": "Feature", "geometry": {"type": "MultiPolygon", "coordinates": [[[[121.523559, 25.07568], [121.523644, 25.075578], [121.523738, 25.075465], [121.523831, 25.075339], [121.523912, 25.075252], [121.523944, 25.075215], [121.524055, 25.075082], [121.524097, 25.075031], [121.524186, 25.074927], [121.52421, 25.074884], [121.524303, 25.074715], [121.52435, 25.07457], [121.524424, 25.074475], [121.524484, 25.074371], [121.52454, 25.074297], [121.524572, 25.074245], [121.524631, 25.074229], [121.524672, 25.074209], [121.524718, 25.074186], [121.524765, 25.074152], [121.524584, 25.074071], [121.524575, 25.074087], [121.524534, 25.074072], [121.524508, 25.074118], [121.524427, 25.074081], [121.524462, 25.074014], [121.524474, 25.074009], [121.524487, 25.074007], [121.524501, 25.074009], [121.524504, 25.074009], [121.524449, 25.073984], [121.524395, 25.073955], [121.524344, 25.073924], [121.524295, 25.073889], [121.524248, 25.073852], [121.524205, 25.073812], [121.524164, 25.073769], [121.524126, 25.073725], [121.524091, 25.073678], [121.52406, 25.073629], [121.524032, 25.073579], [121.524008, 25.073527], [121.523988, 25.073473], [121.523971, 25.073419], [121.523958, 25.073364], [121.523957, 25.073356], [121.523706, 25.072368], [121.523701, 25.072368], [121.523299, 25.070845], [121.523298, 25.070843], [121.523263, 25.070817], [121.523134, 25.070813], [121.522407, 25.070788], [121.522031, 25.070774], [121.521341, 25.070748], [121.520798, 25.070727], [121.520446, 25.070715], [121.520412, 25.070748], [121.520421, 25.070814], [121.520441, 25.070978], [121.520548, 25.07182], [121.520553, 25.07186], [121.520619, 25.072379], [121.52065, 25.072618], [121.520651, 25.072629], [121.520653, 25.072641], [121.520654, 25.072652], [121.520656, 25.072663], [121.520657, 25.072675], [121.520659, 25.072686], [121.520661, 25.072697], [121.520662, 25.072708], [121.520664, 25.07272], [121.520666, 25.072731], [121.520667, 25.072742], [121.520669, 25.072753], [121.520671, 25.072765], [121.520673, 25.072776], [121.520675, 25.072787], [121.520677, 25.072798], [121.520679, 25.07281], [121.520681, 25.072821], [121.520683, 25.072832], [121.520685, 25.072843], [121.520687, 25.072855], [121.520689, 25.072866], [121.520691, 25.072877], [121.520694, 25.072888], [121.520696, 25.072899], [121.520698, 25.072911], [121.5207, 25.072922], [121.520703, 25.072933], [121.520705, 25.072944], [121.520707, 25.072955], [121.52071, 25.072966], [121.520712, 25.072978], [121.520715, 25.072989], [121.520717, 25.073], [121.52072, 25.073011], [121.520723, 25.073022], [121.520725, 25.073033], [121.520728, 25.073044], [121.52073, 25.073055], [121.520733, 25.073067], [121.520736, 25.073078], [121.520739, 25.073089], [121.520741, 25.0731], [121.520744, 25.073111], [121.520747, 25.073122], [121.52075, 25.073133], [121.520753, 25.073144], [121.520756, 25.073155], [121.520759, 25.073166], [121.520762, 25.073177], [121.520765, 25.073188], [121.520768, 25.073199], [121.520771, 25.07321], [121.520775, 25.073221], [121.520778, 25.073232], [121.520781, 25.073243], [121.520784, 25.073254], [121.520788, 25.073265], [121.520791, 25.073276], [121.520794, 25.073287], [121.520798, 25.073298], [121.520801, 25.073309], [121.520804, 25.07332], [121.520808, 25.073331], [121.520811, 25.073342], [121.520815, 25.073353], [121.520819, 25.073364], [121.520822, 25.073375], [121.520826, 25.073385], [121.52083, 25.073396], [121.520833, 25.073407], [121.520837, 25.073418], [121.520841, 25.073429], [121.520845, 25.07344], [121.520848, 25.073451], [121.520852, 25.073461], [121.520856, 25.073472], [121.52086, 25.073483], [121.520864, 25.073494], [121.520868, 25.073505], [121.520872, 25.073515], [121.520876, 25.073526], [121.52088, 25.073537], [121.520884, 25.073548], [121.520888, 25.073558], [121.520893, 25.073569], [121.520897, 25.07358], [121.520901, 25.073591], [121.520905, 25.073601], [121.52091, 25.073612], [121.520914, 25.073623], [121.520918, 25.073633], [121.520923, 25.073644], [121.520927, 25.073655], [121.520932, 25.073665], [121.520936, 25.073676], [121.520941, 25.073686], [121.520945, 25.073697], [121.52095, 25.073708], [121.520954, 25.073718], [121.520959, 25.073729], [121.520964, 25.073739], [121.520968, 25.07375], [121.520973, 25.07376], [121.520978, 25.073771], [121.520983, 25.073781], [121.520987, 25.073792], [121.520992, 25.073802], [121.520997, 25.073813], [121.521002, 25.073823], [121.521007, 25.073834], [121.521012, 25.073844], [121.521017, 25.073855], [121.521022, 25.073865], [121.521027, 25.073875], [121.521032, 25.073886], [121.521037, 25.073896], [121.521042, 25.073907], [121.521048, 25.073917], [121.521053, 25.073927], [121.521058, 25.073938], [121.521063, 25.073948], [121.521069, 25.073958], [121.521074, 25.073968], [121.521079, 25.073979], [121.521085, 25.073989], [121.52109, 25.073999], [121.521096, 25.07401], [121.521101, 25.07402], [121.521107, 25.07403], [121.521112, 25.07404], [121.521118, 25.07405], [121.521123, 25.074061], [121.521129, 25.074071], [121.521135, 25.074081], [121.52114, 25.074091], [121.521146, 25.074101], [121.521152, 25.074111], [121.521157, 25.074121], [121.521163, 25.074131], [121.521169, 25.074141], [121.521175, 25.074151], [121.521181, 25.074161], [121.521187, 25.074172], [121.521193, 25.074182], [121.521199, 25.074191], [121.521205, 25.074201], [121.521211, 25.074211], [121.521217, 25.074221], [121.521223, 25.074231], [121.521229, 25.074241], [121.521235, 25.074251], [121.521241, 25.074261], [121.521248, 25.074271], [121.521254, 25.074281], [121.52126, 25.074291], [121.521509, 25.07468], [121.521582, 25.074707], [121.521718, 25.074671], [121.521813, 25.074806], [121.522134, 25.074479], [121.52229, 25.074505], [121.522492, 25.074539], [121.521988, 25.075054], [121.522456, 25.07572], [121.522652, 25.075825], [121.522722, 25.075953], [121.523539, 25.075686], [121.523559, 25.07568]]]]}, "properties": {"name": "公園", "area": 0}}, {"type": "Feature", "geometry": {"type": "MultiPolygon", "coordinates": [[[[121.523607, 25.048045], [121.523585, 25.048072], [121.523651, 25.048314], [121.523677, 25.048327], [121.523791, 25.048293], [121.524177, 25.048176], [121.524177, 25.048176], [121.52414, 25.048044], [121.524104, 25.04802], [121.523607, 25.048045]]]]}, "properties": {"name": "公園", "area": 0}}, {"type": "Feature", "geometry": {"type": "MultiPolygon", "coordinates": [[[[121.523677, 25.105829], [121.523834, 25.105902], [121.523957, 25.10596], [121.523896, 25.104673], [121.523881, 25.104364], [121.523827, 25.104366], [121.523285, 25.104394], [121.523277, 25.104411], [121.523388, 25.104501], [121.523504, 25.104633], [121.523598, 25.104745], [121.52354, 25.104869], [121.523539, 25.104869], [121.523522, 25.104905], [121.523487, 25.104928], [121.52348, 25.104944], [121.523483, 25.104974], [121.523454, 25.105039], [121.523438, 25.105056], [121.523395, 25.105078], [121.523355, 25.105132], [121.523344, 25.105178], [121.523325, 25.105201], [121.523308, 25.10522], [121.523231, 25.105328], [121.523186, 25.105372], [121.523119, 25.105446], [121.523238, 25.105547], [121.523303, 25.105601], [121.523371, 25.105651], [121.523441, 25.105699], [121.523514, 25.105743], [121.523588, 25.105785], [121.523665, 25.105823], [121.523677, 25.105829]]]]}, "properties": {"name": "公園", "area": 0}}, {"type": "Feature", "geometry": {"type": "MultiPolygon", "coordinates": [[[[121.52371, 25.056345], [121.523682, 25.056371], [121.523686, 25.056533], [121.523688, 25.05665], [121.52371, 25.056669], [121.524358, 25.05665], [121.524334, 25.056517], [121.524323, 25.05646], [121.524323, 25.05646], [121.524396, 25.056322], [121.52434, 25.056324], [121.52371, 25.056345]]]]}, "properties": {"name": "公園", "area": 0}}, {"type": "Feature", "geometry": {"type": "MultiPolygon", "coordinates": [[[[121.523849, 25.067368], [121.52385, 25.067462], [121.523879, 25.067487], [121.524219, 25.067481], [121.524247, 25.067455], [121.524238, 25.067181], [121.524209, 25.067155], [121.523875, 25.06716], [121.523847, 25.067186], [121.523849, 25.067368]]]]}, "properties": {"name": "公園", "area": 0}}, {"type": "Feature", "geometry": {"type": "MultiPolygon", "coordinates": [[[[121.524026, 25.063754], [121.524026, 25.063838], [121.524026, 25.064091], [121.524026, 25.064091], [121.524321, 25.064085], [121.524349, 25.064059], [121.524352, 25.063774], [121.524323, 25.063749], [121.524026, 25.063754]]]]}, "properties": {"name": "公園", "area": 0}}, {"type": "Feature", "geometry": {"type": "MultiPolygon", "coordinates": [[[[121.524122, 25.113399], [121.524182, 25.113668], [121.52445, 25.113621], [121.524566, 25.113624], [121.524578, 25.113622], [121.524589, 25.113617], [121.524597, 25.113609], [121.524603, 25.113599], [121.524604, 25.113588], [121.524602, 25.113579], [121.524519, 25.113361], [121.524514, 25.113351], [121.524505, 25.113344], [121.524494, 25.113339], [121.524482, 25.113338], [121.524477, 25.113339], [121.524206, 25.113384], [121.524122, 25.113399]]]]}, "properties": {"name": "公園", "area": 0}}, {"type": "Feature", "geometry": {"type": "MultiPolygon", "coordinates": [[[[121.524411, 25.04799], [121.524389, 25.048021], [121.52445, 25.048238], [121.525149, 25.048049], [121.525162, 25.048025], [121.525148, 25.047987], [121.525115, 25.0479], [121.525081, 25.047881], [121.524411, 25.04799]]]]}, "properties": {"name": "公園", "area": 0}}, {"type": "Feature", "geometry": {"type": "MultiPolygon", "coordinates": [[[[121.524414, 25.067139], [121.524386, 25.067164], [121.524395, 25.067448], [121.524424, 25.067474], [121.524847, 25.067468], [121.524846, 25.067133], [121.52452, 25.067137], [121.524414, 25.067139]]]]}, "properties": {"name": "公園", "area": 0}}, {"type": "Feature", "geometry": {"type": "MultiPolygon", "coordinates": [[[[121.524423, 25.06142], [121.524388, 25.061443], [121.524392, 25.061532], [121.524397, 25.061641], [121.524426, 25.061666], [121.524533, 25.061665], [121.524984, 25.061663], [121.525011, 25.061635], [121.524987, 25.06153], [121.524966, 25.061438], [121.524933, 25.061417], [121.524423, 25.06142]]]]}, "properties": {"name": "公園", "area": 0}}, {"type": "Feature", "geometry": {"type": "MultiPolygon", "coordinates": [[[[121.524445, 25.03335], [121.526863, 25.032969], [121.526855, 25.032833], [121.526855, 25.032833], [121.524391, 25.03323], [121.524445, 25.03335]]]]}, "properties": {"name": "公園", "area": 0}}, {"type": "Feature", "geometry": {"type": "MultiPolygon", "coordinates": [[[[121.524459, 25.063746], [121.524431, 25.063772], [121.52443, 25.06388], [121.524428, 25.064066], [121.524456, 25.064091], [121.524762, 25.064085], [121.524762, 25.064085], [121.524751, 25.063741], [121.524751, 25.063741], [121.524459, 25.063746]]]]}, "properties": {"name": "公園", "area": 0}}, {"type": "Feature", "geometry": {"type": "MultiPolygon", "coordinates": [[[[121.524506, 25.018875], [121.524314, 25.019182], [121.523796, 25.019647], [121.523519, 25.019786], [121.523266, 25.019825], [121.52327, 25.019883], [121.523316, 25.019996], [121.523195, 25.020038], [121.523138, 25.019903], [121.523096, 25.019889], [121.522977, 25.020072], [121.522959, 25.020101], [121.522955, 25.020109], [121.522951, 25.020117], [121.522948, 25.020126], [121.522945, 25.020135], [121.522944, 25.020144], [121.522943, 25.020153], [121.522943, 25.020162], [121.522945, 25.020171], [121.522946, 25.02018], [121.522949, 25.020188], [121.522953, 25.020197], [121.522957, 25.020205], [121.522962, 25.020213], [121.522968, 25.02022], [121.522974, 25.020227], [121.522981, 25.020233], [121.522989, 25.020239], [121.522997, 25.020244], [121.523005, 25.020249], [121.523014, 25.020253], [121.523024, 25.020256], [121.523113, 25.02028], [121.52347, 25.020377], [121.523987, 25.020517], [121.524888, 25.020744], [121.524895, 25.020746], [121.524902, 25.020747], [121.524909, 25.020749], [121.524916, 25.02075], [121.524923, 25.020752], [121.52493, 25.020753], [121.524937, 25.020754], [121.524944, 25.020755], [121.524952, 25.020756], [121.524959, 25.020757], [121.524966, 25.020758], [121.524973, 25.020759], [121.52498, 25.02076], [121.524988, 25.02076], [121.524995, 25.020761], [121.525002, 25.020761], [121.525009, 25.020761], [121.525017, 25.020761], [121.525024, 25.020762], [121.525031, 25.020762], [121.525038, 25.020762], [121.525046, 25.020761], [121.525053, 25.020761], [121.52506, 25.020761], [121.525067, 25.02076], [121.525075, 25.02076], [121.525082, 25.020759], [121.525089, 25.020759], [121.525096, 25.020758], [121.525103, 25.020757], [121.525111, 25.020756], [121.525118, 25.020755], [121.525125, 25.020754], [121.525132, 25.020752], [121.525139, 25.020751], [121.525146, 25.02075], [121.525153, 25.020748], [121.52516, 25.020747], [121.525167, 25.020745], [121.525174, 25.020743], [121.525181, 25.020741], [121.525188, 25.020739], [121.525195, 25.020737], [121.525202, 25.020735], [121.525209, 25.020733], [121.525216, 25.020731], [121.525222, 25.020728], [121.525229, 25.020726], [121.525236, 25.020723], [121.525243, 25.020721], [121.525249, 25.020718], [121.525256, 25.020715], [121.525262, 25.020713], [121.525269, 25.02071], [121.525275, 25.020707], [121.525282, 25.020703], [121.525288, 25.0207], [121.525294, 25.020697], [121.525301, 25.020694], [121.525307, 25.02069], [121.525313, 25.020687], [121.525319, 25.020683], [121.525325, 25.02068], [121.525331, 25.020676], [121.525337, 25.020672], [121.525343, 25.020668], [121.525349, 25.020664], [121.525354, 25.02066], [121.52536, 25.020656], [121.525366, 25.020652], [121.525371, 25.020648], [121.525377, 25.020643], [121.525382, 25.020639], [121.525388, 25.020635], [121.525393, 25.02063], [121.525398, 25.020626], [121.525404, 25.020621], [121.525409, 25.020616], [121.525414, 25.020612], [121.525419, 25.020607], [121.525424, 25.020602], [121.525428, 25.020597], [121.525433, 25.020592], [121.525438, 25.020587], [121.525442, 25.020582], [121.525447, 25.020577], [121.525451, 25.020571], [121.525456, 25.020566], [121.52546, 25.020561], [121.525464, 25.020555], [121.525468, 25.02055], [121.525472, 25.020544], [121.526184, 25.019565], [121.524718, 25.018692], [121.524679, 25.0187], [121.524581, 25.018852], [121.524513, 25.018815], [121.524506, 25.018875]]]]}, "properties": {"name": "公園", "area": 0}}, {"type": "Feature", "geometry": {"type": "MultiPolygon", "coordinates": [[[[121.524546, 25.058931], [121.524433, 25.059099], [121.524438, 25.059309], [121.524438, 25.059311], [121.525204, 25.059295], [121.525204, 25.059294], [121.525203, 25.059207], [121.525202, 25.05904], [121.525268, 25.05896], [121.525268, 25.058959], [121.525027, 25.058821], [121.524732, 25.058652], [121.524546, 25.058931]]]]}, "properties": {"name": "公園", "area": 0}}, {"type": "Feature", "geometry": {"type": "MultiPolygon", "coordinates": [[[[121.524547, 25.053178], [121.524554, 25.053406], [121.524569, 25.053864], [121.524598, 25.053889], [121.525302, 25.053858], [121.525329, 25.053832], [121.525317, 25.053403], [121.525287, 25.052336], [121.525251, 25.052305], [121.52452, 25.052331], [121.524547, 25.053178]]]]}, "properties": {"name": "公園", "area": 0}}, {"type": "Feature", "geometry": {"type": "MultiPolygon", "coordinates": [[[[121.52455, 25.073435], [121.52455, 25.073435], [121.524969, 25.072841], [121.525012, 25.072781], [121.525057, 25.072723], [121.525106, 25.072668], [121.525158, 25.072614], [121.525213, 25.072564], [121.52527, 25.072516], [121.52533, 25.07247], [121.525393, 25.072427], [121.525458, 25.072388], [121.525505, 25.072362], [121.525662, 25.072306], [121.525905, 25.072214], [121.526248, 25.072071], [121.526572, 25.071952], [121.526876, 25.071845], [121.52704, 25.071762], [121.527231, 25.071638], [121.527387, 25.071501], [121.527479, 25.071401], [121.527553, 25.071305], [121.527618, 25.071143], [121.527656, 25.070972], [121.527682, 25.070812], [121.527694, 25.070663], [121.527663, 25.069483], [121.527409, 25.069484], [121.527432, 25.0704], [121.527267, 25.070553], [121.527214, 25.070913], [121.526917, 25.070966], [121.526891, 25.070966], [121.526895, 25.071128], [121.526888, 25.071215], [121.526779, 25.071328], [121.525583, 25.071334], [121.525586, 25.070142], [121.525116, 25.070169], [121.524973, 25.06906], [121.524819, 25.068516], [121.524032, 25.068532], [121.523188, 25.068887], [121.523286, 25.069255], [121.523393, 25.069661], [121.523684, 25.070761], [121.524109, 25.072366], [121.524396, 25.073457], [121.524396, 25.073457], [121.524411, 25.073468], [121.524428, 25.073477], [121.524447, 25.073482], [121.524466, 25.073483], [121.524486, 25.073481], [121.524504, 25.073475], [121.524521, 25.073466], [121.524535, 25.073455], [121.524547, 25.07344], [121.52455, 25.073435]]]]}, "properties": {"name": "公園", "area": 0}}, {"type": "Feature", "geometry": {"type": "MultiPolygon", "coordinates": [[[[121.524614, 25.11333], [121.524615, 25.113336], [121.524655, 25.113441], [121.524669, 25.113473], [121.524687, 25.113504], [121.524709, 25.113534], [121.524733, 25.113561], [121.524761, 25.113585], [121.524791, 25.113607], [121.524819, 25.113624], [121.524854, 25.11364], [121.524889, 25.113653], [121.524927, 25.113662], [121.524933, 25.113663], [121.525184, 25.11371], [121.525192, 25.113693], [121.525285, 25.113492], [121.525168, 25.113446], [121.52492, 25.113348], [121.524839, 25.113524], [121.524614, 25.11333]]]]}, "properties": {"name": "公園", "area": 0}}, {"type": "Feature", "geometry": {"type": "MultiPolygon", "coordinates": [[[[121.524705, 25.031267], [121.524932, 25.031231], [121.52516, 25.031195], [121.525127, 25.031026], [121.524673, 25.031098], [121.524705, 25.031267]]]]}, "properties": {"name": "公園", "area": 0}}, {"type": "Feature", "geometry": {"type": "MultiPolygon", "coordinates": [[[[121.524712, 25.031273], [121.524895, 25.031225], [121.524788, 25.030785], [121.524788, 25.030785], [121.52462, 25.030819], [121.524712, 25.031273]]]]}, "properties": {"name": "公園", "area": 0}}, {"type": "Feature", "geometry": {"type": "MultiPolygon", "coordinates": [[[[121.52486, 25.082366], [121.525042, 25.082326], [121.525021, 25.082281], [121.524986, 25.082215], [121.524943, 25.082135], [121.52489, 25.082052], [121.52485, 25.081991], [121.52479, 25.081907], [121.524734, 25.081836], [121.524656, 25.081729], [121.524512, 25.08154], [121.52447, 25.081485], [121.524409, 25.081403], [121.524346, 25.081321], [121.524322, 25.081283], [121.524304, 25.081257], [121.524276, 25.08121], [121.524252, 25.081163], [121.524214, 25.081171], [121.524551, 25.082433], [121.52486, 25.082366]]]]}, "properties": {"name": "公園", "area": 0}}, {"type": "Feature", "geometry": {"type": "MultiPolygon", "coordinates": [[[[121.525077, 25.111624], [121.525056, 25.1116], [121.525043, 25.11159], [121.525031, 25.111577], [121.525017, 25.111567], [121.524988, 25.111547], [121.524965, 25.111532], [121.52493, 25.111514], [121.5249, 25.111501], [121.524849, 25.111483], [121.524807, 25.111473], [121.524776, 25.111467], [121.524752, 25.111469], [121.524007, 25.111356], [121.523984, 25.111383], [121.523994, 25.111374], [121.524007, 25.111368], [121.524021, 25.111366], [121.524033, 25.111367], [121.524087, 25.111379], [121.524139, 25.111395], [121.524191, 25.111415], [121.52424, 25.111438], [121.524287, 25.111464], [121.524333, 25.111493], [121.524376, 25.111525], [121.524416, 25.111559], [121.524453, 25.111596], [121.524488, 25.111636], [121.524509, 25.111664], [121.524745, 25.111981], [121.524811, 25.11207], [121.524814, 25.112073], [121.524816, 25.112077], [121.525073, 25.111762], [121.52513, 25.111693], [121.52513, 25.111692], [121.525118, 25.111677], [121.525094, 25.111646], [121.525092, 25.111643], [121.525077, 25.111624]]]]}, "properties": {"name": "公園", "area": 0}}, {"type": "Feature", "geometry": {"type": "MultiPolygon", "coordinates": [[[[121.525188, 25.047859], [121.525169, 25.047891], [121.525205, 25.047987], [121.52523, 25.048052], [121.525256, 25.048065], [121.52559, 25.047985], [121.526051, 25.047876], [121.526071, 25.047845], [121.526024, 25.047682], [121.52599, 25.047664], [121.525188, 25.047859]]]]}, "properties": {"name": "公園", "area": 0}}, {"type": "Feature", "geometry": {"type": "MultiPolygon", "coordinates": [[[[121.525207, 25.103387], [121.525207, 25.103387], [121.525172, 25.103456], [121.525161, 25.103478], [121.525054, 25.103741], [121.525049, 25.103758], [121.525048, 25.103776], [121.525051, 25.103794], [121.525057, 25.103811], [121.525068, 25.103826], [121.525081, 25.10384], [121.525097, 25.10385], [121.525115, 25.103858], [121.525134, 25.103862], [121.525141, 25.103862], [121.525532, 25.103883], [121.52555, 25.103884], [121.525693, 25.103893], [121.525837, 25.103906], [121.525979, 25.103923], [121.526122, 25.103943], [121.526184, 25.103953], [121.526116, 25.102939], [121.525446, 25.102936], [121.525408, 25.103007], [121.525207, 25.103387]]]]}, "properties": {"name": "公園", "area": 0}}, {"type": "Feature", "geometry": {"type": "MultiPolygon", "coordinates": [[[[121.525505, 25.053029], [121.525515, 25.053403], [121.525527, 25.053822], [121.525556, 25.053847], [121.527298, 25.053771], [121.52733, 25.053396], [121.527385, 25.052768], [121.526999, 25.052769], [121.526997, 25.052344], [121.526997, 25.052277], [121.52552, 25.052296], [121.525485, 25.052329], [121.525505, 25.053029]]]]}, "properties": {"name": "公園", "area": 0}}, {"type": "Feature", "geometry": {"type": "MultiPolygon", "coordinates": [[[[121.525566, 25.125881], [121.525743, 25.125804], [121.525887, 25.125805], [121.52592, 25.125805], [121.526005, 25.125832], [121.526068, 25.125853], [121.526187, 25.126007], [121.526588, 25.126025], [121.52661, 25.126025], [121.52661, 25.126025], [121.526624, 25.126012], [121.526648, 25.125981], [121.526655, 25.125934], [121.526655, 25.125912], [121.526655, 25.125891], [121.526652, 25.125886], [121.526603, 25.125822], [121.526537, 25.125718], [121.526513, 25.125696], [121.526488, 25.125658], [121.526463, 25.125621], [121.526449, 25.125599], [121.526413, 25.12556], [121.526392, 25.12551], [121.526373, 25.125499], [121.526332, 25.125431], [121.526316, 25.12535], [121.526302, 25.125293], [121.526289, 25.125234], [121.526205, 25.12516], [121.526196, 25.125172], [121.526186, 25.125182], [121.526174, 25.125188], [121.526159, 25.125192], [121.526145, 25.125192], [121.526131, 25.125188], [121.526129, 25.125188], [121.525949, 25.12549], [121.52549, 25.125455], [121.5253, 25.125311], [121.523904, 25.125288], [121.523904, 25.124163], [121.52453, 25.124175], [121.524534, 25.124162], [121.524543, 25.124133], [121.524608, 25.12391], [121.524568, 25.123836], [121.524457, 25.123778], [121.524333, 25.123707], [121.52416, 25.123746], [121.524085, 25.123693], [121.523979, 25.123621], [121.523979, 25.123621], [121.523979, 25.123621], [121.523815, 25.123529], [121.523728, 25.123534], [121.523762, 25.123594], [121.523749, 25.123618], [121.523716, 25.123647], [121.523705, 25.123646], [121.523672, 25.123672], [121.523672, 25.123691], [121.523647, 25.123699], [121.523627, 25.123701], [121.523618, 25.123731], [121.523616, 25.12377], [121.523546, 25.123874], [121.523539, 25.12388], [121.523507, 25.123908], [121.52348, 25.123937], [121.523432, 25.123964], [121.523407, 25.123969], [121.523382, 25.123967], [121.523345, 25.123997], [121.523339, 25.124022], [121.523329, 25.124028], [121.523254, 25.124077], [121.523252, 25.124077], [121.523235, 25.124077], [121.523205, 25.124076], [121.523167, 25.124094], [121.523136, 25.124067], [121.523116, 25.124058], [121.523094, 25.124038], [121.523065, 25.124045], [121.523036, 25.12404], [121.523016, 25.124021], [121.522965, 25.124032], [121.522938, 25.124028], [121.522924, 25.124004], [121.522866, 25.124011], [121.522827, 25.124015], [121.522807, 25.124002], [121.522781, 25.124004], [121.522766, 25.123986], [121.522731, 25.124], [121.522705, 25.124024], [121.522709, 25.124049], [121.522687, 25.124074], [121.52261, 25.124082], [121.522593, 25.124075], [121.522528, 25.124086], [121.522496, 25.124105], [121.52249, 25.124125], [121.522457, 25.124151], [121.522428, 25.124215], [121.522364, 25.12424], [121.52235, 25.124257], [121.522327, 25.124268], [121.522289, 25.124289], [121.522266, 25.124301], [121.5221, 25.12438], [121.52203, 25.124413], [121.522031, 25.124358], [121.521991, 25.124324], [121.521969, 25.124289], [121.521894, 25.124211], [121.521857, 25.124178], [121.521854, 25.12408], [121.521858, 25.123982], [121.521836, 25.123906], [121.521815, 25.123875], [121.521779, 25.123843], [121.521753, 25.123835], [121.521724, 25.123819], [121.521696, 25.123779], [121.521604, 25.123633], [121.521624, 25.123563], [121.521624, 25.123563], [121.521624, 25.123563], [121.521631, 25.123552], [121.521591, 25.123546], [121.521591, 25.123546], [121.521491, 25.123423], [121.521512, 25.123203], [121.521371, 25.123372], [121.521231, 25.12354], [121.521103, 25.123689], [121.520974, 25.123838], [121.520824, 25.124016], [121.520674, 25.124195], [121.520553, 25.124345], [121.520419, 25.124511], [121.520412, 25.124696], [121.520529, 25.124741], [121.520787, 25.124802], [121.520966, 25.124826], [121.521082, 25.124875], [121.521099, 25.12498], [121.520981, 25.125411], [121.521803, 25.125716], [121.521941, 25.125728], [121.522216, 25.125472], [121.522253, 25.125466], [121.522362, 25.125448], [121.522522, 25.12532], [121.522613, 25.125269], [121.522624, 25.125262], [121.522704, 25.125284], [121.522727, 25.125387], [121.522735, 25.125426], [121.522838, 25.125646], [121.522895, 25.125828], [121.523134, 25.125967], [121.523193, 25.126], [121.523394, 25.126039], [121.523487, 25.126073], [121.523525, 25.126093], [121.523595, 25.126128], [121.523774, 25.125994], [121.523912, 25.125952], [121.52401, 25.126005], [121.524046, 25.126001], [121.524164, 25.125918], [121.524315, 25.125876], [121.524331, 25.125996], [121.524345, 25.126034], [121.524345, 25.126034], [121.524389, 25.126149], [121.524625, 25.126184], [121.524775, 25.126174], [121.525015, 25.126113], [121.525212, 25.126072], [121.525566, 25.125881]]]]}, "properties": {"name": "公園", "area": 0}}, {"type": "Feature", "geometry": {"type": "MultiPolygon", "coordinates": [[[[121.525694, 25.016047], [121.525763, 25.01608], [121.52583, 25.016117], [121.525895, 25.016156], [121.525958, 25.016198], [121.526018, 25.016243], [121.526076, 25.016291], [121.526131, 25.016341], [121.526183, 25.016394], [121.526232, 25.016449], [121.526278, 25.016507], [121.526321, 25.016566], [121.52636, 25.016628], [121.526396, 25.016691], [121.526429, 25.016756], [121.526451, 25.016807], [121.526631, 25.017241], [121.526657, 25.0173], [121.526687, 25.017358], [121.526721, 25.017414], [121.526758, 25.017468], [121.526798, 25.01752], [121.526842, 25.01757], [121.526888, 25.017618], [121.526938, 25.017663], [121.526947, 25.01767], [121.52741, 25.018063], [121.527633, 25.018067], [121.527562, 25.017949], [121.527512, 25.017903], [121.527517, 25.01784], [121.52748, 25.017827], [121.527496, 25.017797], [121.527888, 25.017733], [121.527992, 25.017873], [121.528014, 25.017951], [121.528579, 25.017556], [121.527858, 25.016996], [121.5283, 25.01617], [121.528981, 25.015578], [121.528936, 25.015537], [121.528776, 25.015388], [121.528562, 25.015189], [121.528377, 25.015017], [121.52815, 25.014805], [121.527939, 25.01461], [121.527917, 25.014589], [121.527579, 25.014277], [121.527996, 25.013651], [121.528366, 25.013096], [121.528589, 25.012765], [121.528816, 25.012423], [121.528423, 25.012052], [121.528295, 25.012071], [121.527831, 25.012768], [121.527404, 25.01341], [121.52568, 25.015998], [121.525694, 25.016047]]]]}, "properties": {"name": "公園", "area": 0}}, {"type": "Feature", "geometry": {"type": "MultiPolygon", "coordinates": [[[[121.525712, 25.045986], [121.52552, 25.046033], [121.525866, 25.047271], [121.526074, 25.047213], [121.527529, 25.046763], [121.527784, 25.046685], [121.527732, 25.046659], [121.527543, 25.045965], [121.527435, 25.045569], [121.527209, 25.045623], [121.525712, 25.045986]]]]}, "properties": {"name": "公園", "area": 0}}, {"type": "Feature", "geometry": {"type": "MultiPolygon", "coordinates": [[[[121.526135, 25.047623], [121.526108, 25.04767], [121.526146, 25.047802], [121.526179, 25.047821], [121.52619, 25.04782], [121.526385, 25.047787], [121.527549, 25.047477], [121.527756, 25.047423], [121.527775, 25.047391], [121.527752, 25.047311], [121.527712, 25.047174], [121.527665, 25.047151], [121.527548, 25.047187], [121.526135, 25.047623]]]]}, "properties": {"name": "公園", "area": 0}}, {"type": "Feature", "geometry": {"type": "MultiPolygon", "coordinates": [[[[121.52728, 25.060677], [121.527286, 25.060684], [121.527295, 25.060688], [121.527304, 25.06069], [121.527308, 25.060689], [121.527317, 25.060685], [121.527324, 25.060679], [121.527327, 25.06067], [121.527327, 25.060668], [121.527327, 25.060667], [121.527319, 25.060358], [121.527283, 25.060327], [121.527125, 25.06033], [121.527112, 25.060349], [121.527203, 25.060525], [121.52728, 25.060676], [121.52728, 25.060677]]]]}, "properties": {"name": "公園", "area": 0}}, {"type": "Feature", "geometry": {"type": "MultiPolygon", "coordinates": [[[[121.527347, 25.022204], [121.526922, 25.022572], [121.526894, 25.022597], [121.526914, 25.022638], [121.526972, 25.022634], [121.527443, 25.022597], [121.52758, 25.022586], [121.527606, 25.022559], [121.527574, 25.022145], [121.527516, 25.022085], [121.527486, 25.022084], [121.527441, 25.022123], [121.527347, 25.022204]]]]}, "properties": {"name": "公園", "area": 0}}, {"type": "Feature", "geometry": {"type": "MultiPolygon", "coordinates": [[[[121.527512, 25.032033], [121.528365, 25.031908], [121.528365, 25.031908], [121.528354, 25.031826], [121.528354, 25.031826], [121.527503, 25.031974], [121.527503, 25.031974], [121.527512, 25.032033], [121.527512, 25.032033]]]]}, "properties": {"name": "公園", "area": 0}}, {"type": "Feature", "geometry": {"type": "MultiPolygon", "coordinates": [[[[121.527641, 25.068457], [121.527382, 25.068462], [121.52739, 25.068726], [121.52739, 25.068726], [121.527641, 25.068726], [121.527641, 25.068457]]]]}, "properties": {"name": "公園", "area": 0}}, {"type": "Feature", "geometry": {"type": "MultiPolygon", "coordinates": [[[[121.527781, 25.027862], [121.527781, 25.027862], [121.527843, 25.028202], [121.527985, 25.028179], [121.52816, 25.028152], [121.528177, 25.02813], [121.528135, 25.027901], [121.528126, 25.027853], [121.528122, 25.02783], [121.528098, 25.027814], [121.527781, 25.027862]]]]}, "properties": {"name": "公園", "area": 0}}, {"type": "Feature", "geometry": {"type": "MultiPolygon", "coordinates": [[[[121.528021, 25.041724], [121.528019, 25.04176], [121.528118, 25.041797], [121.528211, 25.041835], [121.528296, 25.041873], [121.528369, 25.041907], [121.528464, 25.041954], [121.528551, 25.042], [121.52856, 25.042], [121.528503, 25.041818], [121.528442, 25.041622], [121.528399, 25.041632], [121.528021, 25.041724]]]]}, "properties": {"name": "公園", "area": 0}}, {"type": "Feature", "geometry": {"type": "MultiPolygon", "coordinates": [[[[121.528152, 25.022916], [121.528243, 25.022909], [121.52831, 25.022904], [121.528336, 25.022877], [121.52833, 25.022757], [121.528316, 25.022637], [121.528286, 25.022614], [121.528124, 25.022626], [121.528152, 25.022916]]]]}, "properties": {"name": "公園", "area": 0}}, {"type": "Feature", "geometry": {"type": "MultiPolygon", "coordinates": [[[[121.528161, 25.068446], [121.528106, 25.068499], [121.528109, 25.068618], [121.528259, 25.068614], [121.528262, 25.068702], [121.529385, 25.068686], [121.52938, 25.068419], [121.528161, 25.068446]]]]}, "properties": {"name": "公園", "area": 0}}, {"type": "Feature", "geometry": {"type": "MultiPolygon", "coordinates": [[[[121.528188, 25.023287], [121.528237, 25.023283], [121.52835, 25.023274], [121.528376, 25.023246], [121.528351, 25.02298], [121.528321, 25.022957], [121.528158, 25.02297], [121.528188, 25.023287]]]]}, "properties": {"name": "公園", "area": 0}}, {"type": "Feature", "geometry": {"type": "MultiPolygon", "coordinates": [[[[121.528221, 25.023622], [121.528284, 25.023617], [121.528382, 25.023609], [121.528408, 25.023581], [121.528386, 25.023351], [121.528355, 25.023328], [121.528194, 25.023341], [121.528221, 25.023622]]]]}, "properties": {"name": "公園", "area": 0}}, {"type": "Feature", "geometry": {"type": "MultiPolygon", "coordinates": [[[[121.528253, 25.024001], [121.528418, 25.023986], [121.528444, 25.023958], [121.528417, 25.023681], [121.528387, 25.023658], [121.528221, 25.023672], [121.528253, 25.024001]]]]}, "properties": {"name": "公園", "area": 0}}, {"type": "Feature", "geometry": {"type": "MultiPolygon", "coordinates": [[[[121.528258, 25.024065], [121.528286, 25.024372], [121.528309, 25.024389], [121.528455, 25.024378], [121.528481, 25.024351], [121.528453, 25.024054], [121.528422, 25.024031], [121.528277, 25.024044], [121.528258, 25.024065]]]]}, "properties": {"name": "公園", "area": 0}}, {"type": "Feature", "geometry": {"type": "MultiPolygon", "coordinates": [[[[121.528313, 25.095037], [121.528531, 25.095071], [121.528595, 25.095082], [121.529416, 25.095211], [121.529367, 25.095488], [121.529299, 25.095875], [121.529299, 25.095877], [121.530312, 25.096061], [121.531357, 25.09625], [121.531938, 25.096359], [121.531443, 25.096035], [121.528353, 25.094019], [121.528353, 25.094018], [121.52827, 25.093963], [121.528279, 25.094019], [121.52828, 25.094019], [121.52831, 25.094209], [121.528324, 25.094311], [121.528335, 25.094412], [121.528341, 25.094514], [121.528344, 25.094616], [121.528342, 25.094718], [121.528337, 25.09482], [121.528328, 25.094922], [121.528314, 25.095024], [121.528312, 25.095037], [121.528313, 25.095037]]]]}, "properties": {"name": "公園", "area": 0}}, {"type": "Feature", "geometry": {"type": "MultiPolygon", "coordinates": [[[[121.528322, 25.055707], [121.528283, 25.055708], [121.528275, 25.055728], [121.528418, 25.055955], [121.52845, 25.056005], [121.528494, 25.056034], [121.528774, 25.056031], [121.5288, 25.056007], [121.5288, 25.055953], [121.528799, 25.055749], [121.528799, 25.055726], [121.528771, 25.055701], [121.52874, 25.055701], [121.528322, 25.055707]]]]}, "properties": {"name": "公園", "area": 0}}, {"type": "Feature", "geometry": {"type": "MultiPolygon", "coordinates": [[[[121.528397, 25.025007], [121.528493, 25.024694], [121.528503, 25.024661], [121.528508, 25.024645], [121.52849, 25.024451], [121.52846, 25.024427], [121.528313, 25.024439], [121.528294, 25.024459], [121.528337, 25.024998], [121.52834, 25.025008], [121.528347, 25.025016], [121.528356, 25.025021], [121.528367, 25.025024], [121.528378, 25.025023], [121.528387, 25.025018], [121.528395, 25.025011], [121.528397, 25.025007]]]]}, "properties": {"name": "公園", "area": 0}}, {"type": "Feature", "geometry": {"type": "MultiPolygon", "coordinates": [[[[121.528529, 25.034818], [121.528565, 25.034912], [121.528645, 25.03501], [121.528765, 25.035155], [121.528934, 25.035112], [121.52895, 25.035089], [121.528938, 25.035014], [121.528896, 25.034752], [121.528863, 25.034733], [121.528529, 25.034818]]]]}, "properties": {"name": "公園", "area": 0}}, {"type": "Feature", "geometry": {"type": "MultiPolygon", "coordinates": [[[[121.528532, 25.048119], [121.528552, 25.048137], [121.528905, 25.048055], [121.528918, 25.048011], [121.528875, 25.047974], [121.528843, 25.047946], [121.528706, 25.047824], [121.528661, 25.047785], [121.528632, 25.047792], [121.528532, 25.048119]]]]}, "properties": {"name": "公園", "area": 0}}, {"type": "Feature", "geometry": {"type": "MultiPolygon", "coordinates": [[[[121.52862, 25.109557], [121.528608, 25.109561], [121.528598, 25.109567], [121.528591, 25.109577], [121.528587, 25.109587], [121.528587, 25.109599], [121.528697, 25.110227], [121.528701, 25.110237], [121.528708, 25.110245], [121.528718, 25.110251], [121.528729, 25.110253], [121.528736, 25.110253], [121.529412, 25.110164], [121.529412, 25.110164], [121.529424, 25.110161], [121.529434, 25.110154], [121.529442, 25.110145], [121.529446, 25.110134], [121.529446, 25.110123], [121.529445, 25.110122], [121.529314, 25.109482], [121.529314, 25.109482], [121.52931, 25.109474], [121.529303, 25.109467], [121.529294, 25.109464], [121.529285, 25.109464], [121.528805, 25.109531], [121.52862, 25.109557]]]]}, "properties": {"name": "公園", "area": 0}}, {"type": "Feature", "geometry": {"type": "MultiPolygon", "coordinates": [[[[121.528777, 25.050601], [121.528778, 25.050683], [121.52912, 25.050681], [121.529119, 25.050598], [121.528958, 25.050599], [121.528777, 25.050601]]]]}, "properties": {"name": "公園", "area": 0}}, {"type": "Feature", "geometry": {"type": "MultiPolygon", "coordinates": [[[[121.528778, 25.050683], [121.528778, 25.050685], [121.528781, 25.050918], [121.528783, 25.051016], [121.528965, 25.051015], [121.529125, 25.051015], [121.529123, 25.050885], [121.52912, 25.050681], [121.528778, 25.050683]]]]}, "properties": {"name": "公園", "area": 0}}, {"type": "Feature", "geometry": {"type": "MultiPolygon", "coordinates": [[[[121.528845, 25.053016], [121.528846, 25.053056], [121.528849, 25.053286], [121.52885, 25.053322], [121.528878, 25.053347], [121.528931, 25.053346], [121.528947, 25.053346], [121.529252, 25.053341], [121.529292, 25.05334], [121.52932, 25.053314], [121.529319, 25.053294], [121.529314, 25.053037], [121.529313, 25.053006], [121.529292, 25.052987], [121.529257, 25.052987], [121.528922, 25.05299], [121.528873, 25.052991], [121.528845, 25.053016]]]]}, "properties": {"name": "公園", "area": 0}}, {"type": "Feature", "geometry": {"type": "MultiPolygon", "coordinates": [[[[121.528905, 25.022016], [121.528902, 25.022033], [121.528906, 25.022041], [121.528923, 25.022046], [121.529189, 25.022023], [121.529214, 25.021995], [121.529208, 25.021933], [121.529174, 25.021915], [121.528905, 25.022016]]]]}, "properties": {"name": "公園", "area": 0}}, {"type": "Feature", "geometry": {"type": "MultiPolygon", "coordinates": [[[[121.528938, 25.090851], [121.528744, 25.091004], [121.528719, 25.091015], [121.528696, 25.091029], [121.528675, 25.091045], [121.528657, 25.091065], [121.528642, 25.091086], [121.528631, 25.091109], [121.52863, 25.091111], [121.528622, 25.091135], [121.528619, 25.09116], [121.528619, 25.091177], [121.528611, 25.091249], [121.528263, 25.091296], [121.5281, 25.091307], [121.527795, 25.091367], [121.527931, 25.092155], [121.527937, 25.092187], [121.528086, 25.09222], [121.529171, 25.09246], [121.529363, 25.092773], [121.529436, 25.092892], [121.529451, 25.092928], [121.529467, 25.092963], [121.529481, 25.093015], [121.529484, 25.093033], [121.529487, 25.09305], [121.529489, 25.093085], [121.529491, 25.093119], [121.529484, 25.093153], [121.529476, 25.093188], [121.529407, 25.093566], [121.529337, 25.093944], [121.529329, 25.094018], [121.529309, 25.094125], [121.529323, 25.094174], [121.529326, 25.094192], [121.529333, 25.094209], [121.529343, 25.094225], [121.529356, 25.094238], [121.52936, 25.094241], [121.529516, 25.094396], [121.52953, 25.094419], [121.529541, 25.094445], [121.529548, 25.094471], [121.529551, 25.094498], [121.529551, 25.094525], [121.529546, 25.094552], [121.529537, 25.094577], [121.529525, 25.094602], [121.529523, 25.094605], [121.531159, 25.095672], [121.531171, 25.095678], [121.531185, 25.09568], [121.531198, 25.095679], [121.53121, 25.095674], [121.531221, 25.095666], [121.531228, 25.095656], [121.531231, 25.095647], [121.531268, 25.095489], [121.531273, 25.095456], [121.531345, 25.095139], [121.531358, 25.095079], [121.531374, 25.09502], [121.531395, 25.094962], [121.531419, 25.094905], [121.531447, 25.09485], [121.531478, 25.094796], [121.531513, 25.094744], [121.531551, 25.094693], [121.531593, 25.094645], [121.531637, 25.0946], [121.531685, 25.094557], [121.531735, 25.094516], [121.531787, 25.094478], [121.531842, 25.094443], [121.531899, 25.094411], [121.531958, 25.094383], [121.532019, 25.094357], [121.532082, 25.094335], [121.532145, 25.094316], [121.53221, 25.094301], [121.532276, 25.094289], [121.532304, 25.094285], [121.532409, 25.094285], [121.532409, 25.094285], [121.532427, 25.094287], [121.532463, 25.094283], [121.532477, 25.094281], [121.532479, 25.094281], [121.532503, 25.094275], [121.532526, 25.09427], [121.532541, 25.094265], [121.532555, 25.09426], [121.532571, 25.094252], [121.532587, 25.094236], [121.532619, 25.09413], [121.532643, 25.09414], [121.532668, 25.094146], [121.532694, 25.094149], [121.532714, 25.094149], [121.532728, 25.094148], [121.532742, 25.094144], [121.532754, 25.094136], [121.532762, 25.094127], [121.532765, 25.094122], [121.53281, 25.09405], [121.532853, 25.094003], [121.532885, 25.093968], [121.532917, 25.093934], [121.532933, 25.093913], [121.532941, 25.093902], [121.532949, 25.093891], [121.532962, 25.093878], [121.532976, 25.093865], [121.532998, 25.093846], [121.533021, 25.09384], [121.533057, 25.093836], [121.533083, 25.093835], [121.533106, 25.093837], [121.533126, 25.093837], [121.533143, 25.093832], [121.533147, 25.093831], [121.533166, 25.093822], [121.533185, 25.093811], [121.533207, 25.093804], [121.533208, 25.093803], [121.53321, 25.093803], [121.533246, 25.0938], [121.533246, 25.0938], [121.533208, 25.09379], [121.53317, 25.093778], [121.533134, 25.093762], [121.533126, 25.093758], [121.533106, 25.09375], [121.533089, 25.093739], [121.533074, 25.093726], [121.533062, 25.09371], [121.533053, 25.093692], [121.533051, 25.093686], [121.533042, 25.093668], [121.533037, 25.093649], [121.533035, 25.093629], [121.533035, 25.093626], [121.533043, 25.093582], [121.533061, 25.093521], [121.533072, 25.093485], [121.533097, 25.093435], [121.533098, 25.093422], [121.5331, 25.093397], [121.533095, 25.09338], [121.533083, 25.093365], [121.53306, 25.09335], [121.53303, 25.093335], [121.533012, 25.093329], [121.532993, 25.093322], [121.532954, 25.093303], [121.532933, 25.093292], [121.532911, 25.093281], [121.53288, 25.093266], [121.532861, 25.093256], [121.532855, 25.093252], [121.532838, 25.093235], [121.532821, 25.093212], [121.532805, 25.093189], [121.532783, 25.093154], [121.532777, 25.093139], [121.532781, 25.093118], [121.532783, 25.093101], [121.532784, 25.093096], [121.532782, 25.093089], [121.53277, 25.093075], [121.532747, 25.093049], [121.532729, 25.093025], [121.532713, 25.092991], [121.532704, 25.092967], [121.532696, 25.092938], [121.532684, 25.092899], [121.532675, 25.092882], [121.532655, 25.092855], [121.532635, 25.09283], [121.532615, 25.092811], [121.532591, 25.092789], [121.532568, 25.092766], [121.532442, 25.092659], [121.532312, 25.09257], [121.532314, 25.092585], [121.532311, 25.092599], [121.532305, 25.092612], [121.532295, 25.092623], [121.532295, 25.092623], [121.532287, 25.09263], [121.53227, 25.092639], [121.532256, 25.092647], [121.532248, 25.09265], [121.532242, 25.092648], [121.5322, 25.092616], [121.532101, 25.092543], [121.532048, 25.092589], [121.531949, 25.092502], [121.531918, 25.092475], [121.531901, 25.092455], [121.531885, 25.092434], [121.53182, 25.092342], [121.531755, 25.092251], [121.531697, 25.09217], [121.531638, 25.092089], [121.531625, 25.092066], [121.531622, 25.09205], [121.531616, 25.092025], [121.531065, 25.091907], [121.531187, 25.091417], [121.531228, 25.091254], [121.531232, 25.091237], [121.531195, 25.091229], [121.5307, 25.091126], [121.530758, 25.090867], [121.530662, 25.090851], [121.530627, 25.090815], [121.530459, 25.090787], [121.530199, 25.090742], [121.529962, 25.0907], [121.529725, 25.090658], [121.529679, 25.090644], [121.529635, 25.090626], [121.529593, 25.090605], [121.529584, 25.0906], [121.529549, 25.090564], [121.529514, 25.090528], [121.529198, 25.090223], [121.528976, 25.090008], [121.528951, 25.089993], [121.528925, 25.08998], [121.528897, 25.089971], [121.528868, 25.089966], [121.528839, 25.089964], [121.528809, 25.089965], [121.52878, 25.089971], [121.528772, 25.089973], [121.528938, 25.090851]]]]}, "properties": {"name": "公園", "area": 0}}, {"type": "Feature", "geometry": {"type": "MultiPolygon", "coordinates": [[[[121.529034, 25.06043], [121.529, 25.060462], [121.529003, 25.060659], [121.529005, 25.060793], [121.529034, 25.060818], [121.529689, 25.060801], [121.529709, 25.060782], [121.529704, 25.060445], [121.529675, 25.060419], [121.529034, 25.06043]]]]}, "properties": {"name": "公園", "area": 0}}, {"type": "Feature", "geometry": {"type": "MultiPolygon", "coordinates": [[[[121.52904, 25.089938], [121.529063, 25.08996], [121.529095, 25.08999], [121.529131, 25.090026], [121.529637, 25.090511], [121.529668, 25.090532], [121.529701, 25.090549], [121.529735, 25.090563], [121.529771, 25.090574], [121.530785, 25.090748], [121.530873, 25.090763], [121.530903, 25.090659], [121.530958, 25.090479], [121.530836, 25.090415], [121.530734, 25.090358], [121.53068, 25.090322], [121.530552, 25.090231], [121.530423, 25.090141], [121.530313, 25.090279], [121.529855, 25.090042], [121.529787, 25.090033], [121.529647, 25.089987], [121.529471, 25.089932], [121.529309, 25.089883], [121.52924, 25.089866], [121.529192, 25.089867], [121.529143, 25.089867], [121.529036, 25.089884], [121.529012, 25.089888], [121.528997, 25.089892], [121.528978, 25.089896], [121.529007, 25.089913], [121.529033, 25.089932], [121.52904, 25.089938]]]]}, "properties": {"name": "公園", "area": 0}}, {"type": "Feature", "geometry": {"type": "MultiPolygon", "coordinates": [[[[121.529175, 25.096425], [121.529116, 25.096636], [121.529108, 25.096665], [121.529247, 25.096691], [121.529253, 25.096669], [121.529258, 25.096659], [121.529266, 25.096651], [121.529276, 25.096646], [121.529288, 25.096644], [121.529296, 25.096645], [121.530061, 25.096786], [121.530075, 25.096786], [121.530089, 25.096784], [121.530101, 25.096777], [121.530111, 25.096768], [121.530118, 25.096757], [121.53012, 25.09675], [121.530211, 25.096337], [121.529247, 25.096162], [121.529247, 25.096163], [121.529216, 25.096274], [121.529175, 25.096425]]]]}, "properties": {"name": "公園", "area": 0}}, {"type": "Feature", "geometry": {"type": "MultiPolygon", "coordinates": [[[[121.529258, 25.094407], [121.52926, 25.094421], [121.529266, 25.094435], [121.529268, 25.094438], [121.529523, 25.094605], [121.529536, 25.09458], [121.529545, 25.094554], [121.52955, 25.094528], [121.529551, 25.094501], [121.529549, 25.094474], [121.529542, 25.094447], [121.529532, 25.094422], [121.529517, 25.094398], [121.529516, 25.094396], [121.52936, 25.094241], [121.529346, 25.094229], [121.529335, 25.094214], [121.529327, 25.094197], [121.529323, 25.094179], [121.529323, 25.094174], [121.529309, 25.094125], [121.529258, 25.094407]]]]}, "properties": {"name": "公園", "area": 0}}, {"type": "Feature", "geometry": {"type": "MultiPolygon", "coordinates": [[[[121.529261, 25.104293], [121.529325, 25.104327], [121.529386, 25.104356], [121.529387, 25.104356], [121.529456, 25.104384], [121.529527, 25.104409], [121.529599, 25.10443], [121.529672, 25.104447], [121.529746, 25.104461], [121.52982, 25.104472], [121.529843, 25.104474], [121.529901, 25.10448], [121.529779, 25.104432], [121.529551, 25.104311], [121.529271, 25.104198], [121.529169, 25.104165], [121.529073, 25.104128], [121.528961, 25.104066], [121.529023, 25.104122], [121.529077, 25.104168], [121.529133, 25.104211], [121.529192, 25.104251], [121.529253, 25.104289], [121.529261, 25.104293]]]]}, "properties": {"name": "公園", "area": 0}}, {"type": "Feature", "geometry": {"type": "MultiPolygon", "coordinates": [[[[121.529422, 25.109444], [121.529411, 25.109448], [121.529402, 25.109454], [121.529396, 25.109463], [121.529393, 25.109473], [121.529394, 25.10948], [121.529525, 25.110114], [121.529525, 25.110115], [121.529529, 25.110126], [121.529537, 25.110135], [121.529547, 25.110141], [121.529559, 25.110144], [121.529569, 25.110144], [121.530325, 25.110046], [121.53027, 25.109649], [121.530226, 25.109328], [121.529488, 25.109435], [121.529422, 25.109444]]]]}, "properties": {"name": "公園", "area": 0}}, {"type": "Feature", "geometry": {"type": "MultiPolygon", "coordinates": [[[[121.529438, 25.068417], [121.52938, 25.068419], [121.529389, 25.068902], [121.529312, 25.068904], [121.529224, 25.068907], [121.529224, 25.068907], [121.529217, 25.068689], [121.528262, 25.068702], [121.528287, 25.069523], [121.52813, 25.069528], [121.52815, 25.070357], [121.528157, 25.070585], [121.528158, 25.070644], [121.528158, 25.070645], [121.528158, 25.070679], [121.529113, 25.070947], [121.530358, 25.071471], [121.531174, 25.071779], [121.531185, 25.071783], [121.531196, 25.071788], [121.531207, 25.071792], [121.531218, 25.071797], [121.531229, 25.071802], [121.531239, 25.071808], [121.531249, 25.071813], [121.53126, 25.071819], [121.53127, 25.071825], [121.53128, 25.071831], [121.531289, 25.071837], [121.531299, 25.071844], [121.531309, 25.07185], [121.531318, 25.071857], [121.531327, 25.071864], [121.531336, 25.071872], [121.531345, 25.071879], [121.531354, 25.071886], [121.531362, 25.071894], [121.531371, 25.071902], [121.531379, 25.07191], [121.531387, 25.071918], [121.531395, 25.071927], [121.531402, 25.071935], [121.53141, 25.071944], [121.531417, 25.071952], [121.531424, 25.071961], [121.53143, 25.07197], [121.531437, 25.07198], [121.531443, 25.071989], [121.53145, 25.071998], [121.531455, 25.072008], [121.531461, 25.072017], [121.531467, 25.072027], [121.531472, 25.072037], [121.531477, 25.072047], [121.531482, 25.072057], [121.531524, 25.072031], [121.531551, 25.072015], [121.531639, 25.071966], [121.531847, 25.071827], [121.532102, 25.071665], [121.532415, 25.07138], [121.532587, 25.071157], [121.532773, 25.070882], [121.532875, 25.070679], [121.532977, 25.070401], [121.532995, 25.070294], [121.53296, 25.068352], [121.531851, 25.068374], [121.531604, 25.06838], [121.529438, 25.068417]]]]}, "properties": {"name": "公園", "area": 0}}, {"type": "Feature", "geometry": {"type": "MultiPolygon", "coordinates": [[[[121.529485, 25.067224], [121.529488, 25.067296], [121.529489, 25.067321], [121.529518, 25.067345], [121.529554, 25.067345], [121.52985, 25.067336], [121.529846, 25.067204], [121.529845, 25.067172], [121.529844, 25.067147], [121.52984, 25.067014], [121.529531, 25.06702], [121.529504, 25.067021], [121.529477, 25.067047], [121.529478, 25.067071], [121.529485, 25.067224]]]]}, "properties": {"name": "公園", "area": 0}}, {"type": "Feature", "geometry": {"type": "MultiPolygon", "coordinates": [[[[121.529561, 25.031322], [121.529553, 25.031326], [121.529547, 25.031333], [121.529546, 25.031341], [121.529546, 25.031341], [121.529603, 25.031616], [121.529603, 25.031617], [121.529624, 25.031721], [121.529664, 25.031928], [121.52968, 25.03201], [121.529681, 25.032019], [121.529682, 25.032023], [121.529685, 25.032027], [121.529691, 25.032034], [121.529699, 25.032039], [121.529709, 25.032042], [121.529718, 25.032041], [121.529727, 25.032037], [121.529745, 25.032023], [121.529794, 25.031888], [121.529954, 25.031452], [121.529932, 25.031414], [121.529561, 25.031322]]]]}, "properties": {"name": "公園", "area": 0}}, {"type": "Feature", "geometry": {"type": "MultiPolygon", "coordinates": [[[[121.529608, 25.102632], [121.529591, 25.102656], [121.529577, 25.102678], [121.529571, 25.102688], [121.529375, 25.102982], [121.529358, 25.10301], [121.529358, 25.10301], [121.529357, 25.10301], [121.529225, 25.103225], [121.529224, 25.103225], [121.529195, 25.103272], [121.5291, 25.103424], [121.528737, 25.103531], [121.528756, 25.103588], [121.528779, 25.103644], [121.528806, 25.103698], [121.528836, 25.103751], [121.528869, 25.103802], [121.528906, 25.103851], [121.528946, 25.103899], [121.528989, 25.103943], [121.529036, 25.103986], [121.529084, 25.104025], [121.529136, 25.104062], [121.529189, 25.104096], [121.529245, 25.104127], [121.529303, 25.104155], [121.529362, 25.104179], [121.529884, 25.104376], [121.529884, 25.104377], [121.529975, 25.104409], [121.530067, 25.104439], [121.53016, 25.104464], [121.530254, 25.104487], [121.530349, 25.104506], [121.530445, 25.104521], [121.530541, 25.104533], [121.530638, 25.104541], [121.530735, 25.104545], [121.530833, 25.104546], [121.53093, 25.104544], [121.531027, 25.104537], [121.5311, 25.10453], [121.531146, 25.104525], [121.530737, 25.103358], [121.530601, 25.103109], [121.530237, 25.103236], [121.530187, 25.103112], [121.530464, 25.103013], [121.530444, 25.102903], [121.530471, 25.102688], [121.530488, 25.102662], [121.530573, 25.102537], [121.53043, 25.102241], [121.530391, 25.102268], [121.530351, 25.102293], [121.530308, 25.102315], [121.530263, 25.102333], [121.530217, 25.102348], [121.53017, 25.102359], [121.530122, 25.102367], [121.530073, 25.102372], [121.530024, 25.102373], [121.529975, 25.10237], [121.529927, 25.102364], [121.529907, 25.10236], [121.52986, 25.102349], [121.529814, 25.102334], [121.529808, 25.102332], [121.529608, 25.102632]]]]}, "properties": {"name": "公園", "area": 0}}, {"type": "Feature", "geometry": {"type": "MultiPolygon", "coordinates": [[[[121.529669, 25.063185], [121.529669, 25.063187], [121.529675, 25.063511], [121.530148, 25.063501], [121.530192, 25.0635], [121.530219, 25.063474], [121.530218, 25.063442], [121.530211, 25.06323], [121.53021, 25.063197], [121.530181, 25.063173], [121.530123, 25.063174], [121.530106, 25.063174], [121.529798, 25.063182], [121.529669, 25.063185]]]]}, "properties": {"name": "公園", "area": 0}}, {"type": "Feature", "geometry": {"type": "MultiPolygon", "coordinates": [[[[121.529891, 25.071739], [121.529849, 25.071962], [121.529653, 25.072347], [121.529653, 25.072347], [121.529646, 25.07236], [121.529444, 25.072754], [121.529974, 25.072999], [121.52996, 25.072887], [121.531437, 25.072286], [121.531345, 25.072109], [121.531341, 25.072102], [121.531337, 25.072095], [121.531333, 25.072087], [121.531329, 25.07208], [121.531325, 25.072073], [121.531321, 25.072066], [121.531316, 25.072059], [121.531312, 25.072052], [121.531307, 25.072046], [121.531302, 25.072039], [121.531297, 25.072032], [121.531291, 25.072026], [121.531286, 25.072019], [121.53128, 25.072013], [121.531275, 25.072007], [121.531269, 25.072001], [121.531263, 25.071995], [121.531256, 25.071989], [121.53125, 25.071984], [121.531244, 25.071978], [121.531237, 25.071973], [121.53123, 25.071967], [121.531224, 25.071962], [121.531217, 25.071957], [121.53121, 25.071952], [121.531203, 25.071947], [121.531195, 25.071943], [121.531188, 25.071938], [121.531181, 25.071934], [121.531173, 25.071929], [121.531165, 25.071925], [121.531157, 25.071921], [121.53115, 25.071918], [121.531142, 25.071914], [121.531134, 25.071911], [121.531126, 25.071907], [121.531117, 25.071904], [121.530298, 25.071595], [121.529946, 25.071447], [121.529946, 25.071447], [121.529891, 25.071739]]]]}, "properties": {"name": "公園", "area": 0}}, {"type": "Feature", "geometry": {"type": "MultiPolygon", "coordinates": [[[[121.530196, 25.096774], [121.530195, 25.096785], [121.530199, 25.096796], [121.530205, 25.096805], [121.530215, 25.096812], [121.530227, 25.096816], [121.531099, 25.096976], [121.531812, 25.097106], [121.531812, 25.097107], [121.532075, 25.097156], [121.532048, 25.09699], [121.532032, 25.096894], [121.532, 25.096698], [121.531995, 25.096684], [121.531987, 25.096672], [121.531977, 25.096663], [121.531963, 25.096656], [121.531952, 25.096653], [121.531709, 25.096609], [121.531691, 25.096605], [121.530289, 25.096351], [121.530265, 25.09646], [121.530196, 25.096774]]]]}, "properties": {"name": "公園", "area": 0}}, {"type": "Feature", "geometry": {"type": "MultiPolygon", "coordinates": [[[[121.530498, 25.039141], [121.530512, 25.039175], [121.53105, 25.039312], [121.531075, 25.039298], [121.531119, 25.039087], [121.531117, 25.038901], [121.531096, 25.038882], [121.530685, 25.038884], [121.530652, 25.038929], [121.530498, 25.039141]]]]}, "properties": {"name": "公園", "area": 0}}, {"type": "Feature", "geometry": {"type": "MultiPolygon", "coordinates": [[[[121.530669, 25.125501], [121.53069, 25.125254], [121.53069, 25.125254], [121.530691, 25.125253], [121.530691, 25.125253], [121.530722, 25.125237], [121.530657, 25.125125], [121.530562, 25.124973], [121.530532, 25.124923], [121.530393, 25.124694], [121.530267, 25.124494], [121.530169, 25.124358], [121.530066, 25.124191], [121.529982, 25.124084], [121.529906, 25.123989], [121.529891, 25.123974], [121.529874, 25.123968], [121.529855, 25.123971], [121.529838, 25.12398], [121.529808, 25.124001], [121.529774, 25.124023], [121.529739, 25.124043], [121.52971, 25.124051], [121.529684, 25.124056], [121.529653, 25.124058], [121.529614, 25.124053], [121.529598, 25.124057], [121.529598, 25.124057], [121.52968, 25.12435], [121.529693, 25.124398], [121.52972, 25.124479], [121.529731, 25.124554], [121.529739, 25.124612], [121.529752, 25.124634], [121.529797, 25.124741], [121.529805, 25.124757], [121.529821, 25.124798], [121.529837, 25.124887], [121.529838, 25.124984], [121.529834, 25.125116], [121.529834, 25.125116], [121.529834, 25.125127], [121.529836, 25.125252], [121.529837, 25.125358], [121.529837, 25.125359], [121.529837, 25.125415], [121.529828, 25.125505], [121.529804, 25.125691], [121.529808, 25.12581], [121.529817, 25.125954], [121.529874, 25.126159], [121.529986, 25.126252], [121.530148, 25.126298], [121.530159, 25.126302], [121.5302, 25.126314], [121.5302, 25.126314], [121.530383, 25.126349], [121.530449, 25.126363], [121.5305, 25.126383], [121.5305, 25.126383], [121.530552, 25.126402], [121.530641, 25.126437], [121.530704, 25.126462], [121.530762, 25.126485], [121.53084, 25.126547], [121.531013, 25.126625], [121.531052, 25.126666], [121.531088, 25.126709], [121.531108, 25.126735], [121.53116, 25.126786], [121.531236, 25.126895], [121.531236, 25.126895], [121.53124, 25.1269], [121.53129, 25.126995], [121.531322, 25.127052], [121.531394, 25.127184], [121.531416, 25.127252], [121.531473, 25.127428], [121.53149, 25.127486], [121.531512, 25.127603], [121.531525, 25.127672], [121.531539, 25.127742], [121.531554, 25.127839], [121.531572, 25.127963], [121.531572, 25.127963], [121.531574, 25.12804], [121.531562, 25.12814], [121.531551, 25.128226], [121.531551, 25.128226], [121.531548, 25.128247], [121.531859, 25.12824], [121.531859, 25.12824], [121.531926, 25.127954], [121.532109, 25.127164], [121.53211, 25.127163], [121.532111, 25.127159], [121.532269, 25.127203], [121.532275, 25.127205], [121.53227, 25.127062], [121.532261, 25.126851], [121.53219, 25.126793], [121.531913, 25.126555], [121.531634, 25.126297], [121.531479, 25.126149], [121.531459, 25.126166], [121.531431, 25.126176], [121.531431, 25.126176], [121.531379, 25.126158], [121.531361, 25.126151], [121.531347, 25.126145], [121.531329, 25.126137], [121.531313, 25.12613], [121.531296, 25.126122], [121.531282, 25.126114], [121.531269, 25.126106], [121.531255, 25.126098], [121.531253, 25.126097], [121.531243, 25.12609], [121.531231, 25.126082], [121.53123, 25.126081], [121.531219, 25.126073], [121.53121, 25.126066], [121.5312, 25.126059], [121.531191, 25.126052], [121.531179, 25.126042], [121.531169, 25.126033], [121.531158, 25.126022], [121.531148, 25.126012], [121.531141, 25.126004], [121.53113, 25.125993], [121.531072, 25.125928], [121.531045, 25.125939], [121.531029, 25.125946], [121.5309, 25.125741], [121.5309, 25.125741], [121.530899, 25.125741], [121.530892, 25.125729], [121.530886, 25.12572], [121.530724, 25.125611], [121.530707, 25.125597], [121.530692, 25.12558], [121.530681, 25.125562], [121.530673, 25.125542], [121.530669, 25.125521], [121.530669, 25.125506], [121.530669, 25.125501]]]]}, "properties": {"name": "公園", "area": 0}}, {"type": "Feature", "geometry": {"type": "MultiPolygon", "coordinates": [[[[121.530699, 25.029342], [121.530694, 25.029341], [121.530665, 25.029365], [121.530666, 25.029381], [121.530685, 25.029664], [121.530686, 25.029672], [121.53071, 25.0297], [121.53073, 25.029706], [121.530993, 25.029782], [121.531438, 25.02991], [121.531509, 25.02993], [121.531544, 25.029914], [121.531693, 25.02952], [121.531672, 25.029489], [121.531436, 25.029453], [121.530699, 25.029342]]]]}, "properties": {"name": "公園", "area": 0}}, {"type": "Feature", "geometry": {"type": "MultiPolygon", "coordinates": [[[[121.531053, 25.018912], [121.531074, 25.018948], [121.531382, 25.018918], [121.53139, 25.018917], [121.531584, 25.018898], [121.531609, 25.01887], [121.531579, 25.018615], [121.531573, 25.018563], [121.531527, 25.018546], [121.531389, 25.018653], [121.531053, 25.018912]]]]}, "properties": {"name": "公園", "area": 0}}, {"type": "Feature", "geometry": {"type": "MultiPolygon", "coordinates": [[[[121.531117, 25.053585], [121.531145, 25.05361], [121.531406, 25.053606], [121.531441, 25.053574], [121.531439, 25.053382], [121.531434, 25.052987], [121.531406, 25.052962], [121.531127, 25.052965], [121.531106, 25.052985], [121.531112, 25.053291], [121.531113, 25.053383], [121.531114, 25.053403], [121.531117, 25.053585]]]]}, "properties": {"name": "公園", "area": 0}}, {"type": "Feature", "geometry": {"type": "MultiPolygon", "coordinates": [[[[121.531406, 25.067686], [121.531461, 25.067685], [121.531601, 25.067683], [121.531709, 25.067681], [121.531742, 25.067681], [121.531769, 25.067655], [121.531759, 25.067378], [121.531759, 25.067378], [121.53173, 25.067353], [121.531691, 25.067354], [121.531599, 25.067355], [121.531396, 25.067359], [121.531396, 25.067359], [121.531406, 25.067686]]]]}, "properties": {"name": "公園", "area": 0}}, {"type": "Feature", "geometry": {"type": "MultiPolygon", "coordinates": [[[[121.531462, 25.0351], [121.531447, 25.035133], [121.53146, 25.035146], [121.531628, 25.035312], [121.53173, 25.035347], [121.531978, 25.03543], [121.53214, 25.035426], [121.532133, 25.035082], [121.531462, 25.0351]]]]}, "properties": {"name": "公園", "area": 0}}, {"type": "Feature", "geometry": {"type": "MultiPolygon", "coordinates": [[[[121.531486, 25.024461], [121.531473, 25.024462], [121.531447, 25.02449], [121.531449, 25.024508], [121.531469, 25.024693], [121.53148, 25.024793], [121.531511, 25.024816], [121.531838, 25.024784], [121.531797, 25.024431], [121.531648, 25.024445], [121.531486, 25.024461]]]]}, "properties": {"name": "公園", "area": 0}}, {"type": "Feature", "geometry": {"type": "MultiPolygon", "coordinates": [[[[121.531508, 25.047536], [121.531514, 25.047541], [121.531536, 25.047561], [121.531727, 25.047559], [121.531755, 25.047532], [121.531752, 25.047215], [121.531723, 25.04719], [121.531539, 25.047193], [121.531512, 25.047219], [121.531504, 25.047226], [121.531508, 25.047536]]]]}, "properties": {"name": "公園", "area": 0}}, {"type": "Feature", "geometry": {"type": "MultiPolygon", "coordinates": [[[[121.531654, 25.056435], [121.531664, 25.056498], [121.531743, 25.05674], [121.531772, 25.056759], [121.531821, 25.056758], [121.53183, 25.056758], [121.532018, 25.056756], [121.532032, 25.056756], [121.532053, 25.056737], [121.532052, 25.056719], [121.532048, 25.056437], [121.53204, 25.056105], [121.53202, 25.056088], [121.532012, 25.05608], [121.532003, 25.056081], [121.531635, 25.056086], [121.53162, 25.056087], [121.531617, 25.056089], [121.5316, 25.056109], [121.531654, 25.056435]]]]}, "properties": {"name": "公園", "area": 0}}, {"type": "Feature", "geometry": {"type": "MultiPolygon", "coordinates": [[[[121.531742, 25.020644], [121.531649, 25.020653], [121.531621, 25.020678], [121.531778, 25.020811], [121.531831, 25.020802], [121.531815, 25.020662], [121.531784, 25.020639], [121.531742, 25.020644]]]]}, "properties": {"name": "公園", "area": 0}}, {"type": "Feature", "geometry": {"type": "MultiPolygon", "coordinates": [[[[121.531806, 25.041711], [121.53178, 25.04175], [121.531851, 25.041872], [121.531952, 25.042047], [121.532197, 25.042], [121.532189, 25.04173], [121.532168, 25.041711], [121.531806, 25.041711]]]]}, "properties": {"name": "公園", "area": 0}}, {"type": "Feature", "geometry": {"type": "MultiPolygon", "coordinates": [[[[121.531882, 25.101807], [121.531923, 25.101812], [121.531931, 25.101812], [121.531965, 25.101814], [121.532003, 25.101813], [121.532039, 25.101811], [121.532072, 25.101808], [121.532115, 25.101801], [121.532153, 25.101793], [121.532186, 25.101784], [121.532222, 25.101772], [121.532263, 25.101756], [121.532328, 25.101726], [121.532367, 25.101706], [121.532413, 25.101684], [121.53267, 25.101555], [121.53278, 25.101501], [121.532844, 25.101468], [121.532819, 25.101402], [121.532819, 25.101402], [121.532813, 25.101392], [121.532804, 25.101384], [121.532793, 25.101379], [121.532785, 25.101378], [121.532785, 25.101378], [121.532581, 25.101362], [121.532551, 25.101359], [121.532527, 25.101358], [121.532426, 25.101348], [121.532325, 25.101334], [121.532225, 25.101317], [121.532126, 25.101296], [121.532027, 25.101272], [121.53193, 25.101244], [121.531834, 25.101213], [121.531739, 25.101179], [121.531646, 25.101141], [121.531555, 25.1011], [121.53155, 25.101097], [121.531549, 25.101097], [121.531449, 25.10105], [121.531394, 25.101023], [121.531377, 25.101016], [121.531347, 25.101001], [121.531308, 25.100983], [121.531264, 25.100962], [121.53126, 25.10096], [121.531201, 25.100932], [121.531133, 25.100901], [121.531061, 25.100866], [121.530986, 25.100831], [121.530911, 25.100796], [121.53084, 25.100762], [121.530796, 25.100741], [121.530944, 25.101003], [121.531951, 25.101489], [121.53194, 25.101541], [121.531882, 25.101807]]]]}, "properties": {"name": "公園", "area": 0}}, {"type": "Feature", "geometry": {"type": "MultiPolygon", "coordinates": [[[[121.531895, 25.065279], [121.531849, 25.06528], [121.531821, 25.065306], [121.531823, 25.065357], [121.531829, 25.065555], [121.53183, 25.06558], [121.531858, 25.065605], [121.531889, 25.065605], [121.532565, 25.065595], [121.532603, 25.065594], [121.532631, 25.065569], [121.53263, 25.065542], [121.532628, 25.065322], [121.532628, 25.065295], [121.532599, 25.065269], [121.532559, 25.06527], [121.532165, 25.065276], [121.531895, 25.065279]]]]}, "properties": {"name": "公園", "area": 0}}, {"type": "Feature", "geometry": {"type": "MultiPolygon", "coordinates": [[[[121.531981, 25.059874], [121.532206, 25.05987], [121.532226, 25.059851], [121.532216, 25.059386], [121.532194, 25.059367], [121.53197, 25.05937], [121.531981, 25.059874]]]]}, "properties": {"name": "公園", "area": 0}}, {"type": "Feature", "geometry": {"type": "MultiPolygon", "coordinates": [[[[121.532151, 25.016026], [121.531974, 25.016198], [121.532073, 25.016283], [121.532138, 25.016338], [121.532186, 25.016328], [121.532274, 25.016134], [121.532151, 25.016026]]]]}, "properties": {"name": "公園", "area": 0}}, {"type": "Feature", "geometry": {"type": "MultiPolygon", "coordinates": [[[[121.532171, 25.050275], [121.532137, 25.050308], [121.532139, 25.050486], [121.532167, 25.050511], [121.532446, 25.050508], [121.532795, 25.050504], [121.532792, 25.050292], [121.532756, 25.050261], [121.532171, 25.050275]]]]}, "properties": {"name": "公園", "area": 0}}, {"type": "Feature", "geometry": {"type": "MultiPolygon", "coordinates": [[[[121.532225, 25.009182], [121.531884, 25.009424], [121.531178, 25.010038], [121.531568, 25.010028], [121.532268, 25.010033], [121.532736, 25.010089], [121.532768, 25.0101], [121.532855, 25.010099], [121.532855, 25.01017], [121.533141, 25.010157], [121.5334, 25.01001], [121.533391, 25.009992], [121.533544, 25.009901], [121.533607, 25.009864], [121.533651, 25.0098], [121.533706, 25.009725], [121.532423, 25.008996], [121.532225, 25.009182]]]]}, "properties": {"name": "公園", "area": 0}}, {"type": "Feature", "geometry": {"type": "MultiPolygon", "coordinates": [[[[121.532288, 25.059942], [121.532293, 25.060112], [121.532297, 25.060275], [121.532326, 25.0603], [121.532486, 25.060297], [121.532513, 25.060271], [121.532507, 25.059938], [121.532486, 25.05992], [121.532309, 25.059923], [121.532288, 25.059942]]]]}, "properties": {"name": "公園", "area": 0}}, {"type": "Feature", "geometry": {"type": "MultiPolygon", "coordinates": [[[[121.532369, 25.104323], [121.532438, 25.10431], [121.532507, 25.104293], [121.532575, 25.104273], [121.532641, 25.10425], [121.532706, 25.104223], [121.532769, 25.104193], [121.532831, 25.10416], [121.53289, 25.104124], [121.532946, 25.104085], [121.533001, 25.104043], [121.533052, 25.103998], [121.533101, 25.103951], [121.533147, 25.103901], [121.53319, 25.10385], [121.533229, 25.103796], [121.533266, 25.10374], [121.533298, 25.103682], [121.533327, 25.103623], [121.533353, 25.103562], [121.533375, 25.103501], [121.533393, 25.103438], [121.533407, 25.103374], [121.533417, 25.10331], [121.533423, 25.103246], [121.533424, 25.103226], [121.533463, 25.102394], [121.533496, 25.101679], [121.533502, 25.101513], [121.533502, 25.101513], [121.533501, 25.101495], [121.533496, 25.101477], [121.533487, 25.101461], [121.533474, 25.101447], [121.533459, 25.101436], [121.533442, 25.101427], [121.533423, 25.101421], [121.533403, 25.10142], [121.533384, 25.101421], [121.533365, 25.101427], [121.533355, 25.101431], [121.533246, 25.101486], [121.532962, 25.10163], [121.532606, 25.101811], [121.532594, 25.101818], [121.532418, 25.101907], [121.532365, 25.101932], [121.53231, 25.101954], [121.532254, 25.101972], [121.532197, 25.101988], [121.532138, 25.101999], [121.532079, 25.102007], [121.53202, 25.102012], [121.53196, 25.102012], [121.5319, 25.10201], [121.531841, 25.102003], [121.531806, 25.101998], [121.531633, 25.101967], [121.531618, 25.101965], [121.531599, 25.101961], [121.531585, 25.101959], [121.531281, 25.101905], [121.531123, 25.101877], [121.531084, 25.101872], [121.531045, 25.10187], [121.531006, 25.101872], [121.530967, 25.101878], [121.530929, 25.101888], [121.530893, 25.1019], [121.530858, 25.101916], [121.530825, 25.101935], [121.530799, 25.101954], [121.530753, 25.10199], [121.530645, 25.102074], [121.53043, 25.102241], [121.530573, 25.102537], [121.530982, 25.102655], [121.531132, 25.102737], [121.531232, 25.102899], [121.531096, 25.103004], [121.531129, 25.103177], [121.530737, 25.103358], [121.531146, 25.104525], [121.532369, 25.104323]]]]}, "properties": {"name": "公園", "area": 0}}, {"type": "Feature", "geometry": {"type": "MultiPolygon", "coordinates": [[[[121.532577, 25.022618], [121.532507, 25.022597], [121.532532, 25.022791], [121.532563, 25.022814], [121.533188, 25.022745], [121.533185, 25.022727], [121.533061, 25.022716], [121.532905, 25.022693], [121.532751, 25.022662], [121.532577, 25.022618]]]]}, "properties": {"name": "公園", "area": 0}}, {"type": "Feature", "geometry": {"type": "MultiPolygon", "coordinates": [[[[121.53261, 25.021871], [121.532567, 25.021875], [121.532446, 25.021888], [121.532518, 25.02192], [121.532525, 25.021923], [121.532533, 25.021927], [121.532541, 25.02193], [121.532549, 25.021933], [121.532557, 25.021936], [121.532564, 25.021939], [121.532572, 25.021943], [121.53258, 25.021946], [121.532588, 25.021949], [121.532596, 25.021952], [121.532604, 25.021955], [121.532612, 25.021958], [121.53262, 25.021961], [121.532628, 25.021964], [121.532636, 25.021967], [121.532644, 25.021969], [121.532652, 25.021972], [121.53266, 25.021975], [121.532668, 25.021978], [121.532676, 25.021981], [121.532684, 25.021983], [121.532692, 25.021986], [121.5327, 25.021989], [121.532708, 25.021991], [121.532716, 25.021994], [121.532724, 25.021997], [121.532732, 25.021999], [121.532741, 25.022002], [121.532749, 25.022004], [121.532757, 25.022007], [121.532765, 25.022009], [121.532773, 25.022012], [121.532781, 25.022014], [121.53279, 25.022016], [121.532798, 25.022019], [121.532806, 25.022021], [121.532811, 25.022022], [121.532814, 25.022023], [121.532822, 25.022025], [121.532831, 25.022028], [121.532839, 25.02203], [121.532847, 25.022032], [121.532855, 25.022034], [121.532864, 25.022036], [121.532872, 25.022038], [121.53288, 25.02204], [121.532889, 25.022042], [121.532897, 25.022044], [121.532905, 25.022046], [121.532914, 25.022048], [121.532922, 25.02205], [121.53293, 25.022052], [121.532939, 25.022054], [121.532947, 25.022055], [121.532955, 25.022057], [121.532964, 25.022059], [121.532972, 25.022061], [121.53298, 25.022062], [121.532989, 25.022064], [121.532997, 25.022066], [121.533006, 25.022067], [121.533014, 25.022069], [121.533022, 25.02207], [121.533031, 25.022072], [121.533039, 25.022073], [121.533048, 25.022075], [121.533056, 25.022076], [121.533065, 25.022077], [121.533073, 25.022079], [121.533082, 25.02208], [121.53309, 25.022081], [121.533099, 25.022083], [121.533107, 25.022084], [121.533115, 25.022085], [121.533117, 25.022085], [121.533093, 25.021845], [121.533062, 25.021822], [121.53261, 25.021871]]]]}, "properties": {"name": "公園", "area": 0}}, {"type": "Feature", "geometry": {"type": "MultiPolygon", "coordinates": [[[[121.532905, 25.120901], [121.532966, 25.121044], [121.532972, 25.121056], [121.532985, 25.121088], [121.533146, 25.121094], [121.533164, 25.121094], [121.533228, 25.121097], [121.533257, 25.121043], [121.533309, 25.120946], [121.533357, 25.120856], [121.533365, 25.120846], [121.533375, 25.120832], [121.533382, 25.120821], [121.533411, 25.12078], [121.533619, 25.120482], [121.533631, 25.120418], [121.533684, 25.120395], [121.53362, 25.120314], [121.53346, 25.12042], [121.533391, 25.120333], [121.533383, 25.120323], [121.533283, 25.120197], [121.533227, 25.120126], [121.533151, 25.12027], [121.53313, 25.12031], [121.533124, 25.12032], [121.533084, 25.120395], [121.533008, 25.120536], [121.532993, 25.120564], [121.532907, 25.120723], [121.532897, 25.120752], [121.53289, 25.120782], [121.532887, 25.120812], [121.532889, 25.120842], [121.532889, 25.120843], [121.532895, 25.120873], [121.532905, 25.120901]]]]}, "properties": {"name": "公園", "area": 0}}, {"type": "Feature", "geometry": {"type": "MultiPolygon", "coordinates": [[[[121.533267, 25.121251], [121.533263, 25.121246], [121.533245, 25.121174], [121.533233, 25.121132], [121.533225, 25.121101], [121.533228, 25.121097], [121.533164, 25.121094], [121.533146, 25.121094], [121.532985, 25.121088], [121.533001, 25.121125], [121.533087, 25.12132], [121.533095, 25.12134], [121.533113, 25.121383], [121.53318, 25.121535], [121.533242, 25.121678], [121.533342, 25.12191], [121.533397, 25.122037], [121.53341, 25.122068], [121.53342, 25.1221], [121.533425, 25.122133], [121.533427, 25.122166], [121.533426, 25.12218], [121.533423, 25.122206], [121.533423, 25.122207], [121.533416, 25.122239], [121.533405, 25.12227], [121.533395, 25.122293], [121.533306, 25.122462], [121.53329, 25.122491], [121.53328, 25.122511], [121.533248, 25.122569], [121.533233, 25.122599], [121.533222, 25.12263], [121.533215, 25.122662], [121.533212, 25.122681], [121.53321, 25.122715], [121.533212, 25.122749], [121.533217, 25.122775], [121.533218, 25.12278], [121.533324, 25.123255], [121.533351, 25.123382], [121.533358, 25.123421], [121.533362, 25.123454], [121.533363, 25.123458], [121.533366, 25.123515], [121.533366, 25.123547], [121.533363, 25.12359], [121.533362, 25.123599], [121.53336, 25.123638], [121.53336, 25.123663], [121.533351, 25.12378], [121.533317, 25.124293], [121.533315, 25.124309], [121.533314, 25.124322], [121.533317, 25.124334], [121.533324, 25.124345], [121.533333, 25.124354], [121.533346, 25.124361], [121.533351, 25.124362], [121.533374, 25.124368], [121.533408, 25.124379], [121.53344, 25.124393], [121.533471, 25.12441], [121.533499, 25.12443], [121.533523, 25.124452], [121.533609, 25.12454], [121.533624, 25.124555], [121.533646, 25.124574], [121.533671, 25.12459], [121.533698, 25.124603], [121.53372, 25.124611], [121.533744, 25.124618], [121.533775, 25.124626], [121.533849, 25.124646], [121.533946, 25.12461], [121.533961, 25.124591], [121.534042, 25.124494], [121.534048, 25.124487], [121.53405, 25.124385], [121.533932, 25.124214], [121.533912, 25.124179], [121.533901, 25.124156], [121.533883, 25.124114], [121.53387, 25.12407], [121.53386, 25.124026], [121.533857, 25.12401], [121.533854, 25.12397], [121.533854, 25.123964], [121.533854, 25.123922], [121.533858, 25.123881], [121.533862, 25.123858], [121.533863, 25.123853], [121.533864, 25.123848], [121.533885, 25.123758], [121.533904, 25.123668], [121.53391, 25.123644], [121.533926, 25.123569], [121.533927, 25.123565], [121.53394, 25.123505], [121.533944, 25.123484], [121.533945, 25.123461], [121.533933, 25.123467], [121.533932, 25.123467], [121.533943, 25.123459], [121.533945, 25.123457], [121.533951, 25.123449], [121.533952, 25.123446], [121.533955, 25.123436], [121.533958, 25.123424], [121.533961, 25.123408], [121.533959, 25.123391], [121.533956, 25.123359], [121.533942, 25.123244], [121.533937, 25.123202], [121.533984, 25.122939], [121.533994, 25.122927], [121.534174, 25.122729], [121.534197, 25.122703], [121.534244, 25.122652], [121.534252, 25.122642], [121.534339, 25.122546], [121.534357, 25.122527], [121.534364, 25.122517], [121.534367, 25.122505], [121.534367, 25.122493], [121.534364, 25.122484], [121.534362, 25.122479], [121.534358, 25.122472], [121.534354, 25.122466], [121.534348, 25.122458], [121.53434, 25.122449], [121.534317, 25.122423], [121.534285, 25.122385], [121.534248, 25.122343], [121.534033, 25.122091], [121.533989, 25.122039], [121.533968, 25.122013], [121.533929, 25.1219], [121.533919, 25.121872], [121.533861, 25.121704], [121.533847, 25.121663], [121.533835, 25.121627], [121.533827, 25.121617], [121.533783, 25.121563], [121.533634, 25.121376], [121.533599, 25.121395], [121.533574, 25.121408], [121.533566, 25.121412], [121.533512, 25.12144], [121.533502, 25.121438], [121.533423, 25.121423], [121.533383, 25.121415], [121.533361, 25.121383], [121.533359, 25.12138], [121.533334, 25.121346], [121.53329, 25.121283], [121.533267, 25.121251]]]]}, "properties": {"name": "公園", "area": 0}}, {"type": "Feature", "geometry": {"type": "MultiPolygon", "coordinates": [[[[121.533813, 25.045589], [121.533813, 25.045361], [121.533119, 25.045553], [121.533119, 25.045553], [121.533127, 25.045597], [121.533813, 25.045589]]]]}, "properties": {"name": "公園", "area": 0}}, {"type": "Feature", "geometry": {"type": "MultiPolygon", "coordinates": [[[[121.533843, 25.030875], [121.533471, 25.031934], [121.533257, 25.032539], [121.533168, 25.032792], [121.533083, 25.033043], [121.533004, 25.033277], [121.532983, 25.033341], [121.533042, 25.033413], [121.535416, 25.033368], [121.5374, 25.03332], [121.537454, 25.033268], [121.537429, 25.031653], [121.537393, 25.029554], [121.537383, 25.028984], [121.537379, 25.028806], [121.537364, 25.027969], [121.537344, 25.026837], [121.537328, 25.025937], [121.537268, 25.02589], [121.53517, 25.026181], [121.53512, 25.026236], [121.535138, 25.026969], [121.53514, 25.027051], [121.535121, 25.027147], [121.535099, 25.027227], [121.535064, 25.027355], [121.535002, 25.027576], [121.534925, 25.027821], [121.53482, 25.028118], [121.534719, 25.028403], [121.534583, 25.02878], [121.534342, 25.029464], [121.533843, 25.030875]]]]}, "properties": {"name": "公園", "area": 0}}, {"type": "Feature", "geometry": {"type": "MultiPolygon", "coordinates": [[[[121.533928, 25.044969], [121.533971, 25.044956], [121.534192, 25.044891], [121.534191, 25.044849], [121.534101, 25.044819], [121.534087, 25.044814], [121.534016, 25.044789], [121.533928, 25.044969]]]]}, "properties": {"name": "公園", "area": 0}}, {"type": "Feature", "geometry": {"type": "MultiPolygon", "coordinates": [[[[121.533939, 25.099416], [121.534025, 25.100209], [121.534025, 25.10021], [121.534026, 25.10021], [121.534675, 25.100189], [121.534589, 25.099413], [121.534588, 25.099413], [121.534494, 25.098566], [121.533827, 25.098424], [121.533846, 25.098586], [121.533939, 25.099416]]]]}, "properties": {"name": "公園", "area": 0}}, {"type": "Feature", "geometry": {"type": "MultiPolygon", "coordinates": [[[[121.533948, 25.044407], [121.533961, 25.044386], [121.533965, 25.044382], [121.533894, 25.044381], [121.533824, 25.04438], [121.533117, 25.044197], [121.533119, 25.044312], [121.533143, 25.044341], [121.533318, 25.044386], [121.533905, 25.044537], [121.533918, 25.044482], [121.533933, 25.044436], [121.533947, 25.04441], [121.533948, 25.044407]]]]}, "properties": {"name": "公園", "area": 0}}, {"type": "Feature", "geometry": {"type": "MultiPolygon", "coordinates": [[[[121.534323, 25.053352], [121.534323, 25.053371], [121.534326, 25.053556], [121.534354, 25.053582], [121.534401, 25.053581], [121.534592, 25.053581], [121.534701, 25.05358], [121.534736, 25.053548], [121.534734, 25.05337], [121.53473, 25.052958], [121.534702, 25.052933], [121.534339, 25.052936], [121.534318, 25.052955], [121.534323, 25.053352]]]]}, "properties": {"name": "公園", "area": 0}}, {"type": "Feature", "geometry": {"type": "MultiPolygon", "coordinates": [[[[121.534513, 25.050573], [121.534535, 25.050592], [121.534992, 25.050589], [121.535013, 25.050569], [121.535008, 25.049758], [121.534987, 25.04974], [121.534522, 25.04975], [121.534501, 25.049769], [121.534513, 25.050573]]]]}, "properties": {"name": "公園", "area": 0}}, {"type": "Feature", "geometry": {"type": "MultiPolygon", "coordinates": [[[[121.534648, 25.035012], [121.534649, 25.035028], [121.535238, 25.035295], [121.535381, 25.035357], [121.535405, 25.035371], [121.535425, 25.035383], [121.53556, 25.035464], [121.53589, 25.035663], [121.535909, 25.035675], [121.535949, 25.03566], [121.535919, 25.035331], [121.535915, 25.035286], [121.535445, 25.035291], [121.535443, 25.034997], [121.535423, 25.034997], [121.535423, 25.034997], [121.534648, 25.035005], [121.534648, 25.035012]]]]}, "properties": {"name": "公園", "area": 0}}, {"type": "Feature", "geometry": {"type": "MultiPolygon", "coordinates": [[[[121.53488, 25.039659], [121.534909, 25.039685], [121.535054, 25.039684], [121.535281, 25.039683], [121.535279, 25.039589], [121.535278, 25.039557], [121.535274, 25.039368], [121.534904, 25.039376], [121.534876, 25.039402], [121.53488, 25.039659]]]]}, "properties": {"name": "公園", "area": 0}}, {"type": "Feature", "geometry": {"type": "MultiPolygon", "coordinates": [[[[121.534988, 25.011673], [121.534584, 25.01166], [121.534576, 25.011843], [121.534576, 25.011843], [121.53492, 25.011858], [121.534988, 25.011673]]]]}, "properties": {"name": "公園", "area": 0}}, {"type": "Feature", "geometry": {"type": "MultiPolygon", "coordinates": [[[[121.535063, 25.118222], [121.53464, 25.118212], [121.534644, 25.11843], [121.534641, 25.118439], [121.534644, 25.118442], [121.534541, 25.118632], [121.534421, 25.118852], [121.534246, 25.11918], [121.534204, 25.119257], [121.534151, 25.11936], [121.534151, 25.11936], [121.534126, 25.119403], [121.534097, 25.119445], [121.534066, 25.119485], [121.534056, 25.119496], [121.534048, 25.119505], [121.53404, 25.119513], [121.534003, 25.119549], [121.533998, 25.119553], [121.53399, 25.11956], [121.533984, 25.119565], [121.533943, 25.119597], [121.533934, 25.119603], [121.533745, 25.119733], [121.533592, 25.119839], [121.533508, 25.119896], [121.53349, 25.119914], [121.533486, 25.119925], [121.533484, 25.119939], [121.533488, 25.119959], [121.533505, 25.119981], [121.533505, 25.119981], [121.534081, 25.120712], [121.534081, 25.120712], [121.53422, 25.120888], [121.534339, 25.121041], [121.53452, 25.121271], [121.534521, 25.12127], [121.534705, 25.121504], [121.534749, 25.121366], [121.534819, 25.121254], [121.534817, 25.121253], [121.534808, 25.121247], [121.534724, 25.121197], [121.534714, 25.121191], [121.534732, 25.121025], [121.534688, 25.120854], [121.534588, 25.120759], [121.534587, 25.120757], [121.534509, 25.120586], [121.534483, 25.120436], [121.534503, 25.120393], [121.534503, 25.120392], [121.534503, 25.120392], [121.534406, 25.120327], [121.534355, 25.120292], [121.534355, 25.120292], [121.534355, 25.12029], [121.534353, 25.120162], [121.534378, 25.120102], [121.534417, 25.120008], [121.534417, 25.120007], [121.534417, 25.120006], [121.534417, 25.119987], [121.534417, 25.119968], [121.534417, 25.119955], [121.534415, 25.119953], [121.534339, 25.119852], [121.534346, 25.119826], [121.534356, 25.119789], [121.534396, 25.119636], [121.534402, 25.119612], [121.534417, 25.119555], [121.534462, 25.119492], [121.534478, 25.119434], [121.534452, 25.119394], [121.534387, 25.11929], [121.534375, 25.119266], [121.53434, 25.119196], [121.534339, 25.119195], [121.534331, 25.119176], [121.534326, 25.119161], [121.534326, 25.119154], [121.534325, 25.119152], [121.534325, 25.119148], [121.534325, 25.119143], [121.534327, 25.119141], [121.534331, 25.119135], [121.534341, 25.119119], [121.534515, 25.118853], [121.534549, 25.118816], [121.534618, 25.118745], [121.534651, 25.118711], [121.534662, 25.118701], [121.534671, 25.118691], [121.534681, 25.11868], [121.534758, 25.118589], [121.534772, 25.118572], [121.535063, 25.118222]]]]}, "properties": {"name": "公園", "area": 0}}, {"type": "Feature", "geometry": {"type": "MultiPolygon", "coordinates": [[[[121.535127, 25.044073], [121.535198, 25.044045], [121.53521, 25.044039], [121.535283, 25.044007], [121.535355, 25.043975], [121.535463, 25.043926], [121.535463, 25.043926], [121.53547, 25.043923], [121.535477, 25.04392], [121.535483, 25.043918], [121.53549, 25.043915], [121.535497, 25.043913], [121.535503, 25.043911], [121.53551, 25.043908], [121.535517, 25.043906], [121.535524, 25.043904], [121.535531, 25.043902], [121.535538, 25.043901], [121.535541, 25.0439], [121.535545, 25.043899], [121.535552, 25.043897], [121.535559, 25.043896], [121.535566, 25.043895], [121.535568, 25.043894], [121.535573, 25.043893], [121.53558, 25.043892], [121.535587, 25.043891], [121.535594, 25.04389], [121.535594, 25.04389], [121.535771, 25.04387], [121.535813, 25.043865], [121.535824, 25.043864], [121.535835, 25.043862], [121.535847, 25.043861], [121.535858, 25.043859], [121.535869, 25.043857], [121.535881, 25.043856], [121.535885, 25.043855], [121.535962, 25.04384], [121.535979, 25.043836], [121.535982, 25.043835], [121.535993, 25.043832], [121.536004, 25.043829], [121.536015, 25.043827], [121.536026, 25.043824], [121.536181, 25.043781], [121.536276, 25.043754], [121.536266, 25.043606], [121.53608, 25.043657], [121.535961, 25.043691], [121.53589, 25.043707], [121.535789, 25.043722], [121.535749, 25.043727], [121.535678, 25.043735], [121.53559, 25.043745], [121.535508, 25.04376], [121.535489, 25.043763], [121.535429, 25.043782], [121.535422, 25.043785], [121.535262, 25.043855], [121.535131, 25.043914], [121.535118, 25.043919], [121.535065, 25.04394], [121.53501, 25.043958], [121.535007, 25.043959], [121.534946, 25.043968], [121.53481, 25.04398], [121.53481, 25.04398], [121.534739, 25.043988], [121.53468, 25.043998], [121.534618, 25.044012], [121.53455, 25.044032], [121.534491, 25.044052], [121.534461, 25.044064], [121.534418, 25.044084], [121.534388, 25.044098], [121.534321, 25.044134], [121.534191, 25.044209], [121.534127, 25.044248], [121.53403, 25.044317], [121.533988, 25.044354], [121.533987, 25.044354], [121.533961, 25.044386], [121.533948, 25.044407], [121.533934, 25.044433], [121.533933, 25.044436], [121.533918, 25.044482], [121.533905, 25.044537], [121.53402, 25.044586], [121.534053, 25.0446], [121.534058, 25.044578], [121.534073, 25.044511], [121.53408, 25.044489], [121.534091, 25.044469], [121.534105, 25.044451], [121.534121, 25.044435], [121.534127, 25.044431], [121.53422, 25.044364], [121.534407, 25.044255], [121.534407, 25.044255], [121.534459, 25.044226], [121.534513, 25.044201], [121.534569, 25.044179], [121.534626, 25.044161], [121.534642, 25.044156], [121.534742, 25.044134], [121.534802, 25.044126], [121.534823, 25.044124], [121.534893, 25.044118], [121.534963, 25.044112], [121.534963, 25.044112], [121.535008, 25.044106], [121.535053, 25.044097], [121.535058, 25.044096], [121.535102, 25.044083], [121.535127, 25.044073]]]]}, "properties": {"name": "公園", "area": 0}}, {"type": "Feature", "geometry": {"type": "MultiPolygon", "coordinates": [[[[121.535187, 25.06516], [121.535132, 25.065162], [121.535127, 25.065162], [121.535099, 25.065188], [121.5351, 25.065212], [121.535106, 25.065421], [121.53511, 25.06557], [121.535111, 25.065596], [121.535156, 25.065615], [121.535174, 25.065601], [121.535424, 25.06541], [121.535555, 25.065289], [121.535678, 25.065176], [121.53567, 25.065147], [121.535554, 25.06515], [121.535187, 25.06516]]]]}, "properties": {"name": "公園", "area": 0}}, {"type": "Feature", "geometry": {"type": "MultiPolygon", "coordinates": [[[[121.535652, 25.060531], [121.535655, 25.060658], [121.53603, 25.060652], [121.536051, 25.060632], [121.536044, 25.060371], [121.536016, 25.060346], [121.535647, 25.060351], [121.535652, 25.060531]]]]}, "properties": {"name": "公園", "area": 0}}, {"type": "Feature", "geometry": {"type": "MultiPolygon", "coordinates": [[[[121.536096, 25.00014], [121.536356, 25.000866], [121.536363, 25.000878], [121.536373, 25.000888], [121.536385, 25.000896], [121.5364, 25.0009], [121.536415, 25.000901], [121.536418, 25.000901], [121.536477, 25.00089], [121.536517, 25.000883], [121.53652, 25.000882], [121.536531, 25.000877], [121.53654, 25.000869], [121.536545, 25.000859], [121.536546, 25.000848], [121.536546, 25.000845], [121.536545, 25.000841], [121.536334, 25.000121], [121.536333, 25.000118], [121.536331, 25.000115], [121.536322, 25.000104], [121.536311, 25.000096], [121.536298, 25.000091], [121.536291, 25.00009], [121.536289, 25.00009], [121.536287, 25.00009], [121.536137, 25.000091], [121.536125, 25.000093], [121.536113, 25.000098], [121.536103, 25.000106], [121.536097, 25.000117], [121.536095, 25.000129], [121.536096, 25.00014]]]]}, "properties": {"name": "公園", "area": 0}}, {"type": "Feature", "geometry": {"type": "MultiPolygon", "coordinates": [[[[121.536122, 25.004049], [121.536103, 25.004183], [121.536089, 25.004286], [121.536522, 25.004254], [121.536554, 25.004087], [121.536665, 25.003507], [121.536665, 25.003495], [121.536663, 25.003489], [121.536659, 25.003483], [121.536652, 25.003476], [121.536645, 25.003472], [121.536632, 25.003469], [121.536243, 25.00345], [121.536237, 25.003451], [121.536234, 25.003451], [121.536227, 25.003452], [121.536224, 25.003454], [121.536218, 25.003456], [121.536213, 25.00346], [121.536211, 25.003462], [121.536205, 25.003468], [121.5362, 25.003477], [121.536198, 25.003487], [121.536122, 25.004049]]]]}, "properties": {"name": "公園", "area": 0}}, {"type": "Feature", "geometry": {"type": "MultiPolygon", "coordinates": [[[[121.536199, 25.00481], [121.536008, 25.004823], [121.535868, 25.004833], [121.535854, 25.004836], [121.535841, 25.004842], [121.535831, 25.004851], [121.535823, 25.004863], [121.53582, 25.004875], [121.53582, 25.004889], [121.535821, 25.004894], [121.535892, 25.005142], [121.535957, 25.005366], [121.535978, 25.005433], [121.535993, 25.005475], [121.536187, 25.005969], [121.536225, 25.006068], [121.536266, 25.006167], [121.536311, 25.006266], [121.53636, 25.006362], [121.536412, 25.006458], [121.536467, 25.006551], [121.536486, 25.006581], [121.536495, 25.006592], [121.536508, 25.006601], [121.536522, 25.006606], [121.536537, 25.006608], [121.536552, 25.006606], [121.536642, 25.006585], [121.536654, 25.00658], [121.536665, 25.006573], [121.536672, 25.006562], [121.536675, 25.006551], [121.536675, 25.006539], [121.536672, 25.006532], [121.536608, 25.006384], [121.536509, 25.006156], [121.536467, 25.006056], [121.53643, 25.005955], [121.536397, 25.005852], [121.536367, 25.005749], [121.536341, 25.005645], [121.536319, 25.00554], [121.536301, 25.005434], [121.536287, 25.005328], [121.536277, 25.005222], [121.536275, 25.005202], [121.53625, 25.00485], [121.536247, 25.004838], [121.53624, 25.004827], [121.53623, 25.004818], [121.536218, 25.004812], [121.536205, 25.00481], [121.536199, 25.00481]]]]}, "properties": {"name": "公園", "area": 0}}, {"type": "Feature", "geometry": {"type": "MultiPolygon", "coordinates": [[[[121.53629, 25.00338], [121.536473, 25.003389], [121.536642, 25.003398], [121.536655, 25.003397], [121.536666, 25.003392], [121.536676, 25.003385], [121.536682, 25.003375], [121.536684, 25.003368], [121.536685, 25.003364], [121.536781, 25.002176], [121.53678, 25.002166], [121.536775, 25.002156], [121.536767, 25.002148], [121.536757, 25.002143], [121.536749, 25.002141], [121.536469, 25.002144], [121.536456, 25.002147], [121.536444, 25.002153], [121.536435, 25.002162], [121.536429, 25.002172], [121.536427, 25.002179], [121.536427, 25.00218], [121.536426, 25.002187], [121.536258, 25.003346], [121.536259, 25.003357], [121.536264, 25.003366], [121.536273, 25.003374], [121.536283, 25.003379], [121.53629, 25.00338]]]]}, "properties": {"name": "公園", "area": 0}}, {"type": "Feature", "geometry": {"type": "MultiPolygon", "coordinates": [[[[121.536353, 25.005695], [121.536354, 25.005698], [121.536354, 25.005699], [121.536353, 25.005695]]]]}, "properties": {"name": "公園", "area": 0}}, {"type": "Feature", "geometry": {"type": "MultiPolygon", "coordinates": [[[[121.536354, 25.0057], [121.536377, 25.005784], [121.536378, 25.005789], [121.536378, 25.005789], [121.536397, 25.005854], [121.536399, 25.005859], [121.536399, 25.005859], [121.536415, 25.005911], [121.536417, 25.005914], [121.536417, 25.005914], [121.536451, 25.006011], [121.536451, 25.006014], [121.536491, 25.006115], [121.536492, 25.006116], [121.536606, 25.006379], [121.536645, 25.00637], [121.536547, 25.006146], [121.536506, 25.006047], [121.536469, 25.005946], [121.536435, 25.005844], [121.536406, 25.005742], [121.53638, 25.005638], [121.536358, 25.005534], [121.53634, 25.005429], [121.536326, 25.005323], [121.536322, 25.005287], [121.536318, 25.005241], [121.536316, 25.005215], [121.536289, 25.004847], [121.53629, 25.004835], [121.536295, 25.004823], [121.536303, 25.004813], [121.536314, 25.004805], [121.53632, 25.004803], [121.536333, 25.0048], [121.536212, 25.004809], [121.536224, 25.004812], [121.536235, 25.004817], [121.536243, 25.004826], [121.536247, 25.004834], [121.536248, 25.00484], [121.53625, 25.00485], [121.536264, 25.005043], [121.536279, 25.005248], [121.53629, 25.005354], [121.536305, 25.00546], [121.536324, 25.005565], [121.536347, 25.00567], [121.536354, 25.0057], [121.536354, 25.0057]]]]}, "properties": {"name": "公園", "area": 0}}, {"type": "Feature", "geometry": {"type": "MultiPolygon", "coordinates": [[[[121.536396, 25.001033], [121.536503, 25.001999], [121.536507, 25.002011], [121.536513, 25.002021], [121.536523, 25.002029], [121.536535, 25.002033], [121.536539, 25.002034], [121.536543, 25.002035], [121.536627, 25.002034], [121.536728, 25.002033], [121.536751, 25.002032], [121.536764, 25.00203], [121.536775, 25.002025], [121.536784, 25.002016], [121.53679, 25.002006], [121.536791, 25.002001], [121.536792, 25.001996], [121.536794, 25.001902], [121.536589, 25.001013], [121.536586, 25.000999], [121.536583, 25.000991], [121.536576, 25.000982], [121.536565, 25.000975], [121.536553, 25.000971], [121.536547, 25.000971], [121.536542, 25.000971], [121.536426, 25.000991], [121.536414, 25.000996], [121.536405, 25.001005], [121.536398, 25.001015], [121.536396, 25.001027], [121.536396, 25.001033]]]]}, "properties": {"name": "公園", "area": 0}}, {"type": "Feature", "geometry": {"type": "MultiPolygon", "coordinates": [[[[121.536451, 25.006014], [121.536451, 25.006013], [121.536451, 25.006011], [121.536417, 25.005914], [121.536416, 25.005913], [121.536415, 25.005911], [121.536399, 25.005859], [121.536398, 25.005856], [121.536397, 25.005854], [121.536378, 25.005789], [121.536377, 25.005786], [121.536377, 25.005784], [121.536354, 25.0057], [121.536354, 25.005698], [121.536353, 25.005695], [121.536337, 25.005624], [121.536336, 25.005622], [121.536336, 25.00562], [121.536321, 25.005548], [121.53632, 25.005546], [121.53632, 25.005544], [121.536308, 25.005476], [121.536307, 25.005474], [121.536307, 25.005472], [121.536299, 25.005423], [121.536299, 25.00542], [121.536299, 25.005419], [121.536289, 25.005349], [121.536289, 25.005348], [121.536289, 25.005347], [121.536279, 25.005249], [121.536279, 25.005248], [121.536279, 25.005248], [121.536275, 25.005202], [121.536264, 25.005043], [121.536262, 25.005027], [121.536248, 25.00484], [121.536242, 25.004829], [121.536233, 25.00482], [121.536221, 25.004813], [121.536208, 25.00481], [121.536199, 25.00481], [121.536008, 25.004823], [121.535868, 25.004833], [121.535868, 25.004833], [121.535854, 25.004836], [121.535841, 25.004842], [121.535831, 25.004851], [121.535823, 25.004863], [121.53582, 25.004875], [121.53582, 25.004889], [121.535821, 25.004894], [121.535892, 25.005142], [121.535957, 25.005366], [121.535978, 25.005433], [121.535993, 25.005475], [121.536187, 25.005969], [121.536225, 25.006068], [121.536266, 25.006167], [121.536311, 25.006266], [121.53636, 25.006362], [121.536412, 25.006458], [121.536467, 25.006551], [121.536486, 25.006581], [121.536495, 25.006592], [121.536508, 25.006601], [121.536522, 25.006606], [121.536537, 25.006608], [121.536552, 25.006606], [121.536642, 25.006585], [121.536654, 25.00658], [121.536665, 25.006573], [121.536672, 25.006562], [121.536675, 25.006551], [121.536675, 25.006539], [121.536672, 25.006532], [121.536608, 25.006384], [121.536509, 25.006156], [121.536492, 25.006116], [121.536491, 25.006115], [121.536491, 25.006115], [121.536452, 25.006014], [121.536451, 25.006014]]]]}, "properties": {"name": "公園", "area": 0}}, {"type": "Feature", "geometry": {"type": "MultiPolygon", "coordinates": [[[[121.536542, 25.024083], [121.536546, 25.024123], [121.536546, 25.024143], [121.536546, 25.024183], [121.536542, 25.024261], [121.536538, 25.024309], [121.536537, 25.024323], [121.536532, 25.024368], [121.536527, 25.024409], [121.536517, 25.024444], [121.536502, 25.024481], [121.536483, 25.024507], [121.536659, 25.024502], [121.536872, 25.024496], [121.536837, 25.024087], [121.536712, 25.024085], [121.53671, 25.024085], [121.536605, 25.024084], [121.536605, 25.024084], [121.536542, 25.024083]]]]}, "properties": {"name": "公園", "area": 0}}, {"type": "Feature", "geometry": {"type": "MultiPolygon", "coordinates": [[[[121.536811, 25.0996], [121.536872, 25.099676], [121.536873, 25.099676], [121.536877, 25.099681], [121.537362, 25.099403], [121.537386, 25.099389], [121.537404, 25.099379], [121.537741, 25.099186], [121.538566, 25.098712], [121.539307, 25.098287], [121.53931, 25.098286], [121.54006, 25.097856], [121.541019, 25.097579], [121.541442, 25.097457], [121.541442, 25.097454], [121.539911, 25.097574], [121.53981, 25.097603], [121.537996, 25.098118], [121.536843, 25.099192], [121.536818, 25.099218], [121.536797, 25.099245], [121.536779, 25.099275], [121.536764, 25.099306], [121.536754, 25.099338], [121.536747, 25.099371], [121.536744, 25.099405], [121.536744, 25.099405], [121.536745, 25.099439], [121.53675, 25.099473], [121.536759, 25.099505], [121.536772, 25.099537], [121.536788, 25.099567], [121.536808, 25.099596], [121.536811, 25.0996]]]]}, "properties": {"name": "公園", "area": 0}}, {"type": "Feature", "geometry": {"type": "MultiPolygon", "coordinates": [[[[121.536971, 25.043746], [121.53697, 25.043908], [121.538209, 25.04397], [121.53824, 25.043948], [121.538264, 25.043837], [121.53824, 25.043808], [121.53816, 25.043804], [121.536971, 25.043746]]]]}, "properties": {"name": "公園", "area": 0}}, {"type": "Feature", "geometry": {"type": "MultiPolygon", "coordinates": [[[[121.537221, 25.046059], [121.537395, 25.046086], [121.537743, 25.046141], [121.537779, 25.045761], [121.537636, 25.045759], [121.537244, 25.045753], [121.537228, 25.045771], [121.537221, 25.046059]]]]}, "properties": {"name": "公園", "area": 0}}, {"type": "Feature", "geometry": {"type": "MultiPolygon", "coordinates": [[[[121.537398, 25.063822], [121.537398, 25.063832], [121.537398, 25.063842], [121.537399, 25.063852], [121.537399, 25.063862], [121.537399, 25.063873], [121.537399, 25.063883], [121.537399, 25.063893], [121.537399, 25.063903], [121.537399, 25.063913], [121.537399, 25.063923], [121.537398, 25.063933], [121.537398, 25.063943], [121.537398, 25.063953], [121.537398, 25.063963], [121.537397, 25.063973], [121.537397, 25.063984], [121.537397, 25.063994], [121.537396, 25.064004], [121.537396, 25.064014], [121.537395, 25.064024], [121.537395, 25.064034], [121.537394, 25.064044], [121.537394, 25.064054], [121.537393, 25.064064], [121.537392, 25.064074], [121.537391, 25.064084], [121.537391, 25.064094], [121.53739, 25.064105], [121.537389, 25.064115], [121.537388, 25.064125], [121.537387, 25.064135], [121.537386, 25.064145], [121.537385, 25.064155], [121.537384, 25.064165], [121.537383, 25.064175], [121.537382, 25.064185], [121.537381, 25.064194], [121.537381, 25.064195], [121.53738, 25.064205], [121.537379, 25.064215], [121.537378, 25.064225], [121.537376, 25.064235], [121.537375, 25.064242], [121.537391, 25.064256], [121.538148, 25.06425], [121.539515, 25.06424], [121.540829, 25.06423], [121.540863, 25.064198], [121.540863, 25.064181], [121.540847, 25.063386], [121.540838, 25.062939], [121.54083, 25.062573], [121.540795, 25.062542], [121.539508, 25.06255], [121.537427, 25.062563], [121.537372, 25.062615], [121.537398, 25.063822]]]]}, "properties": {"name": "公園", "area": 0}}, {"type": "Feature", "geometry": {"type": "MultiPolygon", "coordinates": [[[[121.537461, 25.007533], [121.536976, 25.006978], [121.536775, 25.006659], [121.536767, 25.00665], [121.536756, 25.006643], [121.536743, 25.006639], [121.53673, 25.006639], [121.536726, 25.00664], [121.536616, 25.006666], [121.536604, 25.00667], [121.536593, 25.006678], [121.536585, 25.006688], [121.536581, 25.0067], [121.53658, 25.006713], [121.536584, 25.006725], [121.536588, 25.006731], [121.536653, 25.006819], [121.536722, 25.006905], [121.536794, 25.006989], [121.536869, 25.007071], [121.536947, 25.00715], [121.536996, 25.007196], [121.537389, 25.007565], [121.537397, 25.007575], [121.537408, 25.007583], [121.537421, 25.007587], [121.537435, 25.007588], [121.537449, 25.007586], [121.537461, 25.00758], [121.537469, 25.007573], [121.537473, 25.007562], [121.537472, 25.007551], [121.537467, 25.007541], [121.537461, 25.007533]]]]}, "properties": {"name": "公園", "area": 0}}, {"type": "Feature", "geometry": {"type": "MultiPolygon", "coordinates": [[[[121.537521, 24.99365], [121.537408, 24.993991], [121.537408, 24.993991], [121.537367, 24.994086], [121.537323, 24.994181], [121.537275, 24.994273], [121.53727, 24.994282], [121.537795, 24.993925], [121.537933, 24.99383], [121.538118, 24.99296], [121.537953, 24.992521], [121.537671, 24.991769], [121.537427, 24.991119], [121.537098, 24.990246], [121.537072, 24.99018], [121.53705, 24.990112], [121.537032, 24.990044], [121.537018, 24.989975], [121.537008, 24.989905], [121.537001, 24.989835], [121.536999, 24.989765], [121.537001, 24.989694], [121.537006, 24.989624], [121.537008, 24.989608], [121.536976, 24.989679], [121.536948, 24.989752], [121.536924, 24.989826], [121.536903, 24.9899], [121.536886, 24.989976], [121.536874, 24.990052], [121.536865, 24.990128], [121.53686, 24.990205], [121.536859, 24.990282], [121.536862, 24.990359], [121.536869, 24.990436], [121.53688, 24.990512], [121.536895, 24.990588], [121.536913, 24.990663], [121.536936, 24.990738], [121.53695, 24.990777], [121.5375, 24.992278], [121.53753, 24.992364], [121.537555, 24.992451], [121.537577, 24.992539], [121.537595, 24.992628], [121.537609, 24.992717], [121.53762, 24.992807], [121.537626, 24.992897], [121.537628, 24.992988], [121.537626, 24.993078], [121.537621, 24.993168], [121.537611, 24.993258], [121.537598, 24.993347], [121.53758, 24.993436], [121.537559, 24.993524], [121.537534, 24.993612], [121.537521, 24.99365]]]]}, "properties": {"name": "公園", "area": 0}}, {"type": "Feature", "geometry": {"type": "MultiPolygon", "coordinates": [[[[121.537563, 25.07271], [121.536717, 25.072732], [121.537207, 25.072768], [121.538116, 25.072866], [121.538115, 25.072696], [121.537563, 25.07271]]]]}, "properties": {"name": "公園", "area": 0}}, {"type": "Feature", "geometry": {"type": "MultiPolygon", "coordinates": [[[[121.537665, 25.085384], [121.537682, 25.085291], [121.537659, 25.085262], [121.536979, 25.08517], [121.536978, 25.085169], [121.536952, 25.085164], [121.536927, 25.085155], [121.536904, 25.085143], [121.536883, 25.085128], [121.536865, 25.085111], [121.53685, 25.085091], [121.536838, 25.085069], [121.53683, 25.085046], [121.536826, 25.085022], [121.536826, 25.084998], [121.53683, 25.084974], [121.536837, 25.08495], [121.536843, 25.084938], [121.536902, 25.084827], [121.536873, 25.084825], [121.536825, 25.084884], [121.536783, 25.084914], [121.536766, 25.084917], [121.536705, 25.084927], [121.536648, 25.08491], [121.536565, 25.08491], [121.53653, 25.084946], [121.536415, 25.085147], [121.536408, 25.085236], [121.536389, 25.08546], [121.536316, 25.08546], [121.536299, 25.08566], [121.536331, 25.08585], [121.536493, 25.08591], [121.536807, 25.085865], [121.53685, 25.085774], [121.536801, 25.085743], [121.536773, 25.08561], [121.536865, 25.085517], [121.536886, 25.085448], [121.536868, 25.085399], [121.536913, 25.0853], [121.537018, 25.085241], [121.537307, 25.085351], [121.537546, 25.085368], [121.537606, 25.085392], [121.537665, 25.085384]]]]}, "properties": {"name": "公園", "area": 0}}, {"type": "Feature", "geometry": {"type": "MultiPolygon", "coordinates": [[[[121.537798, 25.011408], [121.537881, 25.011473], [121.537918, 25.011503], [121.538093, 25.011645], [121.538274, 25.011356], [121.537835, 25.011344], [121.537822, 25.011346], [121.53781, 25.011352], [121.5378, 25.01136], [121.537796, 25.011366], [121.537792, 25.011378], [121.537791, 25.01139], [121.537795, 25.011402], [121.537798, 25.011408]]]]}, "properties": {"name": "公園", "area": 0}}, {"type": "Feature", "geometry": {"type": "MultiPolygon", "coordinates": [[[[121.538042, 25.04727], [121.538069, 25.047298], [121.538302, 25.047291], [121.538315, 25.047265], [121.538317, 25.047058], [121.538317, 25.047058], [121.538311, 25.047038], [121.53823, 25.047025], [121.538119, 25.047006], [121.538086, 25.047027], [121.538042, 25.04727]]]]}, "properties": {"name": "公園", "area": 0}}, {"type": "Feature", "geometry": {"type": "MultiPolygon", "coordinates": [[[[121.538148, 25.096489], [121.537184, 25.096144], [121.536324, 25.096506], [121.536258, 25.096891], [121.536141, 25.09757], [121.535867, 25.097072], [121.535793, 25.097153], [121.535694, 25.09726], [121.535537, 25.09743], [121.534912, 25.098111], [121.5357, 25.098625], [121.535989, 25.098814], [121.536029, 25.098838], [121.536072, 25.098859], [121.536078, 25.098862], [121.536113, 25.09887], [121.536194, 25.098888], [121.536266, 25.098903], [121.536326, 25.098907], [121.53638, 25.098904], [121.536421, 25.098899], [121.536465, 25.098891], [121.536494, 25.098885], [121.536519, 25.098876], [121.536564, 25.098861], [121.53662, 25.098836], [121.536656, 25.098817], [121.536714, 25.098783], [121.536751, 25.098757], [121.536774, 25.098737], [121.536789, 25.098726], [121.537783, 25.0978], [121.538221, 25.097676], [121.538294, 25.097567], [121.53841, 25.097308], [121.538317, 25.096958], [121.538309, 25.096489], [121.538309, 25.096489], [121.538307, 25.096489], [121.538148, 25.096489]]]]}, "properties": {"name": "公園", "area": 0}}, {"type": "Feature", "geometry": {"type": "MultiPolygon", "coordinates": [[[[121.53863, 25.044047], [121.538668, 25.044445], [121.539493, 25.044395], [121.539629, 25.04441], [121.539656, 25.044387], [121.539643, 25.044131], [121.539613, 25.044103], [121.539466, 25.044095], [121.53863, 25.044047]]]]}, "properties": {"name": "公園", "area": 0}}, {"type": "Feature", "geometry": {"type": "MultiPolygon", "coordinates": [[[[121.538641, 25.055739], [121.538663, 25.055758], [121.538773, 25.055755], [121.539028, 25.055749], [121.539055, 25.055723], [121.53904, 25.055196], [121.539011, 25.055171], [121.538637, 25.055181], [121.538617, 25.0552], [121.538641, 25.055739]]]]}, "properties": {"name": "公園", "area": 0}}, {"type": "Feature", "geometry": {"type": "MultiPolygon", "coordinates": [[[[121.539292, 25.061308], [121.539293, 25.061384], [121.539321, 25.061409], [121.539503, 25.061408], [121.53957, 25.061407], [121.539591, 25.061388], [121.539587, 25.061119], [121.539566, 25.0611], [121.539501, 25.061101], [121.539317, 25.061102], [121.539289, 25.061128], [121.539292, 25.061308]]]]}, "properties": {"name": "公園", "area": 0}}, {"type": "Feature", "geometry": {"type": "MultiPolygon", "coordinates": [[[[121.539316, 25.026269], [121.539324, 25.026282], [121.539349, 25.026323], [121.539364, 25.026347], [121.539516, 25.026294], [121.539469, 25.026036], [121.539348, 25.026053], [121.53923, 25.026069], [121.539212, 25.026102], [121.539316, 25.026269]]]]}, "properties": {"name": "公園", "area": 0}}, {"type": "Feature", "geometry": {"type": "MultiPolygon", "coordinates": [[[[121.539426, 25.043875], [121.538376, 25.043816], [121.538345, 25.043838], [121.538321, 25.043948], [121.538345, 25.043977], [121.539427, 25.044038], [121.539474, 25.044041], [121.540667, 25.044109], [121.54168, 25.044102], [121.542168, 25.044022], [121.542191, 25.043993], [121.542174, 25.043883], [121.542142, 25.043862], [121.541923, 25.043896], [121.541664, 25.043937], [121.540724, 25.043949], [121.539426, 25.043875]]]]}, "properties": {"name": "公園", "area": 0}}, {"type": "Feature", "geometry": {"type": "MultiPolygon", "coordinates": [[[[121.539491, 25.058635], [121.539296, 25.058689], [121.539303, 25.058727], [121.539377, 25.058726], [121.539491, 25.058725], [121.539609, 25.058723], [121.539637, 25.058697], [121.539635, 25.058625], [121.539603, 25.058604], [121.539491, 25.058635]]]]}, "properties": {"name": "公園", "area": 0}}, {"type": "Feature", "geometry": {"type": "MultiPolygon", "coordinates": [[[[121.539536, 25.052877], [121.53951, 25.052902], [121.539517, 25.053159], [121.539521, 25.053344], [121.539549, 25.053367], [121.540057, 25.053355], [121.540068, 25.053334], [121.539951, 25.053187], [121.53992, 25.053142], [121.539893, 25.053105], [121.539814, 25.052887], [121.53979, 25.052871], [121.539536, 25.052877]]]]}, "properties": {"name": "公園", "area": 0}}, {"type": "Feature", "geometry": {"type": "MultiPolygon", "coordinates": [[[[121.539759, 25.027753], [121.539754, 25.02778], [121.539803, 25.027843], [121.54046, 25.027834], [121.540488, 25.027808], [121.540482, 25.027493], [121.540454, 25.027468], [121.540328, 25.027471], [121.540198, 25.027473], [121.539759, 25.027753]]]]}, "properties": {"name": "公園", "area": 0}}, {"type": "Feature", "geometry": {"type": "MultiPolygon", "coordinates": [[[[121.5398, 24.996723], [121.540017, 24.996789], [121.54024, 24.996856], [121.540251, 24.996858], [121.540263, 24.996856], [121.540272, 24.996851], [121.54028, 24.996842], [121.540283, 24.996837], [121.540282, 24.996832], [121.540334, 24.996465], [121.540336, 24.996457], [121.540333, 24.996449], [121.540327, 24.996442], [121.540319, 24.996439], [121.54031, 24.996439], [121.540306, 24.99644], [121.539797, 24.996702], [121.539793, 24.996707], [121.539792, 24.996714], [121.539795, 24.99672], [121.5398, 24.996723]]]]}, "properties": {"name": "公園", "area": 0}}, {"type": "Feature", "geometry": {"type": "MultiPolygon", "coordinates": [[[[121.540332, 25.053467], [121.540323, 25.053487], [121.540331, 25.053497], [121.540349, 25.05352], [121.540351, 25.053523], [121.540391, 25.053573], [121.54039, 25.053541], [121.54039, 25.053509], [121.540389, 25.053441], [121.540344, 25.053443], [121.540332, 25.053467]]]]}, "properties": {"name": "公園", "area": 0}}, {"type": "Feature", "geometry": {"type": "MultiPolygon", "coordinates": [[[[121.540363, 24.995862], [121.54037, 24.995869], [121.540379, 24.995873], [121.54039, 24.995874], [121.5404, 24.995871], [121.540408, 24.995865], [121.540413, 24.995856], [121.540415, 24.995851], [121.540439, 24.995667], [121.54044, 24.995656], [121.540438, 24.995645], [121.540431, 24.995635], [121.540422, 24.995627], [121.54041, 24.995623], [121.540405, 24.995622], [121.54024, 24.995607], [121.540231, 24.995606], [121.540221, 24.995606], [121.540213, 24.99561], [121.540207, 24.995617], [121.540204, 24.995626], [121.540206, 24.995634], [121.540207, 24.995637], [121.540208, 24.995639], [121.540319, 24.9958], [121.540363, 24.995862]]]]}, "properties": {"name": "公園", "area": 0}}, {"type": "Feature", "geometry": {"type": "MultiPolygon", "coordinates": [[[[121.540588, 25.053314], [121.541962, 25.053301], [121.541954, 25.052862], [121.540604, 25.052881], [121.540604, 25.052881], [121.540588, 25.053314]]]]}, "properties": {"name": "公園", "area": 0}}, {"type": "Feature", "geometry": {"type": "MultiPolygon", "coordinates": [[[[121.540606, 25.052851], [121.540579, 25.052877], [121.540582, 25.053106], [121.540585, 25.053311], [121.540612, 25.053334], [121.541801, 25.05331], [121.542002, 25.053306], [121.542028, 25.053281], [121.542017, 25.052846], [121.541988, 25.052821], [121.541846, 25.052824], [121.541675, 25.052828], [121.540606, 25.052851]]]]}, "properties": {"name": "公園", "area": 0}}, {"type": "Feature", "geometry": {"type": "MultiPolygon", "coordinates": [[[[121.540746, 25.042514], [121.540746, 25.042548], [121.540747, 25.042613], [121.540776, 25.042639], [121.541172, 25.042634], [121.541168, 25.042381], [121.541118, 25.042381], [121.541051, 25.042382], [121.540984, 25.042383], [121.540772, 25.042385], [121.540745, 25.042411], [121.540746, 25.042514]]]]}, "properties": {"name": "公園", "area": 0}}, {"type": "Feature", "geometry": {"type": "MultiPolygon", "coordinates": [[[[121.540758, 25.011427], [121.540138, 25.011409], [121.540412, 25.011589], [121.540593, 25.011708], [121.540782, 25.011479], [121.540787, 25.01147], [121.540789, 25.011459], [121.540787, 25.011448], [121.540782, 25.011439], [121.540773, 25.011432], [121.540762, 25.011428], [121.540758, 25.011427]]]]}, "properties": {"name": "公園", "area": 0}}, {"type": "Feature", "geometry": {"type": "MultiPolygon", "coordinates": [[[[121.540776, 25.042693], [121.540749, 25.042719], [121.54075, 25.042818], [121.54075, 25.042818], [121.541174, 25.042817], [121.541173, 25.042689], [121.541071, 25.04269], [121.540776, 25.042693]]]]}, "properties": {"name": "公園", "area": 0}}, {"type": "Feature", "geometry": {"type": "MultiPolygon", "coordinates": [[[[121.540858, 25.047378], [121.54085, 25.047728], [121.541009, 25.047729], [121.541213, 25.04773], [121.541237, 25.047714], [121.54132, 25.047458], [121.541304, 25.047435], [121.541256, 25.047429], [121.540858, 25.047378]]]]}, "properties": {"name": "公園", "area": 0}}, {"type": "Feature", "geometry": {"type": "MultiPolygon", "coordinates": [[[[121.540956, 25.004938], [121.540959, 25.005349], [121.540961, 25.005362], [121.540967, 25.005373], [121.540976, 25.005383], [121.540988, 25.005391], [121.541001, 25.005395], [121.541004, 25.005395], [121.541204, 25.005413], [121.541218, 25.005413], [121.54123, 25.005409], [121.541241, 25.005401], [121.541248, 25.005391], [121.541252, 25.00538], [121.541253, 25.005373], [121.541253, 25.005373], [121.541247, 25.004935], [121.541244, 25.004922], [121.541239, 25.004911], [121.541229, 25.004902], [121.541218, 25.004895], [121.541204, 25.004892], [121.541199, 25.004892], [121.541003, 25.004895], [121.54099, 25.004896], [121.540977, 25.004902], [121.540967, 25.00491], [121.54096, 25.004921], [121.540956, 25.004933], [121.540956, 25.004938]]]]}, "properties": {"name": "公園", "area": 0}}, {"type": "Feature", "geometry": {"type": "MultiPolygon", "coordinates": [[[[121.541008, 25.023051], [121.541065, 25.023036], [121.54105, 25.022435], [121.541022, 25.02241], [121.540902, 25.022413], [121.540868, 25.022438], [121.540713, 25.022552], [121.540706, 25.022587], [121.541008, 25.023051]]]]}, "properties": {"name": "公園", "area": 0}}, {"type": "Feature", "geometry": {"type": "MultiPolygon", "coordinates": [[[[121.541199, 25.004892], [121.541213, 25.004894], [121.541225, 25.004899], [121.541235, 25.004907], [121.541243, 25.004918], [121.541246, 25.00493], [121.541247, 25.004935], [121.541253, 25.005373], [121.541253, 25.005373], [121.541251, 25.005385], [121.541245, 25.005396], [121.541236, 25.005405], [121.541225, 25.005411], [121.541212, 25.005414], [121.541204, 25.005413], [121.54133, 25.005425], [121.541335, 25.00542], [121.541327, 25.005414], [121.541319, 25.005403], [121.541314, 25.005391], [121.541312, 25.005381], [121.541311, 25.005306], [121.541306, 25.004934], [121.541308, 25.004922], [121.541313, 25.004911], [121.541322, 25.004901], [121.541333, 25.004894], [121.541346, 25.00489], [121.541347, 25.00489], [121.541199, 25.004892]]]]}, "properties": {"name": "公園", "area": 0}}, {"type": "Feature", "geometry": {"type": "MultiPolygon", "coordinates": [[[[121.541222, 25.026157], [121.541246, 25.026173], [121.541475, 25.026141], [121.541655, 25.026116], [121.541682, 25.026089], [121.541692, 25.02588], [121.541187, 25.025931], [121.541222, 25.026157]]]]}, "properties": {"name": "公園", "area": 0}}, {"type": "Feature", "geometry": {"type": "MultiPolygon", "coordinates": [[[[121.541353, 25.00489], [121.54134, 25.004892], [121.541327, 25.004897], [121.541317, 25.004905], [121.54131, 25.004916], [121.541306, 25.004928], [121.541306, 25.004934], [121.541312, 25.005381], [121.541315, 25.005394], [121.54132, 25.005406], [121.541327, 25.005414], [121.541335, 25.00542], [121.541463, 25.005281], [121.541484, 25.00516], [121.541451, 25.005034], [121.541436, 25.00501], [121.541398, 25.004937], [121.541376, 25.004889], [121.541353, 25.00489]]]]}, "properties": {"name": "公園", "area": 0}}, {"type": "Feature", "geometry": {"type": "MultiPolygon", "coordinates": [[[[121.54143, 25.030336], [121.541437, 25.030667], [121.541769, 25.030663], [121.541796, 25.030637], [121.541791, 25.030353], [121.541762, 25.030328], [121.54143, 25.030336]]]]}, "properties": {"name": "公園", "area": 0}}, {"type": "Feature", "geometry": {"type": "MultiPolygon", "coordinates": [[[[121.541495, 25.055425], [121.541475, 25.055445], [121.541485, 25.055771], [121.541492, 25.05598], [121.541521, 25.056005], [121.542058, 25.055991], [121.542092, 25.055958], [121.54208, 25.055435], [121.542051, 25.055411], [121.541495, 25.055425]]]]}, "properties": {"name": "公園", "area": 0}}, {"type": "Feature", "geometry": {"type": "MultiPolygon", "coordinates": [[[[121.541838, 25.001179], [121.542225, 25.00075], [121.542393, 25.000563], [121.5424, 25.000553], [121.542403, 25.000542], [121.542402, 25.00053], [121.542399, 25.00052], [121.542398, 25.000519], [121.542282, 25.000331], [121.542278, 25.000324], [121.542268, 25.000316], [121.542255, 25.00031], [121.542242, 25.000308], [121.542228, 25.000309], [121.542215, 25.000313], [121.541537, 25.000662], [121.541492, 25.000738], [121.541493, 25.000765], [121.541788, 25.00118], [121.541798, 25.001186], [121.54181, 25.001188], [121.541822, 25.001187], [121.541833, 25.001182], [121.541838, 25.001179]]]]}, "properties": {"name": "公園", "area": 0}}, {"type": "Feature", "geometry": {"type": "MultiPolygon", "coordinates": [[[[121.542025, 25.036216], [121.542034, 25.036556], [121.542063, 25.036581], [121.542495, 25.036573], [121.542542, 25.036572], [121.542569, 25.036546], [121.54256, 25.0362], [121.542532, 25.036175], [121.542459, 25.036176], [121.542403, 25.036177], [121.542059, 25.036184], [121.542025, 25.036216]]]]}, "properties": {"name": "公園", "area": 0}}, {"type": "Feature", "geometry": {"type": "MultiPolygon", "coordinates": [[[[121.542029, 25.059817], [121.542031, 25.059937], [121.542034, 25.060106], [121.542034, 25.060125], [121.542063, 25.06015], [121.542073, 25.06015], [121.542297, 25.060147], [121.542332, 25.060114], [121.542326, 25.059812], [121.542321, 25.059503], [121.542292, 25.059478], [121.542107, 25.059481], [121.542107, 25.059481], [121.542053, 25.059482], [121.542043, 25.059482], [121.542023, 25.059502], [121.542023, 25.059529], [121.542029, 25.059817]]]]}, "properties": {"name": "公園", "area": 0}}, {"type": "Feature", "geometry": {"type": "MultiPolygon", "coordinates": [[[[121.542064, 25.049499], [121.542091, 25.049473], [121.542085, 25.049217], [121.542056, 25.049192], [121.541402, 25.049205], [121.541375, 25.049231], [121.541385, 25.049498], [121.541406, 25.049517], [121.542064, 25.049499]]]]}, "properties": {"name": "公園", "area": 0}}, {"type": "Feature", "geometry": {"type": "MultiPolygon", "coordinates": [[[[121.542072, 25.066865], [121.542073, 25.066885], [121.542077, 25.067151], [121.542078, 25.067199], [121.54208, 25.067311], [121.542116, 25.06733], [121.542125, 25.067326], [121.542134, 25.067322], [121.542142, 25.067317], [121.542151, 25.067313], [121.542159, 25.067309], [121.542168, 25.067304], [121.542176, 25.0673], [121.542184, 25.067295], [121.542193, 25.067291], [121.542201, 25.067286], [121.542209, 25.067282], [121.542218, 25.067277], [121.542226, 25.067272], [121.542234, 25.067267], [121.542242, 25.067263], [121.542251, 25.067258], [121.542259, 25.067253], [121.542267, 25.067248], [121.542275, 25.067243], [121.542283, 25.067238], [121.542291, 25.067233], [121.542299, 25.067228], [121.542307, 25.067223], [121.542315, 25.067218], [121.542323, 25.067213], [121.542331, 25.067208], [121.542339, 25.067202], [121.542347, 25.067197], [121.542354, 25.067192], [121.54237, 25.067181], [121.542378, 25.067176], [121.542385, 25.06717], [121.542416, 25.067148], [121.542423, 25.067142], [121.542431, 25.067137], [121.542438, 25.067131], [121.542446, 25.067125], [121.542453, 25.067119], [121.54246, 25.067113], [121.542461, 25.067113], [121.542752, 25.066883], [121.54279, 25.066853], [121.542775, 25.066831], [121.5421, 25.066839], [121.542072, 25.066865]]]]}, "properties": {"name": "公園", "area": 0}}, {"type": "Feature", "geometry": {"type": "MultiPolygon", "coordinates": [[[[121.542145, 25.053624], [121.542145, 25.053638], [121.542151, 25.053847], [121.542178, 25.053871], [121.542522, 25.053861], [121.542548, 25.053836], [121.542537, 25.053418], [121.54251, 25.053394], [121.542167, 25.053402], [121.54214, 25.053426], [121.542145, 25.053624]]]]}, "properties": {"name": "公園", "area": 0}}, {"type": "Feature", "geometry": {"type": "MultiPolygon", "coordinates": [[[[121.54218, 25.003729], [121.542174, 25.003722], [121.542173, 25.003721], [121.542161, 25.003707], [121.542161, 25.003707], [121.54216, 25.003707], [121.54216, 25.003706], [121.542153, 25.003699], [121.542153, 25.003699], [121.542147, 25.003692], [121.542146, 25.003692], [121.54214, 25.003684], [121.542139, 25.003684], [121.542133, 25.003678], [121.542127, 25.003672], [121.542125, 25.00367], [121.542125, 25.00367], [121.542112, 25.003658], [121.542112, 25.003657], [121.542112, 25.003657], [121.542173, 25.003764], [121.542175, 25.003766], [121.5422, 25.003798], [121.542223, 25.003832], [121.542242, 25.003868], [121.542257, 25.003905], [121.542268, 25.003943], [121.542276, 25.003982], [121.542279, 25.004021], [121.54228, 25.00404], [121.54228, 25.004048], [121.54228, 25.004049], [121.542279, 25.00405], [121.542281, 25.004056], [121.542286, 25.004068], [121.542294, 25.004079], [121.542305, 25.004087], [121.542319, 25.004092], [121.54232, 25.004093], [121.542333, 25.004093], [121.542342, 25.004096], [121.542361, 25.0041], [121.542379, 25.004108], [121.542392, 25.004117], [121.542405, 25.004127], [121.542409, 25.004131], [121.542431, 25.004147], [121.542456, 25.00416], [121.542458, 25.00416], [121.54247, 25.004166], [121.542502, 25.004181], [121.542521, 25.004192], [121.542545, 25.004208], [121.542596, 25.004238], [121.542649, 25.004265], [121.542703, 25.004288], [121.54271, 25.004291], [121.542725, 25.004297], [121.54293, 25.004495], [121.542938, 25.004505], [121.542942, 25.004517], [121.542942, 25.004529], [121.542939, 25.004541], [121.542931, 25.004551], [121.542926, 25.004556], [121.542906, 25.004571], [121.542898, 25.004577], [121.54291, 25.004571], [121.542923, 25.004568], [121.542937, 25.004568], [121.54295, 25.004572], [121.542961, 25.004579], [121.542964, 25.004581], [121.542984, 25.004603], [121.543027, 25.004652], [121.543067, 25.004704], [121.543103, 25.004757], [121.543122, 25.004789], [121.54319, 25.004751], [121.543155, 25.004695], [121.543116, 25.004641], [121.543074, 25.004589], [121.543029, 25.004539], [121.543028, 25.004538], [121.543, 25.00451], [121.542997, 25.004507], [121.54297, 25.004481], [121.542806, 25.004323], [121.542803, 25.004319], [121.542799, 25.004315], [121.542798, 25.004314], [121.542796, 25.004313], [121.542795, 25.004311], [121.542794, 25.00431], [121.542793, 25.004308], [121.542792, 25.004307], [121.542791, 25.004305], [121.54279, 25.004303], [121.542789, 25.004302], [121.542788, 25.0043], [121.542754, 25.004271], [121.542752, 25.00427], [121.542748, 25.004266], [121.542741, 25.004264], [121.542735, 25.004261], [121.542705, 25.004246], [121.542703, 25.004246], [121.542701, 25.004246], [121.542699, 25.004245], [121.542698, 25.004245], [121.542696, 25.004245], [121.542694, 25.004244], [121.542692, 25.004244], [121.542691, 25.004243], [121.542689, 25.004243], [121.542688, 25.004242], [121.542681, 25.004239], [121.542673, 25.004235], [121.542664, 25.004231], [121.542658, 25.004228], [121.542606, 25.004201], [121.542557, 25.004171], [121.54251, 25.004138], [121.542466, 25.004103], [121.542443, 25.004082], [121.542403, 25.004043], [121.542376, 25.004013], [121.542375, 25.004012], [121.54235, 25.00398], [121.542317, 25.003935], [121.542297, 25.003903], [121.542293, 25.003896], [121.542288, 25.003888], [121.542288, 25.003887], [121.542287, 25.003887], [121.542274, 25.003862], [121.542243, 25.003813], [121.542209, 25.003765], [121.54218, 25.003729], [121.54218, 25.003729]]]]}, "properties": {"name": "公園", "area": 0}}, {"type": "Feature", "geometry": {"type": "MultiPolygon", "coordinates": [[[[121.542292, 25.023401], [121.542272, 25.023423], [121.542306, 25.023668], [121.542337, 25.02369], [121.542784, 25.023628], [121.54281, 25.023594], [121.542808, 25.02336], [121.542778, 25.023337], [121.542292, 25.023401]]]]}, "properties": {"name": "公園", "area": 0}}, {"type": "Feature", "geometry": {"type": "MultiPolygon", "coordinates": [[[[121.54231, 25.029052], [121.54217, 25.029203], [121.542174, 25.029239], [121.542537, 25.029502], [121.542577, 25.029497], [121.542756, 25.029281], [121.542752, 25.029071], [121.542724, 25.029045], [121.542503, 25.029049], [121.54231, 25.029052]]]]}, "properties": {"name": "公園", "area": 0}}, {"type": "Feature", "geometry": {"type": "MultiPolygon", "coordinates": [[[[121.542373, 25.027429], [121.542356, 25.027429], [121.542358, 25.027797], [121.542473, 25.027796], [121.5427, 25.027792], [121.542728, 25.027766], [121.542721, 25.027448], [121.542693, 25.027423], [121.542373, 25.027429]]]]}, "properties": {"name": "公園", "area": 0}}, {"type": "Feature", "geometry": {"type": "MultiPolygon", "coordinates": [[[[121.542489, 24.992799], [121.542493, 24.9928], [121.542498, 24.9928], [121.542653, 24.9928], [121.54272, 24.9928], [121.542787, 24.992796], [121.542854, 24.992789], [121.54292, 24.992778], [121.542986, 24.992764], [121.543008, 24.992758], [121.543047, 24.992748], [121.543105, 24.992733], [121.543161, 24.992717], [121.543166, 24.992716], [121.543166, 24.992716], [121.543168, 24.992715], [121.543169, 24.992715], [121.543171, 24.992714], [121.543172, 24.992714], [121.543173, 24.992713], [121.543175, 24.992712], [121.543176, 24.992712], [121.543177, 24.992711], [121.543178, 24.99271], [121.54318, 24.992709], [121.543181, 24.992708], [121.543182, 24.992707], [121.543183, 24.992706], [121.543184, 24.992705], [121.543185, 24.992704], [121.543186, 24.992703], [121.543187, 24.992702], [121.543187, 24.992701], [121.543188, 24.9927], [121.543189, 24.992698], [121.54319, 24.992697], [121.54319, 24.992696], [121.543191, 24.992695], [121.543191, 24.992693], [121.543192, 24.992692], [121.543192, 24.992691], [121.543192, 24.992689], [121.543193, 24.992688], [121.543193, 24.992687], [121.543193, 24.992685], [121.543193, 24.992684], [121.543193, 24.992683], [121.543193, 24.992681], [121.543193, 24.99268], [121.543193, 24.992678], [121.543193, 24.992677], [121.543192, 24.992676], [121.543192, 24.992674], [121.543192, 24.992673], [121.543191, 24.992672], [121.543191, 24.99267], [121.54319, 24.992669], [121.54319, 24.992668], [121.543189, 24.992667], [121.543188, 24.992665], [121.543188, 24.992664], [121.543161, 24.992623], [121.542883, 24.992201], [121.542874, 24.992191], [121.542862, 24.992183], [121.542848, 24.992179], [121.542834, 24.992178], [121.542819, 24.992181], [121.542814, 24.992183], [121.542704, 24.992242], [121.542673, 24.992262], [121.542643, 24.992285], [121.542617, 24.992311], [121.542593, 24.992339], [121.542573, 24.992369], [121.542556, 24.992401], [121.542545, 24.992428], [121.542534, 24.992459], [121.54253, 24.992474], [121.542459, 24.992756], [121.542459, 24.992768], [121.542462, 24.992779], [121.542469, 24.992788], [121.542479, 24.992795], [121.542489, 24.992799]]]]}, "properties": {"name": "公園", "area": 0}}, {"type": "Feature", "geometry": {"type": "MultiPolygon", "coordinates": [[[[121.542551, 25.034391], [121.542524, 25.034417], [121.542538, 25.034701], [121.54256, 25.034719], [121.542934, 25.034705], [121.542961, 25.034679], [121.542958, 25.034508], [121.542956, 25.034408], [121.542927, 25.034383], [121.542551, 25.034391]]]]}, "properties": {"name": "公園", "area": 0}}, {"type": "Feature", "geometry": {"type": "MultiPolygon", "coordinates": [[[[121.542583, 24.999397], [121.543057, 25.00029], [121.543113, 25.000351], [121.543199, 25.000445], [121.543381, 25.000233], [121.54328, 25.00015], [121.543252, 25.000102], [121.543197, 25.000003], [121.542801, 24.999305], [121.542793, 24.999296], [121.542783, 24.999289], [121.542771, 24.999286], [121.542758, 24.999286], [121.542753, 24.999287], [121.542602, 24.999349], [121.542599, 24.999351], [121.542595, 24.999353], [121.542592, 24.999355], [121.542585, 24.999364], [121.54258, 24.999375], [121.54258, 24.999386], [121.542583, 24.999397]]]]}, "properties": {"name": "公園", "area": 0}}, {"type": "Feature", "geometry": {"type": "MultiPolygon", "coordinates": [[[[121.542616, 24.989647], [121.542701, 24.989756], [121.542701, 24.989756], [121.542759, 24.98983], [121.542816, 24.989905], [121.542873, 24.989981], [121.542929, 24.990057], [121.542983, 24.990134], [121.543037, 24.990211], [121.543068, 24.990257], [121.54312, 24.990335], [121.543137, 24.990361], [121.543155, 24.990388], [121.543247, 24.990535], [121.543417, 24.990823], [121.543459, 24.9909], [121.543465, 24.990908], [121.543472, 24.990914], [121.543481, 24.990918], [121.54349, 24.99092], [121.5435, 24.99092], [121.54351, 24.990918], [121.543706, 24.990834], [121.543713, 24.990833], [121.543578, 24.990758], [121.543545, 24.990444], [121.543341, 24.989961], [121.543225, 24.989873], [121.543218, 24.989867], [121.542935, 24.98965], [121.542616, 24.989647]]]]}, "properties": {"name": "公園", "area": 0}}, {"type": "Feature", "geometry": {"type": "MultiPolygon", "coordinates": [[[[121.542703, 25.04266], [121.542556, 25.042979], [121.542538, 25.04302], [121.542566, 25.043057], [121.542681, 25.043052], [121.543003, 25.043041], [121.54303, 25.043014], [121.543016, 25.042506], [121.543007, 25.04219], [121.542958, 25.042181], [121.542868, 25.042351], [121.542785, 25.042507], [121.542703, 25.04266]]]]}, "properties": {"name": "公園", "area": 0}}, {"type": "Feature", "geometry": {"type": "MultiPolygon", "coordinates": [[[[121.542705, 25.004246], [121.542754, 25.004271], [121.542788, 25.0043], [121.542788, 25.004298], [121.542787, 25.004297], [121.542787, 25.004295], [121.542786, 25.004293], [121.542786, 25.004291], [121.542786, 25.00429], [121.542785, 25.004288], [121.542785, 25.004286], [121.542785, 25.004284], [121.542785, 25.004282], [121.542785, 25.004281], [121.542785, 25.004279], [121.542786, 25.004277], [121.542786, 25.004275], [121.542786, 25.004273], [121.542787, 25.004272], [121.542787, 25.00427], [121.542788, 25.004268], [121.542789, 25.004267], [121.542789, 25.004265], [121.54279, 25.004263], [121.542791, 25.004262], [121.542792, 25.00426], [121.542793, 25.004259], [121.54282, 25.00422], [121.543141, 25.003765], [121.543154, 25.003746], [121.543156, 25.003744], [121.543163, 25.003737], [121.543171, 25.003733], [121.54318, 25.00373], [121.54319, 25.003729], [121.5432, 25.003731], [121.543113, 25.00368], [121.543113, 25.003682], [121.543114, 25.003683], [121.543114, 25.003685], [121.543114, 25.003686], [121.543114, 25.003688], [121.543114, 25.00369], [121.543114, 25.003691], [121.543114, 25.003693], [121.543114, 25.003694], [121.543114, 25.003696], [121.543114, 25.003698], [121.543113, 25.003699], [121.543113, 25.003701], [121.543112, 25.003702], [121.543112, 25.003704], [121.543111, 25.003705], [121.54311, 25.003707], [121.54311, 25.003708], [121.543109, 25.00371], [121.543108, 25.003711], [121.543107, 25.003712], [121.542745, 25.004227], [121.542744, 25.004229], [121.542743, 25.00423], [121.542742, 25.004231], [121.54274, 25.004232], [121.542739, 25.004233], [121.542738, 25.004235], [121.542737, 25.004236], [121.542735, 25.004237], [121.542734, 25.004238], [121.542733, 25.004239], [121.542731, 25.004239], [121.54273, 25.00424], [121.542728, 25.004241], [121.542727, 25.004242], [121.542725, 25.004243], [121.542723, 25.004243], [121.542722, 25.004244], [121.54272, 25.004244], [121.542718, 25.004245], [121.542717, 25.004245], [121.542715, 25.004245], [121.542713, 25.004246], [121.542711, 25.004246], [121.54271, 25.004246], [121.542708, 25.004246], [121.542706, 25.004246], [121.542705, 25.004246]]]]}, "properties": {"name": "公園", "area": 0}}, {"type": "Feature", "geometry": {"type": "MultiPolygon", "coordinates": [[[[121.542711, 25.003248], [121.542703, 25.003246], [121.542664, 25.003234], [121.542629, 25.003318], [121.542709, 25.003408], [121.542682, 25.003534], [121.542835, 25.003752], [121.542669, 25.00396], [121.542537, 25.004034], [121.542378, 25.004015], [121.542381, 25.004019], [121.542387, 25.004025], [121.542393, 25.004032], [121.542399, 25.004039], [121.542405, 25.004045], [121.542412, 25.004052], [121.542418, 25.004058], [121.542424, 25.004065], [121.542431, 25.004071], [121.542437, 25.004077], [121.542444, 25.004083], [121.542451, 25.004089], [121.542458, 25.004095], [121.542464, 25.004101], [121.542471, 25.004107], [121.542478, 25.004113], [121.542485, 25.004119], [121.542492, 25.004125], [121.5425, 25.00413], [121.542507, 25.004136], [121.542514, 25.004141], [121.542522, 25.004147], [121.542529, 25.004152], [121.542537, 25.004157], [121.542544, 25.004163], [121.542552, 25.004168], [121.542559, 25.004173], [121.542567, 25.004178], [121.542575, 25.004183], [121.542583, 25.004187], [121.542591, 25.004192], [121.542599, 25.004197], [121.542607, 25.004202], [121.542615, 25.004206], [121.542623, 25.00421], [121.542631, 25.004215], [121.542639, 25.004219], [121.542648, 25.004223], [121.542656, 25.004227], [121.542664, 25.004231], [121.542673, 25.004235], [121.542681, 25.004239], [121.542688, 25.004242], [121.542689, 25.004243], [121.542691, 25.004243], [121.542692, 25.004244], [121.542694, 25.004244], [121.542696, 25.004245], [121.542698, 25.004245], [121.542699, 25.004245], [121.542701, 25.004246], [121.542703, 25.004246], [121.542705, 25.004246], [121.542706, 25.004246], [121.542708, 25.004246], [121.54271, 25.004246], [121.542711, 25.004246], [121.542713, 25.004246], [121.542715, 25.004245], [121.542717, 25.004245], [121.542718, 25.004245], [121.54272, 25.004244], [121.542722, 25.004244], [121.542723, 25.004243], [121.542725, 25.004243], [121.542727, 25.004242], [121.542728, 25.004241], [121.54273, 25.00424], [121.542731, 25.004239], [121.542733, 25.004239], [121.542734, 25.004238], [121.542735, 25.004237], [121.542737, 25.004236], [121.542738, 25.004235], [121.542739, 25.004233], [121.54274, 25.004232], [121.542742, 25.004231], [121.542743, 25.00423], [121.542744, 25.004229], [121.542745, 25.004227], [121.543107, 25.003712], [121.543108, 25.003711], [121.543109, 25.00371], [121.54311, 25.003708], [121.54311, 25.003707], [121.543111, 25.003705], [121.543112, 25.003704], [121.543112, 25.003702], [121.543113, 25.003701], [121.543113, 25.003699], [121.543114, 25.003698], [121.543114, 25.003696], [121.543114, 25.003694], [121.543114, 25.003693], [121.543114, 25.003691], [121.543114, 25.00369], [121.543114, 25.003688], [121.543114, 25.003686], [121.543114, 25.003685], [121.543114, 25.003683], [121.543113, 25.003682], [121.543113, 25.00368], [121.543113, 25.003678], [121.543112, 25.003677], [121.543111, 25.003675], [121.543111, 25.003674], [121.54311, 25.003672], [121.543109, 25.003671], [121.543108, 25.00367], [121.543108, 25.003668], [121.543107, 25.003667], [121.542893, 25.00338], [121.542884, 25.003368], [121.542878, 25.003361], [121.542873, 25.003354], [121.542867, 25.003348], [121.542861, 25.003342], [121.542855, 25.003336], [121.542848, 25.00333], [121.542842, 25.003324], [121.542835, 25.003318], [121.542828, 25.003312], [121.542821, 25.003307], [121.542814, 25.003302], [121.542807, 25.003297], [121.5428, 25.003292], [121.542792, 25.003287], [121.542784, 25.003282], [121.542777, 25.003278], [121.542769, 25.003273], [121.542761, 25.003269], [121.542753, 25.003265], [121.542745, 25.003262], [121.542736, 25.003258], [121.542728, 25.003255], [121.542722, 25.003252], [121.542719, 25.003251], [121.542711, 25.003248]]]]}, "properties": {"name": "公園", "area": 0}}, {"type": "Feature", "geometry": {"type": "MultiPolygon", "coordinates": [[[[121.542789, 25.004302], [121.54279, 25.004303], [121.542791, 25.004305], [121.542792, 25.004307], [121.542793, 25.004308], [121.542794, 25.00431], [121.542795, 25.004311], [121.542796, 25.004313], [121.542798, 25.004314], [121.542799, 25.004315], [121.542967, 25.004478], [121.54314, 25.004247], [121.542938, 25.004207], [121.54282, 25.00422], [121.542793, 25.004259], [121.542792, 25.00426], [121.542791, 25.004262], [121.54279, 25.004263], [121.542789, 25.004265], [121.542789, 25.004267], [121.542788, 25.004268], [121.542787, 25.00427], [121.542787, 25.004272], [121.542786, 25.004273], [121.542786, 25.004275], [121.542786, 25.004277], [121.542785, 25.004279], [121.542785, 25.004281], [121.542785, 25.004282], [121.542785, 25.004284], [121.542785, 25.004286], [121.542785, 25.004288], [121.542786, 25.00429], [121.542786, 25.004291], [121.542786, 25.004293], [121.542787, 25.004295], [121.542787, 25.004297], [121.542788, 25.004298], [121.542788, 25.0043], [121.542789, 25.004302]]]]}, "properties": {"name": "公園", "area": 0}}, {"type": "Feature", "geometry": {"type": "MultiPolygon", "coordinates": [[[[121.543023, 25.04358], [121.542958, 25.043631], [121.542902, 25.043668], [121.542857, 25.043693], [121.542796, 25.043723], [121.54277, 25.043733], [121.542728, 25.04375], [121.542657, 25.043772], [121.542585, 25.043788], [121.542417, 25.043816], [121.542275, 25.04384], [121.542252, 25.043869], [121.542269, 25.043979], [121.542301, 25.044], [121.542469, 25.043972], [121.542636, 25.043945], [121.542738, 25.043916], [121.542827, 25.043888], [121.542911, 25.043849], [121.542987, 25.043807], [121.543052, 25.043762], [121.543124, 25.043704], [121.54319, 25.043651], [121.543244, 25.043602], [121.543296, 25.043551], [121.54334, 25.043508], [121.543388, 25.043449], [121.543519, 25.043286], [121.5436, 25.043188], [121.54361, 25.043176], [121.54361, 25.043165], [121.543609, 25.043129], [121.543459, 25.043134], [121.543406, 25.043158], [121.543387, 25.04318], [121.543387, 25.04318], [121.543246, 25.043339], [121.543106, 25.043498], [121.543023, 25.04358]]]]}, "properties": {"name": "公園", "area": 0}}, {"type": "Feature", "geometry": {"type": "MultiPolygon", "coordinates": [[[[121.543169, 24.998966], [121.543192, 24.998956], [121.543227, 24.998941], [121.543263, 24.998926], [121.543276, 24.998912], [121.54328, 24.998904], [121.543282, 24.998895], [121.54328, 24.998878], [121.543277, 24.998872], [121.543191, 24.998718], [121.543072, 24.998503], [121.54293, 24.998567], [121.543169, 24.998966]]]]}, "properties": {"name": "公園", "area": 0}}, {"type": "Feature", "geometry": {"type": "MultiPolygon", "coordinates": [[[[121.543491, 25.002426], [121.543462, 25.002597], [121.543363, 25.002751], [121.543476, 25.002797], [121.543517, 25.002435], [121.543491, 25.002426]]]]}, "properties": {"name": "公園", "area": 0}}, {"type": "Feature", "geometry": {"type": "MultiPolygon", "coordinates": [[[[121.543517, 25.002435], [121.543476, 25.002797], [121.543988, 25.003003], [121.544002, 25.003007], [121.544007, 25.003008], [121.544023, 25.003007], [121.544037, 25.003003], [121.54405, 25.002995], [121.54406, 25.002985], [121.544066, 25.002975], [121.544189, 25.002711], [121.544193, 25.002699], [121.544192, 25.002687], [121.544188, 25.002675], [121.54418, 25.002665], [121.544169, 25.002658], [121.544163, 25.002655], [121.543517, 25.002435]]]]}, "properties": {"name": "公園", "area": 0}}, {"type": "Feature", "geometry": {"type": "MultiPolygon", "coordinates": [[[[121.543677, 25.003458], [121.543671, 25.003455], [121.543656, 25.003449], [121.543646, 25.003444], [121.543636, 25.003439], [121.543626, 25.003433], [121.543617, 25.003427], [121.543607, 25.00342], [121.543598, 25.003414], [121.54359, 25.003407], [121.543582, 25.003399], [121.543574, 25.003392], [121.543566, 25.003384], [121.543559, 25.003375], [121.543552, 25.003367], [121.543545, 25.003358], [121.543539, 25.003349], [121.543533, 25.00334], [121.543528, 25.003331], [121.543523, 25.003321], [121.543519, 25.003311], [121.543515, 25.003301], [121.543511, 25.003291], [121.543508, 25.003281], [121.543505, 25.003271], [121.543503, 25.00326], [121.543501, 25.00325], [121.5435, 25.003239], [121.543499, 25.003229], [121.543499, 25.003218], [121.543499, 25.003208], [121.5435, 25.003197], [121.543501, 25.003187], [121.543502, 25.003176], [121.543504, 25.003166], [121.543506, 25.003155], [121.543509, 25.003145], [121.543513, 25.003136], [121.543569, 25.002976], [121.54357, 25.002972], [121.543571, 25.00297], [121.543571, 25.002969], [121.543572, 25.002967], [121.543572, 25.002966], [121.543572, 25.002964], [121.543572, 25.002963], [121.543572, 25.002961], [121.543572, 25.00296], [121.543572, 25.002958], [121.543572, 25.002956], [121.543572, 25.002955], [121.543572, 25.002953], [121.543571, 25.002952], [121.543571, 25.00295], [121.54357, 25.002949], [121.54357, 25.002947], [121.543569, 25.002946], [121.543569, 25.002944], [121.543568, 25.002943], [121.543567, 25.002942], [121.543566, 25.00294], [121.543565, 25.002939], [121.543565, 25.002938], [121.543563, 25.002936], [121.543562, 25.002935], [121.543561, 25.002934], [121.54356, 25.002933], [121.543559, 25.002932], [121.543558, 25.002931], [121.543556, 25.00293], [121.543555, 25.002929], [121.543554, 25.002928], [121.543552, 25.002927], [121.543551, 25.002926], [121.543549, 25.002925], [121.543548, 25.002924], [121.543543, 25.002922], [121.54331, 25.002828], [121.543249, 25.002922], [121.543261, 25.002955], [121.543095, 25.00299], [121.542929, 25.00299], [121.542842, 25.00303], [121.542789, 25.003154], [121.542788, 25.003157], [121.542785, 25.003165], [121.542784, 25.003174], [121.542786, 25.003183], [121.542789, 25.003192], [121.542794, 25.003199], [121.542801, 25.003206], [121.542807, 25.00321], [121.542818, 25.003216], [121.542827, 25.003222], [121.542837, 25.003227], [121.542846, 25.003233], [121.542855, 25.003239], [121.542863, 25.003245], [121.542872, 25.003251], [121.54288, 25.003258], [121.542889, 25.003265], [121.542897, 25.003272], [121.542905, 25.003279], [121.542912, 25.003286], [121.54292, 25.003294], [121.542927, 25.003301], [121.542934, 25.003309], [121.542941, 25.003317], [121.542948, 25.003325], [121.542959, 25.00334], [121.543132, 25.003573], [121.543158, 25.003608], [121.543164, 25.003615], [121.543171, 25.003622], [121.543177, 25.003628], [121.543185, 25.003634], [121.543193, 25.00364], [121.5432, 25.003645], [121.543213, 25.003652], [121.543231, 25.003662], [121.543242, 25.003668], [121.543253, 25.003674], [121.543263, 25.00368], [121.543274, 25.003686], [121.543285, 25.003692], [121.543295, 25.003698], [121.543306, 25.003704], [121.543317, 25.00371], [121.543328, 25.003716], [121.543339, 25.003722], [121.54335, 25.003728], [121.54336, 25.003733], [121.543371, 25.003739], [121.543382, 25.003745], [121.543393, 25.003751], [121.543404, 25.003756], [121.543415, 25.003762], [121.543426, 25.003768], [121.543437, 25.003773], [121.543448, 25.003779], [121.543459, 25.003784], [121.54347, 25.00379], [121.543481, 25.003796], [121.543492, 25.003801], [121.543503, 25.003806], [121.543515, 25.003812], [121.543526, 25.003817], [121.543537, 25.003823], [121.543548, 25.003828], [121.543559, 25.003833], [121.54357, 25.003839], [121.543582, 25.003844], [121.543593, 25.003849], [121.543604, 25.003854], [121.543615, 25.003859], [121.543627, 25.003865], [121.543638, 25.00387], [121.543649, 25.003875], [121.543661, 25.00388], [121.543672, 25.003885], [121.543683, 25.00389], [121.543695, 25.003895], [121.543706, 25.0039], [121.543729, 25.003909], [121.543738, 25.003914], [121.543748, 25.003918], [121.543758, 25.003923], [121.543767, 25.003927], [121.543776, 25.003932], [121.543786, 25.003937], [121.543795, 25.003942], [121.543804, 25.003947], [121.543813, 25.003952], [121.543822, 25.003957], [121.543831, 25.003963], [121.543839, 25.003968], [121.543848, 25.003974], [121.543857, 25.00398], [121.543865, 25.003986], [121.543874, 25.003992], [121.543875, 25.003993], [121.543884, 25.003997], [121.543894, 25.003997], [121.543903, 25.003993], [121.543909, 25.003986], [121.54391, 25.003985], [121.543914, 25.003975], [121.544051, 25.003665], [121.544062, 25.003639], [121.544063, 25.003637], [121.544063, 25.003636], [121.544064, 25.003635], [121.544064, 25.003633], [121.544064, 25.003632], [121.544065, 25.00363], [121.544065, 25.003629], [121.544065, 25.003628], [121.544065, 25.003626], [121.544065, 25.003625], [121.544065, 25.003623], [121.544065, 25.003622], [121.544065, 25.00362], [121.544064, 25.003619], [121.544064, 25.003618], [121.544064, 25.003616], [121.544063, 25.003615], [121.544063, 25.003614], [121.544062, 25.003612], [121.544062, 25.003611], [121.544061, 25.00361], [121.54406, 25.003608], [121.54406, 25.003607], [121.544059, 25.003606], [121.544058, 25.003605], [121.544057, 25.003604], [121.544056, 25.003602], [121.544055, 25.003601], [121.544054, 25.0036], [121.544053, 25.003599], [121.544052, 25.003598], [121.544051, 25.003597], [121.54405, 25.003597], [121.544048, 25.003596], [121.544047, 25.003595], [121.544046, 25.003594], [121.544044, 25.003593], [121.544043, 25.003593], [121.544042, 25.003592], [121.544037, 25.003591], [121.543677, 25.003458]]]]}, "properties": {"name": "公園", "area": 0}}, {"type": "Feature", "geometry": {"type": "MultiPolygon", "coordinates": [[[[121.544091, 24.991579], [121.544632, 24.992072], [121.544637, 24.992077], [121.544653, 24.9921], [121.544658, 24.992118], [121.54472, 24.992473], [121.544958, 24.992403], [121.544952, 24.991991], [121.544627, 24.991811], [121.544395, 24.991471], [121.544, 24.991261], [121.543939, 24.990958], [121.543748, 24.990852], [121.543803, 24.990971], [121.544091, 24.991579]]]]}, "properties": {"name": "公園", "area": 0}}, {"type": "Feature", "geometry": {"type": "MultiPolygon", "coordinates": [[[[121.544151, 25.004461], [121.544145, 25.004453], [121.544139, 25.004445], [121.544134, 25.004438], [121.544128, 25.00443], [121.544122, 25.004423], [121.544117, 25.004415], [121.544111, 25.004407], [121.544105, 25.0044], [121.5441, 25.004392], [121.544094, 25.004384], [121.544089, 25.004376], [121.544083, 25.004369], [121.544078, 25.004361], [121.544073, 25.004353], [121.544067, 25.004345], [121.544062, 25.004338], [121.544057, 25.00433], [121.544051, 25.004322], [121.544046, 25.004314], [121.544041, 25.004306], [121.544035, 25.004298], [121.54403, 25.004291], [121.544025, 25.004283], [121.54402, 25.004275], [121.544015, 25.004267], [121.54401, 25.004259], [121.544004, 25.004251], [121.543999, 25.004243], [121.543994, 25.004235], [121.543989, 25.004227], [121.543984, 25.004219], [121.543979, 25.004212], [121.543975, 25.004204], [121.54397, 25.004197], [121.543964, 25.004189], [121.543959, 25.004182], [121.543954, 25.004175], [121.543948, 25.004168], [121.543943, 25.004161], [121.543937, 25.004154], [121.543931, 25.004147], [121.543925, 25.00414], [121.543919, 25.004133], [121.543913, 25.004127], [121.543907, 25.00412], [121.5439, 25.004114], [121.543894, 25.004107], [121.543887, 25.004101], [121.543881, 25.004095], [121.543874, 25.004089], [121.543867, 25.004083], [121.54386, 25.004077], [121.543853, 25.004071], [121.543846, 25.004065], [121.543839, 25.004059], [121.543832, 25.004054], [121.543824, 25.004048], [121.543817, 25.004043], [121.543809, 25.004038], [121.543801, 25.004032], [121.543794, 25.004027], [121.543786, 25.004022], [121.543778, 25.004017], [121.54377, 25.004013], [121.543762, 25.004008], [121.543754, 25.004003], [121.543746, 25.003999], [121.543737, 25.003995], [121.543729, 25.003991], [121.543721, 25.003986], [121.543712, 25.003982], [121.543704, 25.003979], [121.543695, 25.003975], [121.543672, 25.003965], [121.543661, 25.00396], [121.543649, 25.003955], [121.543637, 25.00395], [121.543626, 25.003945], [121.543614, 25.00394], [121.543603, 25.003934], [121.543591, 25.003929], [121.54358, 25.003924], [121.543568, 25.003919], [121.543557, 25.003913], [121.543545, 25.003908], [121.543534, 25.003903], [121.543523, 25.003897], [121.543511, 25.003892], [121.5435, 25.003887], [121.543489, 25.003881], [121.543477, 25.003876], [121.543466, 25.00387], [121.543455, 25.003865], [121.543443, 25.003859], [121.543432, 25.003853], [121.543421, 25.003848], [121.54341, 25.003842], [121.543398, 25.003836], [121.543387, 25.003831], [121.543376, 25.003825], [121.543365, 25.003819], [121.543354, 25.003813], [121.543343, 25.003807], [121.543331, 25.003802], [121.54332, 25.003796], [121.543309, 25.00379], [121.543298, 25.003784], [121.543287, 25.003778], [121.543276, 25.003772], [121.543265, 25.003766], [121.543254, 25.00376], [121.543243, 25.003754], [121.543232, 25.003747], [121.543221, 25.003741], [121.543213, 25.003737], [121.543209, 25.003735], [121.5432, 25.003731], [121.54319, 25.003729], [121.54318, 25.00373], [121.543171, 25.003733], [121.543163, 25.003737], [121.543156, 25.003744], [121.543154, 25.003746], [121.543141, 25.003765], [121.54282, 25.00422], [121.542938, 25.004207], [121.54314, 25.004247], [121.542967, 25.004478], [121.542995, 25.004505], [121.543002, 25.004512], [121.543009, 25.004518], [121.543016, 25.004525], [121.543022, 25.004532], [121.543029, 25.004539], [121.543036, 25.004546], [121.543042, 25.004554], [121.543049, 25.004561], [121.543056, 25.004568], [121.543062, 25.004575], [121.543068, 25.004582], [121.543073, 25.004588], [121.543075, 25.00459], [121.543081, 25.004597], [121.543087, 25.004605], [121.543093, 25.004612], [121.543099, 25.00462], [121.543105, 25.004627], [121.543111, 25.004635], [121.543117, 25.004642], [121.543123, 25.00465], [121.543128, 25.004658], [121.543134, 25.004666], [121.54314, 25.004673], [121.543145, 25.004681], [121.543151, 25.004689], [121.543156, 25.004697], [121.543161, 25.004705], [121.543166, 25.004713], [121.543172, 25.004721], [121.543177, 25.004729], [121.543182, 25.004737], [121.543187, 25.004746], [121.54319, 25.004751], [121.54334, 25.004691], [121.543859, 25.004663], [121.54412, 25.004897], [121.544234, 25.004595], [121.544235, 25.004594], [121.544244, 25.00458], [121.544243, 25.00458], [121.544226, 25.004583], [121.544208, 25.004582], [121.544191, 25.004578], [121.544175, 25.00457], [121.544162, 25.00456], [121.544152, 25.004547], [121.544144, 25.004532], [121.544141, 25.004516], [121.544142, 25.0045], [121.544146, 25.004484], [121.544154, 25.00447], [121.544156, 25.004468], [121.544153, 25.004463], [121.544151, 25.004461]]]]}, "properties": {"name": "公園", "area": 0}}, {"type": "Feature", "geometry": {"type": "MultiPolygon", "coordinates": [[[[121.544258, 25.002565], [121.544416, 25.002225], [121.544419, 25.002213], [121.544419, 25.0022], [121.544414, 25.002189], [121.544406, 25.002179], [121.544395, 25.002171], [121.54439, 25.002169], [121.543856, 25.001974], [121.543797, 25.001952], [121.543772, 25.001945], [121.543747, 25.001942], [121.543721, 25.001942], [121.543695, 25.001946], [121.543671, 25.001953], [121.543648, 25.001963], [121.543627, 25.001977], [121.543609, 25.001993], [121.543604, 25.001998], [121.54351, 25.002104], [121.543634, 25.002196], [121.543505, 25.002354], [121.544195, 25.002589], [121.544209, 25.002592], [121.544222, 25.002591], [121.544236, 25.002587], [121.544247, 25.002579], [121.544255, 25.002569], [121.544258, 25.002565]]]]}, "properties": {"name": "公園", "area": 0}}, {"type": "Feature", "geometry": {"type": "MultiPolygon", "coordinates": [[[[121.544299, 25.0045], [121.544351, 25.004421], [121.544294, 25.004444], [121.544283, 25.00445], [121.544276, 25.004459], [121.544287, 25.004471], [121.544295, 25.004486], [121.544299, 25.0045]]]]}, "properties": {"name": "公園", "area": 0}}, {"type": "Feature", "geometry": {"type": "MultiPolygon", "coordinates": [[[[121.544321, 25.002659], [121.544332, 25.002636], [121.544508, 25.002258], [121.544515, 25.002247], [121.544526, 25.002239], [121.544538, 25.002233], [121.544552, 25.002231], [121.544566, 25.002233], [121.544571, 25.002234], [121.544481, 25.002202], [121.54439, 25.002169], [121.544402, 25.002175], [121.544411, 25.002184], [121.544417, 25.002195], [121.54442, 25.002207], [121.544418, 25.00222], [121.544416, 25.002225], [121.544258, 25.002565], [121.54425, 25.002575], [121.54424, 25.002584], [121.544228, 25.00259], [121.544214, 25.002592], [121.5442, 25.002591], [121.544195, 25.002589], [121.543505, 25.002354], [121.543504, 25.002353], [121.543498, 25.00239], [121.543491, 25.002426], [121.543517, 25.002435], [121.544163, 25.002655], [121.544175, 25.002661], [121.544184, 25.00267], [121.54419, 25.002681], [121.544193, 25.002693], [121.544191, 25.002705], [121.544189, 25.002711], [121.544066, 25.002975], [121.544058, 25.002987], [121.544047, 25.002997], [121.544034, 25.003004], [121.544019, 25.003007], [121.544007, 25.003008], [121.543992, 25.003005], [121.543988, 25.003003], [121.543476, 25.002797], [121.543363, 25.002751], [121.543338, 25.00279], [121.54331, 25.002828], [121.543543, 25.002922], [121.543548, 25.002924], [121.543549, 25.002925], [121.543551, 25.002926], [121.543552, 25.002927], [121.543554, 25.002928], [121.543555, 25.002929], [121.543556, 25.00293], [121.543558, 25.002931], [121.543559, 25.002932], [121.54356, 25.002933], [121.543561, 25.002934], [121.543562, 25.002935], [121.543563, 25.002936], [121.543565, 25.002938], [121.543565, 25.002939], [121.543566, 25.00294], [121.543567, 25.002942], [121.543568, 25.002943], [121.543569, 25.002944], [121.543569, 25.002946], [121.54357, 25.002947], [121.54357, 25.002949], [121.543571, 25.00295], [121.543571, 25.002952], [121.543572, 25.002953], [121.543572, 25.002955], [121.543572, 25.002956], [121.543572, 25.002958], [121.543572, 25.00296], [121.543572, 25.002961], [121.543572, 25.002963], [121.543572, 25.002964], [121.543572, 25.002966], [121.543572, 25.002967], [121.543571, 25.002969], [121.543571, 25.00297], [121.54357, 25.002972], [121.543569, 25.002976], [121.543513, 25.003136], [121.543509, 25.003145], [121.543506, 25.003155], [121.543504, 25.003166], [121.543502, 25.003176], [121.543501, 25.003187], [121.5435, 25.003197], [121.543499, 25.003208], [121.543499, 25.003218], [121.543499, 25.003229], [121.5435, 25.003239], [121.543501, 25.00325], [121.543503, 25.00326], [121.543505, 25.003271], [121.543508, 25.003281], [121.543511, 25.003291], [121.543515, 25.003301], [121.543519, 25.003311], [121.543523, 25.003321], [121.543528, 25.003331], [121.543533, 25.00334], [121.543539, 25.003349], [121.543545, 25.003358], [121.543552, 25.003367], [121.543559, 25.003375], [121.543566, 25.003384], [121.543574, 25.003392], [121.543582, 25.003399], [121.54359, 25.003407], [121.543598, 25.003414], [121.543607, 25.00342], [121.543617, 25.003427], [121.543626, 25.003433], [121.543636, 25.003439], [121.543646, 25.003444], [121.543656, 25.003449], [121.543671, 25.003455], [121.543677, 25.003458], [121.544037, 25.003591], [121.54404, 25.003592], [121.54415, 25.003632], [121.544254, 25.003671], [121.544266, 25.003674], [121.54428, 25.003678], [121.544293, 25.00368], [121.544294, 25.00368], [121.544307, 25.003681], [121.544321, 25.003681], [121.544335, 25.003679], [121.544348, 25.003677], [121.544362, 25.003674], [121.544375, 25.00367], [121.544387, 25.003664], [121.544387, 25.003664], [121.544399, 25.003658], [121.544399, 25.003658], [121.54441, 25.003651], [121.544421, 25.003642], [121.544431, 25.003633], [121.544439, 25.003624], [121.544447, 25.003613], [121.544447, 25.003613], [121.544454, 25.003603], [121.544454, 25.003602], [121.54446, 25.003592], [121.544573, 25.003341], [121.544459, 25.003292], [121.544471, 25.003299], [121.54448, 25.003309], [121.544485, 25.003321], [121.544487, 25.003333], [121.544485, 25.003346], [121.544483, 25.00335], [121.544387, 25.003564], [121.544378, 25.003578], [121.544366, 25.00359], [121.544352, 25.003599], [121.544336, 25.003606], [121.544318, 25.003608], [121.5443, 25.003608], [121.544283, 25.003603], [121.544282, 25.003603], [121.543707, 25.003391], [121.543681, 25.003379], [121.543657, 25.003364], [121.543636, 25.003347], [121.543618, 25.003327], [121.543602, 25.003304], [121.543591, 25.003281], [121.543583, 25.003255], [121.543579, 25.00323], [121.543578, 25.003203], [121.543582, 25.003177], [121.543588, 25.003157], [121.54364, 25.003011], [121.54364, 25.003011], [121.543646, 25.003], [121.543655, 25.002991], [121.543667, 25.002985], [121.54368, 25.002983], [121.543693, 25.002984], [121.5437, 25.002986], [121.543938, 25.003082], [121.544099, 25.003147], [121.544458, 25.003292], [121.544473, 25.003258], [121.544487, 25.003225], [121.544169, 25.003096], [121.544157, 25.00309], [121.544148, 25.00308], [121.544142, 25.003069], [121.54414, 25.003056], [121.544142, 25.003044], [121.544143, 25.003042], [121.544144, 25.003039], [121.544268, 25.002772], [121.544268, 25.002772], [121.544321, 25.002659], [121.544321, 25.002659], [121.544321, 25.002659]]]]}, "properties": {"name": "公園", "area": 0}}, {"type": "Feature", "geometry": {"type": "MultiPolygon", "coordinates": [[[[121.544341, 25.034411], [121.544346, 25.034695], [121.544375, 25.03472], [121.544706, 25.034713], [121.544698, 25.034346], [121.544424, 25.03435], [121.544405, 25.03435], [121.544378, 25.034376], [121.544341, 25.034411]]]]}, "properties": {"name": "公園", "area": 0}}, {"type": "Feature", "geometry": {"type": "MultiPolygon", "coordinates": [[[[121.544458, 25.003292], [121.544458, 25.003292], [121.544099, 25.003147], [121.543938, 25.003082], [121.5437, 25.002986], [121.543688, 25.002983], [121.543674, 25.002983], [121.543662, 25.002987], [121.543651, 25.002994], [121.543643, 25.003004], [121.54364, 25.003011], [121.54364, 25.003011], [121.543588, 25.003157], [121.543581, 25.003183], [121.543578, 25.003209], [121.543579, 25.003235], [121.543584, 25.00326], [121.543593, 25.003285], [121.543605, 25.003309], [121.543621, 25.003331], [121.54364, 25.00335], [121.543662, 25.003367], [121.543686, 25.003382], [121.543707, 25.003391], [121.544282, 25.003603], [121.544299, 25.003608], [121.544317, 25.003609], [121.544334, 25.003606], [121.544351, 25.0036], [121.544365, 25.003591], [121.544377, 25.003579], [121.544386, 25.003565], [121.544387, 25.003564], [121.544483, 25.00335], [121.544487, 25.003337], [121.544486, 25.003325], [121.544482, 25.003313], [121.544474, 25.003302], [121.544463, 25.003294], [121.544459, 25.003292], [121.544458, 25.003292]]]]}, "properties": {"name": "公園", "area": 0}}, {"type": "Feature", "geometry": {"type": "MultiPolygon", "coordinates": [[[[121.544487, 25.003225], [121.544501, 25.003228], [121.544514, 25.003228], [121.544527, 25.003224], [121.544538, 25.003217], [121.544547, 25.003208], [121.54455, 25.003202], [121.544674, 25.002927], [121.544677, 25.002915], [121.544676, 25.002903], [121.544672, 25.002891], [121.544664, 25.002881], [121.544653, 25.002873], [121.544648, 25.00287], [121.544331, 25.002749], [121.544318, 25.002746], [121.544304, 25.002746], [121.544291, 25.00275], [121.54428, 25.002757], [121.544271, 25.002767], [121.544268, 25.002772], [121.544268, 25.002772], [121.544144, 25.003039], [121.544143, 25.003042], [121.54414, 25.003054], [121.544142, 25.003067], [121.544147, 25.003078], [121.544156, 25.003088], [121.544167, 25.003095], [121.544169, 25.003096], [121.544487, 25.003225]]]]}, "properties": {"name": "公園", "area": 0}}, {"type": "Feature", "geometry": {"type": "MultiPolygon", "coordinates": [[[[121.544497, 25.004299], [121.544508, 25.004295], [121.544519, 25.004293], [121.54453, 25.00429], [121.544541, 25.004288], [121.544553, 25.004287], [121.544564, 25.004286], [121.544576, 25.004286], [121.544587, 25.004286], [121.544599, 25.004286], [121.54461, 25.004288], [121.544622, 25.00429], [121.544633, 25.004292], [121.544644, 25.004295], [121.544655, 25.004298], [121.544666, 25.004302], [121.544676, 25.004306], [121.544685, 25.00431], [121.544693, 25.004313], [121.544702, 25.004317], [121.544711, 25.00432], [121.54472, 25.004323], [121.544728, 25.004326], [121.544737, 25.004329], [121.544746, 25.004331], [121.544755, 25.004334], [121.544764, 25.004336], [121.544774, 25.004338], [121.544783, 25.00434], [121.544792, 25.004342], [121.544801, 25.004344], [121.544811, 25.004346], [121.54482, 25.004347], [121.544829, 25.004348], [121.544839, 25.004349], [121.544848, 25.00435], [121.544857, 25.004351], [121.544867, 25.004352], [121.544876, 25.004352], [121.544886, 25.004352], [121.544895, 25.004352], [121.544904, 25.004352], [121.544914, 25.004352], [121.544923, 25.004352], [121.544933, 25.004351], [121.544942, 25.004351], [121.544952, 25.00435], [121.544961, 25.004349], [121.54497, 25.004348], [121.54498, 25.004346], [121.544989, 25.004345], [121.544998, 25.004343], [121.545007, 25.004342], [121.545017, 25.00434], [121.545026, 25.004338], [121.545035, 25.004335], [121.545044, 25.004333], [121.545053, 25.00433], [121.545062, 25.004328], [121.545071, 25.004325], [121.54508, 25.004322], [121.545089, 25.004319], [121.545097, 25.004316], [121.545106, 25.004312], [121.545114, 25.004309], [121.545123, 25.004305], [121.545131, 25.004301], [121.54514, 25.004297], [121.545148, 25.004293], [121.545156, 25.004288], [121.545164, 25.004284], [121.545172, 25.00428], [121.54518, 25.004275], [121.545188, 25.00427], [121.545196, 25.004265], [121.545203, 25.00426], [121.545211, 25.004255], [121.545218, 25.004249], [121.545226, 25.004244], [121.545233, 25.004238], [121.54524, 25.004233], [121.545247, 25.004227], [121.545254, 25.004221], [121.54526, 25.004215], [121.545267, 25.004209], [121.545274, 25.004202], [121.545279, 25.004194], [121.545282, 25.004186], [121.54528, 25.004177], [121.545275, 25.004169], [121.545271, 25.004165], [121.545266, 25.004162], [121.545257, 25.004155], [121.545249, 25.004149], [121.54524, 25.004142], [121.545232, 25.004134], [121.545225, 25.004127], [121.545217, 25.004119], [121.54521, 25.004111], [121.545203, 25.004103], [121.545197, 25.004094], [121.54519, 25.004086], [121.545185, 25.004077], [121.545179, 25.004068], [121.545174, 25.004059], [121.545169, 25.00405], [121.545165, 25.00404], [121.54516, 25.00403], [121.545157, 25.004021], [121.545153, 25.004011], [121.54515, 25.004001], [121.545148, 25.003991], [121.545146, 25.003981], [121.545144, 25.003971], [121.545142, 25.00396], [121.545141, 25.00395], [121.545141, 25.00394], [121.54514, 25.00393], [121.54514, 25.003919], [121.545141, 25.003909], [121.545142, 25.003899], [121.545143, 25.003888], [121.545145, 25.003878], [121.545159, 25.003804], [121.545161, 25.003795], [121.545163, 25.003785], [121.545166, 25.003775], [121.545168, 25.003765], [121.545172, 25.003756], [121.545175, 25.003746], [121.545178, 25.003737], [121.545182, 25.003727], [121.545186, 25.003718], [121.545191, 25.003709], [121.545195, 25.0037], [121.5452, 25.003691], [121.545205, 25.003682], [121.54521, 25.003673], [121.545216, 25.003665], [121.545221, 25.003656], [121.545227, 25.003648], [121.545234, 25.00364], [121.54524, 25.003631], [121.545247, 25.003624], [121.545254, 25.003616], [121.545261, 25.003608], [121.545268, 25.003601], [121.545275, 25.003593], [121.545283, 25.003586], [121.545291, 25.003579], [121.545299, 25.003572], [121.545307, 25.003566], [121.545315, 25.003559], [121.545324, 25.003553], [121.545333, 25.003547], [121.545342, 25.003541], [121.545351, 25.003536], [121.54536, 25.00353], [121.545369, 25.003525], [121.545379, 25.00352], [121.545388, 25.003515], [121.545398, 25.00351], [121.545408, 25.003506], [121.545418, 25.003502], [121.545428, 25.003498], [121.545438, 25.003494], [121.545448, 25.003491], [121.545459, 25.003488], [121.545469, 25.003485], [121.5457, 25.003421], [121.545706, 25.003286], [121.545834, 25.00326], [121.546417, 25.002963], [121.546412, 25.002953], [121.546495, 25.002822], [121.546608, 25.002802], [121.54663, 25.002832], [121.546662, 25.002817], [121.546663, 25.002812], [121.546663, 25.002802], [121.546664, 25.002792], [121.546665, 25.002783], [121.546666, 25.002773], [121.546668, 25.002764], [121.546669, 25.002754], [121.546671, 25.002744], [121.546674, 25.002728], [121.546676, 25.002718], [121.546677, 25.002711], [121.546678, 25.002702], [121.546678, 25.002693], [121.546675, 25.002684], [121.546672, 25.002677], [121.546668, 25.002671], [121.546418, 25.002278], [121.546353, 25.002312], [121.546115, 25.002144], [121.5458, 25.002148], [121.545768, 25.002472], [121.545472, 25.002667], [121.544966, 25.002469], [121.544589, 25.003304], [121.544573, 25.003341], [121.54446, 25.003592], [121.54446, 25.003592], [121.544454, 25.003602], [121.544454, 25.003603], [121.544454, 25.003603], [121.544447, 25.003613], [121.544432, 25.003632], [121.544414, 25.003648], [121.54441, 25.003651], [121.544399, 25.003658], [121.544399, 25.003658], [121.544399, 25.003658], [121.544387, 25.003664], [121.544387, 25.003664], [121.544387, 25.003664], [121.544364, 25.003673], [121.54434, 25.003679], [121.544315, 25.003681], [121.544307, 25.003681], [121.544294, 25.00368], [121.544293, 25.00368], [121.544293, 25.00368], [121.544269, 25.003675], [121.544254, 25.003671], [121.54415, 25.003632], [121.544149, 25.003632], [121.544147, 25.003631], [121.544146, 25.003631], [121.544144, 25.003631], [121.544143, 25.00363], [121.544141, 25.00363], [121.54414, 25.00363], [121.544138, 25.00363], [121.544136, 25.00363], [121.544135, 25.00363], [121.544133, 25.00363], [121.544132, 25.00363], [121.54413, 25.00363], [121.544129, 25.00363], [121.544127, 25.00363], [121.544126, 25.003631], [121.544124, 25.003631], [121.544123, 25.003632], [121.544121, 25.003632], [121.54412, 25.003633], [121.544119, 25.003633], [121.544117, 25.003634], [121.544116, 25.003635], [121.544114, 25.003635], [121.544113, 25.003636], [121.544112, 25.003637], [121.544111, 25.003638], [121.54411, 25.003639], [121.544108, 25.00364], [121.544107, 25.003641], [121.544106, 25.003642], [121.544105, 25.003643], [121.544104, 25.003644], [121.544103, 25.003645], [121.544102, 25.003646], [121.544102, 25.003647], [121.544101, 25.003648], [121.5441, 25.00365], [121.5441, 25.003651], [121.544099, 25.003652], [121.543938, 25.004018], [121.543933, 25.004029], [121.543933, 25.004037], [121.543937, 25.004043], [121.543945, 25.004051], [121.543952, 25.004058], [121.543959, 25.004065], [121.543966, 25.004072], [121.543973, 25.00408], [121.54398, 25.004087], [121.543987, 25.004095], [121.543994, 25.004102], [121.544, 25.00411], [121.544007, 25.004118], [121.544013, 25.004126], [121.544019, 25.004134], [121.544025, 25.004142], [121.544031, 25.00415], [121.544037, 25.004158], [121.544042, 25.004167], [121.544048, 25.004175], [121.544053, 25.004183], [121.544058, 25.004191], [121.544063, 25.004199], [121.544068, 25.004207], [121.544073, 25.004215], [121.544078, 25.004222], [121.544083, 25.00423], [121.544088, 25.004238], [121.544093, 25.004246], [121.544098, 25.004253], [121.544103, 25.004261], [121.544108, 25.004269], [121.544113, 25.004276], [121.544119, 25.004284], [121.544124, 25.004292], [121.544129, 25.004299], [121.544134, 25.004307], [121.54414, 25.004315], [121.544145, 25.004322], [121.54415, 25.00433], [121.544156, 25.004337], [121.544161, 25.004345], [121.544166, 25.004352], [121.544172, 25.00436], [121.544177, 25.004367], [121.544183, 25.004375], [121.544188, 25.004382], [121.544198, 25.004392], [121.54421, 25.0044], [121.544223, 25.004404], [121.544238, 25.004404], [121.544252, 25.004401], [121.544255, 25.004401], [121.544423, 25.004333], [121.544496, 25.004299], [121.544497, 25.004299]]]]}, "properties": {"name": "公園", "area": 0}}, {"type": "Feature", "geometry": {"type": "MultiPolygon", "coordinates": [[[[121.544519, 25.004349], [121.544526, 25.004347], [121.544534, 25.004345], [121.544542, 25.004343], [121.544551, 25.004342], [121.544559, 25.004341], [121.544568, 25.00434], [121.544576, 25.00434], [121.544585, 25.00434], [121.544593, 25.00434], [121.544602, 25.004341], [121.54461, 25.004343], [121.544618, 25.004344], [121.544627, 25.004346], [121.544635, 25.004349], [121.544643, 25.004352], [121.54465, 25.004355], [121.54466, 25.004359], [121.544669, 25.004363], [121.544679, 25.004367], [121.544689, 25.00437], [121.544699, 25.004374], [121.544709, 25.004377], [121.544719, 25.00438], [121.544729, 25.004383], [121.544739, 25.004386], [121.544749, 25.004389], [121.544759, 25.004391], [121.544769, 25.004393], [121.54478, 25.004395], [121.54479, 25.004397], [121.5448, 25.004399], [121.544811, 25.0044], [121.544821, 25.004402], [121.544832, 25.004403], [121.544842, 25.004404], [121.544853, 25.004405], [121.544863, 25.004406], [121.544874, 25.004406], [121.544884, 25.004406], [121.544895, 25.004407], [121.544905, 25.004407], [121.544916, 25.004406], [121.544926, 25.004406], [121.544937, 25.004405], [121.544947, 25.004405], [121.544958, 25.004404], [121.544968, 25.004403], [121.544979, 25.004401], [121.544989, 25.0044], [121.545, 25.004398], [121.54501, 25.004396], [121.54502, 25.004395], [121.54503, 25.004392], [121.545041, 25.00439], [121.545051, 25.004388], [121.545061, 25.004385], [121.545071, 25.004382], [121.545081, 25.004379], [121.545091, 25.004376], [121.545101, 25.004373], [121.545111, 25.004369], [121.54512, 25.004365], [121.54513, 25.004362], [121.54514, 25.004358], [121.545149, 25.004353], [121.545159, 25.004349], [121.545168, 25.004345], [121.545177, 25.00434], [121.545186, 25.004335], [121.545195, 25.00433], [121.545204, 25.004325], [121.545213, 25.00432], [121.545222, 25.004315], [121.54523, 25.004309], [121.545239, 25.004303], [121.545247, 25.004298], [121.545256, 25.004292], [121.545264, 25.004285], [121.545272, 25.004279], [121.54528, 25.004273], [121.545287, 25.004266], [121.545295, 25.00426], [121.545303, 25.004253], [121.54531, 25.004246], [121.545332, 25.004225], [121.545333, 25.004224], [121.545334, 25.004223], [121.545336, 25.004222], [121.545337, 25.004221], [121.545339, 25.00422], [121.54534, 25.004219], [121.545342, 25.004218], [121.545344, 25.004217], [121.545345, 25.004216], [121.545347, 25.004215], [121.545349, 25.004215], [121.54535, 25.004214], [121.545352, 25.004214], [121.545354, 25.004213], [121.545356, 25.004213], [121.545358, 25.004212], [121.54536, 25.004212], [121.545361, 25.004212], [121.545363, 25.004212], [121.545365, 25.004212], [121.545367, 25.004212], [121.545369, 25.004212], [121.545371, 25.004212], [121.545373, 25.004212], [121.545375, 25.004212], [121.545376, 25.004213], [121.545378, 25.004213], [121.54538, 25.004213], [121.545381, 25.004214], [121.545471, 25.004239], [121.545482, 25.004242], [121.545491, 25.004244], [121.545501, 25.004247], [121.545511, 25.004249], [121.545521, 25.004252], [121.545531, 25.004254], [121.545541, 25.004257], [121.545551, 25.004259], [121.545561, 25.004261], [121.545571, 25.004264], [121.54558, 25.004266], [121.54559, 25.004268], [121.5456, 25.004271], [121.54561, 25.004273], [121.54562, 25.004275], [121.54563, 25.004277], [121.54564, 25.00428], [121.54565, 25.004282], [121.54566, 25.004284], [121.54567, 25.004286], [121.54568, 25.004288], [121.54569, 25.00429], [121.5457, 25.004292], [121.54571, 25.004294], [121.54572, 25.004296], [121.54573, 25.004298], [121.54574, 25.0043], [121.54575, 25.004302], [121.54576, 25.004304], [121.54577, 25.004306], [121.54578, 25.004307], [121.54579, 25.004309], [121.5458, 25.004311], [121.54581, 25.004313], [121.54582, 25.004315], [121.545831, 25.004316], [121.545841, 25.004318], [121.545851, 25.00432], [121.545861, 25.004321], [121.545871, 25.004323], [121.545881, 25.004324], [121.545891, 25.004326], [121.545914, 25.004329], [121.545924, 25.004331], [121.545934, 25.004332], [121.545944, 25.004334], [121.545954, 25.004335], [121.545964, 25.004337], [121.545974, 25.004338], [121.545984, 25.00434], [121.545994, 25.004341], [121.546004, 25.004342], [121.546014, 25.004343], [121.546024, 25.004345], [121.546034, 25.004346], [121.546044, 25.004347], [121.546054, 25.004348], [121.546064, 25.00435], [121.546074, 25.004351], [121.546084, 25.004352], [121.546094, 25.004353], [121.546104, 25.004354], [121.546114, 25.004355], [121.546125, 25.004356], [121.546135, 25.004357], [121.546145, 25.004358], [121.546155, 25.004359], [121.546165, 25.00436], [121.546175, 25.004361], [121.546185, 25.004362], [121.546195, 25.004362], [121.546205, 25.004363], [121.546215, 25.004364], [121.546225, 25.004365], [121.546235, 25.004366], [121.546245, 25.004366], [121.546256, 25.004367], [121.546266, 25.004368], [121.546276, 25.004368], [121.546286, 25.004369], [121.546296, 25.00437], [121.546306, 25.00437], [121.546316, 25.004371], [121.546326, 25.004371], [121.546336, 25.004372], [121.546346, 25.004372], [121.546357, 25.004373], [121.546367, 25.004373], [121.546377, 25.004373], [121.546387, 25.004374], [121.546397, 25.004374], [121.546407, 25.004374], [121.546417, 25.004375], [121.546427, 25.004375], [121.546438, 25.004375], [121.546448, 25.004375], [121.546458, 25.004376], [121.546468, 25.004376], [121.546478, 25.004376], [121.546488, 25.004376], [121.546498, 25.004376], [121.546601, 25.004377], [121.546687, 25.004379], [121.546695, 25.004379], [121.546703, 25.00438], [121.546711, 25.004381], [121.546719, 25.004382], [121.546727, 25.004384], [121.546735, 25.004386], [121.546743, 25.004389], [121.54675, 25.004392], [121.546758, 25.004395], [121.546765, 25.004398], [121.546772, 25.004402], [121.546779, 25.004407], [121.546786, 25.004411], [121.546792, 25.004416], [121.546798, 25.004421], [121.546804, 25.004426], [121.546809, 25.004432], [121.546814, 25.004438], [121.546819, 25.004444], [121.546824, 25.00445], [121.546828, 25.004457], [121.546832, 25.004463], [121.546834, 25.004468], [121.546846, 25.004456], [121.546861, 25.004448], [121.546877, 25.004442], [121.546895, 25.00444], [121.546908, 25.004441], [121.546903, 25.004431], [121.546897, 25.004422], [121.546891, 25.004412], [121.546885, 25.004403], [121.546877, 25.004394], [121.54687, 25.004385], [121.546862, 25.004377], [121.546853, 25.004369], [121.546844, 25.004361], [121.546835, 25.004354], [121.546825, 25.004348], [121.546815, 25.004341], [121.546804, 25.004336], [121.546794, 25.00433], [121.546783, 25.004326], [121.546771, 25.004321], [121.54676, 25.004318], [121.546748, 25.004314], [121.546737, 25.004312], [121.546725, 25.00431], [121.546713, 25.004308], [121.5467, 25.004307], [121.546688, 25.004306], [121.546668, 25.004306], [121.546667, 25.004306], [121.546665, 25.004306], [121.546664, 25.004306], [121.546662, 25.004306], [121.546661, 25.004305], [121.54666, 25.004305], [121.546658, 25.004305], [121.546657, 25.004304], [121.546655, 25.004304], [121.546654, 25.004303], [121.546653, 25.004303], [121.546651, 25.004302], [121.54665, 25.004301], [121.546649, 25.004301], [121.546647, 25.0043], [121.546646, 25.004299], [121.546645, 25.004298], [121.546644, 25.004297], [121.546643, 25.004296], [121.546642, 25.004295], [121.546641, 25.004294], [121.54664, 25.004293], [121.546639, 25.004292], [121.546638, 25.004291], [121.546637, 25.00429], [121.546636, 25.004289], [121.546636, 25.004288], [121.546635, 25.004287], [121.546634, 25.004285], [121.546634, 25.004284], [121.546633, 25.004283], [121.546633, 25.004282], [121.546632, 25.00428], [121.546632, 25.004279], [121.546632, 25.004278], [121.546631, 25.004276], [121.546631, 25.004275], [121.546631, 25.004273], [121.546631, 25.004272], [121.546631, 25.004271], [121.546631, 25.004269], [121.546655, 25.003884], [121.546655, 25.003882], [121.546655, 25.003881], [121.546655, 25.00388], [121.546655, 25.003879], [121.546656, 25.003878], [121.546656, 25.003877], [121.546656, 25.003876], [121.546657, 25.003875], [121.546657, 25.003874], [121.546658, 25.003873], [121.546658, 25.003872], [121.546659, 25.003871], [121.546659, 25.00387], [121.54666, 25.003869], [121.546661, 25.003868], [121.546662, 25.003867], [121.546662, 25.003867], [121.546663, 25.003866], [121.546664, 25.003865], [121.546665, 25.003864], [121.546666, 25.003864], [121.546667, 25.003863], [121.546668, 25.003862], [121.546669, 25.003862], [121.54667, 25.003861], [121.546671, 25.00386], [121.546672, 25.00386], [121.546673, 25.00386], [121.546674, 25.003859], [121.546675, 25.003859], [121.546676, 25.003858], [121.546677, 25.003858], [121.546679, 25.003858], [121.54668, 25.003858], [121.546681, 25.003857], [121.546682, 25.003857], [121.546683, 25.003857], [121.546685, 25.003857], [121.546686, 25.003857], [121.546687, 25.003857], [121.546688, 25.003857], [121.546689, 25.003857], [121.546691, 25.003857], [121.546692, 25.003858], [121.546693, 25.003858], [121.546694, 25.003858], [121.546695, 25.003858], [121.547096, 25.003973], [121.547106, 25.003976], [121.547116, 25.003979], [121.547126, 25.003981], [121.547136, 25.003984], [121.547146, 25.003986], [121.547156, 25.003988], [121.547166, 25.003991], [121.547176, 25.003993], [121.547177, 25.003993], [121.547186, 25.003995], [121.547196, 25.003997], [121.547207, 25.003998], [121.547217, 25.004], [121.547227, 25.004002], [121.547237, 25.004003], [121.547248, 25.004005], [121.547258, 25.004006], [121.547268, 25.004007], [121.547279, 25.004008], [121.547289, 25.004009], [121.547299, 25.00401], [121.54731, 25.004011], [121.54732, 25.004011], [121.547331, 25.004012], [121.547341, 25.004012], [121.547351, 25.004013], [121.547362, 25.004013], [121.547372, 25.004013], [121.547383, 25.004013], [121.547393, 25.004013], [121.547403, 25.004013], [121.547414, 25.004013], [121.547424, 25.004012], [121.547435, 25.004012], [121.547444, 25.004011], [121.547452, 25.004011], [121.547461, 25.004011], [121.54747, 25.004011], [121.547479, 25.004012], [121.547487, 25.004013], [121.547496, 25.004014], [121.547505, 25.004016], [121.547513, 25.004017], [121.547522, 25.004019], [121.54753, 25.004022], [121.547538, 25.004024], [121.54778, 25.004104], [121.547789, 25.004107], [121.547798, 25.004111], [121.547807, 25.004114], [121.547816, 25.004117], [121.547825, 25.00412], [121.547834, 25.004124], [121.547843, 25.004127], [121.547852, 25.004131], [121.547861, 25.004134], [121.54787, 25.004138], [121.547879, 25.004141], [121.547888, 25.004145], [121.547896, 25.004149], [121.547905, 25.004153], [121.547914, 25.004157], [121.547923, 25.004161], [121.547931, 25.004165], [121.54794, 25.004169], [121.547948, 25.004173], [121.547957, 25.004177], [121.547965, 25.004182], [121.547974, 25.004186], [121.547982, 25.00419], [121.547991, 25.004195], [121.547999, 25.004199], [121.548007, 25.004204], [121.548015, 25.004209], [121.548024, 25.004213], [121.548032, 25.004218], [121.54804, 25.004223], [121.548048, 25.004228], [121.548056, 25.004233], [121.548064, 25.004238], [121.548072, 25.004243], [121.54808, 25.004248], [121.548088, 25.004253], [121.548096, 25.004258], [121.548104, 25.004263], [121.548111, 25.004269], [121.548119, 25.004274], [121.548127, 25.00428], [121.548134, 25.004285], [121.548142, 25.004291], [121.548149, 25.004296], [121.548157, 25.004302], [121.548164, 25.004308], [121.548172, 25.004313], [121.548179, 25.004319], [121.548186, 25.004325], [121.548193, 25.004331], [121.548201, 25.004337], [121.548208, 25.004343], [121.548215, 25.004349], [121.548222, 25.004355], [121.548229, 25.004361], [121.548341, 25.004461], [121.548386, 25.004501], [121.548387, 25.004502], [121.548388, 25.004503], [121.548389, 25.004504], [121.54839, 25.004505], [121.548391, 25.004506], [121.548392, 25.004508], [121.548393, 25.004509], [121.548394, 25.00451], [121.548394, 25.004511], [121.548379, 25.004474], [121.548368, 25.004436], [121.548361, 25.004397], [121.548358, 25.004358], [121.548357, 25.004342], [121.548356, 25.004348], [121.548348, 25.004353], [121.548338, 25.004354], [121.548329, 25.004349], [121.548318, 25.00434], [121.548284, 25.004309], [121.548277, 25.004303], [121.548269, 25.004296], [121.548262, 25.00429], [121.548254, 25.004284], [121.548247, 25.004277], [121.548239, 25.004271], [121.548231, 25.004265], [121.548223, 25.004259], [121.548215, 25.004252], [121.548208, 25.004246], [121.5482, 25.00424], [121.548192, 25.004234], [121.548184, 25.004229], [121.548176, 25.004223], [121.548167, 25.004217], [121.548159, 25.004211], [121.548151, 25.004206], [121.548143, 25.0042], [121.548134, 25.004194], [121.548126, 25.004189], [121.548118, 25.004184], [121.548109, 25.004178], [121.548101, 25.004173], [121.548092, 25.004168], [121.548083, 25.004162], [121.548075, 25.004157], [121.548066, 25.004152], [121.548057, 25.004147], [121.548049, 25.004142], [121.54804, 25.004137], [121.548031, 25.004133], [121.548022, 25.004128], [121.548013, 25.004123], [121.548004, 25.004119], [121.547995, 25.004114], [121.547986, 25.00411], [121.547977, 25.004105], [121.547968, 25.004101], [121.547959, 25.004096], [121.547949, 25.004092], [121.54794, 25.004088], [121.547931, 25.004084], [121.547922, 25.00408], [121.547912, 25.004076], [121.547903, 25.004072], [121.547893, 25.004068], [121.547884, 25.004064], [121.547874, 25.004061], [121.547865, 25.004057], [121.547864, 25.004057], [121.547855, 25.004053], [121.547846, 25.00405], [121.547836, 25.004046], [121.547827, 25.004043], [121.547817, 25.00404], [121.547807, 25.004036], [121.547792, 25.004031], [121.547565, 25.003956], [121.547554, 25.003953], [121.547543, 25.00395], [121.547532, 25.003947], [121.547521, 25.003945], [121.547509, 25.003943], [121.547498, 25.003941], [121.547486, 25.00394], [121.547474, 25.003939], [121.547463, 25.003939], [121.547451, 25.003939], [121.547439, 25.003939], [121.54743, 25.00394], [121.547421, 25.00394], [121.547411, 25.003941], [121.547402, 25.003941], [121.547392, 25.003941], [121.547383, 25.003941], [121.547373, 25.003941], [121.547363, 25.003941], [121.547354, 25.003941], [121.547344, 25.00394], [121.547335, 25.00394], [121.547325, 25.003939], [121.547316, 25.003939], [121.547306, 25.003938], [121.547297, 25.003937], [121.547287, 25.003936], [121.547278, 25.003935], [121.547268, 25.003934], [121.547259, 25.003933], [121.547249, 25.003932], [121.54724, 25.00393], [121.547231, 25.003929], [121.547221, 25.003927], [121.547212, 25.003926], [121.547203, 25.003924], [121.547193, 25.003922], [121.547184, 25.00392], [121.547177, 25.003919], [121.547175, 25.003918], [121.547165, 25.003916], [121.547156, 25.003914], [121.547147, 25.003912], [121.547138, 25.003909], [121.547129, 25.003907], [121.547119, 25.003904], [121.546688, 25.003781], [121.54667, 25.003775], [121.54666, 25.003773], [121.54665, 25.003771], [121.546641, 25.003769], [121.546631, 25.003768], [121.546612, 25.003767], [121.546583, 25.003766], [121.546246, 25.003762], [121.546237, 25.003761], [121.546228, 25.003761], [121.546225, 25.003761], [121.546219, 25.00376], [121.54621, 25.003759], [121.546201, 25.003758], [121.546193, 25.003757], [121.546184, 25.003755], [121.546176, 25.003753], [121.546192, 25.00376], [121.546206, 25.00377], [121.546218, 25.003783], [121.546226, 25.003797], [121.54623, 25.003813], [121.54623, 25.003829], [121.546229, 25.003833], [121.546233, 25.003834], [121.546245, 25.003834], [121.546568, 25.003839], [121.54657, 25.003839], [121.546571, 25.003839], [121.546573, 25.003839], [121.546574, 25.003839], [121.546576, 25.003839], [121.546577, 25.00384], [121.546578, 25.00384], [121.54658, 25.00384], [121.546581, 25.003841], [121.546583, 25.003841], [121.546584, 25.003842], [121.546585, 25.003843], [121.546587, 25.003843], [121.546588, 25.003844], [121.546589, 25.003845], [121.54659, 25.003845], [121.546592, 25.003846], [121.546593, 25.003847], [121.546594, 25.003848], [121.546595, 25.003849], [121.546596, 25.00385], [121.546597, 25.003851], [121.546598, 25.003852], [121.546599, 25.003853], [121.546599, 25.003854], [121.5466, 25.003855], [121.546601, 25.003857], [121.546602, 25.003858], [121.546602, 25.003859], [121.546603, 25.00386], [121.546603, 25.003862], [121.546604, 25.003863], [121.546604, 25.003864], [121.546605, 25.003865], [121.546605, 25.003867], [121.546605, 25.003868], [121.546605, 25.003869], [121.546606, 25.003871], [121.546606, 25.003872], [121.546606, 25.003873], [121.546606, 25.003875], [121.546581, 25.004269], [121.546581, 25.00427], [121.546581, 25.004272], [121.546581, 25.004273], [121.546581, 25.004274], [121.54658, 25.004276], [121.54658, 25.004277], [121.546579, 25.004279], [121.546579, 25.00428], [121.546578, 25.004281], [121.546577, 25.004283], [121.546577, 25.004284], [121.546576, 25.004285], [121.546575, 25.004287], [121.546574, 25.004288], [121.546573, 25.004289], [121.546572, 25.00429], [121.546571, 25.004291], [121.54657, 25.004293], [121.546569, 25.004294], [121.546568, 25.004295], [121.546567, 25.004296], [121.546565, 25.004296], [121.546564, 25.004297], [121.546563, 25.004298], [121.546561, 25.004299], [121.54656, 25.0043], [121.546558, 25.0043], [121.546557, 25.004301], [121.546555, 25.004302], [121.546554, 25.004302], [121.546552, 25.004303], [121.546551, 25.004303], [121.546549, 25.004303], [121.546548, 25.004304], [121.546546, 25.004304], [121.546544, 25.004304], [121.546543, 25.004304], [121.546541, 25.004304], [121.54654, 25.004304], [121.546499, 25.004304], [121.546489, 25.004304], [121.546479, 25.004304], [121.546469, 25.004304], [121.546459, 25.004303], [121.546449, 25.004303], [121.54644, 25.004303], [121.54643, 25.004303], [121.54642, 25.004303], [121.54641, 25.004302], [121.5464, 25.004302], [121.54639, 25.004302], [121.54638, 25.004301], [121.54637, 25.004301], [121.54636, 25.0043], [121.54635, 25.0043], [121.546341, 25.0043], [121.546331, 25.004299], [121.546321, 25.004299], [121.546311, 25.004298], [121.546301, 25.004297], [121.546291, 25.004297], [121.546281, 25.004296], [121.546271, 25.004296], [121.546261, 25.004295], [121.546252, 25.004294], [121.546242, 25.004294], [121.546232, 25.004293], [121.546222, 25.004292], [121.546212, 25.004291], [121.546202, 25.004291], [121.546192, 25.00429], [121.546182, 25.004289], [121.546173, 25.004288], [121.546163, 25.004287], [121.546153, 25.004286], [121.546143, 25.004285], [121.546133, 25.004284], [121.546123, 25.004283], [121.546113, 25.004282], [121.546104, 25.004281], [121.546094, 25.00428], [121.546084, 25.004279], [121.546074, 25.004278], [121.546064, 25.004277], [121.546054, 25.004276], [121.546045, 25.004274], [121.546035, 25.004273], [121.546025, 25.004272], [121.546015, 25.004271], [121.546005, 25.004269], [121.545996, 25.004268], [121.545986, 25.004267], [121.545976, 25.004265], [121.545966, 25.004264], [121.545956, 25.004263], [121.545947, 25.004261], [121.545937, 25.00426], [121.545927, 25.004258], [121.545904, 25.004255], [121.545894, 25.004253], [121.545884, 25.004252], [121.545875, 25.00425], [121.545865, 25.004248], [121.545855, 25.004247], [121.545845, 25.004245], [121.545835, 25.004244], [121.545825, 25.004242], [121.545815, 25.00424], [121.545806, 25.004238], [121.545796, 25.004237], [121.545786, 25.004235], [121.545776, 25.004233], [121.545766, 25.004231], [121.545756, 25.004229], [121.545747, 25.004227], [121.545737, 25.004226], [121.545727, 25.004224], [121.545717, 25.004222], [121.545707, 25.00422], [121.545698, 25.004218], [121.545688, 25.004216], [121.545678, 25.004214], [121.545668, 25.004211], [121.545658, 25.004209], [121.545649, 25.004207], [121.545639, 25.004205], [121.545629, 25.004203], [121.54562, 25.004201], [121.54561, 25.004198], [121.5456, 25.004196], [121.54559, 25.004194], [121.545581, 25.004192], [121.545571, 25.004189], [121.545561, 25.004187], [121.545552, 25.004185], [121.545542, 25.004182], [121.545532, 25.00418], [121.545523, 25.004177], [121.545513, 25.004175], [121.545503, 25.004172], [121.545494, 25.00417], [121.545399, 25.004143], [121.54539, 25.00414], [121.545382, 25.004138], [121.545374, 25.004135], [121.545366, 25.004132], [121.545358, 25.004129], [121.545351, 25.004125], [121.545343, 25.004122], [121.545336, 25.004118], [121.545329, 25.004114], [121.545321, 25.004109], [121.545315, 25.004105], [121.545308, 25.0041], [121.545301, 25.004095], [121.545295, 25.004089], [121.545289, 25.004084], [121.545283, 25.004078], [121.545278, 25.004072], [121.545272, 25.004066], [121.545267, 25.00406], [121.545262, 25.004054], [121.545257, 25.004047], [121.545253, 25.004041], [121.545249, 25.004034], [121.545245, 25.004027], [121.545241, 25.00402], [121.545238, 25.004013], [121.545235, 25.004005], [121.545232, 25.003998], [121.545229, 25.003991], [121.545227, 25.003983], [121.545225, 25.003976], [121.545224, 25.003968], [121.545222, 25.00396], [121.545221, 25.003953], [121.54522, 25.003945], [121.54522, 25.003937], [121.54522, 25.003929], [121.54522, 25.003921], [121.54522, 25.003914], [121.545221, 25.003906], [121.545222, 25.003898], [121.545223, 25.00389], [121.545237, 25.003817], [121.545239, 25.003808], [121.545241, 25.0038], [121.545243, 25.003792], [121.545245, 25.003785], [121.545247, 25.003777], [121.54525, 25.003769], [121.545253, 25.003761], [121.545256, 25.003753], [121.545259, 25.003746], [121.545263, 25.003738], [121.545267, 25.003731], [121.545271, 25.003723], [121.545275, 25.003716], [121.545279, 25.003709], [121.545284, 25.003702], [121.545288, 25.003695], [121.545293, 25.003688], [121.545298, 25.003681], [121.545304, 25.003674], [121.545309, 25.003668], [121.545315, 25.003662], [121.545321, 25.003655], [121.545327, 25.003649], [121.545333, 25.003643], [121.545339, 25.003637], [121.545345, 25.003631], [121.545352, 25.003626], [121.545359, 25.00362], [121.545366, 25.003615], [121.545373, 25.00361], [121.54538, 25.003605], [121.545387, 25.0036], [121.545395, 25.003596], [121.545402, 25.003591], [121.54541, 25.003587], [121.545418, 25.003583], [121.545426, 25.003579], [121.545434, 25.003575], [121.545442, 25.003571], [121.54545, 25.003568], [121.545458, 25.003565], [121.545466, 25.003562], [121.545475, 25.003559], [121.545483, 25.003556], [121.545492, 25.003554], [121.545696, 25.003498], [121.545784, 25.003473], [121.545786, 25.003473], [121.545788, 25.003473], [121.545789, 25.003472], [121.545791, 25.003472], [121.545793, 25.003472], [121.545794, 25.003472], [121.545796, 25.003472], [121.545798, 25.003472], [121.545799, 25.003472], [121.545801, 25.003472], [121.545803, 25.003472], [121.545804, 25.003472], [121.545806, 25.003473], [121.545808, 25.003473], [121.545809, 25.003473], [121.545811, 25.003474], [121.545813, 25.003474], [121.545814, 25.003475], [121.545816, 25.003476], [121.545817, 25.003476], [121.545819, 25.003477], [121.54582, 25.003478], [121.545822, 25.003479], [121.545823, 25.00348], [121.545824, 25.00348], [121.545826, 25.003481], [121.545827, 25.003483], [121.545828, 25.003484], [121.545829, 25.003485], [121.54583, 25.003486], [121.545831, 25.003487], [121.545832, 25.003488], [121.545833, 25.00349], [121.545834, 25.003491], [121.545835, 25.003492], [121.545809, 25.003423], [121.545806, 25.003413], [121.545807, 25.003404], [121.545812, 25.003395], [121.54582, 25.003388], [121.545821, 25.003388], [121.5457, 25.003421], [121.545469, 25.003485], [121.545459, 25.003488], [121.545448, 25.003491], [121.545438, 25.003494], [121.545428, 25.003498], [121.545418, 25.003502], [121.545408, 25.003506], [121.545398, 25.00351], [121.545388, 25.003515], [121.545379, 25.00352], [121.545369, 25.003525], [121.54536, 25.00353], [121.545351, 25.003536], [121.545342, 25.003541], [121.545333, 25.003547], [121.545324, 25.003553], [121.545315, 25.003559], [121.545307, 25.003566], [121.545299, 25.003572], [121.545291, 25.003579], [121.545283, 25.003586], [121.545275, 25.003593], [121.545268, 25.003601], [121.545261, 25.003608], [121.545254, 25.003616], [121.545247, 25.003624], [121.54524, 25.003631], [121.545234, 25.00364], [121.545227, 25.003648], [121.545221, 25.003656], [121.545216, 25.003665], [121.54521, 25.003673], [121.545205, 25.003682], [121.5452, 25.003691], [121.545195, 25.0037], [121.545191, 25.003709], [121.544519, 25.004349]]]]}, "properties": {"name": "公園", "area": 0}}, {"type": "Feature", "geometry": {"type": "MultiPolygon", "coordinates": [[[[121.544546, 24.992511], [121.544545, 24.992526], [121.544548, 24.99256], [121.544582, 24.992605], [121.54466, 24.992719], [121.544701, 24.992757], [121.544827, 24.992728], [121.54494, 24.992709], [121.545029, 24.992649], [121.545121, 24.992653], [121.54505, 24.992426], [121.545034, 24.9924], [121.544958, 24.992403], [121.54472, 24.992473], [121.544546, 24.992511]]]]}, "properties": {"name": "公園", "area": 0}}, {"type": "Feature", "geometry": {"type": "MultiPolygon", "coordinates": [[[[121.544582, 24.995223], [121.54458, 24.995214], [121.544577, 24.995206], [121.544572, 24.995198], [121.544565, 24.995191], [121.544557, 24.995185], [121.54455, 24.995181], [121.54454, 24.995178], [121.544532, 24.995177], [121.543175, 24.995092], [121.542981, 24.99508], [121.542967, 24.995081], [121.542954, 24.995085], [121.542943, 24.995093], [121.542935, 24.995103], [121.54293, 24.995115], [121.542929, 24.995122], [121.542906, 24.995629], [121.542901, 24.995731], [121.542891, 24.995936], [121.542893, 24.995949], [121.542898, 24.995961], [121.542907, 24.995971], [121.542918, 24.995979], [121.542931, 24.995983], [121.542939, 24.995984], [121.543094, 24.995992], [121.543151, 24.995995], [121.543179, 24.995997], [121.543524, 24.996015], [121.544402, 24.996062], [121.544551, 24.99607], [121.54456, 24.996068], [121.544568, 24.996065], [121.544576, 24.99606], [121.544582, 24.996055], [121.544588, 24.996046], [121.544591, 24.996039], [121.544593, 24.996032], [121.544592, 24.996016], [121.544587, 24.995587], [121.544582, 24.995223]]]]}, "properties": {"name": "公園", "area": 0}}, {"type": "Feature", "geometry": {"type": "MultiPolygon", "coordinates": [[[[121.544656, 25.004472], [121.544734, 25.004516], [121.544772, 25.004607], [121.545066, 25.004738], [121.54526, 25.004704], [121.545448, 25.004649], [121.545654, 25.004566], [121.545812, 25.004523], [121.545915, 25.004505], [121.546095, 25.004483], [121.546244, 25.004462], [121.546357, 25.004476], [121.54652, 25.004472], [121.546606, 25.004483], [121.546711, 25.004534], [121.546843, 25.004563], [121.546831, 25.00455], [121.546823, 25.004536], [121.546819, 25.004521], [121.546818, 25.004505], [121.546822, 25.004489], [121.546829, 25.004474], [121.546834, 25.004468], [121.546832, 25.004463], [121.546828, 25.004457], [121.546824, 25.00445], [121.546819, 25.004444], [121.546814, 25.004438], [121.546809, 25.004432], [121.546804, 25.004426], [121.546798, 25.004421], [121.546792, 25.004416], [121.546786, 25.004411], [121.546779, 25.004407], [121.546772, 25.004402], [121.546765, 25.004398], [121.546758, 25.004395], [121.54675, 25.004392], [121.546743, 25.004389], [121.546735, 25.004386], [121.546727, 25.004384], [121.546719, 25.004382], [121.546711, 25.004381], [121.546703, 25.00438], [121.546695, 25.004379], [121.546687, 25.004379], [121.546601, 25.004377], [121.546498, 25.004376], [121.546488, 25.004376], [121.546478, 25.004376], [121.546468, 25.004376], [121.546458, 25.004376], [121.546448, 25.004375], [121.546438, 25.004375], [121.546427, 25.004375], [121.546417, 25.004375], [121.546407, 25.004374], [121.546397, 25.004374], [121.546387, 25.004374], [121.546377, 25.004373], [121.546367, 25.004373], [121.546357, 25.004373], [121.546346, 25.004372], [121.546336, 25.004372], [121.546326, 25.004371], [121.546316, 25.004371], [121.546306, 25.00437], [121.546296, 25.00437], [121.546286, 25.004369], [121.546276, 25.004368], [121.546266, 25.004368], [121.546256, 25.004367], [121.546245, 25.004366], [121.546235, 25.004366], [121.546225, 25.004365], [121.546215, 25.004364], [121.546205, 25.004363], [121.546195, 25.004362], [121.546185, 25.004362], [121.546175, 25.004361], [121.546165, 25.00436], [121.546155, 25.004359], [121.546145, 25.004358], [121.546135, 25.004357], [121.546125, 25.004356], [121.546114, 25.004355], [121.546104, 25.004354], [121.546094, 25.004353], [121.546084, 25.004352], [121.546074, 25.004351], [121.546064, 25.00435], [121.546054, 25.004348], [121.546044, 25.004347], [121.546034, 25.004346], [121.546024, 25.004345], [121.546014, 25.004343], [121.546004, 25.004342], [121.545994, 25.004341], [121.545984, 25.00434], [121.545974, 25.004338], [121.545964, 25.004337], [121.545954, 25.004335], [121.545944, 25.004334], [121.545934, 25.004332], [121.545924, 25.004331], [121.545914, 25.004329], [121.545891, 25.004326], [121.545881, 25.004324], [121.545871, 25.004323], [121.545861, 25.004321], [121.545851, 25.00432], [121.545841, 25.004318], [121.545831, 25.004316], [121.54582, 25.004315], [121.54581, 25.004313], [121.5458, 25.004311], [121.54579, 25.004309], [121.54578, 25.004307], [121.54577, 25.004306], [121.54576, 25.004304], [121.54575, 25.004302], [121.54574, 25.0043], [121.54573, 25.004298], [121.54572, 25.004296], [121.54571, 25.004294], [121.5457, 25.004292], [121.54569, 25.00429], [121.54568, 25.004288], [121.54567, 25.004286], [121.54566, 25.004284], [121.54565, 25.004282], [121.54564, 25.00428], [121.54563, 25.004277], [121.54562, 25.004275], [121.54561, 25.004273], [121.5456, 25.004271], [121.54559, 25.004268], [121.54558, 25.004266], [121.545571, 25.004264], [121.545561, 25.004261], [121.545551, 25.004259], [121.545541, 25.004257], [121.545531, 25.004254], [121.545521, 25.004252], [121.545511, 25.004249], [121.545501, 25.004247], [121.545491, 25.004244], [121.545482, 25.004242], [121.545471, 25.004239], [121.545381, 25.004214], [121.54538, 25.004213], [121.545378, 25.004213], [121.545376, 25.004213], [121.545375, 25.004212], [121.545373, 25.004212], [121.545371, 25.004212], [121.545369, 25.004212], [121.545367, 25.004212], [121.545365, 25.004212], [121.545363, 25.004212], [121.545361, 25.004212], [121.54536, 25.004212], [121.545358, 25.004212], [121.545356, 25.004213], [121.545354, 25.004213], [121.545352, 25.004214], [121.54535, 25.004214], [121.545349, 25.004215], [121.545347, 25.004215], [121.545345, 25.004216], [121.545344, 25.004217], [121.545342, 25.004218], [121.54534, 25.004219], [121.545339, 25.00422], [121.545337, 25.004221], [121.545336, 25.004222], [121.545334, 25.004223], [121.545333, 25.004224], [121.545332, 25.004225], [121.54531, 25.004246], [121.545303, 25.004253], [121.545295, 25.00426], [121.545287, 25.004266], [121.54528, 25.004273], [121.545272, 25.004279], [121.545264, 25.004285], [121.545256, 25.004292], [121.545247, 25.004298], [121.545239, 25.004303], [121.54523, 25.004309], [121.545222, 25.004315], [121.545213, 25.00432], [121.545204, 25.004325], [121.545195, 25.00433], [121.545186, 25.004335], [121.545177, 25.00434], [121.545168, 25.004345], [121.545159, 25.004349], [121.545149, 25.004353], [121.54514, 25.004358], [121.54513, 25.004362], [121.54512, 25.004365], [121.545111, 25.004369], [121.545101, 25.004373], [121.545091, 25.004376], [121.545081, 25.004379], [121.545071, 25.004382], [121.545061, 25.004385], [121.545051, 25.004388], [121.545041, 25.00439], [121.54503, 25.004392], [121.54502, 25.004395], [121.54501, 25.004396], [121.545, 25.004398], [121.544989, 25.0044], [121.544979, 25.004401], [121.544968, 25.004403], [121.544958, 25.004404], [121.544947, 25.004405], [121.544937, 25.004405], [121.544926, 25.004406], [121.544916, 25.004406], [121.544905, 25.004407], [121.544895, 25.004407], [121.544884, 25.004406], [121.544874, 25.004406], [121.544863, 25.004406], [121.544853, 25.004405], [121.544842, 25.004404], [121.544832, 25.004403], [121.544821, 25.004402], [121.544811, 25.0044], [121.5448, 25.004399], [121.54479, 25.004397], [121.54478, 25.004395], [121.544769, 25.004393], [121.544759, 25.004391], [121.544749, 25.004389], [121.544739, 25.004386], [121.544729, 25.004383], [121.544719, 25.00438], [121.544709, 25.004377], [121.544699, 25.004374], [121.544689, 25.00437], [121.544679, 25.004367], [121.544669, 25.004363], [121.54466, 25.004359], [121.54465, 25.004355], [121.544643, 25.004352], [121.544635, 25.004349], [121.544627, 25.004346], [121.544618, 25.004344], [121.54461, 25.004343], [121.544602, 25.004341], [121.544593, 25.00434], [121.544585, 25.00434], [121.544576, 25.00434], [121.544568, 25.00434], [121.544559, 25.004341], [121.544551, 25.004342], [121.544542, 25.004343], [121.544534, 25.004345], [121.544526, 25.004347], [121.544519, 25.004349], [121.544449, 25.004382], [121.544656, 25.004472]]]]}, "properties": {"name": "公園", "area": 0}}, {"type": "Feature", "geometry": {"type": "MultiPolygon", "coordinates": [[[[121.54471, 25.035624], [121.544719, 25.035985], [121.545044, 25.035979], [121.545078, 25.035947], [121.545071, 25.035644], [121.545042, 25.035619], [121.54471, 25.035624]]]]}, "properties": {"name": "公園", "area": 0}}, {"type": "Feature", "geometry": {"type": "MultiPolygon", "coordinates": [[[[121.544725, 25.002813], [121.54491, 25.002403], [121.544914, 25.002391], [121.544913, 25.002378], [121.544908, 25.002367], [121.5449, 25.002357], [121.54489, 25.002349], [121.544884, 25.002347], [121.544571, 25.002234], [121.544558, 25.002231], [121.544544, 25.002232], [121.544531, 25.002236], [121.544519, 25.002244], [121.544511, 25.002254], [121.544508, 25.002258], [121.544332, 25.002636], [121.544321, 25.002659], [121.544321, 25.002659], [121.544321, 25.002659], [121.544318, 25.002672], [121.544318, 25.002684], [121.544323, 25.002696], [121.544331, 25.002706], [121.544342, 25.002714], [121.544347, 25.002716], [121.544663, 25.002837], [121.544676, 25.00284], [121.54469, 25.00284], [121.544703, 25.002836], [121.544714, 25.002828], [121.544722, 25.002819], [121.544725, 25.002813]]]]}, "properties": {"name": "公園", "area": 0}}, {"type": "Feature", "geometry": {"type": "MultiPolygon", "coordinates": [[[[121.544858, 25.028785], [121.544682, 25.028787], [121.544611, 25.028787], [121.544615, 25.028958], [121.544619, 25.029101], [121.544647, 25.029127], [121.545015, 25.029144], [121.545043, 25.029119], [121.545039, 25.028956], [121.545034, 25.028783], [121.544858, 25.028785]]]]}, "properties": {"name": "公園", "area": 0}}, {"type": "Feature", "geometry": {"type": "MultiPolygon", "coordinates": [[[[121.544884, 25.002347], [121.544896, 25.002353], [121.544905, 25.002362], [121.544911, 25.002373], [121.544914, 25.002385], [121.544912, 25.002398], [121.54491, 25.002403], [121.544725, 25.002813], [121.544718, 25.002824], [121.544708, 25.002833], [121.544696, 25.002838], [121.544682, 25.00284], [121.544669, 25.002839], [121.544663, 25.002837], [121.544347, 25.002716], [121.544335, 25.002709], [121.544326, 25.0027], [121.54432, 25.002689], [121.544318, 25.002677], [121.544319, 25.002664], [121.544321, 25.002659], [121.544268, 25.002772], [121.544276, 25.002761], [121.544286, 25.002753], [121.544298, 25.002748], [121.544312, 25.002746], [121.544326, 25.002747], [121.544331, 25.002749], [121.544648, 25.00287], [121.54466, 25.002877], [121.544669, 25.002886], [121.544675, 25.002897], [121.544677, 25.00291], [121.544676, 25.002922], [121.544674, 25.002927], [121.54455, 25.003202], [121.544543, 25.003213], [121.544533, 25.003221], [121.544521, 25.003227], [121.544507, 25.003229], [121.544494, 25.003227], [121.544487, 25.003225], [121.544473, 25.003258], [121.544458, 25.003292], [121.544458, 25.003292], [121.544459, 25.003292], [121.544573, 25.003341], [121.544589, 25.003304], [121.544966, 25.002469], [121.544986, 25.002426], [121.544988, 25.002421], [121.544989, 25.00242], [121.544989, 25.002418], [121.54499, 25.002417], [121.544991, 25.002416], [121.544992, 25.002415], [121.544993, 25.002414], [121.544994, 25.002413], [121.544995, 25.002411], [121.544996, 25.00241], [121.544997, 25.002409], [121.544998, 25.002408], [121.544999, 25.002408], [121.545001, 25.002407], [121.545002, 25.002406], [121.545003, 25.002405], [121.545005, 25.002404], [121.545006, 25.002404], [121.545007, 25.002403], [121.545009, 25.002402], [121.54501, 25.002402], [121.545012, 25.002401], [121.545013, 25.002401], [121.545015, 25.002401], [121.545016, 25.0024], [121.545018, 25.0024], [121.545019, 25.0024], [121.545021, 25.0024], [121.545022, 25.0024], [121.545024, 25.0024], [121.545026, 25.0024], [121.545027, 25.0024], [121.545029, 25.0024], [121.54503, 25.0024], [121.545032, 25.0024], [121.545033, 25.002401], [121.545035, 25.002401], [121.545036, 25.002401], [121.545038, 25.002402], [121.545039, 25.002402], [121.544884, 25.002347]]]]}, "properties": {"name": "公園", "area": 0}}, {"type": "Feature", "geometry": {"type": "MultiPolygon", "coordinates": [[[[121.54497, 25.081684], [121.544969, 25.081284], [121.544943, 25.081257], [121.544712, 25.081229], [121.544683, 25.081254], [121.544727, 25.082051], [121.544708, 25.082773], [121.544742, 25.082805], [121.545066, 25.082816], [121.545243, 25.082822], [121.545271, 25.082797], [121.545257, 25.082074], [121.545257, 25.082074], [121.54525, 25.081712], [121.545229, 25.081693], [121.545059, 25.081687], [121.54497, 25.081684]]]]}, "properties": {"name": "公園", "area": 0}}, {"type": "Feature", "geometry": {"type": "MultiPolygon", "coordinates": [[[[121.545031, 25.054823], [121.544883, 25.054696], [121.544821, 25.054648], [121.544806, 25.054662], [121.544813, 25.05506], [121.544815, 25.055061], [121.544835, 25.055079], [121.544835, 25.055082], [121.544893, 25.055131], [121.544963, 25.05513], [121.544963, 25.055155], [121.544965, 25.05519], [121.545097, 25.055299], [121.545071, 25.05535], [121.545018, 25.055437], [121.545038, 25.055438], [121.545111, 25.055572], [121.545152, 25.055581], [121.54525, 25.05558], [121.545465, 25.055576], [121.545547, 25.055575], [121.545766, 25.05562], [121.545921, 25.055652], [121.546323, 25.055734], [121.54635, 25.05574], [121.546222, 25.055582], [121.546094, 25.055422], [121.546028, 25.055341], [121.546028, 25.055341], [121.545941, 25.055322], [121.54591, 25.055316], [121.545877, 25.055309], [121.545854, 25.055304], [121.545782, 25.055278], [121.54571, 25.055251], [121.545682, 25.055237], [121.545653, 25.055213], [121.545629, 25.055195], [121.545571, 25.055161], [121.545514, 25.055139], [121.545512, 25.055139], [121.54543, 25.055112], [121.545362, 25.055078], [121.545336, 25.055065], [121.545294, 25.055044], [121.545195, 25.054964], [121.545179, 25.054951], [121.54507, 25.054857], [121.545031, 25.054823]]]]}, "properties": {"name": "公園", "area": 0}}, {"type": "Feature", "geometry": {"type": "MultiPolygon", "coordinates": [[[[121.545114, 25.079245], [121.545323, 25.079255], [121.54542, 25.079259], [121.545549, 25.079266], [121.545567, 25.079224], [121.545107, 25.078877], [121.545072, 25.078893], [121.545077, 25.079209], [121.545114, 25.079245]]]]}, "properties": {"name": "公園", "area": 0}}, {"type": "Feature", "geometry": {"type": "MultiPolygon", "coordinates": [[[[121.545179, 25.000496], [121.545182, 25.000497], [121.545186, 25.000498], [121.545191, 25.000498], [121.545196, 25.000498], [121.5452, 25.000498], [121.545206, 25.000497], [121.545211, 25.000495], [121.545216, 25.000492], [121.54522, 25.00049], [121.545224, 25.000486], [121.545228, 25.000481], [121.545427, 25.000051], [121.545429, 25.000046], [121.54543, 25.000039], [121.54543, 25.000035], [121.545429, 25.00003], [121.545427, 25.000023], [121.545425, 25.000019], [121.545421, 25.000015], [121.545419, 25.000013], [121.545416, 25.00001], [121.545412, 25.000007], [121.545406, 25.000004], [121.544959, 24.99984], [121.544933, 24.999831], [121.544924, 24.999828], [121.544914, 24.999828], [121.544904, 24.99983], [121.544896, 24.999835], [121.544888, 24.999841], [121.544883, 24.999848], [121.544878, 24.999859], [121.544693, 25.000275], [121.544691, 25.000282], [121.544691, 25.000289], [121.544692, 25.000297], [121.544694, 25.000304], [121.544698, 25.00031], [121.544703, 25.000315], [121.544711, 25.00032], [121.544715, 25.000322], [121.544795, 25.000352], [121.545179, 25.000496]]]]}, "properties": {"name": "公園", "area": 0}}, {"type": "Feature", "geometry": {"type": "MultiPolygon", "coordinates": [[[[121.545181, 25.030301], [121.545154, 25.030327], [121.545164, 25.03063], [121.545173, 25.030957], [121.545202, 25.030982], [121.545552, 25.030975], [121.545538, 25.03055], [121.545533, 25.030417], [121.545529, 25.030295], [121.545181, 25.030301]]]]}, "properties": {"name": "公園", "area": 0}}, {"type": "Feature", "geometry": {"type": "MultiPolygon", "coordinates": [[[[121.545233, 24.993491], [121.545254, 24.993665], [121.545258, 24.993679], [121.545266, 24.993692], [121.545277, 24.993702], [121.54529, 24.99371], [121.545305, 24.993715], [121.545319, 24.993716], [121.545356, 24.993716], [121.545742, 24.993713], [121.545809, 24.993713], [121.545809, 24.993584], [121.545799, 24.993594], [121.545799, 24.993594], [121.545607, 24.993439], [121.545593, 24.993387], [121.545529, 24.993348], [121.545216, 24.993199], [121.545195, 24.993281], [121.545213, 24.993362], [121.545227, 24.993443], [121.545233, 24.993491]]]]}, "properties": {"name": "公園", "area": 0}}, {"type": "Feature", "geometry": {"type": "MultiPolygon", "coordinates": [[[[121.545331, 25.042432], [121.545317, 25.042455], [121.54532, 25.042615], [121.545349, 25.04264], [121.545605, 25.042635], [121.546062, 25.042625], [121.546091, 25.042599], [121.546077, 25.04206], [121.546043, 25.042043], [121.545331, 25.042432]]]]}, "properties": {"name": "公園", "area": 0}}, {"type": "Feature", "geometry": {"type": "MultiPolygon", "coordinates": [[[[121.545346, 25.09806], [121.546262, 25.098488], [121.54629, 25.098661], [121.546356, 25.099064], [121.54633, 25.09958], [121.546716, 25.099607], [121.546765, 25.099465], [121.546672, 25.099109], [121.546545, 25.098746], [121.546437, 25.098325], [121.545825, 25.098038], [121.545824, 25.098038], [121.545736, 25.098218], [121.545362, 25.097952], [121.545346, 25.09806]]]]}, "properties": {"name": "公園", "area": 0}}, {"type": "Feature", "geometry": {"type": "MultiPolygon", "coordinates": [[[[121.545521, 25.034262], [121.545619, 25.03426], [121.54588, 25.034257], [121.545907, 25.034231], [121.545903, 25.034019], [121.545875, 25.033994], [121.545517, 25.033999], [121.545521, 25.034262]]]]}, "properties": {"name": "公園", "area": 0}}, {"type": "Feature", "geometry": {"type": "MultiPolygon", "coordinates": [[[[121.545531, 25.04678], [121.545539, 25.047108], [121.545739, 25.047106], [121.545919, 25.047104], [121.545947, 25.047079], [121.545952, 25.046802], [121.545924, 25.046776], [121.545531, 25.04678]]]]}, "properties": {"name": "公園", "area": 0}}, {"type": "Feature", "geometry": {"type": "MultiPolygon", "coordinates": [[[[121.545572, 25.137279], [121.546377, 25.137204], [121.546377, 25.137204], [121.546331, 25.137053], [121.546331, 25.137053], [121.545819, 25.136951], [121.545819, 25.136951], [121.545572, 25.137279], [121.545572, 25.137279]]]]}, "properties": {"name": "公園", "area": 0}}, {"type": "Feature", "geometry": {"type": "MultiPolygon", "coordinates": [[[[121.545616, 25.003611], [121.542511, 25.002544], [121.543823, 25.004789], [121.543823, 25.004789], [121.548119, 25.004511], [121.545616, 25.003611]]]]}, "properties": {"name": "公園", "area": 0}}, {"type": "Feature", "geometry": {"type": "MultiPolygon", "coordinates": [[[[121.545623, 25.050103], [121.545624, 25.050122], [121.545922, 25.050115], [121.546145, 25.05011], [121.54617, 25.050077], [121.546163, 25.049737], [121.546133, 25.049716], [121.545612, 25.049728], [121.545623, 25.050103]]]]}, "properties": {"name": "公園", "area": 0}}, {"type": "Feature", "geometry": {"type": "MultiPolygon", "coordinates": [[[[121.545641, 25.002374], [121.545636, 25.002384], [121.545631, 25.002393], [121.545624, 25.002403], [121.545618, 25.002412], [121.545611, 25.002421], [121.545603, 25.00243], [121.545596, 25.002438], [121.545587, 25.002446], [121.545579, 25.002453], [121.545569, 25.002461], [121.54556, 25.002467], [121.54555, 25.002474], [121.54554, 25.00248], [121.54553, 25.002485], [121.545519, 25.002491], [121.545508, 25.002495], [121.545497, 25.002499], [121.545486, 25.002503], [121.545474, 25.002506], [121.545463, 25.002509], [121.545451, 25.002511], [121.545439, 25.002513], [121.545427, 25.002514], [121.545415, 25.002515], [121.545403, 25.002515], [121.545391, 25.002515], [121.545379, 25.002514], [121.545367, 25.002513], [121.545355, 25.002511], [121.545343, 25.002509], [121.545332, 25.002506], [121.54532, 25.002503], [121.545309, 25.002499], [121.545039, 25.002402], [121.545038, 25.002402], [121.545036, 25.002401], [121.545035, 25.002401], [121.545033, 25.002401], [121.545032, 25.0024], [121.54503, 25.0024], [121.545029, 25.0024], [121.545027, 25.0024], [121.545026, 25.0024], [121.545024, 25.0024], [121.545022, 25.0024], [121.545021, 25.0024], [121.545019, 25.0024], [121.545018, 25.0024], [121.545016, 25.0024], [121.545015, 25.002401], [121.545013, 25.002401], [121.545012, 25.002401], [121.54501, 25.002402], [121.545009, 25.002402], [121.545007, 25.002403], [121.545006, 25.002404], [121.545005, 25.002404], [121.545003, 25.002405], [121.545002, 25.002406], [121.545001, 25.002407], [121.544999, 25.002408], [121.544998, 25.002408], [121.544997, 25.002409], [121.544996, 25.00241], [121.544995, 25.002411], [121.544994, 25.002413], [121.544993, 25.002414], [121.544992, 25.002415], [121.544991, 25.002416], [121.54499, 25.002417], [121.544989, 25.002418], [121.544989, 25.00242], [121.544988, 25.002421], [121.544986, 25.002426], [121.544966, 25.002469], [121.545472, 25.002667], [121.545768, 25.002472], [121.5458, 25.002148], [121.546115, 25.002144], [121.546353, 25.002312], [121.546418, 25.002278], [121.5463, 25.002092], [121.546247, 25.002109], [121.545934, 25.002078], [121.545901, 25.002091], [121.545866, 25.002093], [121.545818, 25.002061], [121.545775, 25.002097], [121.545641, 25.002374]]]]}, "properties": {"name": "公園", "area": 0}}, {"type": "Feature", "geometry": {"type": "MultiPolygon", "coordinates": [[[[121.545799, 25.003511], [121.545836, 25.003493], [121.545835, 25.003492], [121.545834, 25.003491], [121.545833, 25.00349], [121.545832, 25.003488], [121.545831, 25.003487], [121.54583, 25.003486], [121.545829, 25.003485], [121.545828, 25.003484], [121.545827, 25.003483], [121.545826, 25.003481], [121.545824, 25.00348], [121.545823, 25.00348], [121.545822, 25.003479], [121.54582, 25.003478], [121.545819, 25.003477], [121.545817, 25.003476], [121.545816, 25.003476], [121.545814, 25.003475], [121.545813, 25.003474], [121.545811, 25.003474], [121.545809, 25.003473], [121.545808, 25.003473], [121.545806, 25.003473], [121.545804, 25.003472], [121.545803, 25.003472], [121.545801, 25.003472], [121.545799, 25.003472], [121.545798, 25.003472], [121.545796, 25.003472], [121.545794, 25.003472], [121.545793, 25.003472], [121.545791, 25.003472], [121.545789, 25.003472], [121.545788, 25.003473], [121.545786, 25.003473], [121.545784, 25.003473], [121.545696, 25.003498], [121.545691, 25.003594], [121.545743, 25.003569], [121.545741, 25.00351], [121.545799, 25.003511]]]]}, "properties": {"name": "公園", "area": 0}}, {"type": "Feature", "geometry": {"type": "MultiPolygon", "coordinates": [[[[121.545864, 25.052933], [121.54586, 25.052955], [121.54616, 25.053328], [121.54662, 25.0539], [121.546696, 25.053898], [121.546723, 25.053872], [121.546709, 25.053326], [121.546701, 25.05298], [121.5467, 25.052941], [121.546671, 25.052916], [121.546637, 25.052917], [121.546522, 25.052919], [121.545864, 25.052933]]]]}, "properties": {"name": "公園", "area": 0}}, {"type": "Feature", "geometry": {"type": "MultiPolygon", "coordinates": [[[[121.545958, 25.003714], [121.545958, 25.003714], [121.54595, 25.003706], [121.545943, 25.003698], [121.545936, 25.00369], [121.54593, 25.003682], [121.545924, 25.003673], [121.545917, 25.003665], [121.545912, 25.003656], [121.54591, 25.003653], [121.545845, 25.003677], [121.545839, 25.003695], [121.545784, 25.003711], [121.5457, 25.003673], [121.545689, 25.003648], [121.545684, 25.003773], [121.545958, 25.003714]]]]}, "properties": {"name": "公園", "area": 0}}, {"type": "Feature", "geometry": {"type": "MultiPolygon", "coordinates": [[[[121.546011, 25.096073], [121.546687, 25.095715], [121.547246, 25.095526], [121.547252, 25.095525], [121.547365, 25.095496], [121.547928, 25.095469], [121.548365, 25.095447], [121.548371, 25.095387], [121.548304, 25.09536], [121.548234, 25.095336], [121.548164, 25.095315], [121.548092, 25.095298], [121.54802, 25.095284], [121.547946, 25.095274], [121.547873, 25.095267], [121.547799, 25.095264], [121.547724, 25.095265], [121.54765, 25.095269], [121.547577, 25.095277], [121.547504, 25.095289], [121.547431, 25.095304], [121.54736, 25.095322], [121.54729, 25.095344], [121.547221, 25.095369], [121.547154, 25.095398], [121.547094, 25.095427], [121.545607, 25.096212], [121.545598, 25.096216], [121.545769, 25.09619], [121.546408, 25.0971], [121.54605, 25.096505], [121.546018, 25.096452], [121.545937, 25.096316], [121.545925, 25.096293], [121.545917, 25.096269], [121.545913, 25.096243], [121.545913, 25.096218], [121.545916, 25.096193], [121.545924, 25.096168], [121.545935, 25.096145], [121.54595, 25.096123], [121.545968, 25.096103], [121.545989, 25.096087], [121.546011, 25.096073]]]]}, "properties": {"name": "公園", "area": 0}}, {"type": "Feature", "geometry": {"type": "MultiPolygon", "coordinates": [[[[121.546073, 25.003806], [121.546068, 25.003797], [121.546061, 25.003789], [121.54606, 25.003789], [121.546052, 25.003785], [121.546043, 25.003779], [121.546033, 25.003774], [121.546024, 25.003768], [121.546015, 25.003762], [121.546006, 25.003756], [121.545998, 25.003749], [121.545989, 25.003743], [121.545981, 25.003736], [121.545973, 25.003729], [121.545965, 25.003721], [121.545958, 25.003714], [121.545684, 25.003773], [121.545689, 25.003648], [121.545676, 25.003616], [121.545679, 25.003599], [121.545691, 25.003594], [121.545696, 25.003498], [121.545492, 25.003554], [121.545483, 25.003556], [121.545475, 25.003559], [121.545466, 25.003562], [121.545458, 25.003565], [121.54545, 25.003568], [121.545442, 25.003571], [121.545434, 25.003575], [121.545426, 25.003579], [121.545418, 25.003583], [121.54541, 25.003587], [121.545402, 25.003591], [121.545395, 25.003596], [121.545387, 25.0036], [121.54538, 25.003605], [121.545373, 25.00361], [121.545366, 25.003615], [121.545359, 25.00362], [121.545352, 25.003626], [121.545345, 25.003631], [121.545339, 25.003637], [121.545333, 25.003643], [121.545327, 25.003649], [121.545321, 25.003655], [121.545315, 25.003662], [121.545309, 25.003668], [121.545304, 25.003674], [121.545298, 25.003681], [121.545293, 25.003688], [121.545288, 25.003695], [121.545284, 25.003702], [121.545279, 25.003709], [121.545275, 25.003716], [121.545271, 25.003723], [121.545267, 25.003731], [121.545263, 25.003738], [121.545259, 25.003746], [121.545256, 25.003753], [121.545253, 25.003761], [121.54525, 25.003769], [121.545247, 25.003777], [121.545245, 25.003785], [121.545243, 25.003792], [121.545241, 25.0038], [121.545239, 25.003808], [121.545237, 25.003817], [121.545223, 25.00389], [121.545222, 25.003898], [121.545221, 25.003906], [121.54522, 25.003914], [121.54522, 25.003921], [121.54522, 25.003929], [121.54522, 25.003937], [121.54522, 25.003945], [121.545221, 25.003953], [121.545222, 25.00396], [121.545224, 25.003968], [121.545225, 25.003976], [121.545227, 25.003983], [121.545229, 25.003991], [121.545232, 25.003998], [121.545235, 25.004005], [121.545238, 25.004013], [121.545241, 25.00402], [121.545245, 25.004027], [121.545249, 25.004034], [121.545253, 25.004041], [121.545257, 25.004047], [121.545262, 25.004054], [121.545267, 25.00406], [121.545272, 25.004066], [121.545278, 25.004072], [121.545283, 25.004078], [121.545289, 25.004084], [121.545295, 25.004089], [121.545301, 25.004095], [121.545308, 25.0041], [121.545315, 25.004105], [121.545321, 25.004109], [121.545329, 25.004114], [121.545336, 25.004118], [121.545343, 25.004122], [121.545351, 25.004125], [121.545358, 25.004129], [121.545366, 25.004132], [121.545374, 25.004135], [121.545382, 25.004138], [121.54539, 25.00414], [121.545399, 25.004143], [121.545494, 25.00417], [121.545503, 25.004172], [121.545513, 25.004175], [121.545523, 25.004177], [121.545532, 25.00418], [121.545542, 25.004182], [121.545552, 25.004185], [121.545561, 25.004187], [121.545571, 25.004189], [121.545581, 25.004192], [121.54559, 25.004194], [121.5456, 25.004196], [121.54561, 25.004198], [121.54562, 25.004201], [121.545629, 25.004203], [121.545639, 25.004205], [121.545649, 25.004207], [121.545658, 25.004209], [121.545668, 25.004211], [121.545678, 25.004214], [121.545688, 25.004216], [121.545698, 25.004218], [121.545707, 25.00422], [121.545717, 25.004222], [121.545727, 25.004224], [121.545737, 25.004226], [121.545747, 25.004227], [121.545756, 25.004229], [121.545766, 25.004231], [121.545776, 25.004233], [121.545786, 25.004235], [121.545796, 25.004237], [121.545806, 25.004238], [121.545815, 25.00424], [121.545825, 25.004242], [121.545835, 25.004244], [121.545845, 25.004245], [121.545855, 25.004247], [121.545865, 25.004248], [121.545875, 25.00425], [121.545884, 25.004252], [121.545894, 25.004253], [121.545904, 25.004255], [121.545927, 25.004258], [121.545937, 25.00426], [121.545947, 25.004261], [121.545956, 25.004263], [121.545966, 25.004264], [121.545976, 25.004265], [121.545986, 25.004267], [121.545996, 25.004268], [121.546005, 25.004269], [121.546015, 25.004271], [121.546025, 25.004272], [121.546035, 25.004273], [121.546045, 25.004274], [121.546054, 25.004276], [121.546064, 25.004277], [121.546074, 25.004278], [121.546084, 25.004279], [121.546094, 25.00428], [121.546104, 25.004281], [121.546113, 25.004282], [121.546123, 25.004283], [121.546133, 25.004284], [121.546143, 25.004285], [121.546153, 25.004286], [121.546163, 25.004287], [121.546173, 25.004288], [121.546182, 25.004289], [121.546192, 25.00429], [121.546202, 25.004291], [121.546212, 25.004291], [121.546222, 25.004292], [121.546232, 25.004293], [121.546242, 25.004294], [121.546252, 25.004294], [121.546261, 25.004295], [121.546271, 25.004296], [121.546281, 25.004296], [121.546291, 25.004297], [121.546301, 25.004297], [121.546311, 25.004298], [121.546321, 25.004299], [121.546331, 25.004299], [121.546341, 25.0043], [121.54635, 25.0043], [121.54636, 25.0043], [121.54637, 25.004301], [121.54638, 25.004301], [121.54639, 25.004302], [121.5464, 25.004302], [121.54641, 25.004302], [121.54642, 25.004303], [121.54643, 25.004303], [121.54644, 25.004303], [121.546449, 25.004303], [121.546459, 25.004303], [121.546469, 25.004304], [121.546479, 25.004304], [121.546489, 25.004304], [121.546499, 25.004304], [121.54654, 25.004304], [121.546541, 25.004304], [121.546543, 25.004304], [121.546544, 25.004304], [121.546546, 25.004304], [121.546548, 25.004304], [121.546549, 25.004303], [121.546551, 25.004303], [121.546552, 25.004303], [121.546554, 25.004302], [121.546555, 25.004302], [121.546557, 25.004301], [121.546558, 25.0043], [121.54656, 25.0043], [121.546561, 25.004299], [121.546563, 25.004298], [121.546564, 25.004297], [121.546565, 25.004296], [121.546567, 25.004296], [121.546568, 25.004295], [121.546569, 25.004294], [121.54657, 25.004293], [121.546571, 25.004291], [121.546572, 25.00429], [121.546573, 25.004289], [121.546574, 25.004288], [121.546575, 25.004287], [121.546576, 25.004285], [121.546577, 25.004284], [121.546577, 25.004283], [121.546578, 25.004281], [121.546579, 25.00428], [121.546579, 25.004279], [121.54658, 25.004277], [121.54658, 25.004276], [121.546581, 25.004274], [121.546581, 25.004273], [121.546581, 25.004272], [121.546581, 25.00427], [121.546581, 25.004269], [121.546606, 25.003875], [121.546606, 25.003873], [121.546606, 25.003872], [121.546606, 25.003871], [121.546605, 25.003869], [121.546605, 25.003868], [121.546605, 25.003867], [121.546605, 25.003865], [121.546604, 25.003864], [121.546604, 25.003863], [121.546603, 25.003862], [121.546603, 25.00386], [121.546602, 25.003859], [121.546602, 25.003858], [121.546601, 25.003857], [121.5466, 25.003855], [121.546599, 25.003854], [121.546599, 25.003853], [121.546598, 25.003852], [121.546597, 25.003851], [121.546596, 25.00385], [121.546595, 25.003849], [121.546594, 25.003848], [121.546593, 25.003847], [121.546592, 25.003846], [121.54659, 25.003845], [121.546589, 25.003845], [121.546588, 25.003844], [121.546587, 25.003843], [121.546585, 25.003843], [121.546584, 25.003842], [121.546583, 25.003841], [121.546581, 25.003841], [121.54658, 25.00384], [121.546578, 25.00384], [121.546577, 25.00384], [121.546576, 25.003839], [121.546574, 25.003839], [121.546573, 25.003839], [121.546571, 25.003839], [121.54657, 25.003839], [121.546568, 25.003839], [121.546245, 25.003834], [121.546233, 25.003834], [121.546229, 25.003833], [121.546225, 25.003849], [121.546216, 25.003863], [121.546205, 25.003875], [121.546191, 25.003885], [121.546174, 25.003892], [121.546157, 25.003895], [121.546139, 25.003894], [121.546122, 25.00389], [121.546106, 25.003883], [121.546093, 25.003872], [121.546082, 25.003859], [121.546075, 25.003844], [121.546071, 25.003829], [121.546072, 25.003812], [121.546073, 25.003806]]]]}, "properties": {"name": "公園", "area": 0}}, {"type": "Feature", "geometry": {"type": "MultiPolygon", "coordinates": [[[[121.546126, 25.036469], [121.546099, 25.036495], [121.546104, 25.036765], [121.546104, 25.036773], [121.546133, 25.036798], [121.546482, 25.03679], [121.546477, 25.036462], [121.546126, 25.036469]]]]}, "properties": {"name": "公園", "area": 0}}, {"type": "Feature", "geometry": {"type": "MultiPolygon", "coordinates": [[[[121.546218, 25.059836], [121.546223, 25.059841], [121.546261, 25.059851], [121.54627, 25.059852], [121.546549, 25.059634], [121.546553, 25.059632], [121.546567, 25.059619], [121.546565, 25.059605], [121.546556, 25.059593], [121.546462, 25.059489], [121.546458, 25.05949], [121.546435, 25.059487], [121.546402, 25.059488], [121.546293, 25.059488], [121.546243, 25.059489], [121.546228, 25.059501], [121.546216, 25.059519], [121.546214, 25.059551], [121.546218, 25.059836]]]]}, "properties": {"name": "公園", "area": 0}}, {"type": "Feature", "geometry": {"type": "MultiPolygon", "coordinates": [[[[121.546295, 24.99427], [121.546783, 24.994272], [121.546768, 24.994236], [121.546295, 24.994234], [121.546295, 24.994234], [121.546295, 24.99427]]]]}, "properties": {"name": "公園", "area": 0}}, {"type": "Feature", "geometry": {"type": "MultiPolygon", "coordinates": [[[[121.546355, 25.003075], [121.546447, 25.003009], [121.546433, 25.003004], [121.546417, 25.002963], [121.545834, 25.00326], [121.545706, 25.003286], [121.5457, 25.003421], [121.545821, 25.003388], [121.545834, 25.003384], [121.545933, 25.003357], [121.545901, 25.003326], [121.545907, 25.003262], [121.545955, 25.003251], [121.546077, 25.003153], [121.546103, 25.003139], [121.546282, 25.003059], [121.546341, 25.003064], [121.546355, 25.003075]]]]}, "properties": {"name": "公園", "area": 0}}, {"type": "Feature", "geometry": {"type": "MultiPolygon", "coordinates": [[[[121.546421, 24.99734], [121.546404, 24.997219], [121.545959, 24.996817], [121.545761, 24.996968], [121.545755, 24.997228], [121.54594, 24.997284], [121.54637, 24.997414], [121.546421, 24.99734]]]]}, "properties": {"name": "公園", "area": 0}}, {"type": "Feature", "geometry": {"type": "MultiPolygon", "coordinates": [[[[121.54646, 25.025568], [121.546674, 25.025556], [121.5467, 25.025529], [121.546683, 25.025275], [121.546653, 25.025251], [121.546438, 25.025263], [121.54646, 25.025568]]]]}, "properties": {"name": "公園", "area": 0}}, {"type": "Feature", "geometry": {"type": "MultiPolygon", "coordinates": [[[[121.546465, 24.993728], [121.546423, 24.993775], [121.546381, 24.993865], [121.546371, 24.993941], [121.546379, 24.993979], [121.546515, 24.993913], [121.546747, 24.99346], [121.546764, 24.993445], [121.546542, 24.993474], [121.546507, 24.993517], [121.546476, 24.993573], [121.546465, 24.993728]]]]}, "properties": {"name": "公園", "area": 0}}, {"type": "Feature", "geometry": {"type": "MultiPolygon", "coordinates": [[[[121.546515, 24.993913], [121.546379, 24.993979], [121.546404, 24.994104], [121.546393, 24.994172], [121.546337, 24.994234], [121.546768, 24.994236], [121.54677, 24.994213], [121.54677, 24.994213], [121.54677, 24.994209], [121.54677, 24.994202], [121.54677, 24.994191], [121.54677, 24.994181], [121.546775, 24.993935], [121.546818, 24.99374], [121.54686, 24.993547], [121.546861, 24.99354], [121.546863, 24.993532], [121.546864, 24.993524], [121.546864, 24.993516], [121.546865, 24.993508], [121.546865, 24.9935], [121.546865, 24.993493], [121.546864, 24.993485], [121.546863, 24.993477], [121.546862, 24.993469], [121.546861, 24.993461], [121.546859, 24.993454], [121.546858, 24.993446], [121.546855, 24.993438], [121.546853, 24.993431], [121.54685, 24.993423], [121.546847, 24.993416], [121.546844, 24.993408], [121.54684, 24.993401], [121.546837, 24.993394], [121.546832, 24.993387], [121.546832, 24.993387], [121.546764, 24.993445], [121.546747, 24.99346], [121.546515, 24.993913]]]]}, "properties": {"name": "公園", "area": 0}}, {"type": "Feature", "geometry": {"type": "MultiPolygon", "coordinates": [[[[121.546616, 25.00339], [121.546541, 25.003416], [121.546425, 25.003501], [121.546429, 25.003514], [121.546447, 25.003533], [121.546514, 25.003449], [121.54677, 25.003371], [121.546616, 25.00339]]]]}, "properties": {"name": "公園", "area": 0}}, {"type": "Feature", "geometry": {"type": "MultiPolygon", "coordinates": [[[[121.546633, 25.040208], [121.546634, 25.040537], [121.547005, 25.04053], [121.547094, 25.040528], [121.547122, 25.040502], [121.547115, 25.040224], [121.547086, 25.040199], [121.546633, 25.040208]]]]}, "properties": {"name": "公園", "area": 0}}, {"type": "Feature", "geometry": {"type": "MultiPolygon", "coordinates": [[[[121.546783, 24.994272], [121.546294, 24.99427], [121.546314, 24.994742], [121.546317, 24.994757], [121.546323, 24.99477], [121.546332, 24.994782], [121.546345, 24.994792], [121.546355, 24.994797], [121.546429, 24.994825], [121.546501, 24.994857], [121.546532, 24.994872], [121.546621, 24.994917], [121.546713, 24.994783], [121.546993, 24.994919], [121.547023, 24.994924], [121.547155, 24.994756], [121.547006, 24.994482], [121.546972, 24.99447], [121.546939, 24.994455], [121.546908, 24.994436], [121.54688, 24.994415], [121.546854, 24.994391], [121.546831, 24.994365], [121.546812, 24.994337], [121.546796, 24.994306], [121.546784, 24.994275], [121.546783, 24.994272]]]]}, "properties": {"name": "公園", "area": 0}}, {"type": "Feature", "geometry": {"type": "MultiPolygon", "coordinates": [[[[121.546912, 25.001927], [121.546892, 25.001901], [121.546845, 25.001797], [121.546789, 25.001718], [121.546752, 25.001595], [121.546773, 25.001584], [121.546714, 25.001523], [121.546605, 25.001393], [121.546569, 25.001328], [121.5466, 25.001289], [121.546617, 25.001145], [121.546616, 25.001145], [121.546608, 25.00114], [121.546601, 25.001135], [121.546593, 25.00113], [121.546585, 25.001125], [121.546577, 25.00112], [121.546569, 25.001115], [121.546561, 25.001111], [121.546553, 25.001106], [121.546544, 25.001102], [121.546536, 25.001097], [121.546528, 25.001093], [121.546519, 25.001088], [121.546511, 25.001084], [121.546503, 25.00108], [121.546494, 25.001076], [121.546486, 25.001072], [121.546477, 25.001068], [121.546468, 25.001064], [121.54646, 25.001061], [121.546451, 25.001057], [121.546442, 25.001054], [121.546433, 25.00105], [121.546313, 25.001003], [121.546311, 25.001003], [121.54631, 25.001002], [121.546309, 25.001002], [121.546307, 25.001002], [121.546306, 25.001001], [121.546304, 25.001001], [121.546303, 25.001001], [121.546301, 25.001001], [121.5463, 25.001001], [121.546298, 25.001001], [121.546297, 25.001001], [121.546295, 25.001001], [121.546294, 25.001001], [121.546292, 25.001001], [121.546291, 25.001001], [121.546289, 25.001001], [121.546288, 25.001002], [121.546286, 25.001002], [121.546285, 25.001003], [121.546284, 25.001003], [121.546282, 25.001004], [121.546281, 25.001004], [121.546279, 25.001005], [121.546278, 25.001005], [121.546277, 25.001006], [121.546276, 25.001007], [121.546274, 25.001008], [121.546273, 25.001009], [121.546272, 25.001009], [121.546271, 25.00101], [121.54627, 25.001011], [121.546269, 25.001012], [121.546268, 25.001013], [121.546267, 25.001015], [121.546266, 25.001016], [121.546265, 25.001017], [121.546265, 25.001018], [121.546264, 25.001019], [121.546263, 25.00102], [121.546263, 25.001022], [121.546262, 25.001023], [121.546133, 25.001327], [121.546546, 25.001802], [121.546601, 25.002184], [121.546504, 25.002234], [121.546694, 25.002532], [121.546712, 25.002536], [121.546731, 25.002535], [121.546749, 25.002531], [121.546766, 25.002524], [121.546778, 25.002516], [121.546785, 25.002508], [121.546792, 25.002501], [121.5468, 25.002493], [121.546808, 25.002486], [121.546816, 25.002478], [121.546824, 25.002471], [121.546832, 25.002464], [121.54684, 25.002458], [121.546849, 25.002451], [121.546858, 25.002445], [121.546867, 25.002438], [121.546876, 25.002432], [121.546885, 25.002427], [121.546894, 25.002421], [121.546904, 25.002416], [121.546913, 25.00241], [121.546923, 25.002405], [121.546933, 25.0024], [121.546943, 25.002396], [121.546953, 25.002391], [121.547062, 25.002345], [121.547069, 25.002342], [121.547074, 25.00234], [121.547083, 25.002338], [121.547093, 25.002337], [121.547103, 25.002338], [121.547113, 25.002341], [121.547121, 25.002345], [121.547127, 25.002348], [121.547138, 25.002355], [121.54717, 25.002373], [121.547193, 25.002386], [121.547199, 25.002389], [121.547208, 25.002393], [121.547217, 25.002395], [121.547227, 25.002394], [121.547234, 25.002392], [121.547242, 25.00239], [121.548079, 25.002097], [121.548105, 25.002088], [121.547947, 25.001847], [121.547913, 25.00188], [121.547749, 25.001938], [121.547464, 25.002019], [121.547226, 25.002012], [121.547218, 25.002045], [121.547077, 25.002052], [121.547005, 25.00202], [121.546806, 25.002025], [121.546809, 25.002021], [121.546912, 25.001927]]]]}, "properties": {"name": "公園", "area": 0}}, {"type": "Feature", "geometry": {"type": "MultiPolygon", "coordinates": [[[[121.546932, 25.004581], [121.547108, 25.004577], [121.547123, 25.004623], [121.547289, 25.004657], [121.547454, 25.004623], [121.54751, 25.004611], [121.547818, 25.004605], [121.548341, 25.004461], [121.548229, 25.004361], [121.548222, 25.004355], [121.548215, 25.004349], [121.548208, 25.004343], [121.548201, 25.004337], [121.548193, 25.004331], [121.548186, 25.004325], [121.548179, 25.004319], [121.548172, 25.004313], [121.548164, 25.004308], [121.548157, 25.004302], [121.548149, 25.004296], [121.548142, 25.004291], [121.548134, 25.004285], [121.548127, 25.00428], [121.548119, 25.004274], [121.548111, 25.004269], [121.548104, 25.004263], [121.548096, 25.004258], [121.548088, 25.004253], [121.54808, 25.004248], [121.548072, 25.004243], [121.548064, 25.004238], [121.548056, 25.004233], [121.548048, 25.004228], [121.54804, 25.004223], [121.548032, 25.004218], [121.548024, 25.004213], [121.548015, 25.004209], [121.548007, 25.004204], [121.547999, 25.004199], [121.547991, 25.004195], [121.547982, 25.00419], [121.547974, 25.004186], [121.547965, 25.004182], [121.547957, 25.004177], [121.547948, 25.004173], [121.54794, 25.004169], [121.547931, 25.004165], [121.547923, 25.004161], [121.547914, 25.004157], [121.547905, 25.004153], [121.547896, 25.004149], [121.547888, 25.004145], [121.547879, 25.004141], [121.54787, 25.004138], [121.547861, 25.004134], [121.547852, 25.004131], [121.547843, 25.004127], [121.547834, 25.004124], [121.547825, 25.00412], [121.547816, 25.004117], [121.547807, 25.004114], [121.547798, 25.004111], [121.547789, 25.004107], [121.54778, 25.004104], [121.547538, 25.004024], [121.54753, 25.004022], [121.547522, 25.004019], [121.547513, 25.004017], [121.547505, 25.004016], [121.547496, 25.004014], [121.547487, 25.004013], [121.547479, 25.004012], [121.54747, 25.004011], [121.547461, 25.004011], [121.547452, 25.004011], [121.547444, 25.004011], [121.547435, 25.004012], [121.547424, 25.004012], [121.547414, 25.004013], [121.547403, 25.004013], [121.547393, 25.004013], [121.547383, 25.004013], [121.547372, 25.004013], [121.547362, 25.004013], [121.547351, 25.004013], [121.547341, 25.004012], [121.547331, 25.004012], [121.54732, 25.004011], [121.54731, 25.004011], [121.547299, 25.00401], [121.547289, 25.004009], [121.547279, 25.004008], [121.547268, 25.004007], [121.547258, 25.004006], [121.547248, 25.004005], [121.547237, 25.004003], [121.547227, 25.004002], [121.547217, 25.004], [121.547207, 25.003998], [121.547196, 25.003997], [121.547186, 25.003995], [121.547177, 25.003993], [121.547176, 25.003993], [121.547166, 25.003991], [121.547156, 25.003988], [121.547146, 25.003986], [121.547136, 25.003984], [121.547126, 25.003981], [121.547116, 25.003979], [121.547106, 25.003976], [121.547096, 25.003973], [121.546695, 25.003858], [121.546694, 25.003858], [121.546693, 25.003858], [121.546692, 25.003858], [121.546691, 25.003857], [121.546689, 25.003857], [121.546688, 25.003857], [121.546687, 25.003857], [121.546686, 25.003857], [121.546685, 25.003857], [121.546683, 25.003857], [121.546682, 25.003857], [121.546681, 25.003857], [121.54668, 25.003858], [121.546679, 25.003858], [121.546677, 25.003858], [121.546676, 25.003858], [121.546675, 25.003859], [121.546674, 25.003859], [121.546673, 25.00386], [121.546672, 25.00386], [121.546671, 25.00386], [121.54667, 25.003861], [121.546669, 25.003862], [121.546668, 25.003862], [121.546667, 25.003863], [121.546666, 25.003864], [121.546665, 25.003864], [121.546664, 25.003865], [121.546663, 25.003866], [121.546662, 25.003867], [121.546662, 25.003867], [121.546661, 25.003868], [121.54666, 25.003869], [121.546659, 25.00387], [121.546659, 25.003871], [121.546658, 25.003872], [121.546658, 25.003873], [121.546657, 25.003874], [121.546657, 25.003875], [121.546656, 25.003876], [121.546656, 25.003877], [121.546656, 25.003878], [121.546655, 25.003879], [121.546655, 25.00388], [121.546655, 25.003881], [121.546655, 25.003882], [121.546655, 25.003884], [121.546631, 25.004269], [121.546631, 25.004271], [121.546631, 25.004272], [121.546631, 25.004273], [121.546631, 25.004275], [121.546631, 25.004276], [121.546632, 25.004278], [121.546632, 25.004279], [121.546632, 25.00428], [121.546633, 25.004282], [121.546633, 25.004283], [121.546634, 25.004284], [121.546634, 25.004285], [121.546635, 25.004287], [121.546636, 25.004288], [121.546636, 25.004289], [121.546637, 25.00429], [121.546638, 25.004291], [121.546639, 25.004292], [121.54664, 25.004293], [121.546641, 25.004294], [121.546642, 25.004295], [121.546643, 25.004296], [121.546644, 25.004297], [121.546645, 25.004298], [121.546646, 25.004299], [121.546647, 25.0043], [121.546649, 25.004301], [121.54665, 25.004301], [121.546651, 25.004302], [121.546653, 25.004303], [121.546654, 25.004303], [121.546655, 25.004304], [121.546657, 25.004304], [121.546658, 25.004305], [121.54666, 25.004305], [121.546661, 25.004305], [121.546662, 25.004306], [121.546664, 25.004306], [121.546665, 25.004306], [121.546667, 25.004306], [121.546668, 25.004306], [121.546688, 25.004306], [121.5467, 25.004307], [121.546713, 25.004308], [121.546725, 25.00431], [121.546737, 25.004312], [121.546748, 25.004314], [121.54676, 25.004318], [121.546771, 25.004321], [121.546783, 25.004326], [121.546794, 25.00433], [121.546804, 25.004336], [121.546815, 25.004341], [121.546825, 25.004348], [121.546835, 25.004354], [121.546844, 25.004361], [121.546853, 25.004369], [121.546862, 25.004377], [121.54687, 25.004385], [121.546877, 25.004394], [121.546885, 25.004403], [121.546891, 25.004412], [121.546897, 25.004422], [121.546903, 25.004431], [121.546908, 25.004441], [121.546925, 25.004445], [121.546941, 25.004452], [121.546954, 25.004462], [121.546965, 25.004475], [121.546972, 25.00449], [121.546976, 25.004505], [121.546976, 25.004522], [121.546972, 25.004537], [121.546964, 25.004552], [121.546952, 25.004564], [121.546938, 25.004574], [121.546922, 25.004581], [121.546919, 25.004582], [121.546932, 25.004581]]]]}, "properties": {"name": "公園", "area": 0}}, {"type": "Feature", "geometry": {"type": "MultiPolygon", "coordinates": [[[[121.546938, 24.993561], [121.546854, 24.993943], [121.546849, 24.994182], [121.54685, 24.994214], [121.546851, 24.994214], [121.546857, 24.994245], [121.546857, 24.994246], [121.546868, 24.994275], [121.546868, 24.994276], [121.546883, 24.994304], [121.546883, 24.994305], [121.546902, 24.994331], [121.546903, 24.994332], [121.546919, 24.994349], [121.54692, 24.99435], [121.546938, 24.994365], [121.546939, 24.994366], [121.546966, 24.994385], [121.546979, 24.994392], [121.546988, 24.994395], [121.546994, 24.99438], [121.547004, 24.994367], [121.547017, 24.994356], [121.547032, 24.994348], [121.547049, 24.994343], [121.547066, 24.994341], [121.547084, 24.994343], [121.547089, 24.994345], [121.547089, 24.994345], [121.547106, 24.994351], [121.547108, 24.994353], [121.54701, 24.994149], [121.547115, 24.994016], [121.546963, 24.994077], [121.54722, 24.993718], [121.547056, 24.993489], [121.546944, 24.993503], [121.546943, 24.993521], [121.546943, 24.993521], [121.546943, 24.993521], [121.54694, 24.993551], [121.54694, 24.993551], [121.54694, 24.993552], [121.546938, 24.993561]]]]}, "properties": {"name": "公園", "area": 0}}, {"type": "Feature", "geometry": {"type": "MultiPolygon", "coordinates": [[[[121.546989, 24.994919], [121.546715, 24.994783], [121.546631, 24.994904], [121.546631, 24.994904], [121.546768, 24.994879], [121.546989, 24.994919]]]]}, "properties": {"name": "公園", "area": 0}}, {"type": "Feature", "geometry": {"type": "MultiPolygon", "coordinates": [[[[121.547006, 24.994482], [121.547023, 24.994475], [121.547009, 24.994465], [121.546998, 24.994452], [121.54699, 24.994438], [121.546986, 24.994422], [121.546986, 24.994406], [121.546988, 24.994395], [121.546979, 24.994392], [121.546966, 24.994385], [121.546939, 24.994366], [121.546938, 24.994365], [121.54692, 24.99435], [121.546919, 24.994349], [121.546903, 24.994332], [121.546902, 24.994331], [121.546883, 24.994305], [121.546883, 24.994304], [121.546868, 24.994276], [121.546868, 24.994275], [121.546857, 24.994246], [121.546857, 24.994245], [121.546851, 24.994214], [121.54685, 24.994214], [121.546849, 24.994182], [121.546854, 24.993943], [121.546938, 24.993561], [121.54694, 24.993552], [121.54694, 24.993551], [121.54694, 24.993551], [121.546943, 24.993521], [121.546943, 24.993521], [121.546943, 24.993521], [121.546944, 24.993503], [121.546864, 24.993514], [121.546864, 24.993516], [121.546864, 24.993524], [121.546863, 24.993532], [121.546861, 24.99354], [121.54686, 24.993547], [121.546818, 24.99374], [121.546775, 24.993935], [121.54677, 24.994181], [121.54677, 24.994191], [121.54677, 24.994202], [121.54677, 24.994209], [121.54677, 24.994213], [121.54677, 24.994213], [121.546768, 24.994236], [121.546783, 24.994272], [121.546795, 24.994304], [121.54681, 24.994334], [121.54683, 24.994363], [121.546852, 24.994389], [121.546878, 24.994413], [121.546906, 24.994435], [121.546936, 24.994453], [121.546969, 24.994469], [121.547003, 24.994481], [121.547006, 24.994482]]]]}, "properties": {"name": "公園", "area": 0}}, {"type": "Feature", "geometry": {"type": "MultiPolygon", "coordinates": [[[[121.547052, 24.994484], [121.54704, 24.994482], [121.547024, 24.994475], [121.547023, 24.994475], [121.547006, 24.994482], [121.547155, 24.994756], [121.547181, 24.994723], [121.54706, 24.9945], [121.547058, 24.994496], [121.547052, 24.994484]]]]}, "properties": {"name": "公園", "area": 0}}, {"type": "Feature", "geometry": {"type": "MultiPolygon", "coordinates": [[[[121.547052, 24.994484], [121.54708, 24.994536], [121.547181, 24.994723], [121.547199, 24.994708], [121.547219, 24.994695], [121.547241, 24.994686], [121.547264, 24.994681], [121.547265, 24.99468], [121.547168, 24.994478], [121.547143, 24.994426], [121.54714, 24.994436], [121.547133, 24.99445], [121.547122, 24.994463], [121.547109, 24.994473], [121.547093, 24.994481], [121.547076, 24.994485], [121.547058, 24.994485], [121.547052, 24.994484]]]]}, "properties": {"name": "公園", "area": 0}}, {"type": "Feature", "geometry": {"type": "MultiPolygon", "coordinates": [[[[121.547114, 25.06084], [121.547049, 25.060898], [121.547044, 25.060934], [121.547077, 25.060934], [121.547429, 25.060913], [121.547749, 25.060895], [121.547762, 25.060895], [121.547766, 25.060866], [121.547501, 25.060577], [121.547476, 25.06057], [121.547455, 25.060577], [121.547428, 25.060598], [121.547114, 25.06084]]]]}, "properties": {"name": "公園", "area": 0}}, {"type": "Feature", "geometry": {"type": "MultiPolygon", "coordinates": [[[[121.547139, 24.988022], [121.547139, 24.988031], [121.547142, 24.988039], [121.547148, 24.988047], [121.547156, 24.988052], [121.547163, 24.988054], [121.547196, 24.98806], [121.547382, 24.988094], [121.547384, 24.988094], [121.547385, 24.988094], [121.547387, 24.988095], [121.547388, 24.988095], [121.54739, 24.988095], [121.547392, 24.988095], [121.547393, 24.988095], [121.547395, 24.988094], [121.547396, 24.988094], [121.547398, 24.988094], [121.547399, 24.988094], [121.547401, 24.988093], [121.547402, 24.988093], [121.547404, 24.988092], [121.547405, 24.988092], [121.547406, 24.988091], [121.547408, 24.988091], [121.547409, 24.98809], [121.54741, 24.988089], [121.547412, 24.988088], [121.547413, 24.988088], [121.547414, 24.988087], [121.547415, 24.988086], [121.547416, 24.988085], [121.547418, 24.988084], [121.547419, 24.988083], [121.54742, 24.988082], [121.547421, 24.988081], [121.547421, 24.98808], [121.547422, 24.988079], [121.547423, 24.988077], [121.547424, 24.988076], [121.547425, 24.988075], [121.547425, 24.988074], [121.547426, 24.988072], [121.547426, 24.988071], [121.547427, 24.98807], [121.547427, 24.988068], [121.547428, 24.988067], [121.547428, 24.988066], [121.547507, 24.98769], [121.547508, 24.987688], [121.547508, 24.987687], [121.547508, 24.987685], [121.547508, 24.987684], [121.547508, 24.987682], [121.547508, 24.987681], [121.547508, 24.98768], [121.547508, 24.987678], [121.547508, 24.987677], [121.547507, 24.987675], [121.547507, 24.987674], [121.547506, 24.987673], [121.547506, 24.987671], [121.547506, 24.98767], [121.547505, 24.987669], [121.547504, 24.987667], [121.547504, 24.987666], [121.547503, 24.987665], [121.547502, 24.987664], [121.547501, 24.987662], [121.5475, 24.987661], [121.547499, 24.98766], [121.547498, 24.987659], [121.547497, 24.987658], [121.547496, 24.987657], [121.547495, 24.987656], [121.547494, 24.987655], [121.547493, 24.987654], [121.547492, 24.987653], [121.54749, 24.987652], [121.547489, 24.987652], [121.547488, 24.987651], [121.547486, 24.98765], [121.547485, 24.98765], [121.547483, 24.987649], [121.547482, 24.987648], [121.54748, 24.987648], [121.547479, 24.987648], [121.547477, 24.987647], [121.547476, 24.987647], [121.547315, 24.987618], [121.547266, 24.987609], [121.547256, 24.987608], [121.547246, 24.98761], [121.547237, 24.987613], [121.54723, 24.987619], [121.547224, 24.987626], [121.54722, 24.987635], [121.547219, 24.987637], [121.547212, 24.987674], [121.547143, 24.988002], [121.547139, 24.988022]]]]}, "properties": {"name": "公園", "area": 0}}, {"type": "Feature", "geometry": {"type": "MultiPolygon", "coordinates": [[[[121.547205, 25.003744], [121.54753, 25.003687], [121.547526, 25.003685], [121.547348, 25.003701], [121.547222, 25.003646], [121.547146, 25.003648], [121.5471, 25.003677], [121.547095, 25.003679], [121.547205, 25.003744]]]]}, "properties": {"name": "公園", "area": 0}}, {"type": "Feature", "geometry": {"type": "MultiPolygon", "coordinates": [[[[121.547219, 25.082556], [121.547219, 25.082559], [121.547187, 25.082884], [121.547243, 25.082886], [121.54741, 25.082892], [121.547423, 25.082768], [121.547443, 25.082564], [121.547219, 25.082556]]]]}, "properties": {"name": "公園", "area": 0}}, {"type": "Feature", "geometry": {"type": "MultiPolygon", "coordinates": [[[[121.547262, 25.00062], [121.547271, 25.000622], [121.547281, 25.000621], [121.547289, 25.000615], [121.547292, 25.000611], [121.547338, 25.000547], [121.547817, 24.999883], [121.547714, 24.999798], [121.547136, 25.000554], [121.547212, 25.000593], [121.547262, 25.00062]]]]}, "properties": {"name": "公園", "area": 0}}, {"type": "Feature", "geometry": {"type": "MultiPolygon", "coordinates": [[[[121.547552, 25.058477], [121.547527, 25.058483], [121.547494, 25.05851], [121.5475, 25.058751], [121.547506, 25.058842], [121.54755, 25.058842], [121.54758, 25.058822], [121.54768, 25.058739], [121.547985, 25.058498], [121.547981, 25.058476], [121.547552, 25.058477]]]]}, "properties": {"name": "公園", "area": 0}}, {"type": "Feature", "geometry": {"type": "MultiPolygon", "coordinates": [[[[121.547557, 25.03476], [121.547564, 25.035054], [121.548031, 25.035045], [121.548059, 25.035019], [121.548052, 25.034776], [121.548023, 25.034751], [121.547557, 25.03476]]]]}, "properties": {"name": "公園", "area": 0}}, {"type": "Feature", "geometry": {"type": "MultiPolygon", "coordinates": [[[[121.547792, 25.004031], [121.547807, 25.004036], [121.547817, 25.00404], [121.547827, 25.004043], [121.547836, 25.004046], [121.547846, 25.00405], [121.547855, 25.004053], [121.547864, 25.004057], [121.547865, 25.004057], [121.547874, 25.004061], [121.547884, 25.004064], [121.547893, 25.004068], [121.547903, 25.004072], [121.547912, 25.004076], [121.547922, 25.00408], [121.547931, 25.004084], [121.54794, 25.004088], [121.547949, 25.004092], [121.547959, 25.004096], [121.547968, 25.004101], [121.547977, 25.004105], [121.547986, 25.00411], [121.547995, 25.004114], [121.548004, 25.004119], [121.548013, 25.004123], [121.548022, 25.004128], [121.548031, 25.004133], [121.54804, 25.004137], [121.548049, 25.004142], [121.548057, 25.004147], [121.548066, 25.004152], [121.548075, 25.004157], [121.548083, 25.004162], [121.548092, 25.004168], [121.548101, 25.004173], [121.548109, 25.004178], [121.548118, 25.004184], [121.548126, 25.004189], [121.548134, 25.004194], [121.548143, 25.0042], [121.548151, 25.004206], [121.548159, 25.004211], [121.548167, 25.004217], [121.548176, 25.004223], [121.548184, 25.004229], [121.548192, 25.004234], [121.5482, 25.00424], [121.548208, 25.004246], [121.548215, 25.004252], [121.548223, 25.004259], [121.548231, 25.004265], [121.548239, 25.004271], [121.548247, 25.004277], [121.548254, 25.004284], [121.548262, 25.00429], [121.548269, 25.004296], [121.548277, 25.004303], [121.548284, 25.004309], [121.548318, 25.00434], [121.548329, 25.004349], [121.548338, 25.004354], [121.548348, 25.004353], [121.548356, 25.004348], [121.548357, 25.004342], [121.548355, 25.004309], [121.548356, 25.004252], [121.548357, 25.004233], [121.548358, 25.004223], [121.54836, 25.004204], [121.548363, 25.004185], [121.548367, 25.004166], [121.548371, 25.004147], [121.548376, 25.004129], [121.548388, 25.004092], [121.548401, 25.004056], [121.548413, 25.004029], [121.548422, 25.004012], [121.548443, 25.003974], [121.548447, 25.003966], [121.548448, 25.003957], [121.548447, 25.003948], [121.548443, 25.00394], [121.548437, 25.003932], [121.548428, 25.003925], [121.54819, 25.003739], [121.548189, 25.00374], [121.547792, 25.004031]]]]}, "properties": {"name": "公園", "area": 0}}, {"type": "Feature", "geometry": {"type": "MultiPolygon", "coordinates": [[[[121.54783, 25.003416], [121.547788, 25.00347], [121.547791, 25.003508], [121.547771, 25.003597], [121.547778, 25.003614], [121.54783, 25.003416]]]]}, "properties": {"name": "公園", "area": 0}}, {"type": "Feature", "geometry": {"type": "MultiPolygon", "coordinates": [[[[121.547908, 25.081123], [121.547903, 25.081115], [121.547829, 25.081], [121.547792, 25.081008], [121.547788, 25.081069], [121.547785, 25.08112], [121.547784, 25.081139], [121.547774, 25.081283], [121.547801, 25.08131], [121.547967, 25.081315], [121.547994, 25.081277], [121.547942, 25.081181], [121.547908, 25.081123]]]]}, "properties": {"name": "公園", "area": 0}}, {"type": "Feature", "geometry": {"type": "MultiPolygon", "coordinates": [[[[121.547975, 24.996026], [121.547985, 24.996035], [121.547997, 24.996041], [121.54801, 24.996044], [121.548024, 24.996044], [121.548037, 24.99604], [121.548041, 24.996037], [121.548042, 24.996037], [121.548136, 24.995978], [121.547981, 24.995804], [121.548168, 24.995644], [121.548083, 24.995544], [121.548076, 24.995574], [121.548065, 24.995621], [121.548057, 24.995663], [121.54801, 24.995749], [121.547926, 24.995762], [121.547883, 24.995784], [121.54785, 24.99586], [121.547907, 24.995935], [121.547975, 24.996026]]]]}, "properties": {"name": "公園", "area": 0}}, {"type": "Feature", "geometry": {"type": "MultiPolygon", "coordinates": [[[[121.547981, 25.078709], [121.547781, 25.078711], [121.547746, 25.078743], [121.547745, 25.078894], [121.547745, 25.079024], [121.547894, 25.07932], [121.547939, 25.079422], [121.547962, 25.079471], [121.54799, 25.079519], [121.54802, 25.079566], [121.548054, 25.07961], [121.548092, 25.079652], [121.548132, 25.079692], [121.548171, 25.079726], [121.548334, 25.079558], [121.548852, 25.079554], [121.548845, 25.078703], [121.547981, 25.078709]]]]}, "properties": {"name": "公園", "area": 0}}, {"type": "Feature", "geometry": {"type": "MultiPolygon", "coordinates": [[[[121.548018, 25.026676], [121.548327, 25.026659], [121.548395, 25.026593], [121.548393, 25.026329], [121.548024, 25.02635], [121.547997, 25.026377], [121.548018, 25.026676]]]]}, "properties": {"name": "公園", "area": 0}}, {"type": "Feature", "geometry": {"type": "MultiPolygon", "coordinates": [[[[121.548124, 25.003687], [121.548094, 25.003638], [121.548085, 25.003652], [121.54808, 25.003667], [121.548079, 25.003682], [121.54808, 25.00369], [121.548084, 25.003705], [121.548092, 25.003719], [121.548104, 25.00373], [121.548118, 25.003739], [121.548134, 25.003745], [121.548151, 25.003748], [121.548168, 25.003746], [121.548184, 25.003742], [121.548189, 25.00374], [121.54819, 25.003739], [121.548124, 25.003687]]]]}, "properties": {"name": "公園", "area": 0}}, {"type": "Feature", "geometry": {"type": "MultiPolygon", "coordinates": [[[[121.548136, 25.040579], [121.548108, 25.040604], [121.548108, 25.040638], [121.548108, 25.040684], [121.548108, 25.040709], [121.548144, 25.040724], [121.548157, 25.040714], [121.54828, 25.04062], [121.548293, 25.040609], [121.548279, 25.040576], [121.548136, 25.040579]]]]}, "properties": {"name": "公園", "area": 0}}, {"type": "Feature", "geometry": {"type": "MultiPolygon", "coordinates": [[[[121.548169, 25.003612], [121.548186, 25.003641], [121.548254, 25.003694], [121.54825, 25.003676], [121.548242, 25.003659], [121.54823, 25.003644], [121.548216, 25.003631], [121.548199, 25.003621], [121.54818, 25.003615], [121.548169, 25.003612]]]]}, "properties": {"name": "公園", "area": 0}}, {"type": "Feature", "geometry": {"type": "MultiPolygon", "coordinates": [[[[121.548189, 25.00374], [121.54819, 25.003739], [121.54819, 25.003739], [121.548189, 25.00374], [121.548173, 25.003745], [121.548156, 25.003748], [121.548139, 25.003746], [121.548122, 25.003741], [121.548108, 25.003733], [121.548095, 25.003722], [121.548086, 25.003709], [121.54808, 25.003694], [121.54808, 25.00369], [121.548079, 25.003674], [121.548082, 25.003659], [121.548089, 25.003644], [121.548094, 25.003638], [121.547897, 25.003315], [121.547894, 25.003309], [121.547884, 25.0033], [121.547872, 25.003295], [121.547862, 25.003292], [121.547862, 25.003293], [121.547862, 25.003303], [121.547834, 25.00341], [121.54783, 25.003416], [121.547778, 25.003614], [121.547816, 25.003709], [121.547734, 25.003769], [121.547708, 25.003775], [121.547635, 25.003807], [121.547603, 25.003828], [121.547541, 25.003799], [121.547555, 25.003782], [121.547583, 25.00372], [121.54753, 25.003687], [121.547205, 25.003744], [121.547095, 25.003679], [121.547032, 25.003695], [121.546988, 25.003666], [121.54697, 25.003636], [121.546964, 25.003601], [121.546931, 25.003582], [121.54698, 25.003549], [121.54698, 25.003518], [121.546979, 25.003415], [121.546976, 25.003413], [121.546968, 25.003406], [121.54696, 25.0034], [121.546952, 25.003393], [121.546944, 25.003387], [121.546936, 25.00338], [121.546928, 25.003373], [121.546921, 25.003367], [121.546913, 25.00336], [121.546908, 25.003355], [121.54677, 25.003371], [121.546514, 25.003449], [121.546447, 25.003533], [121.546452, 25.003539], [121.546454, 25.003569], [121.546393, 25.003669], [121.54634, 25.003693], [121.546262, 25.003667], [121.546225, 25.003761], [121.546228, 25.003761], [121.546237, 25.003761], [121.546246, 25.003762], [121.546583, 25.003766], [121.546612, 25.003767], [121.546631, 25.003768], [121.546641, 25.003769], [121.54665, 25.003771], [121.54666, 25.003773], [121.54667, 25.003775], [121.546688, 25.003781], [121.547119, 25.003904], [121.547129, 25.003907], [121.547138, 25.003909], [121.547147, 25.003912], [121.547156, 25.003914], [121.547165, 25.003916], [121.547175, 25.003918], [121.547177, 25.003919], [121.547184, 25.00392], [121.547193, 25.003922], [121.547203, 25.003924], [121.547212, 25.003926], [121.547221, 25.003927], [121.547231, 25.003929], [121.54724, 25.00393], [121.547249, 25.003932], [121.547259, 25.003933], [121.547268, 25.003934], [121.547278, 25.003935], [121.547287, 25.003936], [121.547297, 25.003937], [121.547306, 25.003938], [121.547316, 25.003939], [121.547325, 25.003939], [121.547335, 25.00394], [121.547344, 25.00394], [121.547354, 25.003941], [121.547363, 25.003941], [121.547373, 25.003941], [121.547383, 25.003941], [121.547392, 25.003941], [121.547402, 25.003941], [121.547411, 25.003941], [121.547421, 25.00394], [121.54743, 25.00394], [121.547439, 25.003939], [121.547451, 25.003939], [121.547463, 25.003939], [121.547474, 25.003939], [121.547486, 25.00394], [121.547498, 25.003941], [121.547509, 25.003943], [121.547521, 25.003945], [121.547532, 25.003947], [121.547543, 25.00395], [121.547554, 25.003953], [121.547565, 25.003956], [121.547792, 25.004031], [121.548189, 25.00374]]]]}, "properties": {"name": "公園", "area": 0}}, {"type": "Feature", "geometry": {"type": "MultiPolygon", "coordinates": [[[[121.548258, 25.00361], [121.548351, 25.00359], [121.548339, 25.0033], [121.548339, 25.003296], [121.54843, 25.003324], [121.548529, 25.003319], [121.548605, 25.00328], [121.548591, 25.002916], [121.548568, 25.002818], [121.548342, 25.00277], [121.548334, 25.002768], [121.548325, 25.002767], [121.548317, 25.002766], [121.548309, 25.002765], [121.548301, 25.002765], [121.548292, 25.002764], [121.548284, 25.002764], [121.548276, 25.002765], [121.548267, 25.002765], [121.548259, 25.002766], [121.548251, 25.002767], [121.548243, 25.002769], [121.548235, 25.002771], [121.548227, 25.002772], [121.548219, 25.002775], [121.548211, 25.002777], [121.548203, 25.00278], [121.548195, 25.002783], [121.548188, 25.002786], [121.548181, 25.00279], [121.548173, 25.002794], [121.548166, 25.002798], [121.548159, 25.002802], [121.548153, 25.002806], [121.548146, 25.002811], [121.54814, 25.002816], [121.548134, 25.002821], [121.548128, 25.002826], [121.548122, 25.002832], [121.548116, 25.002838], [121.548111, 25.002843], [121.548106, 25.002849], [121.548101, 25.002856], [121.548097, 25.002862], [121.548093, 25.002869], [121.547928, 25.003133], [121.547917, 25.003151], [121.547913, 25.003159], [121.54791, 25.003168], [121.54791, 25.003177], [121.547911, 25.003185], [121.547914, 25.003194], [121.547916, 25.003198], [121.547929, 25.003218], [121.548169, 25.003612], [121.548188, 25.003617], [121.548206, 25.003625], [121.548222, 25.003636], [121.548235, 25.00365], [121.548245, 25.003666], [121.548252, 25.003683], [121.548254, 25.003694], [121.54827, 25.003682], [121.548262, 25.003632], [121.548259, 25.003615], [121.548258, 25.00361]]]]}, "properties": {"name": "公園", "area": 0}}, {"type": "Feature", "geometry": {"type": "MultiPolygon", "coordinates": [[[[121.548383, 24.994914], [121.548421, 24.994975], [121.548423, 24.995029], [121.548351, 24.995171], [121.548324, 24.99518], [121.548262, 24.995237], [121.548149, 24.995315], [121.548133, 24.995372], [121.54841, 24.995133], [121.548611, 24.99489], [121.548519, 24.994829], [121.548383, 24.994914]]]]}, "properties": {"name": "公園", "area": 0}}, {"type": "Feature", "geometry": {"type": "MultiPolygon", "coordinates": [[[[121.548493, 24.995724], [121.548475, 24.995572], [121.548471, 24.995522], [121.54847, 24.995472], [121.548474, 24.995422], [121.548482, 24.995372], [121.548493, 24.995323], [121.548509, 24.995275], [121.548518, 24.995252], [121.548667, 24.994884], [121.548677, 24.99486], [121.548696, 24.994813], [121.548618, 24.994768], [121.548519, 24.994829], [121.548611, 24.99489], [121.54841, 24.995133], [121.548133, 24.995372], [121.548111, 24.995447], [121.548087, 24.995528], [121.548083, 24.995544], [121.548168, 24.995644], [121.547981, 24.995804], [121.548136, 24.995978], [121.54847, 24.99577], [121.54848, 24.995761], [121.548488, 24.99575], [121.548492, 24.995737], [121.548493, 24.995724], [121.548493, 24.995724], [121.548493, 24.995724]]]]}, "properties": {"name": "公園", "area": 0}}, {"type": "Feature", "geometry": {"type": "MultiPolygon", "coordinates": [[[[121.548553, 24.995559], [121.548564, 24.995654], [121.548567, 24.995664], [121.548574, 24.995673], [121.548583, 24.995679], [121.548584, 24.99568], [121.54859, 24.995682], [121.548602, 24.995683], [121.548613, 24.99568], [121.548615, 24.995679], [121.548618, 24.995677], [121.548619, 24.995677], [121.549204, 24.995312], [121.549204, 24.995312], [121.549274, 24.995272], [121.549345, 24.995235], [121.549419, 24.995201], [121.549433, 24.995195], [121.54939, 24.995144], [121.549319, 24.995062], [121.549291, 24.99504], [121.548875, 24.994808], [121.548854, 24.994797], [121.548798, 24.994769], [121.548591, 24.995279], [121.548575, 24.995324], [121.548563, 24.99537], [121.548555, 24.995417], [121.54855, 24.995464], [121.54855, 24.995511], [121.548553, 24.995558], [121.548553, 24.995559]]]]}, "properties": {"name": "公園", "area": 0}}, {"type": "Feature", "geometry": {"type": "MultiPolygon", "coordinates": [[[[121.549051, 25.022411], [121.549054, 25.022751], [121.549689, 25.022715], [121.549706, 25.022673], [121.549387, 25.022393], [121.549051, 25.022411]]]]}, "properties": {"name": "公園", "area": 0}}, {"type": "Feature", "geometry": {"type": "MultiPolygon", "coordinates": [[[[121.549115, 25.029852], [121.54915, 25.029884], [121.549598, 25.02988], [121.549595, 25.029503], [121.549112, 25.029506], [121.549115, 25.029852]]]]}, "properties": {"name": "公園", "area": 0}}, {"type": "Feature", "geometry": {"type": "MultiPolygon", "coordinates": [[[[121.549131, 25.031807], [121.549134, 25.032081], [121.549362, 25.032118], [121.54952, 25.032117], [121.549518, 25.031805], [121.549131, 25.031807]]]]}, "properties": {"name": "公園", "area": 0}}, {"type": "Feature", "geometry": {"type": "MultiPolygon", "coordinates": [[[[121.549264, 24.995418], [121.54922, 24.995303], [121.54922, 24.995303], [121.549205, 24.995312], [121.549204, 24.995312], [121.548619, 24.995677], [121.548609, 24.995681], [121.548597, 24.995683], [121.548586, 24.99568], [121.548584, 24.99568], [121.548575, 24.995674], [121.548568, 24.995665], [121.548564, 24.995655], [121.548564, 24.995654], [121.548553, 24.995559], [121.54855, 24.995512], [121.54855, 24.995465], [121.548554, 24.995418], [121.548563, 24.995371], [121.548575, 24.995325], [121.548591, 24.99528], [121.548592, 24.995277], [121.548592, 24.995277], [121.548755, 24.994875], [121.548764, 24.994853], [121.548696, 24.994813], [121.548677, 24.99486], [121.548667, 24.994884], [121.548518, 24.995252], [121.5485, 24.9953], [121.548487, 24.995348], [121.548477, 24.995397], [121.548472, 24.995447], [121.54847, 24.995497], [121.548472, 24.995547], [121.548475, 24.995572], [121.548493, 24.995724], [121.548493, 24.995724], [121.548493, 24.995724], [121.548492, 24.995738], [121.548488, 24.99575], [121.54848, 24.995761], [121.54847, 24.99577], [121.548136, 24.995978], [121.548042, 24.996037], [121.54803, 24.996042], [121.548016, 24.996044], [121.548002, 24.996043], [121.547992, 24.996039], [121.547981, 24.996032], [121.547979, 24.99603], [121.548049, 24.996156], [121.548047, 24.996145], [121.548048, 24.996133], [121.548052, 24.996122], [121.548061, 24.996113], [121.548065, 24.99611], [121.548514, 24.99583], [121.548514, 24.99583], [121.549203, 24.9954], [121.549215, 24.995395], [121.549227, 24.995394], [121.549239, 24.995396], [121.54925, 24.995401], [121.549259, 24.99541], [121.549264, 24.995418]]]]}, "properties": {"name": "公園", "area": 0}}, {"type": "Feature", "geometry": {"type": "MultiPolygon", "coordinates": [[[[121.549312, 25.085191], [121.549324, 25.085212], [121.549331, 25.08523], [121.549334, 25.085247], [121.549334, 25.085273], [121.54933, 25.08529], [121.549321, 25.085312], [121.549308, 25.085331], [121.549294, 25.085346], [121.549283, 25.085355], [121.54818, 25.086252], [121.548877, 25.086687], [121.548928, 25.086665], [121.548941, 25.086608], [121.548963, 25.08654], [121.548998, 25.08645], [121.549041, 25.086358], [121.549098, 25.086252], [121.549142, 25.086166], [121.549224, 25.085996], [121.54929, 25.085845], [121.549321, 25.085737], [121.549339, 25.085605], [121.549371, 25.085585], [121.549404, 25.085188], [121.5494, 25.085132], [121.549395, 25.085085], [121.549329, 25.08514], [121.549271, 25.085135], [121.549312, 25.085191]]]]}, "properties": {"name": "公園", "area": 0}}, {"type": "Feature", "geometry": {"type": "MultiPolygon", "coordinates": [[[[121.549507, 24.998251], [121.549568, 24.998204], [121.549617, 24.998177], [121.549637, 24.998168], [121.549658, 24.99816], [121.549679, 24.998153], [121.549701, 24.998146], [121.549723, 24.998141], [121.549745, 24.998137], [121.549767, 24.998134], [121.549779, 24.998133], [121.549801, 24.998131], [121.549824, 24.998131], [121.549834, 24.998131], [121.549843, 24.998128], [121.54985, 24.998122], [121.549851, 24.998113], [121.549847, 24.998084], [121.549791, 24.997688], [121.549789, 24.997676], [121.549785, 24.997668], [121.54978, 24.99766], [121.549773, 24.997653], [121.549765, 24.997648], [121.549662, 24.997616], [121.549628, 24.997606], [121.549602, 24.997601], [121.549576, 24.997597], [121.549559, 24.997596], [121.549532, 24.997596], [121.549515, 24.997596], [121.549463, 24.997603], [121.549421, 24.997614], [121.549404, 24.99762], [121.549247, 24.99768], [121.549178, 24.997709], [121.549152, 24.997721], [121.549078, 24.99776], [121.548999, 24.997809], [121.548938, 24.997852], [121.548902, 24.997881], [121.548884, 24.997896], [121.548872, 24.997911], [121.548869, 24.997919], [121.548867, 24.997937], [121.548869, 24.997946], [121.548872, 24.997954], [121.548878, 24.997964], [121.548902, 24.997994], [121.549069, 24.998202], [121.549082, 24.998221], [121.549088, 24.998231], [121.549096, 24.998253], [121.549101, 24.998276], [121.549102, 24.998287], [121.549101, 24.99831], [121.549097, 24.998333], [121.549088, 24.998355], [121.549083, 24.998365], [121.549068, 24.998384], [121.549027, 24.998434], [121.549022, 24.998442], [121.549021, 24.998448], [121.549022, 24.998456], [121.549025, 24.998463], [121.54903, 24.998468], [121.549144, 24.998542], [121.549154, 24.998546], [121.549168, 24.998549], [121.54918, 24.998548], [121.549189, 24.998546], [121.549198, 24.998541], [121.549204, 24.998536], [121.549283, 24.998462], [121.549507, 24.998251]]]]}, "properties": {"name": "公園", "area": 0}}, {"type": "Feature", "geometry": {"type": "MultiPolygon", "coordinates": [[[[121.549625, 25.095622], [121.549623, 25.095619], [121.54934, 25.095206], [121.54933, 25.095191], [121.549241, 25.09513], [121.549203, 25.095106], [121.548899, 25.094911], [121.54889, 25.094994], [121.548889, 25.095006], [121.549258, 25.095252], [121.549701, 25.095982], [121.549738, 25.096044], [121.549921, 25.096346], [121.550584, 25.097441], [121.550661, 25.09762], [121.550684, 25.097675], [121.550876, 25.098125], [121.551167, 25.09881], [121.5512, 25.09888], [121.551235, 25.098948], [121.551275, 25.099015], [121.551318, 25.099081], [121.55135, 25.099125], [121.551357, 25.099115], [121.551371, 25.099107], [121.551386, 25.099102], [121.551402, 25.099101], [121.551418, 25.099104], [121.551429, 25.099108], [121.551442, 25.099116], [121.551453, 25.099127], [121.55146, 25.09914], [121.551464, 25.099154], [121.551464, 25.099164], [121.551384, 25.099273], [121.551397, 25.099259], [121.551412, 25.099248], [121.55143, 25.09924], [121.551449, 25.099235], [121.551469, 25.099234], [121.551489, 25.099236], [121.551507, 25.099242], [121.551524, 25.099251], [121.551532, 25.099257], [121.55159, 25.099305], [121.551645, 25.099351], [121.552663, 25.100198], [121.552628, 25.100336], [121.552966, 25.100316], [121.552963, 25.100107], [121.5528, 25.100034], [121.552801, 25.100052], [121.552798, 25.100069], [121.552792, 25.100086], [121.552781, 25.1001], [121.552768, 25.100113], [121.552762, 25.100118], [121.552745, 25.100126], [121.552726, 25.100132], [121.552707, 25.100134], [121.552688, 25.100132], [121.55267, 25.100127], [121.552662, 25.100123], [121.551733, 25.09935], [121.551632, 25.099267], [121.551566, 25.099211], [121.551456, 25.09912], [121.551426, 25.099092], [121.551399, 25.099063], [121.551376, 25.099031], [121.551355, 25.098998], [121.551341, 25.098968], [121.551003, 25.09818], [121.550764, 25.097634], [121.550676, 25.097432], [121.550052, 25.096358], [121.549802, 25.095927], [121.549625, 25.095622]]]]}, "properties": {"name": "公園", "area": 0}}, {"type": "Feature", "geometry": {"type": "MultiPolygon", "coordinates": [[[[121.549983, 25.016561], [121.549692, 25.016748], [121.549689, 25.01675], [121.549499, 25.016871], [121.54926, 25.017146], [121.549259, 25.017146], [121.549257, 25.017149], [121.549318, 25.017237], [121.549325, 25.017206], [121.549328, 25.017187], [121.5501, 25.016716], [121.5501, 25.016716], [121.550102, 25.016714], [121.550343, 25.016567], [121.550344, 25.016567], [121.550511, 25.016503], [121.550463, 25.016318], [121.550408, 25.016298], [121.549983, 25.016561]]]]}, "properties": {"name": "公園", "area": 0}}, {"type": "Feature", "geometry": {"type": "MultiPolygon", "coordinates": [[[[121.550038, 25.061818], [121.550017, 25.061822], [121.550019, 25.061829], [121.550063, 25.062006], [121.550068, 25.062025], [121.550372, 25.06179], [121.550427, 25.061747], [121.550427, 25.061746], [121.550199, 25.061788], [121.550038, 25.061818]]]]}, "properties": {"name": "公園", "area": 0}}, {"type": "Feature", "geometry": {"type": "MultiPolygon", "coordinates": [[[[121.550236, 25.005946], [121.550439, 25.00603], [121.55061, 25.006096], [121.55074, 25.006148], [121.55077, 25.006156], [121.550787, 25.006155], [121.550839, 25.006113], [121.550915, 25.006058], [121.550927, 25.006048], [121.550934, 25.00604], [121.550939, 25.00603], [121.550941, 25.00602], [121.550939, 25.006009], [121.550937, 25.006002], [121.550929, 25.005991], [121.550919, 25.005976], [121.550856, 25.005885], [121.550801, 25.005805], [121.550767, 25.005755], [121.550561, 25.005716], [121.550329, 25.005671], [121.550212, 25.005648], [121.550181, 25.005643], [121.550169, 25.005645], [121.550162, 25.005648], [121.550155, 25.005652], [121.550145, 25.005664], [121.550143, 25.00567], [121.550089, 25.005883], [121.550236, 25.005946]]]]}, "properties": {"name": "公園", "area": 0}}, {"type": "Feature", "geometry": {"type": "MultiPolygon", "coordinates": [[[[121.550284, 25.046218], [121.550294, 25.046612], [121.550661, 25.046612], [121.550689, 25.046586], [121.550686, 25.046243], [121.550658, 25.046218], [121.550284, 25.046218]]]]}, "properties": {"name": "公園", "area": 0}}, {"type": "Feature", "geometry": {"type": "MultiPolygon", "coordinates": [[[[121.550316, 24.98941], [121.550349, 24.98942], [121.550366, 24.989423], [121.550383, 24.989424], [121.550409, 24.989423], [121.55043, 24.989419], [121.550646, 24.98939], [121.550724, 24.989364], [121.550767, 24.98935], [121.550791, 24.98934], [121.550806, 24.989331], [121.55082, 24.989322], [121.55084, 24.989306], [121.550851, 24.989294], [121.550857, 24.989287], [121.550866, 24.989274], [121.550875, 24.98926], [121.550878, 24.989253], [121.550881, 24.989245], [121.550887, 24.98923], [121.550891, 24.989214], [121.550893, 24.989198], [121.5509, 24.989082], [121.5509, 24.989077], [121.550899, 24.989068], [121.550895, 24.989059], [121.550889, 24.989052], [121.550881, 24.989048], [121.550872, 24.989045], [121.55085, 24.989042], [121.550829, 24.989038], [121.550808, 24.989033], [121.550799, 24.98903], [121.550501, 24.98895], [121.550291, 24.988851], [121.550283, 24.988848], [121.550277, 24.988848], [121.550272, 24.988849], [121.550268, 24.98885], [121.550263, 24.988853], [121.550259, 24.988857], [121.550256, 24.988862], [121.550255, 24.988864], [121.550204, 24.988998], [121.550155, 24.989302], [121.550154, 24.989307], [121.550155, 24.989315], [121.550156, 24.989319], [121.550158, 24.989323], [121.55016, 24.989327], [121.550165, 24.989333], [121.55017, 24.989338], [121.550177, 24.989342], [121.550219, 24.989362], [121.550316, 24.98941]]]]}, "properties": {"name": "公園", "area": 0}}, {"type": "Feature", "geometry": {"type": "MultiPolygon", "coordinates": [[[[121.550333, 25.062341], [121.548082, 25.064123], [121.548088, 25.06413], [121.548199, 25.06425], [121.54822, 25.064273], [121.548234, 25.064263], [121.548265, 25.064257], [121.54845, 25.06414], [121.548474, 25.064069], [121.548477, 25.064059], [121.548514, 25.063985], [121.548589, 25.063943], [121.548616, 25.063947], [121.548699, 25.063876], [121.548753, 25.063842], [121.548805, 25.063803], [121.548874, 25.06375], [121.54892, 25.063716], [121.54897, 25.063679], [121.54901, 25.063645], [121.549054, 25.06361], [121.549096, 25.063583], [121.549127, 25.063557], [121.549139, 25.063555], [121.549159, 25.06355], [121.549208, 25.063525], [121.549222, 25.063493], [121.549223, 25.063493], [121.54926, 25.063456], [121.54928, 25.06345], [121.549353, 25.063428], [121.549368, 25.063424], [121.549427, 25.063375], [121.54949, 25.063339], [121.549515, 25.063312], [121.549512, 25.063299], [121.549507, 25.063282], [121.549517, 25.063252], [121.549538, 25.063242], [121.549564, 25.063241], [121.549645, 25.063183], [121.549717, 25.063167], [121.549772, 25.063127], [121.549783, 25.063114], [121.549823, 25.063084], [121.549897, 25.063036], [121.549979, 25.06296], [121.550014, 25.062931], [121.550037, 25.062912], [121.550108, 25.062859], [121.550113, 25.062827], [121.550126, 25.062801], [121.550158, 25.062787], [121.550181, 25.062767], [121.550193, 25.062748], [121.550197, 25.062735], [121.550199, 25.062727], [121.550226, 25.062694], [121.550239, 25.062678], [121.550246, 25.062671], [121.550258, 25.062657], [121.550284, 25.062632], [121.550312, 25.062601], [121.550393, 25.062509], [121.550414, 25.062494], [121.55042, 25.062486], [121.550464, 25.062494], [121.550483, 25.06246], [121.550516, 25.062379], [121.550535, 25.062327], [121.55055, 25.062309], [121.550557, 25.062291], [121.550601, 25.062239], [121.550636, 25.062198], [121.550665, 25.062159], [121.550674, 25.062146], [121.55068, 25.062141], [121.550556, 25.062078], [121.55054, 25.062117], [121.550521, 25.062155], [121.550498, 25.062192], [121.550471, 25.062226], [121.550442, 25.062258], [121.550409, 25.062288], [121.550374, 25.062315], [121.550336, 25.06234], [121.550333, 25.062341]]]]}, "properties": {"name": "公園", "area": 0}}, {"type": "Feature", "geometry": {"type": "MultiPolygon", "coordinates": [[[[121.550378, 25.081493], [121.550379, 25.081737], [121.550378, 25.081851], [121.550419, 25.081888], [121.550535, 25.081886], [121.550637, 25.081881], [121.550673, 25.081852], [121.550699, 25.081739], [121.550847, 25.081116], [121.550822, 25.081089], [121.550403, 25.081097], [121.550375, 25.081123], [121.550376, 25.081177], [121.550378, 25.081493]]]]}, "properties": {"name": "公園", "area": 0}}, {"type": "Feature", "geometry": {"type": "MultiPolygon", "coordinates": [[[[121.55057, 25.100763], [121.550594, 25.10081], [121.550616, 25.100858], [121.550633, 25.100908], [121.550646, 25.100959], [121.550656, 25.10101], [121.550662, 25.101062], [121.550664, 25.101114], [121.550662, 25.101167], [121.550655, 25.101219], [121.550645, 25.10127], [121.550631, 25.101321], [121.550614, 25.10137], [121.550592, 25.101419], [121.550567, 25.101466], [121.550539, 25.101511], [121.550538, 25.101512], [121.550438, 25.101652], [121.55041, 25.101692], [121.550386, 25.101733], [121.550365, 25.101776], [121.550347, 25.10182], [121.550334, 25.101866], [121.550324, 25.101912], [121.550318, 25.101959], [121.550317, 25.102006], [121.550319, 25.102053], [121.550325, 25.102099], [121.550335, 25.102146], [121.550349, 25.102191], [121.550349, 25.102191], [121.550397, 25.102299], [121.550418, 25.10235], [121.550436, 25.102402], [121.550449, 25.102455], [121.550459, 25.102509], [121.550465, 25.102563], [121.550467, 25.102618], [121.550465, 25.102672], [121.550459, 25.102726], [121.550449, 25.10278], [121.550444, 25.102801], [121.550424, 25.102875], [121.550385, 25.103222], [121.55071, 25.103322], [121.550909, 25.103271], [121.551249, 25.103299], [121.551224, 25.103165], [121.551419, 25.103114], [121.551624, 25.103114], [121.551752, 25.103], [121.551743, 25.102925], [121.551417, 25.102398], [121.551296, 25.102341], [121.55129, 25.102329], [121.551226, 25.102201], [121.550534, 25.102126], [121.550726, 25.101578], [121.550738, 25.101581], [121.550742, 25.101616], [121.550901, 25.101679], [121.550992, 25.101676], [121.550994, 25.101606], [121.551019, 25.101572], [121.551173, 25.101453], [121.551303, 25.101405], [121.551432, 25.101356], [121.551504, 25.101343], [121.551575, 25.101336], [121.55172, 25.101246], [121.551767, 25.101266], [121.551814, 25.101304], [121.551806, 25.101423], [121.551776, 25.101442], [121.551773, 25.101556], [121.551773, 25.10156], [121.551773, 25.10156], [121.551868, 25.101534], [121.551882, 25.101526], [121.551883, 25.101525], [121.551991, 25.10146], [121.551999, 25.101466], [121.552018, 25.101431], [121.552056, 25.101429], [121.552043, 25.101383], [121.551972, 25.101329], [121.551942, 25.101308], [121.551833, 25.101235], [121.551574, 25.101076], [121.551152, 25.100816], [121.550722, 25.100551], [121.550593, 25.100653], [121.550579, 25.100666], [121.550569, 25.100681], [121.550562, 25.100698], [121.550559, 25.100716], [121.55056, 25.100734], [121.550564, 25.100751], [121.55057, 25.100763]]]]}, "properties": {"name": "公園", "area": 0}}, {"type": "Feature", "geometry": {"type": "MultiPolygon", "coordinates": [[[[121.550884, 25.025373], [121.550857, 25.0254], [121.550863, 25.025478], [121.550881, 25.025499], [121.551236, 25.02561], [121.551386, 25.025657], [121.551422, 25.025641], [121.55152, 25.025378], [121.55149, 25.025342], [121.551235, 25.025355], [121.551235, 25.025355], [121.550884, 25.025373]]]]}, "properties": {"name": "公園", "area": 0}}, {"type": "Feature", "geometry": {"type": "MultiPolygon", "coordinates": [[[[121.550957, 25.061094], [121.551025, 25.061065], [121.55115, 25.061013], [121.551166, 25.061003], [121.551168, 25.061], [121.551169, 25.060996], [121.551172, 25.060992], [121.551173, 25.060989], [121.551174, 25.060985], [121.551176, 25.060982], [121.551178, 25.060977], [121.551178, 25.060975], [121.551179, 25.060971], [121.551181, 25.060966], [121.551182, 25.060961], [121.551183, 25.060955], [121.551185, 25.060951], [121.551185, 25.060945], [121.551185, 25.060944], [121.551188, 25.060921], [121.551245, 25.060462], [121.551271, 25.060289], [121.551272, 25.06028], [121.551272, 25.060254], [121.551265, 25.060247], [121.551256, 25.060243], [121.551243, 25.060242], [121.550652, 25.060481], [121.550957, 25.061094]]]]}, "properties": {"name": "公園", "area": 0}}, {"type": "Feature", "geometry": {"type": "MultiPolygon", "coordinates": [[[[121.551011, 25.061123], [121.550989, 25.061141], [121.551055, 25.06128], [121.551066, 25.061294], [121.551077, 25.061302], [121.551082, 25.061307], [121.551092, 25.061313], [121.551105, 25.061321], [121.551116, 25.061327], [121.551128, 25.061333], [121.551145, 25.06134], [121.551159, 25.061344], [121.551195, 25.06135], [121.551286, 25.061362], [121.551396, 25.061376], [121.551855, 25.061432], [121.552164, 25.061468], [121.55219, 25.061431], [121.552314, 25.061234], [121.552315, 25.061232], [121.552315, 25.061231], [121.552316, 25.06123], [121.552316, 25.061229], [121.552317, 25.061228], [121.552317, 25.061227], [121.552317, 25.061226], [121.552318, 25.061224], [121.552318, 25.061223], [121.552318, 25.061222], [121.552318, 25.061221], [121.552318, 25.06122], [121.552318, 25.061219], [121.552318, 25.061217], [121.552318, 25.061216], [121.552318, 25.061215], [121.552318, 25.061214], [121.552318, 25.061213], [121.552318, 25.061212], [121.552317, 25.06121], [121.552317, 25.061209], [121.552316, 25.061208], [121.552316, 25.061207], [121.552315, 25.061206], [121.552315, 25.061205], [121.552314, 25.061204], [121.552314, 25.061203], [121.552313, 25.061202], [121.552312, 25.061201], [121.552312, 25.0612], [121.552311, 25.061199], [121.55231, 25.061198], [121.552309, 25.061197], [121.552308, 25.061197], [121.552307, 25.061196], [121.552306, 25.061195], [121.552305, 25.061194], [121.552304, 25.061194], [121.552303, 25.061193], [121.552302, 25.061192], [121.552301, 25.061192], [121.5523, 25.061191], [121.552299, 25.061191], [121.552297, 25.06119], [121.552296, 25.06119], [121.552295, 25.06119], [121.552294, 25.061189], [121.552292, 25.061189], [121.552291, 25.061189], [121.55229, 25.061189], [121.551395, 25.061083], [121.551306, 25.061071], [121.551278, 25.061068], [121.55127, 25.061068], [121.551162, 25.061072], [121.551011, 25.061123]]]]}, "properties": {"name": "公園", "area": 0}}, {"type": "Feature", "geometry": {"type": "MultiPolygon", "coordinates": [[[[121.55108, 25.015782], [121.551366, 25.016037], [121.551555, 25.016005], [121.551644, 25.015893], [121.551615, 25.015719], [121.551674, 25.01562], [121.55179, 25.015488], [121.551835, 25.015267], [121.551476, 25.015519], [121.55108, 25.015782]]]]}, "properties": {"name": "公園", "area": 0}}, {"type": "Feature", "geometry": {"type": "MultiPolygon", "coordinates": [[[[121.551296, 25.017286], [121.551304, 25.017336], [121.551313, 25.017369], [121.551325, 25.017401], [121.551336, 25.017425], [121.551352, 25.017455], [121.551366, 25.017477], [121.551387, 25.017505], [121.551416, 25.017538], [121.551449, 25.017569], [121.551488, 25.017601], [121.551532, 25.017626], [121.551596, 25.017649], [121.551661, 25.017667], [121.551714, 25.017677], [121.551803, 25.017692], [121.551933, 25.017712], [121.552045, 25.01773], [121.552097, 25.01774], [121.552142, 25.01775], [121.552306, 25.017791], [121.552352, 25.017802], [121.55275, 25.01788], [121.553166, 25.017962], [121.553377, 25.018007], [121.553423, 25.018019], [121.553468, 25.018037], [121.553509, 25.018057], [121.553536, 25.018076], [121.553555, 25.018091], [121.553711, 25.018239], [121.553763, 25.018299], [121.553934, 25.018278], [121.554145, 25.018253], [121.554277, 25.0179], [121.553437, 25.017677], [121.553418, 25.017672], [121.553163, 25.017532], [121.552561, 25.017401], [121.551736, 25.01748], [121.551537, 25.017245], [121.55143, 25.016518], [121.552074, 25.015464], [121.552736, 25.015235], [121.55282, 25.015123], [121.552891, 25.015035], [121.552828, 25.015021], [121.55272, 25.014838], [121.552421, 25.015202], [121.551881, 25.01526], [121.551835, 25.015267], [121.55179, 25.015488], [121.551674, 25.01562], [121.551615, 25.015719], [121.551644, 25.015893], [121.551555, 25.016005], [121.551366, 25.016037], [121.551458, 25.01612], [121.551173, 25.016403], [121.551207, 25.016527], [121.551223, 25.016566], [121.551232, 25.016608], [121.551264, 25.016947], [121.551296, 25.017286]]]]}, "properties": {"name": "公園", "area": 0}}, {"type": "Feature", "geometry": {"type": "MultiPolygon", "coordinates": [[[[121.551425, 25.099242], [121.551435, 25.099254], [121.552551, 25.100456], [121.552639, 25.100529], [121.552729, 25.100599], [121.552822, 25.100666], [121.552917, 25.100731], [121.553014, 25.100792], [121.553114, 25.100851], [121.553216, 25.100906], [121.55332, 25.100959], [121.553425, 25.101008], [121.553533, 25.101054], [121.553642, 25.101097], [121.553752, 25.101136], [121.553864, 25.101172], [121.553977, 25.101204], [121.554092, 25.101233], [121.554109, 25.101237], [121.554109, 25.101237], [121.554337, 25.101294], [121.554403, 25.101307], [121.554468, 25.101323], [121.554531, 25.101342], [121.554594, 25.101365], [121.554654, 25.101392], [121.554713, 25.101421], [121.55477, 25.101454], [121.554825, 25.10149], [121.554877, 25.101528], [121.554926, 25.101569], [121.554973, 25.101613], [121.555017, 25.10166], [121.555027, 25.101671], [121.55503, 25.101674], [121.555368, 25.102089], [121.555391, 25.102139], [121.555418, 25.102187], [121.555449, 25.102233], [121.555482, 25.102277], [121.555519, 25.102319], [121.555559, 25.102359], [121.555602, 25.102396], [121.555647, 25.102431], [121.555695, 25.102463], [121.555745, 25.102492], [121.555781, 25.10251], [121.555625, 25.102022], [121.555569, 25.101928], [121.555611, 25.101752], [121.555397, 25.101701], [121.555217, 25.101308], [121.555308, 25.101047], [121.555399, 25.100786], [121.555318, 25.100625], [121.555185, 25.1006], [121.555146, 25.10069], [121.555107, 25.10078], [121.554971, 25.100787], [121.554835, 25.100794], [121.554695, 25.100701], [121.554554, 25.100608], [121.554, 25.100534], [121.553759, 25.100496], [121.553519, 25.100458], [121.553521, 25.100406], [121.553242, 25.100257], [121.552963, 25.100107], [121.552966, 25.100316], [121.552628, 25.100336], [121.552663, 25.100198], [121.551645, 25.099351], [121.551532, 25.099257], [121.551516, 25.099246], [121.551498, 25.099239], [121.551479, 25.099234], [121.551459, 25.099234], [121.551439, 25.099237], [121.551425, 25.099242]]]]}, "properties": {"name": "公園", "area": 0}}, {"type": "Feature", "geometry": {"type": "MultiPolygon", "coordinates": [[[[121.551445, 25.000842], [121.551453, 25.000847], [121.551458, 25.00085], [121.551468, 25.000852], [121.551477, 25.000853], [121.551487, 25.000852], [121.551497, 25.000849], [121.551505, 25.000844], [121.551509, 25.000841], [121.55152, 25.000831], [121.55155, 25.000803], [121.551574, 25.000783], [121.551598, 25.000764], [121.551614, 25.000751], [121.551639, 25.000733], [121.551674, 25.00071], [121.551709, 25.000688], [121.551755, 25.000663], [121.551821, 25.000631], [121.55189, 25.000604], [121.552123, 25.000519], [121.552132, 25.000515], [121.55214, 25.000508], [121.552147, 25.000499], [121.552152, 25.00049], [121.552154, 25.000481], [121.552154, 25.000472], [121.552151, 25.000462], [121.552076, 25.00029], [121.551955, 25.000015], [121.551932, 24.999969], [121.551905, 24.999925], [121.551874, 24.999883], [121.551851, 24.999856], [121.55182, 24.999825], [121.551786, 24.999795], [121.551758, 24.999774], [121.551728, 24.999753], [121.551697, 24.999735], [121.551649, 24.99971], [121.551607, 24.999692], [121.551554, 24.999674], [121.5513, 24.9996], [121.551268, 24.99959], [121.551246, 24.999584], [121.551219, 24.999581], [121.55119, 24.999579], [121.551174, 24.999579], [121.551154, 24.999582], [121.55112, 24.999589], [121.551091, 24.999599], [121.551053, 24.999617], [121.550913, 24.999703], [121.550859, 24.999733], [121.550812, 24.999757], [121.550764, 24.999778], [121.550705, 24.9998], [121.550655, 24.999816], [121.550594, 24.999832], [121.550525, 24.999847], [121.550507, 24.99985], [121.550498, 24.999853], [121.55049, 24.999858], [121.550478, 24.999873], [121.550476, 24.999881], [121.550472, 24.999906], [121.550468, 24.999925], [121.550461, 24.999955], [121.550454, 24.999974], [121.550444, 25.000002], [121.550431, 25.00003], [121.550407, 25.000084], [121.550406, 25.000096], [121.550407, 25.000106], [121.550413, 25.000121], [121.550421, 25.000132], [121.55043, 25.000139], [121.550787, 25.000386], [121.551445, 25.000842]]]]}, "properties": {"name": "公園", "area": 0}}, {"type": "Feature", "geometry": {"type": "MultiPolygon", "coordinates": [[[[121.551464, 25.021437], [121.551463, 25.021473], [121.551983, 25.021926], [121.552022, 25.021927], [121.552588, 25.021454], [121.552589, 25.021426], [121.552065, 25.020967], [121.552025, 25.020967], [121.551464, 25.021437]]]]}, "properties": {"name": "公園", "area": 0}}, {"type": "Feature", "geometry": {"type": "MultiPolygon", "coordinates": [[[[121.551555, 25.017892], [121.551934, 25.017712], [121.551933, 25.017712], [121.55192, 25.01771], [121.551803, 25.017692], [121.551714, 25.017677], [121.551661, 25.017667], [121.551596, 25.017649], [121.551532, 25.017626], [121.551488, 25.017601], [121.551449, 25.017569], [121.551416, 25.017538], [121.551387, 25.017505], [121.551366, 25.017477], [121.551352, 25.017455], [121.551336, 25.017425], [121.551325, 25.017401], [121.551313, 25.017369], [121.551304, 25.017336], [121.551296, 25.017286], [121.551264, 25.016947], [121.551259, 25.01689], [121.551179, 25.01689], [121.551188, 25.016989], [121.551208, 25.017199], [121.551218, 25.017308], [121.551224, 25.017342], [121.551233, 25.017376], [121.551245, 25.017413], [121.551267, 25.017463], [121.551274, 25.017477], [121.55129, 25.017503], [121.55131, 25.017532], [121.551336, 25.017564], [121.551371, 25.017602], [121.551392, 25.017619], [121.551454, 25.017669], [121.551463, 25.017677], [121.551561, 25.017754], [121.551574, 25.017767], [121.551584, 25.017783], [121.551591, 25.0178], [121.551593, 25.017818], [121.551592, 25.017836], [121.551586, 25.017853], [121.551577, 25.017869], [121.551577, 25.01787], [121.551564, 25.017884], [121.551555, 25.017892]]]]}, "properties": {"name": "公園", "area": 0}}, {"type": "Feature", "geometry": {"type": "MultiPolygon", "coordinates": [[[[121.55168, 25.056809], [121.551659, 25.057031], [121.551658, 25.057033], [121.551658, 25.057034], [121.551658, 25.057035], [121.551659, 25.057037], [121.551659, 25.057038], [121.551659, 25.05704], [121.551659, 25.057041], [121.551659, 25.057043], [121.55166, 25.057044], [121.55166, 25.057045], [121.551661, 25.057047], [121.551661, 25.057048], [121.551662, 25.057049], [121.551662, 25.057051], [121.551663, 25.057052], [121.551664, 25.057053], [121.551665, 25.057054], [121.551666, 25.057056], [121.551667, 25.057057], [121.551668, 25.057058], [121.551669, 25.057059], [121.55167, 25.05706], [121.551671, 25.057061], [121.551672, 25.057062], [121.551673, 25.057063], [121.551674, 25.057064], [121.551676, 25.057065], [121.551677, 25.057065], [121.551678, 25.057066], [121.55168, 25.057067], [121.551681, 25.057068], [121.551682, 25.057068], [121.551684, 25.057069], [121.551685, 25.057069], [121.551687, 25.05707], [121.551688, 25.05707], [121.55169, 25.05707], [121.551691, 25.057071], [121.551693, 25.057071], [121.551695, 25.057071], [121.551923, 25.057092], [121.551972, 25.056674], [121.551972, 25.056672], [121.551944, 25.056675], [121.551895, 25.056679], [121.551846, 25.056682], [121.551799, 25.056684], [121.551757, 25.056686], [121.551719, 25.056687], [121.551716, 25.056688], [121.551711, 25.056688], [121.551702, 25.05669], [121.551694, 25.056696], [121.55169, 25.056704], [121.55169, 25.056706], [121.551686, 25.056742], [121.55168, 25.056809]]]]}, "properties": {"name": "公園", "area": 0}}, {"type": "Feature", "geometry": {"type": "MultiPolygon", "coordinates": [[[[121.552044, 25.029412], [121.551742, 25.02969], [121.55206, 25.029975], [121.552398, 25.029663], [121.552406, 25.029661], [121.552305, 25.029346], [121.552044, 25.029412]]]]}, "properties": {"name": "公園", "area": 0}}, {"type": "Feature", "geometry": {"type": "MultiPolygon", "coordinates": [[[[121.552072, 25.059283], [121.55207, 25.059283], [121.552069, 25.059283], [121.552067, 25.059283], [121.552066, 25.059283], [121.552064, 25.059283], [121.552063, 25.059283], [121.552061, 25.059283], [121.55206, 25.059283], [121.552058, 25.059284], [121.552057, 25.059284], [121.552055, 25.059285], [121.552054, 25.059285], [121.552052, 25.059286], [121.552051, 25.059286], [121.552049, 25.059287], [121.552048, 25.059288], [121.552047, 25.059288], [121.552045, 25.059289], [121.552044, 25.05929], [121.552043, 25.059291], [121.552042, 25.059292], [121.552041, 25.059293], [121.552039, 25.059294], [121.552038, 25.059295], [121.552037, 25.059296], [121.552036, 25.059297], [121.552035, 25.059298], [121.552035, 25.059299], [121.552034, 25.0593], [121.552033, 25.059302], [121.552032, 25.059303], [121.552032, 25.059304], [121.552031, 25.059306], [121.55203, 25.059307], [121.55203, 25.059308], [121.55203, 25.05931], [121.552029, 25.059311], [121.552029, 25.059312], [121.552029, 25.059314], [121.552028, 25.059315], [121.552011, 25.059464], [121.552388, 25.059497], [121.552401, 25.059312], [121.552158, 25.05929], [121.552072, 25.059283]]]]}, "properties": {"name": "公園", "area": 0}}, {"type": "Feature", "geometry": {"type": "MultiPolygon", "coordinates": [[[[121.55217, 25.096257], [121.55187, 25.09611], [121.551498, 25.095963], [121.550888, 25.095984], [121.550628, 25.095915], [121.550052, 25.096358], [121.550676, 25.097432], [121.550764, 25.097634], [121.551003, 25.09818], [121.551341, 25.098968], [121.551358, 25.099003], [121.551379, 25.099036], [121.551403, 25.099067], [121.55143, 25.099097], [121.551456, 25.09912], [121.551566, 25.099211], [121.551632, 25.099267], [121.551733, 25.09935], [121.552662, 25.100123], [121.55268, 25.10013], [121.552699, 25.100133], [121.552718, 25.100133], [121.552737, 25.100129], [121.552755, 25.100122], [121.552762, 25.100118], [121.552776, 25.100106], [121.552788, 25.100092], [121.552796, 25.100076], [121.5528, 25.100059], [121.552801, 25.100042], [121.5528, 25.100034], [121.552275, 25.099281], [121.55201, 25.098787], [121.551992, 25.098752], [121.551975, 25.098712], [121.551962, 25.098679], [121.551952, 25.098649], [121.551944, 25.098617], [121.551937, 25.098587], [121.551932, 25.098563], [121.551927, 25.098532], [121.551924, 25.098502], [121.551922, 25.098473], [121.551907, 25.098148], [121.551905, 25.098101], [121.551906, 25.098045], [121.551909, 25.098003], [121.551971, 25.097436], [121.551972, 25.097383], [121.55197, 25.097329], [121.551963, 25.097276], [121.551953, 25.097223], [121.551938, 25.097171], [121.55192, 25.09712], [121.551899, 25.09707], [121.551873, 25.097021], [121.551844, 25.096974], [121.551822, 25.096943], [121.551762, 25.096862], [121.551702, 25.096784], [121.551639, 25.096709], [121.551572, 25.096635], [121.551503, 25.096564], [121.551431, 25.096495], [121.551385, 25.096455], [121.551357, 25.09643], [121.551344, 25.096416], [121.551335, 25.096399], [121.55133, 25.096378], [121.551332, 25.096356], [121.551336, 25.096344], [121.551345, 25.096328], [121.551358, 25.096314], [121.55138, 25.096301], [121.551405, 25.096294], [121.551429, 25.096292], [121.551449, 25.096295], [121.551465, 25.0963], [121.551483, 25.09631], [121.551512, 25.096328], [121.551593, 25.096377], [121.551676, 25.096424], [121.551761, 25.096467], [121.551848, 25.096507], [121.551936, 25.096544], [121.551947, 25.096548], [121.552162, 25.096631], [121.55221, 25.096651], [121.552238, 25.096663], [121.552257, 25.096672], [121.55234, 25.096714], [121.552419, 25.096761], [121.552493, 25.096811], [121.552565, 25.096867], [121.552585, 25.096883], [121.552626, 25.096921], [121.552666, 25.096965], [121.552687, 25.096992], [121.552727, 25.097054], [121.552744, 25.097088], [121.55276, 25.097124], [121.552774, 25.097166], [121.552782, 25.097198], [121.552797, 25.097262], [121.552819, 25.097378], [121.552831, 25.097455], [121.552842, 25.097538], [121.552852, 25.097635], [121.55286, 25.097754], [121.552863, 25.097856], [121.552863, 25.097938], [121.552861, 25.097991], [121.552861, 25.098], [121.552862, 25.09804], [121.552866, 25.098081], [121.552875, 25.09812], [121.552887, 25.098159], [121.552889, 25.098163], [121.553052, 25.098583], [121.553073, 25.098634], [121.553098, 25.098683], [121.553127, 25.098731], [121.553134, 25.098741], [121.55331, 25.099001], [121.553339, 25.09904], [121.553371, 25.099077], [121.553406, 25.099112], [121.553438, 25.099139], [121.553793, 25.099434], [121.553926, 25.099544], [121.553957, 25.099566], [121.553989, 25.099586], [121.554024, 25.099603], [121.55406, 25.099616], [121.554082, 25.099623], [121.554192, 25.09965], [121.554417, 25.099707], [121.554445, 25.099713], [121.554474, 25.099714], [121.554503, 25.099712], [121.554531, 25.099707], [121.554558, 25.099698], [121.554584, 25.099686], [121.554607, 25.09967], [121.554628, 25.099652], [121.554646, 25.099632], [121.55466, 25.099611], [121.554679, 25.099578], [121.554681, 25.099559], [121.554656, 25.099449], [121.554649, 25.099434], [121.554635, 25.099422], [121.554623, 25.099418], [121.554608, 25.099417], [121.554561, 25.099418], [121.554293, 25.09926], [121.554225, 25.099217], [121.554184, 25.099191], [121.554151, 25.099169], [121.554113, 25.099138], [121.554029, 25.099058], [121.554016, 25.099045], [121.55401, 25.099031], [121.554006, 25.09902], [121.553951, 25.098846], [121.553947, 25.098831], [121.553947, 25.098817], [121.553949, 25.098804], [121.554055, 25.098315], [121.554056, 25.098297], [121.554054, 25.098279], [121.554054, 25.098278], [121.553992, 25.098012], [121.553984, 25.097891], [121.553984, 25.097872], [121.553989, 25.097849], [121.553999, 25.097825], [121.554016, 25.097801], [121.554036, 25.097783], [121.55405, 25.097773], [121.554218, 25.097673], [121.554233, 25.097661], [121.554237, 25.097658], [121.554362, 25.097531], [121.554377, 25.097511], [121.554474, 25.097331], [121.55448, 25.097318], [121.554546, 25.097122], [121.55455, 25.097105], [121.55455, 25.097087], [121.554549, 25.097083], [121.554536, 25.097001], [121.554531, 25.096984], [121.554524, 25.09697], [121.554492, 25.096918], [121.55448, 25.096903], [121.554466, 25.09689], [121.554449, 25.096881], [121.554362, 25.096842], [121.554064, 25.096749], [121.554051, 25.096745], [121.553976, 25.09682], [121.5539, 25.096896], [121.553688, 25.0969], [121.553199, 25.096761], [121.55226, 25.096301], [121.55217, 25.096257]]]]}, "properties": {"name": "公園", "area": 0}}, {"type": "Feature", "geometry": {"type": "MultiPolygon", "coordinates": [[[[121.55221, 25.077321], [121.55221, 25.077321], [121.552218, 25.077681], [121.552218, 25.077687], [121.552472, 25.07768], [121.553303, 25.07766], [121.553303, 25.077649], [121.553305, 25.077637], [121.553311, 25.077625], [121.55332, 25.077615], [121.553331, 25.077609], [121.553345, 25.077605], [121.55335, 25.077605], [121.554361, 25.077579], [121.555345, 25.077555], [121.555359, 25.077557], [121.555371, 25.077561], [121.555382, 25.077569], [121.555389, 25.07758], [121.555393, 25.077592], [121.555394, 25.077598], [121.555393, 25.077607], [121.555518, 25.077604], [121.555811, 25.077599], [121.555811, 25.077598], [121.555797, 25.077235], [121.555768, 25.077236], [121.55221, 25.077318], [121.55221, 25.077321]]]]}, "properties": {"name": "公園", "area": 0}}, {"type": "Feature", "geometry": {"type": "MultiPolygon", "coordinates": [[[[121.552234, 25.100914], [121.552081, 25.101127], [121.552076, 25.101138], [121.552074, 25.10115], [121.552076, 25.101162], [121.552081, 25.101174], [121.55209, 25.101183], [121.552091, 25.101183], [121.552137, 25.101217], [121.55218, 25.101251], [121.55225, 25.101309], [121.552299, 25.101353], [121.552376, 25.101427], [121.552436, 25.101489], [121.552497, 25.101559], [121.552543, 25.101614], [121.552592, 25.10168], [121.552637, 25.101744], [121.552878, 25.102099], [121.552829, 25.101915], [121.552775, 25.101708], [121.552701, 25.101507], [121.55259, 25.101321], [121.552449, 25.101157], [121.552342, 25.101033], [121.552234, 25.100914]]]]}, "properties": {"name": "公園", "area": 0}}, {"type": "Feature", "geometry": {"type": "MultiPolygon", "coordinates": [[[[121.552255, 25.053404], [121.552235, 25.053422], [121.552235, 25.053699], [121.552264, 25.053724], [121.552466, 25.053719], [121.552504, 25.053719], [121.552787, 25.053712], [121.552814, 25.053686], [121.552802, 25.053434], [121.552767, 25.053402], [121.552633, 25.053397], [121.552255, 25.053404]]]]}, "properties": {"name": "公園", "area": 0}}, {"type": "Feature", "geometry": {"type": "MultiPolygon", "coordinates": [[[[121.552497, 25.056543], [121.552459, 25.056557], [121.552416, 25.056573], [121.55237, 25.056588], [121.552338, 25.056599], [121.552329, 25.056603], [121.552322, 25.05661], [121.552318, 25.056618], [121.552316, 25.056627], [121.552318, 25.056634], [121.552322, 25.056648], [121.552338, 25.056703], [121.552339, 25.056704], [121.552339, 25.056705], [121.55234, 25.056707], [121.552341, 25.056708], [121.552341, 25.05671], [121.552342, 25.056711], [121.552343, 25.056712], [121.552344, 25.056714], [121.552345, 25.056715], [121.552346, 25.056716], [121.552347, 25.056717], [121.552348, 25.056719], [121.552349, 25.05672], [121.55235, 25.056721], [121.552352, 25.056722], [121.552353, 25.056723], [121.552354, 25.056724], [121.552356, 25.056725], [121.552357, 25.056726], [121.552358, 25.056726], [121.55236, 25.056727], [121.552361, 25.056728], [121.552363, 25.056729], [121.552364, 25.056729], [121.552366, 25.05673], [121.552368, 25.05673], [121.552369, 25.05673], [121.552371, 25.056731], [121.552373, 25.056731], [121.552374, 25.056731], [121.552376, 25.056732], [121.552408, 25.056735], [121.552423, 25.05661], [121.552641, 25.056634], [121.552644, 25.056609], [121.552657, 25.056474], [121.552913, 25.056486], [121.552656, 25.056473], [121.552641, 25.056482], [121.552605, 25.056499], [121.55257, 25.056515], [121.552534, 25.056529], [121.552497, 25.056543]]]]}, "properties": {"name": "公園", "area": 0}}, {"type": "Feature", "geometry": {"type": "MultiPolygon", "coordinates": [[[[121.5526, 25.057339], [121.552579, 25.057545], [121.552579, 25.057545], [121.552877, 25.057573], [121.552878, 25.057573], [121.55288, 25.057573], [121.552882, 25.057573], [121.552883, 25.057573], [121.552885, 25.057573], [121.552886, 25.057573], [121.552888, 25.057573], [121.552889, 25.057572], [121.552891, 25.057572], [121.552892, 25.057572], [121.552894, 25.057571], [121.552895, 25.057571], [121.552897, 25.05757], [121.552898, 25.05757], [121.552899, 25.057569], [121.552901, 25.057568], [121.552902, 25.057568], [121.552903, 25.057567], [121.552905, 25.057566], [121.552906, 25.057565], [121.552907, 25.057564], [121.552908, 25.057563], [121.552909, 25.057562], [121.55291, 25.057561], [121.552911, 25.05756], [121.552912, 25.057559], [121.552913, 25.057558], [121.552914, 25.057557], [121.552915, 25.057556], [121.552916, 25.057554], [121.552916, 25.057553], [121.552917, 25.057552], [121.552918, 25.057551], [121.552918, 25.057549], [121.552919, 25.057548], [121.552919, 25.057546], [121.55292, 25.057545], [121.55292, 25.057544], [121.55292, 25.057542], [121.55292, 25.057541], [121.552951, 25.057278], [121.552951, 25.057277], [121.552951, 25.057275], [121.552951, 25.057274], [121.552951, 25.057272], [121.552951, 25.057271], [121.55295, 25.057269], [121.55295, 25.057268], [121.55295, 25.057267], [121.55295, 25.057265], [121.552949, 25.057264], [121.552949, 25.057263], [121.552948, 25.057261], [121.552947, 25.05726], [121.552947, 25.057259], [121.552946, 25.057257], [121.552945, 25.057256], [121.552945, 25.057255], [121.552944, 25.057254], [121.552943, 25.057253], [121.552942, 25.057252], [121.552941, 25.057251], [121.55294, 25.05725], [121.552939, 25.057249], [121.552938, 25.057248], [121.552936, 25.057247], [121.552935, 25.057246], [121.552934, 25.057245], [121.552933, 25.057244], [121.552931, 25.057243], [121.55293, 25.057243], [121.552929, 25.057242], [121.552927, 25.057242], [121.552926, 25.057241], [121.552924, 25.05724], [121.552923, 25.05724], [121.552921, 25.05724], [121.55292, 25.057239], [121.552918, 25.057239], [121.552917, 25.057239], [121.552915, 25.057239], [121.552614, 25.057211], [121.5526, 25.057339]]]]}, "properties": {"name": "公園", "area": 0}}, {"type": "Feature", "geometry": {"type": "MultiPolygon", "coordinates": [[[[121.552639, 25.026828], [121.552727, 25.027129], [121.553197, 25.027017], [121.553217, 25.026985], [121.553144, 25.026733], [121.55311, 25.026715], [121.552639, 25.026828]]]]}, "properties": {"name": "公園", "area": 0}}, {"type": "Feature", "geometry": {"type": "MultiPolygon", "coordinates": [[[[121.552776, 25.0564], [121.552744, 25.056421], [121.552712, 25.056441], [121.552677, 25.056461], [121.552656, 25.056473], [121.552913, 25.056486], [121.552909, 25.056419], [121.552906, 25.056363], [121.552903, 25.056354], [121.552898, 25.056347], [121.55289, 25.056342], [121.55288, 25.056339], [121.55287, 25.056341], [121.552863, 25.056344], [121.552837, 25.05636], [121.552831, 25.056365], [121.552806, 25.056381], [121.552776, 25.0564]]]]}, "properties": {"name": "公園", "area": 0}}, {"type": "Feature", "geometry": {"type": "MultiPolygon", "coordinates": [[[[121.55279, 25.058121], [121.552677, 25.05811], [121.552657, 25.058286], [121.55318, 25.058335], [121.553199, 25.058159], [121.55279, 25.058121]]]]}, "properties": {"name": "公園", "area": 0}}, {"type": "Feature", "geometry": {"type": "MultiPolygon", "coordinates": [[[[121.553343, 25.049763], [121.553372, 25.049788], [121.553555, 25.049784], [121.553581, 25.049759], [121.553566, 25.049288], [121.553546, 25.049271], [121.553348, 25.049277], [121.553327, 25.049297], [121.553343, 25.049763]]]]}, "properties": {"name": "公園", "area": 0}}, {"type": "Feature", "geometry": {"type": "MultiPolygon", "coordinates": [[[[121.553364, 25.050438], [121.553385, 25.050457], [121.553574, 25.050452], [121.553601, 25.050426], [121.553586, 25.049908], [121.553557, 25.049883], [121.553376, 25.049887], [121.553348, 25.049913], [121.553364, 25.050438]]]]}, "properties": {"name": "公園", "area": 0}}, {"type": "Feature", "geometry": {"type": "MultiPolygon", "coordinates": [[[[121.553377, 25.058943], [121.5537, 25.058971], [121.553701, 25.058972], [121.553703, 25.058972], [121.553705, 25.058972], [121.553707, 25.058972], [121.553708, 25.058971], [121.55371, 25.058971], [121.553712, 25.058971], [121.553714, 25.058971], [121.553715, 25.05897], [121.553717, 25.05897], [121.553719, 25.058969], [121.55372, 25.058969], [121.553722, 25.058968], [121.553724, 25.058968], [121.553725, 25.058967], [121.553727, 25.058966], [121.553728, 25.058965], [121.55373, 25.058964], [121.553731, 25.058964], [121.553733, 25.058963], [121.553734, 25.058962], [121.553735, 25.05896], [121.553736, 25.058959], [121.553738, 25.058958], [121.553739, 25.058957], [121.55374, 25.058956], [121.553741, 25.058954], [121.553742, 25.058953], [121.553743, 25.058952], [121.553744, 25.05895], [121.553834, 25.0588], [121.553467, 25.058768], [121.553397, 25.058761], [121.553377, 25.058943]]]]}, "properties": {"name": "公園", "area": 0}}, {"type": "Feature", "geometry": {"type": "MultiPolygon", "coordinates": [[[[121.553421, 25.047884], [121.553405, 25.04802], [121.553402, 25.048041], [121.553401, 25.048055], [121.553434, 25.048088], [121.553448, 25.048088], [121.553525, 25.048088], [121.553556, 25.048088], [121.553591, 25.048055], [121.55359, 25.048026], [121.553587, 25.047884], [121.553582, 25.047637], [121.553612, 25.047585], [121.553597, 25.047564], [121.553554, 25.04756], [121.55349, 25.047555], [121.553459, 25.047578], [121.553421, 25.047884]]]]}, "properties": {"name": "公園", "area": 0}}, {"type": "Feature", "geometry": {"type": "MultiPolygon", "coordinates": [[[[121.553422, 25.07844], [121.55342, 25.078625], [121.553422, 25.078635], [121.553428, 25.078643], [121.553436, 25.078649], [121.553447, 25.078652], [121.55345, 25.078652], [121.553628, 25.078654], [121.553638, 25.078652], [121.553648, 25.078647], [121.553654, 25.07864], [121.553658, 25.07863], [121.553658, 25.078627], [121.553655, 25.07821], [121.553653, 25.078199], [121.553647, 25.078188], [121.553638, 25.078181], [121.553627, 25.078176], [121.553615, 25.078174], [121.553462, 25.078174], [121.553449, 25.078176], [121.553438, 25.078182], [121.55343, 25.07819], [121.553424, 25.0782], [121.553422, 25.078211], [121.553422, 25.078283], [121.553422, 25.07844]]]]}, "properties": {"name": "公園", "area": 0}}, {"type": "Feature", "geometry": {"type": "MultiPolygon", "coordinates": [[[[121.553514, 25.034286], [121.553449, 25.034288], [121.553422, 25.034314], [121.553422, 25.034342], [121.553429, 25.034618], [121.553656, 25.034798], [121.553696, 25.034796], [121.554152, 25.03434], [121.554178, 25.034314], [121.554158, 25.034273], [121.554124, 25.034273], [121.553947, 25.034277], [121.553514, 25.034286]]]]}, "properties": {"name": "公園", "area": 0}}, {"type": "Feature", "geometry": {"type": "MultiPolygon", "coordinates": [[[[121.553521, 25.100395], [121.553788, 25.100361], [121.553846, 25.099549], [121.553753, 25.099474], [121.553398, 25.09918], [121.553359, 25.099146], [121.553323, 25.099109], [121.55329, 25.099071], [121.553262, 25.099032], [121.553085, 25.098772], [121.553054, 25.098723], [121.553027, 25.098673], [121.553003, 25.098621], [121.552997, 25.098604], [121.552834, 25.098184], [121.55282, 25.098143], [121.55281, 25.098101], [121.552804, 25.098059], [121.552801, 25.098016], [121.552802, 25.097997], [121.552803, 25.097889], [121.552801, 25.09778], [121.552795, 25.097671], [121.552785, 25.097563], [121.552771, 25.097455], [121.552753, 25.097348], [121.552731, 25.097241], [121.552727, 25.097224], [121.552716, 25.09718], [121.552701, 25.097137], [121.552682, 25.097096], [121.552659, 25.097056], [121.552633, 25.097017], [121.552603, 25.096981], [121.552571, 25.096947], [121.552536, 25.096916], [121.552529, 25.096911], [121.552475, 25.096867], [121.552419, 25.096827], [121.55236, 25.096789], [121.552299, 25.096754], [121.552236, 25.096722], [121.552171, 25.096694], [121.55214, 25.096682], [121.551924, 25.096597], [121.551834, 25.09656], [121.551746, 25.09652], [121.551659, 25.096477], [121.551575, 25.09643], [121.551492, 25.096381], [121.551471, 25.096367], [121.551446, 25.096351], [121.551434, 25.096347], [121.551421, 25.096346], [121.551408, 25.096348], [121.551406, 25.096349], [121.551397, 25.096354], [121.551391, 25.096362], [121.551388, 25.096371], [121.55139, 25.096381], [121.551395, 25.096389], [121.551397, 25.096391], [121.551425, 25.096415], [121.551498, 25.09648], [121.551568, 25.096548], [121.551635, 25.096618], [121.5517, 25.09669], [121.551761, 25.096765], [121.551811, 25.096832], [121.551871, 25.096912], [121.551904, 25.096959], [121.551933, 25.097008], [121.551958, 25.097059], [121.55198, 25.09711], [121.551998, 25.097163], [121.552012, 25.097217], [121.552023, 25.097272], [121.552029, 25.097327], [121.552031, 25.097383], [121.55203, 25.097438], [121.55203, 25.097441], [121.552017, 25.09763], [121.551974, 25.097957], [121.551967, 25.098021], [121.551965, 25.098085], [121.551966, 25.098141], [121.551981, 25.098467], [121.551985, 25.098519], [121.551994, 25.098571], [121.552006, 25.098622], [121.552022, 25.098672], [121.552042, 25.09872], [121.552064, 25.098765], [121.552327, 25.099254], [121.552856, 25.100013], [121.552963, 25.100107], [121.553242, 25.100257], [121.553521, 25.100406], [121.553521, 25.100395]]]]}, "properties": {"name": "公園", "area": 0}}, {"type": "Feature", "geometry": {"type": "MultiPolygon", "coordinates": [[[[121.554376, 25.04672], [121.554413, 25.04675], [121.554456, 25.046755], [121.55462, 25.046774], [121.554651, 25.046752], [121.554707, 25.046398], [121.554683, 25.046369], [121.554361, 25.046332], [121.55431, 25.046326], [121.554278, 25.046359], [121.554376, 25.04672]]]]}, "properties": {"name": "公園", "area": 0}}, {"type": "Feature", "geometry": {"type": "MultiPolygon", "coordinates": [[[[121.554452, 25.032026], [121.55446, 25.032251], [121.554342, 25.032255], [121.554344, 25.032359], [121.554374, 25.032383], [121.554705, 25.032349], [121.554731, 25.032322], [121.554725, 25.032023], [121.554452, 25.032026]]]]}, "properties": {"name": "公園", "area": 0}}, {"type": "Feature", "geometry": {"type": "MultiPolygon", "coordinates": [[[[121.55467, 24.980262], [121.554618, 24.980265], [121.55454, 24.980283], [121.554485, 24.980304], [121.554441, 24.980327], [121.554386, 24.980366], [121.554038, 24.980657], [121.553979, 24.980712], [121.553934, 24.98076], [121.55386, 24.980856], [121.553818, 24.980928], [121.553793, 24.980977], [121.553763, 24.981054], [121.553742, 24.981123], [121.553727, 24.981194], [121.553721, 24.981239], [121.553718, 24.981269], [121.554668, 24.980321], [121.55467, 24.980262]]]]}, "properties": {"name": "公園", "area": 0}}, {"type": "Feature", "geometry": {"type": "MultiPolygon", "coordinates": [[[[121.554714, 25.0541], [121.554705, 25.054141], [121.554697, 25.05424], [121.554696, 25.054243], [121.554946, 25.054261], [121.554955, 25.054141], [121.554929, 25.054114], [121.554714, 25.0541]]]]}, "properties": {"name": "公園", "area": 0}}, {"type": "Feature", "geometry": {"type": "MultiPolygon", "coordinates": [[[[121.554725, 24.98665], [121.554733, 24.986661], [121.554745, 24.98667], [121.554758, 24.986677], [121.554772, 24.986679], [121.554787, 24.986679], [121.554792, 24.986678], [121.554867, 24.986656], [121.55488, 24.98665], [121.554892, 24.986641], [121.5549, 24.98663], [121.554904, 24.986617], [121.554905, 24.986604], [121.554905, 24.986602], [121.554888, 24.986483], [121.554876, 24.986398], [121.554866, 24.986394], [121.554729, 24.986314], [121.554658, 24.986289], [121.554619, 24.9863], [121.554593, 24.986325], [121.554565, 24.986401], [121.554565, 24.986504], [121.5546, 24.986524], [121.554632, 24.986547], [121.554662, 24.986572], [121.554689, 24.9866], [121.554713, 24.986631], [121.554725, 24.98665]]]]}, "properties": {"name": "公園", "area": 0}}, {"type": "Feature", "geometry": {"type": "MultiPolygon", "coordinates": [[[[121.55474, 25.050452], [121.554753, 25.050588], [121.555037, 25.050587], [121.555037, 25.050582], [121.555033, 25.050177], [121.555005, 25.050151], [121.55474, 25.050158], [121.554714, 25.050185], [121.55474, 25.050452]]]]}, "properties": {"name": "公園", "area": 0}}, {"type": "Feature", "geometry": {"type": "MultiPolygon", "coordinates": [[[[121.554764, 25.050711], [121.554819, 25.050882], [121.554885, 25.051048], [121.554889, 25.051057], [121.555003, 25.051231], [121.555041, 25.051227], [121.555037, 25.050587], [121.554753, 25.050588], [121.554764, 25.050711]]]]}, "properties": {"name": "公園", "area": 0}}, {"type": "Feature", "geometry": {"type": "MultiPolygon", "coordinates": [[[[121.554772, 25.053879], [121.554739, 25.054011], [121.554936, 25.054024], [121.554966, 25.054], [121.554975, 25.053881], [121.554772, 25.053879]]]]}, "properties": {"name": "公園", "area": 0}}, {"type": "Feature", "geometry": {"type": "MultiPolygon", "coordinates": [[[[121.554987, 24.986546], [121.55499, 24.986557], [121.554998, 24.986566], [121.555008, 24.986573], [121.55502, 24.986577], [121.555033, 24.986577], [121.55504, 24.986576], [121.555096, 24.986556], [121.555151, 24.986533], [121.555203, 24.986506], [121.555254, 24.986476], [121.555282, 24.986458], [121.555388, 24.986366], [121.555508, 24.986283], [121.555624, 24.98623], [121.555745, 24.986189], [121.556108, 24.986175], [121.556118, 24.986173], [121.556127, 24.986168], [121.556134, 24.98616], [121.556136, 24.986155], [121.556136, 24.986145], [121.556133, 24.986136], [121.556126, 24.986128], [121.556122, 24.986125], [121.556114, 24.986122], [121.555493, 24.98598], [121.555586, 24.986055], [121.555632, 24.986202], [121.555562, 24.986243], [121.555324, 24.986215], [121.555273, 24.986234], [121.555232, 24.986282], [121.555204, 24.986331], [121.555192, 24.98639], [121.55518, 24.986502], [121.554978, 24.986482], [121.554987, 24.986546]]]]}, "properties": {"name": "公園", "area": 0}}, {"type": "Feature", "geometry": {"type": "MultiPolygon", "coordinates": [[[[121.555053, 25.053902], [121.555043, 25.054036], [121.555069, 25.054064], [121.555266, 25.054077], [121.555256, 25.053889], [121.555053, 25.053902]]]]}, "properties": {"name": "公園", "area": 0}}, {"type": "Feature", "geometry": {"type": "MultiPolygon", "coordinates": [[[[121.555062, 25.054154], [121.555032, 25.054177], [121.55503, 25.054193], [121.555028, 25.05422], [121.55502, 25.054297], [121.555249, 25.054313], [121.55526, 25.054167], [121.555062, 25.054154]]]]}, "properties": {"name": "公園", "area": 0}}, {"type": "Feature", "geometry": {"type": "MultiPolygon", "coordinates": [[[[121.555398, 25.078402], [121.555399, 25.078594], [121.555401, 25.078605], [121.555406, 25.078616], [121.555415, 25.078624], [121.555426, 25.078629], [121.555438, 25.07863], [121.556171, 25.078628], [121.556184, 25.078626], [121.556195, 25.078621], [121.556204, 25.078613], [121.556209, 25.078603], [121.556211, 25.078592], [121.55621, 25.078462], [121.55621, 25.078395], [121.555523, 25.078401], [121.555398, 25.078402]]]]}, "properties": {"name": "公園", "area": 0}}, {"type": "Feature", "geometry": {"type": "MultiPolygon", "coordinates": [[[[121.555402, 25.017786], [121.555443, 25.017777], [121.555483, 25.017764], [121.555522, 25.017748], [121.555559, 25.017729], [121.555593, 25.017707], [121.555626, 25.017681], [121.555655, 25.017654], [121.555682, 25.017623], [121.555705, 25.017591], [121.555725, 25.017557], [121.555728, 25.017551], [121.556132, 25.01754], [121.556318, 25.017289], [121.556463, 25.016737], [121.556567, 25.016558], [121.556649, 25.016447], [121.556807, 25.015927], [121.557156, 25.014766], [121.557173, 25.014505], [121.556885, 25.014548], [121.55652, 25.014604], [121.556337, 25.014367], [121.555942, 25.014345], [121.555695, 25.014331], [121.555198, 25.014533], [121.55474, 25.014497], [121.554293, 25.014544], [121.554025, 25.014357], [121.553631, 25.014659], [121.553362, 25.015139], [121.552891, 25.015035], [121.55282, 25.015123], [121.552736, 25.015235], [121.552074, 25.015464], [121.55143, 25.016518], [121.551537, 25.017245], [121.551736, 25.01748], [121.552561, 25.017401], [121.553163, 25.017532], [121.553418, 25.017672], [121.553437, 25.017677], [121.554277, 25.0179], [121.554306, 25.017823], [121.555402, 25.017786]]]]}, "properties": {"name": "公園", "area": 0}}, {"type": "Feature", "geometry": {"type": "MultiPolygon", "coordinates": [[[[121.555506, 25.02807], [121.555479, 25.028077], [121.555469, 25.028112], [121.555477, 25.028118], [121.555773, 25.028362], [121.555782, 25.028369], [121.555822, 25.028373], [121.555843, 25.028363], [121.555996, 25.028286], [121.556007, 25.028252], [121.555853, 25.028], [121.555825, 25.027989], [121.555506, 25.02807]]]]}, "properties": {"name": "公園", "area": 0}}, {"type": "Feature", "geometry": {"type": "MultiPolygon", "coordinates": [[[[121.555565, 25.042409], [121.555565, 25.042778], [121.556027, 25.042862], [121.556055, 25.042853], [121.556051, 25.042399], [121.555565, 25.042409]]]]}, "properties": {"name": "公園", "area": 0}}, {"type": "Feature", "geometry": {"type": "MultiPolygon", "coordinates": [[[[121.555702, 25.019586], [121.555684, 25.019593], [121.555673, 25.019608], [121.55567, 25.019617], [121.555666, 25.019627], [121.555666, 25.019638], [121.555671, 25.019646], [121.555681, 25.019655], [121.556011, 25.01996], [121.55603, 25.019977], [121.556043, 25.019983], [121.556057, 25.019987], [121.556077, 25.019982], [121.556092, 25.019972], [121.5561, 25.019959], [121.556104, 25.019946], [121.556149, 25.019618], [121.55615, 25.019599], [121.556143, 25.019583], [121.556135, 25.01957], [121.556127, 25.019564], [121.556115, 25.019561], [121.556102, 25.019561], [121.555702, 25.019586]]]]}, "properties": {"name": "公園", "area": 0}}, {"type": "Feature", "geometry": {"type": "MultiPolygon", "coordinates": [[[[121.5558, 25.080131], [121.555803, 25.080764], [121.556124, 25.080761], [121.556221, 25.08076], [121.556218, 25.080076], [121.556218, 25.080076], [121.556216, 25.080064], [121.55621, 25.080054], [121.556201, 25.080045], [121.55619, 25.08004], [121.556177, 25.080038], [121.556176, 25.080038], [121.555926, 25.08004], [121.5558, 25.080041], [121.5558, 25.0801], [121.5558, 25.080131]]]]}, "properties": {"name": "公園", "area": 0}}, {"type": "Feature", "geometry": {"type": "MultiPolygon", "coordinates": [[[[121.555856, 25.102542], [121.555912, 25.102561], [121.555968, 25.102576], [121.556026, 25.102588], [121.556084, 25.102596], [121.556143, 25.102601], [121.556203, 25.102602], [121.55623, 25.102601], [121.556291, 25.102602], [121.556352, 25.102607], [121.556413, 25.102615], [121.556472, 25.102627], [121.556531, 25.102642], [121.556589, 25.102661], [121.556645, 25.102683], [121.556699, 25.102709], [121.556752, 25.102737], [121.556802, 25.102769], [121.55685, 25.102804], [121.556896, 25.102841], [121.556916, 25.102859], [121.557618, 25.103577], [121.557673, 25.103675], [121.557725, 25.103774], [121.557773, 25.103875], [121.557818, 25.103977], [121.557858, 25.10408], [121.557895, 25.104185], [121.557928, 25.104291], [121.557958, 25.104397], [121.557983, 25.104505], [121.558005, 25.104613], [121.558022, 25.104721], [121.558036, 25.104827], [121.558001, 25.105042], [121.558076, 25.104826], [121.558155, 25.104601], [121.558382, 25.104073], [121.55851, 25.103655], [121.558505, 25.103532], [121.558467, 25.103481], [121.558181, 25.103285], [121.558024, 25.10299], [121.558023, 25.102861], [121.557492, 25.102504], [121.557295, 25.102551], [121.556994, 25.102637], [121.556587, 25.10244], [121.556386, 25.102471], [121.556184, 25.102502], [121.555856, 25.102542]]]]}, "properties": {"name": "公園", "area": 0}}, {"type": "Feature", "geometry": {"type": "MultiPolygon", "coordinates": [[[[121.556132, 25.01754], [121.556149, 25.017896], [121.556366, 25.017711], [121.556567, 25.016558], [121.556463, 25.016737], [121.556318, 25.017289], [121.556132, 25.01754]]]]}, "properties": {"name": "公園", "area": 0}}, {"type": "Feature", "geometry": {"type": "MultiPolygon", "coordinates": [[[[121.556152, 25.060169], [121.555382, 25.060101], [121.555405, 25.060213], [121.555405, 25.060213], [121.556129, 25.060242], [121.556152, 25.060169]]]]}, "properties": {"name": "公園", "area": 0}}, {"type": "Feature", "geometry": {"type": "MultiPolygon", "coordinates": [[[[121.55627, 25.057703], [121.556249, 25.057934], [121.556249, 25.057937], [121.556421, 25.057949], [121.556427, 25.057879], [121.556473, 25.057366], [121.556301, 25.057352], [121.55627, 25.057703]]]]}, "properties": {"name": "公園", "area": 0}}, {"type": "Feature", "geometry": {"type": "MultiPolygon", "coordinates": [[[[121.556299, 25.005084], [121.55534, 25.004778], [121.554458, 25.004497], [121.55453, 25.004272], [121.555093, 25.004245], [121.555813, 25.003204], [121.555861, 25.003136], [121.555867, 25.003128], [121.555871, 25.00312], [121.555874, 25.003111], [121.555874, 25.003102], [121.555873, 25.003093], [121.55587, 25.003085], [121.555863, 25.003074], [121.555639, 25.002722], [121.555629, 25.002708], [121.555621, 25.002702], [121.555612, 25.002699], [121.555602, 25.002697], [121.555593, 25.002698], [121.555576, 25.002704], [121.555435, 25.002779], [121.554799, 25.00312], [121.553915, 25.003593], [121.553194, 25.00355], [121.553007, 25.004172], [121.552883, 25.00458], [121.552784, 25.004908], [121.55279, 25.005382], [121.552814, 25.006307], [121.552824, 25.006739], [121.552827, 25.007324], [121.552828, 25.007383], [121.552843, 25.007967], [121.553278, 25.008468], [121.553379, 25.008585], [121.555891, 25.008463], [121.556646, 25.007938], [121.556568, 25.006787], [121.556485, 25.005606], [121.556336, 25.005606], [121.556334, 25.005581], [121.556299, 25.005084]]]]}, "properties": {"name": "公園", "area": 0}}, {"type": "Feature", "geometry": {"type": "MultiPolygon", "coordinates": [[[[121.556544, 25.08552], [121.555614, 25.085794], [121.555596, 25.085799], [121.555587, 25.085804], [121.55558, 25.085811], [121.555577, 25.085821], [121.555578, 25.08583], [121.555579, 25.085831], [121.555648, 25.086013], [121.555759, 25.086031], [121.555883, 25.086097], [121.555938, 25.086033], [121.555925, 25.085913], [121.555942, 25.085823], [121.556054, 25.08579], [121.556132, 25.085808], [121.556275, 25.08579], [121.556409, 25.085715], [121.556482, 25.085658], [121.556461, 25.085597], [121.556544, 25.08552]]]]}, "properties": {"name": "公園", "area": 0}}, {"type": "Feature", "geometry": {"type": "MultiPolygon", "coordinates": [[[[121.556583, 25.021137], [121.556588, 25.021146], [121.556593, 25.021154], [121.556599, 25.021162], [121.556605, 25.021169], [121.556612, 25.021174], [121.556621, 25.021179], [121.55663, 25.021185], [121.55664, 25.021188], [121.556649, 25.021192], [121.556659, 25.021194], [121.556668, 25.021195], [121.556677, 25.021195], [121.556685, 25.021195], [121.556694, 25.021193], [121.556704, 25.021191], [121.556712, 25.02119], [121.556721, 25.021187], [121.556728, 25.021183], [121.556735, 25.021179], [121.556883, 25.02105], [121.556883, 25.021005], [121.556697, 25.020833], [121.55666, 25.020799], [121.556626, 25.020799], [121.556583, 25.021137]]]]}, "properties": {"name": "公園", "area": 0}}, {"type": "Feature", "geometry": {"type": "MultiPolygon", "coordinates": [[[[121.556698, 25.002079], [121.556682, 25.002021], [121.556669, 25.001962], [121.556664, 25.001929], [121.556659, 25.001925], [121.556651, 25.001918], [121.556643, 25.001911], [121.556636, 25.001904], [121.556628, 25.001896], [121.556621, 25.001888], [121.556614, 25.00188], [121.556608, 25.001872], [121.556601, 25.001864], [121.556595, 25.001856], [121.556589, 25.001847], [121.556583, 25.001839], [121.556578, 25.00183], [121.556578, 25.001829], [121.556559, 25.001795], [121.556548, 25.001768], [121.556505, 25.001794], [121.556426, 25.00184], [121.556399, 25.001873], [121.55639, 25.001885], [121.556387, 25.001887], [121.556447, 25.001977], [121.556452, 25.001987], [121.556496, 25.002095], [121.556504, 25.002114], [121.556509, 25.002127], [121.556698, 25.002079]]]]}, "properties": {"name": "公園", "area": 0}}, {"type": "Feature", "geometry": {"type": "MultiPolygon", "coordinates": [[[[121.556801, 25.004129], [121.557129, 25.003023], [121.556671, 25.00223], [121.55574, 25.002459], [121.55574, 25.002459], [121.556801, 25.004129]]]]}, "properties": {"name": "公園", "area": 0}}, {"type": "Feature", "geometry": {"type": "MultiPolygon", "coordinates": [[[[121.556813, 25.077579], [121.55696, 25.077577], [121.557107, 25.077571], [121.557254, 25.077561], [121.557401, 25.077548], [121.557547, 25.077531], [121.557693, 25.077511], [121.557838, 25.077487], [121.557982, 25.07746], [121.558086, 25.077438], [121.559397, 25.077159], [121.560224, 25.076982], [121.560346, 25.076956], [121.561602, 25.076689], [121.56171, 25.076666], [121.561833, 25.07664], [121.562122, 25.076578], [121.562394, 25.076548], [121.562473, 25.076548], [121.562692, 25.076547], [121.562688, 25.076185], [121.562688, 25.076185], [121.562367, 25.076187], [121.562242, 25.076195], [121.562188, 25.0762], [121.562155, 25.076205], [121.562018, 25.076229], [121.561747, 25.076287], [121.56099, 25.076448], [121.560256, 25.076605], [121.559396, 25.076788], [121.558609, 25.076956], [121.557995, 25.077086], [121.557861, 25.077115], [121.557725, 25.077139], [121.557589, 25.07716], [121.557453, 25.077178], [121.557316, 25.077192], [121.557178, 25.077203], [121.55704, 25.077209], [121.556902, 25.077213], [121.556806, 25.077213], [121.556813, 25.077579]]]]}, "properties": {"name": "公園", "area": 0}}, {"type": "Feature", "geometry": {"type": "MultiPolygon", "coordinates": [[[[121.556916, 24.978877], [121.556901, 24.978877], [121.556888, 24.978881], [121.556876, 24.978888], [121.556866, 24.978898], [121.55686, 24.97891], [121.556859, 24.978915], [121.556747, 24.979362], [121.556757, 24.979396], [121.556776, 24.979407], [121.557241, 24.97952], [121.55736, 24.979549], [121.55731, 24.979479], [121.55723, 24.979351], [121.557177, 24.979255], [121.557128, 24.979157], [121.557066, 24.97901], [121.557045, 24.978955], [121.557025, 24.978891], [121.556916, 24.978877]]]]}, "properties": {"name": "公園", "area": 0}}, {"type": "Feature", "geometry": {"type": "MultiPolygon", "coordinates": [[[[121.556941, 24.987301], [121.556883, 24.987367], [121.55758, 24.987184], [121.558045, 24.986839], [121.558493, 24.986782], [121.558492, 24.986711], [121.557982, 24.986684], [121.557849, 24.986763], [121.557792, 24.986822], [121.557731, 24.986878], [121.557668, 24.986932], [121.557602, 24.986983], [121.557533, 24.987032], [121.557463, 24.987077], [121.55739, 24.98712], [121.557315, 24.987159], [121.557238, 24.987195], [121.557159, 24.987229], [121.557079, 24.987258], [121.556997, 24.987285], [121.556941, 24.987301]]]]}, "properties": {"name": "公園", "area": 0}}, {"type": "Feature", "geometry": {"type": "MultiPolygon", "coordinates": [[[[121.557226, 25.057088], [121.557213, 25.057088], [121.557201, 25.057093], [121.557191, 25.0571], [121.557184, 25.05711], [121.55718, 25.057121], [121.55718, 25.057122], [121.557162, 25.05731], [121.557161, 25.05731], [121.557135, 25.057633], [121.557135, 25.057633], [121.557135, 25.057645], [121.55714, 25.057655], [121.557149, 25.057665], [121.557159, 25.057671], [121.557172, 25.057674], [121.557173, 25.057674], [121.557173, 25.057674], [121.558972, 25.057807], [121.558972, 25.057807], [121.558985, 25.057806], [121.558997, 25.057802], [121.559007, 25.057794], [121.559014, 25.057784], [121.559017, 25.057773], [121.559017, 25.057772], [121.559017, 25.057772], [121.559065, 25.057268], [121.559065, 25.057266], [121.559065, 25.057265], [121.559065, 25.057263], [121.559065, 25.057262], [121.559065, 25.05726], [121.559065, 25.057259], [121.559064, 25.057258], [121.559064, 25.057256], [121.559064, 25.057255], [121.559063, 25.057254], [121.559063, 25.057252], [121.559062, 25.057251], [121.559062, 25.05725], [121.559061, 25.057248], [121.55906, 25.057247], [121.559059, 25.057246], [121.559059, 25.057245], [121.559058, 25.057244], [121.559057, 25.057242], [121.559056, 25.057241], [121.559055, 25.05724], [121.559054, 25.057239], [121.559053, 25.057238], [121.559051, 25.057237], [121.55905, 25.057236], [121.559049, 25.057236], [121.559048, 25.057235], [121.559046, 25.057234], [121.559045, 25.057233], [121.559044, 25.057233], [121.559042, 25.057232], [121.559041, 25.057231], [121.559039, 25.057231], [121.559038, 25.05723], [121.559037, 25.05723], [121.559035, 25.05723], [121.559033, 25.057229], [121.559032, 25.057229], [121.55903, 25.057229], [121.559029, 25.057229], [121.558734, 25.057206], [121.557226, 25.057088], [121.557226, 25.057088]]]]}, "properties": {"name": "公園", "area": 0}}, {"type": "Feature", "geometry": {"type": "MultiPolygon", "coordinates": [[[[121.557265, 24.987896], [121.557299, 24.98788], [121.557332, 24.987862], [121.557362, 24.98784], [121.557389, 24.987816], [121.557408, 24.987796], [121.557482, 24.987711], [121.557481, 24.987678], [121.557526, 24.987632], [121.557609, 24.987572], [121.557868, 24.987411], [121.558017, 24.987369], [121.558142, 24.98743], [121.558122, 24.987611], [121.558087, 24.987649], [121.557999, 24.987697], [121.558367, 24.987826], [121.558382, 24.987829], [121.558397, 24.987829], [121.558411, 24.987825], [121.558424, 24.987818], [121.558435, 24.987808], [121.558435, 24.987807], [121.558491, 24.987736], [121.558509, 24.987735], [121.558493, 24.986782], [121.558045, 24.986839], [121.55758, 24.987184], [121.556849, 24.987376], [121.556642, 24.98781], [121.556651, 24.987858], [121.556685, 24.98787], [121.556699, 24.987847], [121.556694, 24.987816], [121.556746, 24.987705], [121.556756, 24.987714], [121.556787, 24.98774], [121.556796, 24.987741], [121.556815, 24.987743], [121.556852, 24.987802], [121.556903, 24.987804], [121.557096, 24.987812], [121.557242, 24.987895], [121.557252, 24.987901], [121.557265, 24.987896]]]]}, "properties": {"name": "公園", "area": 0}}, {"type": "Feature", "geometry": {"type": "MultiPolygon", "coordinates": [[[[121.557303, 25.137839], [121.557331, 25.137703], [121.557721, 25.137749], [121.5578, 25.137454], [121.557372, 25.137346], [121.557328, 25.13735], [121.557284, 25.137351], [121.557239, 25.137349], [121.557196, 25.137342], [121.557153, 25.137333], [121.557152, 25.137332], [121.557077, 25.137312], [121.557076, 25.137312], [121.557063, 25.137311], [121.55705, 25.137312], [121.557038, 25.137318], [121.557028, 25.137326], [121.557021, 25.137337], [121.557019, 25.137343], [121.55697, 25.137541], [121.556958, 25.137581], [121.556942, 25.137621], [121.556922, 25.137659], [121.556899, 25.137695], [121.556873, 25.137729], [121.556863, 25.137741], [121.556863, 25.137741], [121.556728, 25.137892], [121.556719, 25.137902], [121.556702, 25.137924], [121.556688, 25.137948], [121.55668, 25.137968], [121.557303, 25.137839]]]]}, "properties": {"name": "公園", "area": 0}}, {"type": "Feature", "geometry": {"type": "MultiPolygon", "coordinates": [[[[121.557616, 25.02621], [121.557631, 25.026257], [121.557645, 25.026292], [121.557648, 25.026302], [121.557652, 25.026313], [121.557655, 25.026324], [121.557658, 25.026334], [121.557662, 25.026346], [121.557668, 25.026359], [121.557674, 25.026375], [121.55768, 25.026387], [121.557686, 25.026396], [121.557691, 25.026404], [121.557699, 25.026417], [121.557719, 25.026438], [121.55773, 25.026449], [121.557742, 25.02646], [121.557754, 25.026472], [121.557765, 25.026482], [121.557779, 25.026493], [121.557793, 25.026505], [121.557808, 25.026517], [121.557822, 25.026527], [121.557833, 25.026534], [121.557837, 25.026537], [121.557843, 25.026541], [121.557852, 25.026545], [121.557865, 25.026552], [121.557884, 25.026561], [121.557915, 25.026577], [121.557945, 25.026593], [121.557976, 25.026609], [121.558005, 25.026624], [121.558035, 25.02664], [121.558074, 25.026663], [121.55813, 25.026695], [121.558142, 25.026704], [121.558153, 25.026714], [121.558164, 25.026724], [121.558174, 25.026734], [121.558183, 25.026744], [121.558196, 25.026757], [121.558229, 25.026789], [121.558255, 25.026828], [121.558258, 25.026833], [121.558277, 25.026871], [121.558296, 25.026909], [121.558304, 25.026925], [121.558309, 25.026946], [121.558314, 25.026966], [121.558319, 25.02698], [121.558328, 25.026993], [121.55834, 25.027003], [121.558355, 25.027011], [121.558371, 25.027015], [121.558383, 25.027016], [121.558427, 25.027015], [121.558993, 25.027004], [121.559008, 25.027002], [121.559022, 25.026996], [121.559034, 25.026987], [121.559044, 25.026976], [121.55905, 25.026963], [121.559052, 25.026949], [121.559052, 25.026948], [121.559048, 25.026095], [121.559046, 25.026081], [121.55904, 25.026068], [121.559031, 25.026057], [121.559019, 25.026049], [121.559005, 25.026043], [121.55899, 25.026041], [121.558988, 25.026041], [121.558414, 25.026051], [121.558353, 25.026053], [121.558278, 25.026059], [121.557846, 25.026096], [121.557657, 25.026143], [121.557643, 25.026148], [121.557631, 25.026156], [121.557622, 25.026168], [121.557616, 25.02618], [121.557614, 25.026194], [121.557615, 25.026208], [121.557616, 25.02621]]]]}, "properties": {"name": "公園", "area": 0}}, {"type": "Feature", "geometry": {"type": "MultiPolygon", "coordinates": [[[[121.557789, 25.037948], [121.557734, 25.038], [121.557736, 25.038111], [121.557742, 25.03834], [121.557766, 25.03933], [121.557772, 25.039633], [121.559008, 25.039608], [121.559011, 25.039737], [121.559041, 25.041121], [121.559234, 25.041117], [121.561447, 25.041058], [121.561481, 25.041025], [121.561463, 25.040232], [121.561452, 25.039728], [121.56141, 25.037872], [121.561374, 25.037841], [121.561296, 25.037843], [121.559219, 25.037906], [121.557789, 25.037948]]]]}, "properties": {"name": "公園", "area": 0}}, {"type": "Feature", "geometry": {"type": "MultiPolygon", "coordinates": [[[[121.557791, 25.058382], [121.557791, 25.058382], [121.557872, 25.058388], [121.558071, 25.058404], [121.55812, 25.057816], [121.557846, 25.057796], [121.557791, 25.058382]]]]}, "properties": {"name": "公園", "area": 0}}, {"type": "Feature", "geometry": {"type": "MultiPolygon", "coordinates": [[[[121.557899, 24.982094], [121.557838, 24.982311], [121.558243, 24.982405], [121.558304, 24.982189], [121.558304, 24.982189], [121.557899, 24.982094]]]]}, "properties": {"name": "公園", "area": 0}}, {"type": "Feature", "geometry": {"type": "MultiPolygon", "coordinates": [[[[121.557912, 25.056948], [121.557901, 25.057066], [121.557901, 25.057068], [121.558194, 25.057091], [121.558235, 25.056498], [121.557956, 25.056476], [121.557955, 25.056477], [121.557912, 25.056948]]]]}, "properties": {"name": "公園", "area": 0}}, {"type": "Feature", "geometry": {"type": "MultiPolygon", "coordinates": [[[[121.558023, 25.102859], [121.558081, 25.102795], [121.558111, 25.102761], [121.558365, 25.102622], [121.558561, 25.10257], [121.558664, 25.102553], [121.558874, 25.102518], [121.558953, 25.102484], [121.558988, 25.102469], [121.559, 25.102463], [121.559009, 25.102449], [121.559017, 25.102434], [121.559108, 25.102282], [121.559168, 25.102047], [121.559172, 25.102031], [121.559165, 25.102], [121.559038, 25.101532], [121.559032, 25.101527], [121.558804, 25.101749], [121.558417, 25.101892], [121.557901, 25.102084], [121.557503, 25.102501], [121.557492, 25.102504], [121.558023, 25.102861], [121.558023, 25.102859]]]]}, "properties": {"name": "公園", "area": 0}}, {"type": "Feature", "geometry": {"type": "MultiPolygon", "coordinates": [[[[121.558049, 25.061176], [121.557149, 25.061057], [121.557082, 25.061049], [121.557084, 25.061056], [121.557124, 25.061234], [121.557124, 25.061235], [121.55727, 25.061904], [121.557271, 25.061906], [121.55728, 25.061907], [121.559329, 25.062173], [121.560124, 25.062278], [121.560191, 25.06151], [121.560191, 25.061509], [121.560191, 25.061508], [121.560191, 25.061506], [121.560191, 25.061505], [121.560191, 25.061503], [121.560191, 25.061502], [121.560191, 25.0615], [121.560191, 25.061499], [121.56019, 25.061497], [121.56019, 25.061496], [121.560189, 25.061494], [121.560189, 25.061493], [121.560188, 25.061492], [121.560187, 25.06149], [121.560187, 25.061489], [121.560186, 25.061488], [121.560185, 25.061486], [121.560184, 25.061485], [121.560183, 25.061484], [121.560182, 25.061482], [121.560181, 25.061481], [121.56018, 25.06148], [121.560179, 25.061479], [121.560178, 25.061478], [121.560176, 25.061477], [121.560175, 25.061476], [121.560174, 25.061475], [121.560172, 25.061474], [121.560171, 25.061474], [121.560169, 25.061473], [121.560168, 25.061472], [121.560166, 25.061471], [121.560165, 25.061471], [121.560163, 25.06147], [121.560162, 25.06147], [121.56016, 25.061469], [121.560159, 25.061469], [121.560157, 25.061469], [121.560155, 25.061468], [121.559683, 25.061403], [121.559417, 25.061369], [121.559325, 25.061354], [121.558049, 25.061176]]]]}, "properties": {"name": "公園", "area": 0}}, {"type": "Feature", "geometry": {"type": "MultiPolygon", "coordinates": [[[[121.558187, 25.110136], [121.558363, 25.109555], [121.558302, 25.109002], [121.558181, 25.108694], [121.558163, 25.108405], [121.558143, 25.108176], [121.558227, 25.107984], [121.558285, 25.106778], [121.558476, 25.106528], [121.558866, 25.106237], [121.558788, 25.106009], [121.558153, 25.105992], [121.558103, 25.105802], [121.558329, 25.105554], [121.558449, 25.10519], [121.558453, 25.104907], [121.558895, 25.104143], [121.559043, 25.104115], [121.559141, 25.103864], [121.558971, 25.10353], [121.559153, 25.103406], [121.559089, 25.103247], [121.558747, 25.103141], [121.558281, 25.103063], [121.558187, 25.103048], [121.558271, 25.103204], [121.558285, 25.103221], [121.558548, 25.103401], [121.558615, 25.103487], [121.558623, 25.10351], [121.55863, 25.103661], [121.558628, 25.103675], [121.558494, 25.10411], [121.558267, 25.104637], [121.558114, 25.105075], [121.558022, 25.105673], [121.55796, 25.106002], [121.557961, 25.106168], [121.558017, 25.106602], [121.558011, 25.107217], [121.557993, 25.107555], [121.557991, 25.107612], [121.557986, 25.107638], [121.557978, 25.107659], [121.557968, 25.107676], [121.557955, 25.107691], [121.557936, 25.107707], [121.557916, 25.107719], [121.557893, 25.107728], [121.557875, 25.107732], [121.557859, 25.107734], [121.557818, 25.107736], [121.557818, 25.107741], [121.557832, 25.107867], [121.55784, 25.107914], [121.557856, 25.107949], [121.557869, 25.107987], [121.557884, 25.108024], [121.557978, 25.108146], [121.558006, 25.108189], [121.558009, 25.108221], [121.557997, 25.108262], [121.557957, 25.108376], [121.557924, 25.108521], [121.557846, 25.108826], [121.557832, 25.108893], [121.557802, 25.108953], [121.557751, 25.109054], [121.557712, 25.109124], [121.557667, 25.10922], [121.557569, 25.1094], [121.557545, 25.109489], [121.557529, 25.109551], [121.557521, 25.109591], [121.557492, 25.109655], [121.557483, 25.109712], [121.557483, 25.109844], [121.557484, 25.109893], [121.557482, 25.109921], [121.55748, 25.10994], [121.557477, 25.109965], [121.557472, 25.109988], [121.557472, 25.11001], [121.557484, 25.110105], [121.557497, 25.110162], [121.557565, 25.110312], [121.557654, 25.110442], [121.557859, 25.110655], [121.558064, 25.110859], [121.55828, 25.111062], [121.558423, 25.111193], [121.558577, 25.111341], [121.558639, 25.111406], [121.558839, 25.11155], [121.559082, 25.111707], [121.559083, 25.111708], [121.559262, 25.111823], [121.55927, 25.111829], [121.559556, 25.111998], [121.559556, 25.111998], [121.559646, 25.112057], [121.559875, 25.112159], [121.560111, 25.11223], [121.560219, 25.112242], [121.56026, 25.112247], [121.560279, 25.112246], [121.560357, 25.112228], [121.56039, 25.112218], [121.560419, 25.112201], [121.560462, 25.112171], [121.560501, 25.112141], [121.560591, 25.112058], [121.560745, 25.111935], [121.560874, 25.111837], [121.560956, 25.111742], [121.560983, 25.111694], [121.56102, 25.111611], [121.561101, 25.111496], [121.561128, 25.111466], [121.561149, 25.111443], [121.561163, 25.111424], [121.561183, 25.111402], [121.561205, 25.11138], [121.561228, 25.111364], [121.561282, 25.111336], [121.56135, 25.111317], [121.561401, 25.111309], [121.561503, 25.111304], [121.561599, 25.111309], [121.561658, 25.111317], [121.561716, 25.111329], [121.561792, 25.111349], [121.561859, 25.111374], [121.561869, 25.111336], [121.561613, 25.111218], [121.561136, 25.111355], [121.561092, 25.111453], [121.560777, 25.111671], [121.560457, 25.111839], [121.559992, 25.111806], [121.559635, 25.111694], [121.559621, 25.111688], [121.559325, 25.111574], [121.559003, 25.111344], [121.558952, 25.111142], [121.558644, 25.110805], [121.558385, 25.110489], [121.558196, 25.110152], [121.558187, 25.110136]]]]}, "properties": {"name": "公園", "area": 0}}, {"type": "Feature", "geometry": {"type": "MultiPolygon", "coordinates": [[[[121.558205, 25.01586], [121.559891, 25.016102], [121.560448, 25.014925], [121.560448, 25.014925], [121.559731, 25.014652], [121.558205, 25.01586]]]]}, "properties": {"name": "公園", "area": 0}}, {"type": "Feature", "geometry": {"type": "MultiPolygon", "coordinates": [[[[121.558297, 25.010387], [121.558182, 25.010562], [121.558181, 25.010726], [121.558079, 25.011095], [121.558332, 25.011072], [121.558532, 25.01114], [121.558532, 25.011139], [121.558561, 25.011124], [121.558591, 25.011071], [121.558664, 25.011034], [121.55871, 25.011051], [121.558776, 25.011018], [121.558855, 25.01098], [121.558879, 25.010967], [121.55892, 25.010944], [121.558968, 25.010914], [121.559006, 25.010886], [121.559042, 25.010857], [121.559077, 25.010827], [121.559123, 25.010781], [121.559153, 25.010747], [121.559181, 25.010711], [121.559293, 25.010562], [121.559404, 25.010413], [121.559444, 25.010353], [121.559467, 25.010315], [121.559552, 25.010137], [121.559617, 25.009996], [121.55962, 25.009985], [121.559622, 25.009973], [121.559622, 25.00996], [121.559621, 25.009954], [121.55962, 25.009948], [121.559617, 25.009941], [121.559612, 25.009931], [121.559604, 25.00992], [121.559599, 25.009916], [121.559588, 25.009908], [121.559582, 25.009904], [121.559569, 25.0099], [121.559562, 25.009899], [121.559549, 25.009898], [121.559542, 25.009899], [121.559528, 25.009901], [121.559515, 25.009905], [121.559509, 25.009907], [121.559497, 25.009914], [121.559492, 25.009918], [121.559487, 25.009922], [121.559478, 25.009931], [121.559473, 25.009939], [121.559468, 25.009948], [121.559412, 25.010062], [121.559344, 25.010201], [121.559299, 25.010276], [121.559179, 25.010438], [121.559073, 25.010576], [121.559057, 25.010593], [121.55904, 25.010608], [121.559021, 25.010622], [121.558989, 25.010638], [121.558955, 25.01065], [121.558932, 25.010654], [121.558896, 25.010657], [121.558859, 25.010654], [121.558824, 25.010645], [121.558802, 25.010637], [121.558769, 25.010617], [121.558743, 25.010593], [121.558722, 25.010566], [121.558713, 25.010545], [121.5587, 25.010514], [121.558695, 25.010481], [121.558696, 25.010448], [121.558755, 25.01026], [121.558825, 25.01004], [121.558842, 25.009972], [121.558879, 25.009809], [121.558914, 25.009651], [121.558927, 25.009574], [121.558932, 25.009514], [121.558931, 25.009427], [121.558924, 25.009367], [121.558911, 25.009298], [121.558808, 25.008925], [121.55872, 25.008612], [121.558711, 25.008578], [121.558596, 25.009025], [121.558481, 25.009471], [121.558543, 25.009617], [121.558438, 25.01005], [121.558297, 25.010387]]]]}, "properties": {"name": "公園", "area": 0}}, {"type": "Feature", "geometry": {"type": "MultiPolygon", "coordinates": [[[[121.558442, 24.986376], [121.558456, 24.98638], [121.558461, 24.986382], [121.558472, 24.98639], [121.558481, 24.9864], [121.558483, 24.986405], [121.558487, 24.986417], [121.558487, 24.98642], [121.558487, 24.986421], [121.558492, 24.986711], [121.558493, 24.986782], [121.558509, 24.987735], [121.558577, 24.987731], [121.558572, 24.987728], [121.558566, 24.987722], [121.558562, 24.987716], [121.558559, 24.987709], [121.558558, 24.987701], [121.558548, 24.987107], [121.558546, 24.986918], [121.558537, 24.986416], [121.55854, 24.986406], [121.558546, 24.986397], [121.558552, 24.986392], [121.558559, 24.986386], [121.558442, 24.986376]]]]}, "properties": {"name": "公園", "area": 0}}, {"type": "Feature", "geometry": {"type": "MultiPolygon", "coordinates": [[[[121.55866, 25.015642], [121.558868, 25.015036], [121.558873, 25.015029], [121.558876, 25.015026], [121.558812, 25.015064], [121.558515, 25.015094], [121.558302, 25.014519], [121.557989, 25.014528], [121.557991, 25.01479], [121.557156, 25.014766], [121.556807, 25.015927], [121.556649, 25.016447], [121.556567, 25.016558], [121.557133, 25.01657], [121.557172, 25.016572], [121.557116, 25.016956], [121.557142, 25.016982], [121.557391, 25.016977], [121.557985, 25.016965], [121.558003, 25.016669], [121.558084, 25.016702], [121.558095, 25.016706], [121.558132, 25.016648], [121.558151, 25.016512], [121.558279, 25.016322], [121.558368, 25.016241], [121.558407, 25.016168], [121.558377, 25.016105], [121.558485, 25.015924], [121.558544, 25.015743], [121.558624, 25.01568], [121.558672, 25.01568], [121.558664, 25.015672], [121.558659, 25.015661], [121.558658, 25.01565], [121.55866, 25.015642]]]]}, "properties": {"name": "公園", "area": 0}}, {"type": "Feature", "geometry": {"type": "MultiPolygon", "coordinates": [[[[121.558692, 25.053429], [121.5587, 25.053701], [121.559137, 25.053736], [121.559181, 25.053739], [121.55918, 25.0537], [121.559173, 25.05328], [121.55917, 25.053084], [121.559141, 25.053059], [121.558682, 25.053069], [121.558682, 25.053069], [121.558692, 25.053429]]]]}, "properties": {"name": "公園", "area": 0}}, {"type": "Feature", "geometry": {"type": "MultiPolygon", "coordinates": [[[[121.558777, 25.059956], [121.55873, 25.06055], [121.55873, 25.06055], [121.559069, 25.060574], [121.559069, 25.060573], [121.559115, 25.059982], [121.559115, 25.059981], [121.558929, 25.059967], [121.558777, 25.059956]]]]}, "properties": {"name": "公園", "area": 0}}, {"type": "Feature", "geometry": {"type": "MultiPolygon", "coordinates": [[[[121.558844, 25.059218], [121.558844, 25.059219], [121.558844, 25.059219], [121.558844, 25.059218]]]]}, "properties": {"name": "公園", "area": 0}}, {"type": "Feature", "geometry": {"type": "MultiPolygon", "coordinates": [[[[121.558868, 25.015036], [121.55866, 25.015642], [121.55866, 25.015642], [121.558658, 25.015653], [121.55866, 25.015664], [121.558666, 25.015674], [121.558672, 25.01568], [121.558683, 25.015686], [121.558695, 25.015689], [121.558701, 25.015689], [121.558915, 25.015674], [121.559243, 25.015939], [121.560249, 25.015719], [121.560243, 25.015177], [121.56024, 25.014945], [121.56023, 25.014945], [121.560227, 25.014554], [121.560226, 25.014554], [121.55958, 25.014622], [121.558877, 25.015026], [121.558876, 25.015026], [121.55887, 25.015032], [121.558868, 25.015036]]]]}, "properties": {"name": "公園", "area": 0}}, {"type": "Feature", "geometry": {"type": "MultiPolygon", "coordinates": [[[[121.558894, 25.058632], [121.558844, 25.059219], [121.559196, 25.059248], [121.559196, 25.059247], [121.559239, 25.05866], [121.559239, 25.05866], [121.558994, 25.05864], [121.558894, 25.058632]]]]}, "properties": {"name": "公園", "area": 0}}, {"type": "Feature", "geometry": {"type": "MultiPolygon", "coordinates": [[[[121.558955, 25.034066], [121.558964, 25.03443], [121.559202, 25.034459], [121.559261, 25.034466], [121.559619, 25.034512], [121.559642, 25.034482], [121.559399, 25.034074], [121.559373, 25.034059], [121.558955, 25.034066]]]]}, "properties": {"name": "公園", "area": 0}}, {"type": "Feature", "geometry": {"type": "MultiPolygon", "coordinates": [[[[121.559079, 24.984852], [121.559158, 24.984837], [121.559249, 24.984824], [121.559323, 24.984818], [121.55939, 24.984478], [121.559121, 24.984458], [121.559026, 24.984864], [121.559079, 24.984852]]]]}, "properties": {"name": "公園", "area": 0}}, {"type": "Feature", "geometry": {"type": "MultiPolygon", "coordinates": [[[[121.559134, 25.019053], [121.559115, 25.019071], [121.559121, 25.019106], [121.559134, 25.019113], [121.559482, 25.019292], [121.559501, 25.019302], [121.559537, 25.019287], [121.559538, 25.019285], [121.559541, 25.019272], [121.559545, 25.019259], [121.559549, 25.019246], [121.559554, 25.019234], [121.559559, 25.019221], [121.559565, 25.019209], [121.559571, 25.019197], [121.559577, 25.019184], [121.559584, 25.019173], [121.559592, 25.019161], [121.559599, 25.019149], [121.559601, 25.019146], [121.559597, 25.019119], [121.55959, 25.019113], [121.559338, 25.018891], [121.559298, 25.018892], [121.559134, 25.019053]]]]}, "properties": {"name": "公園", "area": 0}}, {"type": "Feature", "geometry": {"type": "MultiPolygon", "coordinates": [[[[121.559193, 25.02835], [121.559176, 25.028377], [121.559168, 25.028389], [121.559176, 25.028402], [121.559478, 25.028903], [121.559506, 25.028949], [121.559544, 25.028959], [121.559659, 25.028902], [121.559798, 25.028833], [121.559835, 25.028814], [121.55985, 25.028791], [121.55985, 25.028744], [121.559848, 25.028406], [121.559848, 25.028365], [121.55982, 25.02834], [121.559193, 25.02835]]]]}, "properties": {"name": "公園", "area": 0}}, {"type": "Feature", "geometry": {"type": "MultiPolygon", "coordinates": [[[[121.559258, 24.992457], [121.559378, 24.992426], [121.559558, 24.992369], [121.559587, 24.992317], [121.559465, 24.992206], [121.559463, 24.992204], [121.559343, 24.992185], [121.559274, 24.992174], [121.559205, 24.992145], [121.559258, 24.992457]]]]}, "properties": {"name": "公園", "area": 0}}, {"type": "Feature", "geometry": {"type": "MultiPolygon", "coordinates": [[[[121.559294, 25.054491], [121.559149, 25.05448], [121.559119, 25.054503], [121.55909, 25.054848], [121.559296, 25.054865], [121.56031, 25.054951], [121.560346, 25.054599], [121.560321, 25.054572], [121.559294, 25.054491]]]]}, "properties": {"name": "公園", "area": 0}}, {"type": "Feature", "geometry": {"type": "MultiPolygon", "coordinates": [[[[121.559463, 24.982906], [121.559554, 24.982618], [121.559557, 24.982606], [121.559555, 24.982594], [121.55955, 24.982582], [121.559541, 24.982573], [121.55953, 24.982566], [121.559527, 24.982565], [121.559341, 24.982518], [121.559216, 24.982901], [121.559401, 24.98294], [121.559414, 24.982942], [121.559428, 24.98294], [121.559441, 24.982935], [121.559451, 24.982927], [121.559459, 24.982917], [121.559463, 24.982906]]]]}, "properties": {"name": "公園", "area": 0}}, {"type": "Feature", "geometry": {"type": "MultiPolygon", "coordinates": [[[[121.559491, 25.059343], [121.559435, 25.059932], [121.55952, 25.059938], [121.559531, 25.059938], [121.55979, 25.059957], [121.55979, 25.059957], [121.559836, 25.059369], [121.559491, 25.059343]]]]}, "properties": {"name": "公園", "area": 0}}, {"type": "Feature", "geometry": {"type": "MultiPolygon", "coordinates": [[[[121.559537, 25.136874], [121.558514, 25.136641], [121.558491, 25.136729], [121.558777, 25.136902], [121.558997, 25.137035], [121.558938, 25.137259], [121.559704, 25.13743], [121.559804, 25.137089], [121.559861, 25.136898], [121.559669, 25.136855], [121.559648, 25.136851], [121.55963, 25.136862], [121.559609, 25.136871], [121.559587, 25.136876], [121.559565, 25.136877], [121.559542, 25.136875], [121.559537, 25.136874]]]]}, "properties": {"name": "公園", "area": 0}}, {"type": "Feature", "geometry": {"type": "MultiPolygon", "coordinates": [[[[121.559652, 25.09023], [121.559977, 25.089738], [121.560087, 25.089155], [121.560089, 25.089129], [121.560086, 25.089103], [121.56008, 25.089077], [121.56007, 25.089053], [121.560056, 25.08903], [121.560047, 25.089018], [121.559953, 25.088903], [121.559918, 25.088856], [121.559779, 25.088826], [121.559652, 25.09023]]]]}, "properties": {"name": "公園", "area": 0}}, {"type": "Feature", "geometry": {"type": "MultiPolygon", "coordinates": [[[[121.559873, 25.107917], [121.55975, 25.107908], [121.559797, 25.108078], [121.55988, 25.108079], [121.560036, 25.108104], [121.560038, 25.108072], [121.560051, 25.107911], [121.559873, 25.107917]]]]}, "properties": {"name": "公園", "area": 0}}, {"type": "Feature", "geometry": {"type": "MultiPolygon", "coordinates": [[[[121.559918, 25.109601], [121.559894, 25.109613], [121.559432, 25.109594], [121.559309, 25.109628], [121.558789, 25.108754], [121.558836, 25.108716], [121.558997, 25.108589], [121.558988, 25.108577], [121.558977, 25.108553], [121.558972, 25.108523], [121.558974, 25.108501], [121.558984, 25.108471], [121.558993, 25.108455], [121.559012, 25.108435], [121.559031, 25.108421], [121.559313, 25.108256], [121.559276, 25.108216], [121.559022, 25.108178], [121.558835, 25.108254], [121.558701, 25.108556], [121.558637, 25.108968], [121.558884, 25.109217], [121.558899, 25.109412], [121.559084, 25.109672], [121.559155, 25.109704], [121.559191, 25.109766], [121.559252, 25.109791], [121.559292, 25.109725], [121.559414, 25.109776], [121.559546, 25.109766], [121.559631, 25.109766], [121.559785, 25.109824], [121.559827, 25.109824], [121.559918, 25.109601]]]]}, "properties": {"name": "公園", "area": 0}}, {"type": "Feature", "geometry": {"type": "MultiPolygon", "coordinates": [[[[121.560074, 25.109341], [121.560076, 25.109353], [121.560077, 25.109379], [121.560076, 25.109406], [121.560073, 25.109444], [121.560068, 25.109479], [121.560067, 25.109482], [121.560097, 25.109476], [121.560114, 25.109502], [121.560121, 25.109511], [121.560161, 25.109569], [121.560437, 25.109431], [121.560418, 25.109382], [121.560412, 25.109365], [121.560373, 25.109266], [121.560373, 25.109265], [121.560369, 25.109256], [121.560074, 25.109341]]]]}, "properties": {"name": "公園", "area": 0}}, {"type": "Feature", "geometry": {"type": "MultiPolygon", "coordinates": [[[[121.560196, 25.003008], [121.560155, 25.003087], [121.560526, 25.003225], [121.560779, 25.003164], [121.560787, 25.003162], [121.560796, 25.003159], [121.560805, 25.003155], [121.560813, 25.00315], [121.56082, 25.003143], [121.560826, 25.003136], [121.560831, 25.003128], [121.560835, 25.00312], [121.560837, 25.003111], [121.560838, 25.003102], [121.560837, 25.003094], [121.560837, 25.00309], [121.560837, 25.003081], [121.560837, 25.003071], [121.560837, 25.003062], [121.560838, 25.003053], [121.560838, 25.003046], [121.560838, 25.003035], [121.560839, 25.00302], [121.56084, 25.003004], [121.560841, 25.002988], [121.560843, 25.002969], [121.560845, 25.002952], [121.560847, 25.002935], [121.560849, 25.002922], [121.56085, 25.002913], [121.560848, 25.002904], [121.560845, 25.002896], [121.56084, 25.002888], [121.560833, 25.002881], [121.560825, 25.002876], [121.560819, 25.002873], [121.560764, 25.002853], [121.560207, 25.002652], [121.56011, 25.002627], [121.560045, 25.002698], [121.559873, 25.002605], [121.55976, 25.002823], [121.560196, 25.003008]]]]}, "properties": {"name": "公園", "area": 0}}, {"type": "Feature", "geometry": {"type": "MultiPolygon", "coordinates": [[[[121.560288, 25.024606], [121.560336, 25.024619], [121.560635, 25.024257], [121.560637, 25.02423], [121.560372, 25.023794], [121.560323, 25.02379], [121.560242, 25.023882], [121.560288, 25.024606]]]]}, "properties": {"name": "公園", "area": 0}}, {"type": "Feature", "geometry": {"type": "MultiPolygon", "coordinates": [[[[121.560334, 24.994616], [121.560336, 24.994625], [121.560365, 24.994622], [121.560382, 24.994638], [121.560389, 24.994645], [121.560405, 24.994661], [121.560429, 24.994683], [121.5605, 24.994878], [121.560569, 24.994846], [121.560612, 24.994826], [121.560693, 24.994787], [121.56088, 24.994877], [121.560914, 24.994864], [121.560944, 24.994758], [121.560904, 24.994624], [121.5609, 24.994624], [121.560763, 24.994683], [121.560659, 24.99467], [121.56064, 24.994642], [121.560619, 24.994611], [121.560656, 24.994588], [121.560334, 24.994616]]]]}, "properties": {"name": "公園", "area": 0}}, {"type": "Feature", "geometry": {"type": "MultiPolygon", "coordinates": [[[[121.560353, 24.994603], [121.560333, 24.994606], [121.560334, 24.994616], [121.560656, 24.994588], [121.560797, 24.9945], [121.56079, 24.994487], [121.560797, 24.994487], [121.560794, 24.994468], [121.560649, 24.994468], [121.5606, 24.994446], [121.560527, 24.994449], [121.560449, 24.994508], [121.560437, 24.994503], [121.560353, 24.994603]]]]}, "properties": {"name": "公園", "area": 0}}, {"type": "Feature", "geometry": {"type": "MultiPolygon", "coordinates": [[[[121.560406, 24.987619], [121.560421, 24.987616], [121.560436, 24.98761], [121.560448, 24.987601], [121.560457, 24.987589], [121.560462, 24.987578], [121.560645, 24.987067], [121.560766, 24.986734], [121.560768, 24.986721], [121.560767, 24.986708], [121.560762, 24.986696], [121.560754, 24.986685], [121.560742, 24.986678], [121.560729, 24.986673], [121.560722, 24.986672], [121.560077, 24.98661], [121.559967, 24.9866], [121.559897, 24.986591], [121.559829, 24.986579], [121.559761, 24.986563], [121.559694, 24.986544], [121.559628, 24.986521], [121.559564, 24.986495], [121.559549, 24.986489], [121.559483, 24.986459], [121.559483, 24.986459], [121.55943, 24.986437], [121.559376, 24.986419], [121.55932, 24.986404], [121.559263, 24.986393], [121.559206, 24.986385], [121.559148, 24.986381], [121.55909, 24.98638], [121.559041, 24.986383], [121.558929, 24.986391], [121.558838, 24.986395], [121.558746, 24.986396], [121.558654, 24.986393], [121.558563, 24.986387], [121.558559, 24.986386], [121.558552, 24.986392], [121.558546, 24.986397], [121.55854, 24.986406], [121.558537, 24.986416], [121.558546, 24.986918], [121.558548, 24.987107], [121.558558, 24.987701], [121.558559, 24.987709], [121.558562, 24.987716], [121.558566, 24.987722], [121.558572, 24.987728], [121.558577, 24.987731], [121.559168, 24.987695], [121.560404, 24.987619], [121.560406, 24.987619]]]]}, "properties": {"name": "公園", "area": 0}}, {"type": "Feature", "geometry": {"type": "MultiPolygon", "coordinates": [[[[121.560459, 25.060387], [121.560457, 25.060387], [121.560456, 25.060387], [121.560454, 25.060387], [121.560453, 25.060387], [121.560451, 25.060388], [121.560449, 25.060388], [121.560448, 25.060388], [121.560446, 25.060388], [121.560445, 25.060389], [121.560443, 25.060389], [121.560442, 25.06039], [121.56044, 25.06039], [121.560439, 25.060391], [121.560438, 25.060391], [121.560436, 25.060392], [121.560435, 25.060393], [121.560434, 25.060393], [121.560432, 25.060394], [121.560431, 25.060395], [121.56043, 25.060396], [121.560429, 25.060397], [121.560428, 25.060398], [121.560427, 25.060399], [121.560426, 25.0604], [121.560425, 25.060401], [121.560424, 25.060402], [121.560423, 25.060403], [121.560422, 25.060405], [121.560421, 25.060406], [121.56042, 25.060407], [121.56042, 25.060408], [121.560419, 25.06041], [121.560419, 25.060411], [121.560418, 25.060412], [121.560418, 25.060414], [121.560417, 25.060415], [121.560417, 25.060416], [121.560417, 25.060418], [121.560416, 25.060419], [121.560416, 25.060421], [121.560398, 25.060628], [121.560398, 25.060629], [121.560398, 25.060631], [121.560398, 25.060633], [121.560398, 25.060634], [121.560398, 25.060636], [121.560398, 25.060638], [121.560398, 25.06064], [121.560399, 25.060641], [121.560399, 25.060643], [121.5604, 25.060645], [121.5604, 25.060646], [121.560401, 25.060648], [121.560402, 25.06065], [121.560402, 25.060651], [121.560403, 25.060653], [121.560404, 25.060654], [121.560405, 25.060656], [121.560406, 25.060657], [121.560407, 25.060659], [121.560408, 25.06066], [121.56041, 25.060661], [121.560411, 25.060663], [121.560412, 25.060664], [121.560414, 25.060665], [121.560415, 25.060666], [121.560417, 25.060667], [121.560418, 25.060668], [121.56042, 25.060669], [121.560421, 25.06067], [121.560423, 25.060671], [121.560425, 25.060672], [121.560426, 25.060673], [121.560428, 25.060673], [121.56043, 25.060674], [121.560432, 25.060675], [121.560434, 25.060675], [121.560436, 25.060675], [121.560437, 25.060676], [121.560439, 25.060676], [121.560441, 25.060676], [121.560443, 25.060676], [121.561311, 25.060733], [121.561313, 25.060733], [121.561314, 25.060733], [121.561316, 25.060733], [121.561317, 25.060733], [121.561319, 25.060732], [121.56132, 25.060732], [121.561322, 25.060732], [121.561323, 25.060732], [121.561325, 25.060731], [121.561326, 25.060731], [121.561328, 25.06073], [121.561329, 25.06073], [121.561331, 25.060729], [121.561332, 25.060729], [121.561334, 25.060728], [121.561335, 25.060727], [121.561336, 25.060726], [121.561337, 25.060726], [121.561339, 25.060725], [121.56134, 25.060724], [121.561341, 25.060723], [121.561342, 25.060722], [121.561343, 25.060721], [121.561344, 25.06072], [121.561345, 25.060719], [121.561346, 25.060718], [121.561347, 25.060716], [121.561348, 25.060715], [121.561349, 25.060714], [121.561349, 25.060713], [121.56135, 25.060711], [121.561351, 25.06071], [121.561351, 25.060709], [121.561352, 25.060708], [121.561352, 25.060706], [121.561353, 25.060705], [121.561353, 25.060703], [121.561353, 25.060702], [121.561354, 25.060701], [121.561354, 25.060699], [121.561372, 25.060491], [121.561372, 25.060489], [121.561372, 25.060488], [121.561372, 25.060486], [121.561372, 25.060485], [121.561371, 25.060483], [121.561371, 25.060482], [121.561371, 25.06048], [121.561371, 25.060479], [121.56137, 25.060478], [121.56137, 25.060476], [121.561369, 25.060475], [121.561369, 25.060474], [121.561368, 25.060472], [121.561367, 25.060471], [121.561367, 25.06047], [121.561366, 25.060469], [121.561365, 25.060468], [121.561364, 25.060466], [121.561363, 25.060465], [121.561362, 25.060464], [121.561361, 25.060463], [121.56136, 25.060462], [121.561359, 25.060461], [121.561358, 25.06046], [121.561356, 25.060459], [121.561355, 25.060458], [121.561354, 25.060458], [121.561353, 25.060457], [121.561351, 25.060456], [121.56135, 25.060455], [121.561349, 25.060455], [121.561347, 25.060454], [121.561346, 25.060454], [121.561344, 25.060453], [121.561343, 25.060453], [121.561341, 25.060453], [121.56134, 25.060452], [121.561338, 25.060452], [121.561337, 25.060452], [121.561335, 25.060452], [121.560459, 25.060387]]]]}, "properties": {"name": "公園", "area": 0}}, {"type": "Feature", "geometry": {"type": "MultiPolygon", "coordinates": [[[[121.560537, 25.108244], [121.560676, 25.107978], [121.560691, 25.107942], [121.560702, 25.107905], [121.56071, 25.107868], [121.560713, 25.10783], [121.560713, 25.107791], [121.560708, 25.107753], [121.5607, 25.107716], [121.560694, 25.107698], [121.560678, 25.107626], [121.560662, 25.107579], [121.56064, 25.107488], [121.56063, 25.107442], [121.560621, 25.10738], [121.560611, 25.1073], [121.560608, 25.107289], [121.560601, 25.10728], [121.560591, 25.107273], [121.560579, 25.107269], [121.560567, 25.107269], [121.560555, 25.107272], [121.560545, 25.107279], [121.560538, 25.107288], [121.560535, 25.107293], [121.560531, 25.107333], [121.56053, 25.107374], [121.560533, 25.107414], [121.56054, 25.107454], [121.560542, 25.107459], [121.560553, 25.107564], [121.560557, 25.107629], [121.560559, 25.107663], [121.560568, 25.107771], [121.560569, 25.10781], [121.560568, 25.107842], [121.560562, 25.107887], [121.560544, 25.107961], [121.560519, 25.108037], [121.560486, 25.108104], [121.560462, 25.108146], [121.560437, 25.108182], [121.560383, 25.108247], [121.560347, 25.108284], [121.560304, 25.10832], [121.560511, 25.108318], [121.560537, 25.108244]]]]}, "properties": {"name": "公園", "area": 0}}, {"type": "Feature", "geometry": {"type": "MultiPolygon", "coordinates": [[[[121.560617, 25.027108], [121.560602, 25.02711], [121.560587, 25.027115], [121.560575, 25.027124], [121.560566, 25.027135], [121.56056, 25.027148], [121.560558, 25.027162], [121.560558, 25.027163], [121.56056, 25.027805], [121.561106, 25.028184], [121.561119, 25.028191], [121.561134, 25.028194], [121.561149, 25.028194], [121.561164, 25.028191], [121.561171, 25.028188], [121.561183, 25.02818], [121.56119, 25.028173], [121.56157, 25.027711], [121.562109, 25.027057], [121.562117, 25.027045], [121.562121, 25.027031], [121.562121, 25.027016], [121.562118, 25.027003], [121.56211, 25.02699], [121.562103, 25.026982], [121.5621, 25.026979], [121.561669, 25.026639], [121.561619, 25.026607], [121.5612, 25.027096], [121.560617, 25.027108]]]]}, "properties": {"name": "公園", "area": 0}}, {"type": "Feature", "geometry": {"type": "MultiPolygon", "coordinates": [[[[121.560651, 25.109202], [121.560496, 25.109249], [121.560527, 25.109337], [121.560543, 25.109379], [121.560828, 25.109238], [121.560817, 25.109193], [121.560809, 25.109156], [121.560809, 25.109154], [121.560651, 25.109202], [121.560651, 25.109202]]]]}, "properties": {"name": "公園", "area": 0}}, {"type": "Feature", "geometry": {"type": "MultiPolygon", "coordinates": [[[[121.560763, 24.988067], [121.560707, 24.988123], [121.561319, 24.988199], [121.561318, 24.988173], [121.561226, 24.988114], [121.561136, 24.988029], [121.561062, 24.987982], [121.561017, 24.987973], [121.560964, 24.987982], [121.560853, 24.988037], [121.560857, 24.988004], [121.560763, 24.988067]]]]}, "properties": {"name": "公園", "area": 0}}, {"type": "Feature", "geometry": {"type": "MultiPolygon", "coordinates": [[[[121.560793, 25.002786], [121.560837, 25.002802], [121.560847, 25.002805], [121.560857, 25.002805], [121.560866, 25.002802], [121.560875, 25.002798], [121.560882, 25.002792], [121.560889, 25.002782], [121.561123, 25.002238], [121.561161, 25.002159], [121.561199, 25.002105], [121.561237, 25.00206], [121.56127, 25.002031], [121.561302, 25.002009], [121.561338, 25.00199], [121.561372, 25.001976], [121.561427, 25.001957], [121.561479, 25.001944], [121.561514, 25.001938], [121.561582, 25.001935], [121.561632, 25.001935], [121.561663, 25.001936], [121.561743, 25.001935], [121.561814, 25.001925], [121.561866, 25.001912], [121.56191, 25.001897], [121.561986, 25.001862], [121.562037, 25.001836], [121.562061, 25.001826], [121.562087, 25.001817], [121.562118, 25.001809], [121.562152, 25.001802], [121.562178, 25.001798], [121.5622, 25.001795], [121.562253, 25.001789], [121.562328, 25.001782], [121.562359, 25.00178], [121.562384, 25.001779], [121.562306, 25.001523], [121.562262, 25.001378], [121.562508, 25.001179], [121.562154, 25.001017], [121.561922, 25.001129], [121.561705, 25.001234], [121.561841, 25.001523], [121.561413, 25.001459], [121.561386, 25.001842], [121.560818, 25.001802], [121.560876, 25.002569], [121.560499, 25.002583], [121.560254, 25.002591], [121.560793, 25.002786]]]]}, "properties": {"name": "公園", "area": 0}}, {"type": "Feature", "geometry": {"type": "MultiPolygon", "coordinates": [[[[121.56083, 25.087263], [121.56082, 25.08726], [121.56081, 25.08726], [121.5608, 25.087264], [121.560792, 25.087271], [121.560788, 25.08728], [121.560788, 25.087281], [121.560738, 25.087525], [121.561057, 25.087517], [121.561313, 25.08751], [121.56083, 25.087263]]]]}, "properties": {"name": "公園", "area": 0}}, {"type": "Feature", "geometry": {"type": "MultiPolygon", "coordinates": [[[[121.560883, 25.027489], [121.56144, 25.027821], [121.562035, 25.027054], [121.561607, 25.026705], [121.561607, 25.026705], [121.560883, 25.027489]]]]}, "properties": {"name": "公園", "area": 0}}, {"type": "Feature", "geometry": {"type": "MultiPolygon", "coordinates": [[[[121.560912, 25.109043], [121.560951, 25.109178], [121.561041, 25.109133], [121.56129, 25.109043], [121.561304, 25.109035], [121.561445, 25.109277], [121.561414, 25.109198], [121.561293, 25.108888], [121.561224, 25.108903], [121.561016, 25.108946], [121.560894, 25.108972], [121.560895, 25.108976], [121.560912, 25.109043]]]]}, "properties": {"name": "公園", "area": 0}}, {"type": "Feature", "geometry": {"type": "MultiPolygon", "coordinates": [[[[121.561126, 25.110675], [121.561007, 25.110744], [121.560928, 25.11078], [121.560775, 25.110863], [121.560616, 25.11095], [121.560568, 25.110967], [121.560521, 25.110973], [121.560476, 25.110972], [121.560376, 25.11096], [121.560238, 25.110939], [121.560198, 25.110939], [121.560149, 25.110943], [121.560104, 25.110952], [121.560097, 25.110964], [121.560201, 25.111029], [121.560313, 25.111074], [121.560435, 25.11108], [121.56051, 25.111071], [121.560612, 25.111058], [121.560701, 25.111012], [121.56094, 25.110888], [121.561154, 25.110801], [121.561307, 25.110757], [121.561393, 25.110732], [121.561406, 25.110762], [121.561568, 25.110715], [121.56154, 25.110584], [121.561592, 25.110582], [121.561673, 25.110581], [121.561732, 25.110595], [121.561797, 25.110616], [121.562042, 25.110727], [121.562222, 25.110804], [121.562379, 25.11088], [121.562503, 25.110919], [121.56256, 25.110936], [121.562594, 25.110943], [121.562656, 25.110945], [121.562693, 25.110942], [121.562715, 25.110938], [121.562761, 25.110923], [121.562792, 25.110906], [121.562792, 25.110906], [121.562747, 25.110868], [121.562493, 25.110643], [121.562485, 25.110648], [121.562377, 25.110719], [121.562173, 25.11054], [121.561773, 25.110571], [121.561717, 25.110411], [121.561328, 25.110584], [121.561269, 25.110611], [121.561126, 25.110675]]]]}, "properties": {"name": "公園", "area": 0}}, {"type": "Feature", "geometry": {"type": "MultiPolygon", "coordinates": [[[[121.561152, 25.084188], [121.561148, 25.084202], [121.561148, 25.084217], [121.561152, 25.084231], [121.561159, 25.084244], [121.56117, 25.084255], [121.561183, 25.084262], [121.561199, 25.084267], [121.561214, 25.084268], [121.56123, 25.084266], [121.561236, 25.084264], [121.56129, 25.084244], [121.562263, 25.083737], [121.561561, 25.083237], [121.561152, 25.084188]]]]}, "properties": {"name": "公園", "area": 0}}, {"type": "Feature", "geometry": {"type": "MultiPolygon", "coordinates": [[[[121.561356, 24.983343], [121.561417, 24.983141], [121.560959, 24.983017], [121.560898, 24.983215], [121.560898, 24.983215], [121.561356, 24.983343]]]]}, "properties": {"name": "公園", "area": 0}}, {"type": "Feature", "geometry": {"type": "MultiPolygon", "coordinates": [[[[121.561389, 25.031151], [121.561432, 25.031171], [121.56165, 25.031041], [121.56165, 25.030995], [121.561414, 25.030848], [121.561379, 25.030865], [121.561389, 25.031151]]]]}, "properties": {"name": "公園", "area": 0}}, {"type": "Feature", "geometry": {"type": "MultiPolygon", "coordinates": [[[[121.561396, 25.031338], [121.561405, 25.031604], [121.561417, 25.031956], [121.561453, 25.031987], [121.561547, 25.031985], [121.561521, 25.031236], [121.561419, 25.031298], [121.561396, 25.031338]]]]}, "properties": {"name": "公園", "area": 0}}, {"type": "Feature", "geometry": {"type": "MultiPolygon", "coordinates": [[[[121.561408, 25.109919], [121.561441, 25.109969], [121.561435, 25.109946], [121.56134, 25.109596], [121.56132, 25.109638], [121.561071, 25.109763], [121.561049, 25.109774], [121.560936, 25.109878], [121.560862, 25.110015], [121.560858, 25.110015], [121.560862, 25.110018], [121.560871, 25.110053], [121.561197, 25.11028], [121.561292, 25.110346], [121.561373, 25.110475], [121.561388, 25.110499], [121.561433, 25.110479], [121.561444, 25.110474], [121.561245, 25.110158], [121.561342, 25.110101], [121.561418, 25.110052], [121.561411, 25.110047], [121.561374, 25.110014], [121.561332, 25.109977], [121.561339, 25.109972], [121.561408, 25.109919]]]]}, "properties": {"name": "公園", "area": 0}}, {"type": "Feature", "geometry": {"type": "MultiPolygon", "coordinates": [[[[121.561704, 25.030993], [121.56165, 25.030995], [121.56165, 25.031041], [121.561432, 25.031171], [121.561389, 25.031151], [121.561396, 25.031338], [121.561419, 25.031298], [121.561521, 25.031236], [121.562065, 25.030911], [121.562041, 25.030806], [121.562023, 25.030817], [121.562014, 25.030821], [121.562005, 25.030824], [121.561996, 25.030827], [121.561986, 25.030829], [121.561976, 25.030829], [121.561966, 25.030827], [121.561957, 25.030825], [121.561948, 25.030821], [121.561939, 25.030816], [121.561932, 25.030811], [121.561925, 25.030804], [121.56192, 25.030796], [121.561916, 25.030788], [121.561913, 25.030779], [121.561912, 25.03077], [121.561912, 25.030761], [121.561913, 25.030752], [121.561916, 25.030744], [121.56192, 25.030736], [121.561704, 25.030993]]]]}, "properties": {"name": "公園", "area": 0}}, {"type": "Feature", "geometry": {"type": "MultiPolygon", "coordinates": [[[[121.561784, 25.088475], [121.561743, 25.088479], [121.561715, 25.08848], [121.561662, 25.088482], [121.561584, 25.088483], [121.561127, 25.088481], [121.561114, 25.088483], [121.561103, 25.088488], [121.561094, 25.088496], [121.561089, 25.088506], [121.561087, 25.088517], [121.561088, 25.088937], [121.561199, 25.088742], [121.561746, 25.088738], [121.561784, 25.088475]]]]}, "properties": {"name": "公園", "area": 0}}, {"type": "Feature", "geometry": {"type": "MultiPolygon", "coordinates": [[[[121.561855, 25.047009], [121.561284, 25.046756], [121.561241, 25.046778], [121.561109, 25.047856], [121.561103, 25.0479], [121.561091, 25.047998], [121.561119, 25.048], [121.561119, 25.048], [121.5617, 25.048056], [121.561855, 25.047009]]]]}, "properties": {"name": "公園", "area": 0}}, {"type": "Feature", "geometry": {"type": "MultiPolygon", "coordinates": [[[[121.561861, 25.078075], [121.561868, 25.078372], [121.561871, 25.078487], [121.561873, 25.078499], [121.561879, 25.07851], [121.561888, 25.078518], [121.5619, 25.078524], [121.561913, 25.078527], [121.561916, 25.078527], [121.562249, 25.078524], [121.562362, 25.078523], [121.562376, 25.078521], [121.562387, 25.078516], [121.562397, 25.078508], [121.562404, 25.078497], [121.562407, 25.078486], [121.562407, 25.078482], [121.562404, 25.078072], [121.562404, 25.078071], [121.562316, 25.078072], [121.561861, 25.078075]]]]}, "properties": {"name": "公園", "area": 0}}, {"type": "Feature", "geometry": {"type": "MultiPolygon", "coordinates": [[[[121.561926, 25.030729], [121.56192, 25.030736], [121.561916, 25.030744], [121.561913, 25.030752], [121.561912, 25.030761], [121.561912, 25.03077], [121.561913, 25.030779], [121.561916, 25.030788], [121.56192, 25.030796], [121.561925, 25.030804], [121.561932, 25.030811], [121.561939, 25.030816], [121.561948, 25.030821], [121.561957, 25.030825], [121.561966, 25.030827], [121.561976, 25.030829], [121.561986, 25.030829], [121.561996, 25.030827], [121.562005, 25.030824], [121.562014, 25.030821], [121.562023, 25.030817], [121.56302, 25.030219], [121.563022, 25.030165], [121.562896, 25.030077], [121.56265, 25.029906], [121.56261, 25.029911], [121.561926, 25.030729]]]]}, "properties": {"name": "公園", "area": 0}}, {"type": "Feature", "geometry": {"type": "MultiPolygon", "coordinates": [[[[121.562271, 25.031969], [121.562065, 25.030911], [121.561523, 25.031237], [121.561546, 25.031984], [121.561546, 25.031984], [121.562271, 25.031969]]]]}, "properties": {"name": "公園", "area": 0}}, {"type": "Feature", "geometry": {"type": "MultiPolygon", "coordinates": [[[[121.562883, 25.039258], [121.562697, 25.039261], [121.562667, 25.039262], [121.561676, 25.039278], [121.561641, 25.039311], [121.561645, 25.039459], [121.562637, 25.039443], [121.562726, 25.039441], [121.562879, 25.039439], [121.56319, 25.039434], [121.56319, 25.039434], [121.563214, 25.039433], [121.563214, 25.039433], [121.563194, 25.039404], [121.563171, 25.039376], [121.563145, 25.039351], [121.563116, 25.039328], [121.563085, 25.039308], [121.563052, 25.039292], [121.563016, 25.039278], [121.56298, 25.039268], [121.562943, 25.039261], [121.562905, 25.039258], [121.562883, 25.039258]]]]}, "properties": {"name": "公園", "area": 0}}, {"type": "Feature", "geometry": {"type": "MultiPolygon", "coordinates": [[[[121.563133, 24.983747], [121.563688, 24.983823], [121.563701, 24.983823], [121.563714, 24.983819], [121.563725, 24.983813], [121.563733, 24.983803], [121.563737, 24.983794], [121.563844, 24.983498], [121.563846, 24.983487], [121.563844, 24.983476], [121.563838, 24.983467], [121.563829, 24.98346], [121.56382, 24.983456], [121.563281, 24.983337], [121.563268, 24.983336], [121.563255, 24.983339], [121.563244, 24.983345], [121.563235, 24.983353], [121.563233, 24.983356], [121.563106, 24.983707], [121.563104, 24.983718], [121.563107, 24.983728], [121.563112, 24.983737], [121.563121, 24.983744], [121.563132, 24.983747], [121.563133, 24.983747]]]]}, "properties": {"name": "公園", "area": 0}}, {"type": "Feature", "geometry": {"type": "MultiPolygon", "coordinates": [[[[121.563173, 25.000612], [121.56312, 25.00063], [121.562845, 25.000616], [121.562837, 25.000776], [121.562732, 25.001039], [121.562882, 25.000945], [121.562971, 25.000883], [121.56329, 25.000749], [121.563308, 25.00074], [121.563194, 25.000599], [121.563173, 25.000612]]]]}, "properties": {"name": "公園", "area": 0}}, {"type": "Feature", "geometry": {"type": "MultiPolygon", "coordinates": [[[[121.563269, 25.039432], [121.563465, 25.039429], [121.563462, 25.03928], [121.563426, 25.039249], [121.563082, 25.039255], [121.563117, 25.039273], [121.56315, 25.039295], [121.563181, 25.039319], [121.563208, 25.039346], [121.563233, 25.039376], [121.563255, 25.039407], [121.563269, 25.039432]]]]}, "properties": {"name": "公園", "area": 0}}, {"type": "Feature", "geometry": {"type": "MultiPolygon", "coordinates": [[[[121.563391, 25.001542], [121.563436, 25.0016], [121.563449, 25.001613], [121.563465, 25.001622], [121.563502, 25.001635], [121.563555, 25.001647], [121.563599, 25.001653], [121.563635, 25.001655], [121.563671, 25.001654], [121.563724, 25.001648], [121.563768, 25.001638], [121.563818, 25.001622], [121.563858, 25.001603], [121.563884, 25.00159], [121.56389, 25.001586], [121.563895, 25.00158], [121.563898, 25.001573], [121.5639, 25.001568], [121.563901, 25.001564], [121.563901, 25.001558], [121.5639, 25.001554], [121.563899, 25.001548], [121.563896, 25.001543], [121.563894, 25.001539], [121.563647, 25.001217], [121.563305, 25.001424], [121.563391, 25.001542]]]]}, "properties": {"name": "公園", "area": 0}}, {"type": "Feature", "geometry": {"type": "MultiPolygon", "coordinates": [[[[121.563551, 25.025186], [121.563482, 25.025263], [121.563452, 25.025295], [121.563403, 25.025286], [121.563373, 25.025304], [121.563532, 25.025448], [121.563768, 25.025228], [121.563719, 25.025113], [121.563659, 25.025032], [121.56354, 25.024942], [121.563391, 25.024834], [121.563311, 25.024779], [121.563206, 25.024892], [121.563551, 25.025186]]]]}, "properties": {"name": "公園", "area": 0}}, {"type": "Feature", "geometry": {"type": "MultiPolygon", "coordinates": [[[[121.563665, 25.029952], [121.563627, 25.029975], [121.563665, 25.029997], [121.563789, 25.030069], [121.564178, 25.03006], [121.564205, 25.03006], [121.564205, 25.030034], [121.564199, 25.02966], [121.564173, 25.029647], [121.563665, 25.029952]]]]}, "properties": {"name": "公園", "area": 0}}, {"type": "Feature", "geometry": {"type": "MultiPolygon", "coordinates": [[[[121.56368, 25.076183], [121.563683, 25.076483], [121.563684, 25.076544], [121.564437, 25.076543], [121.564512, 25.076547], [121.564587, 25.076555], [121.564662, 25.076566], [121.564736, 25.076581], [121.564808, 25.076599], [121.564879, 25.07662], [121.56507, 25.076683], [121.565145, 25.076708], [121.566102, 25.077022], [121.566166, 25.077044], [121.566201, 25.077055], [121.566291, 25.077085], [121.566366, 25.077109], [121.566965, 25.077306], [121.5671, 25.076967], [121.565084, 25.076304], [121.564999, 25.076276], [121.564913, 25.076252], [121.564906, 25.07625], [121.56485, 25.076236], [121.564793, 25.076224], [121.564793, 25.076224], [121.564705, 25.076208], [121.564615, 25.076196], [121.564526, 25.076187], [121.564435, 25.076182], [121.564345, 25.07618], [121.564255, 25.076182], [121.564243, 25.076182], [121.56368, 25.076183]]]]}, "properties": {"name": "公園", "area": 0}}, {"type": "Feature", "geometry": {"type": "MultiPolygon", "coordinates": [[[[121.563795, 25.080789], [121.563955, 25.080718], [121.564773, 25.08035], [121.564634, 25.079898], [121.564386, 25.079092], [121.564379, 25.079077], [121.564369, 25.079064], [121.564356, 25.079053], [121.56434, 25.079045], [121.564323, 25.079041], [121.564306, 25.07904], [121.564288, 25.079042], [121.564272, 25.079048], [121.564258, 25.079056], [121.564167, 25.079128], [121.564084, 25.0792], [121.564003, 25.079274], [121.563925, 25.079352], [121.563851, 25.079431], [121.563849, 25.079433], [121.563718, 25.079581], [121.564111, 25.079785], [121.564382, 25.079925], [121.563688, 25.080712], [121.563764, 25.080765], [121.563795, 25.080789]]]]}, "properties": {"name": "公園", "area": 0}}, {"type": "Feature", "geometry": {"type": "MultiPolygon", "coordinates": [[[[121.563835, 25.050554], [121.564247, 25.050552], [121.564323, 25.050367], [121.563828, 25.050316], [121.563828, 25.050316], [121.563835, 25.050554]]]]}, "properties": {"name": "公園", "area": 0}}, {"type": "Feature", "geometry": {"type": "MultiPolygon", "coordinates": [[[[121.563921, 25.10918], [121.56401, 25.109126], [121.564047, 25.109], [121.564091, 25.108975], [121.564157, 25.108553], [121.564092, 25.108553], [121.564104, 25.108587], [121.56411, 25.108609], [121.564111, 25.10864], [121.564104, 25.108673], [121.564095, 25.108694], [121.56408, 25.108716], [121.564062, 25.108734], [121.564047, 25.108746], [121.564023, 25.108762], [121.563994, 25.108777], [121.563959, 25.108788], [121.563937, 25.10879], [121.563899, 25.108788], [121.563871, 25.10878], [121.563857, 25.108774], [121.563857, 25.108841], [121.563867, 25.109182], [121.563921, 25.10918]]]]}, "properties": {"name": "公園", "area": 0}}, {"type": "Feature", "geometry": {"type": "MultiPolygon", "coordinates": [[[[121.563963, 25.053768], [121.56397, 25.053988], [121.564004, 25.05402], [121.564408, 25.05404], [121.564397, 25.053692], [121.564388, 25.05343], [121.563982, 25.05344], [121.563955, 25.053466], [121.563963, 25.053768]]]]}, "properties": {"name": "公園", "area": 0}}, {"type": "Feature", "geometry": {"type": "MultiPolygon", "coordinates": [[[[121.564122, 25.083298], [121.56413, 25.083308], [121.564141, 25.083315], [121.564154, 25.083319], [121.564162, 25.083319], [121.564846, 25.083316], [121.564842, 25.083191], [121.564839, 25.083051], [121.564835, 25.082902], [121.564831, 25.082741], [121.564684, 25.082799], [121.564628, 25.082823], [121.564483, 25.082886], [121.564341, 25.082952], [121.5642, 25.083021], [121.564137, 25.083053], [121.564014, 25.083119], [121.564122, 25.083298]]]]}, "properties": {"name": "公園", "area": 0}}, {"type": "Feature", "geometry": {"type": "MultiPolygon", "coordinates": [[[[121.564124, 25.039232], [121.563809, 25.039237], [121.563759, 25.039285], [121.563762, 25.039419], [121.56452, 25.039405], [121.564516, 25.039236], [121.564516, 25.039225], [121.564124, 25.039232]]]]}, "properties": {"name": "公園", "area": 0}}, {"type": "Feature", "geometry": {"type": "MultiPolygon", "coordinates": [[[[121.564185, 25.024837], [121.564186, 25.024858], [121.564191, 25.024879], [121.564207, 25.024913], [121.56422, 25.02493], [121.564249, 25.024955], [121.564276, 25.02497], [121.564314, 25.02498], [121.564354, 25.024982], [121.564744, 25.024953], [121.564801, 25.024947], [121.564879, 25.024921], [121.564951, 25.024894], [121.565022, 25.024863], [121.565091, 25.024829], [121.565141, 25.024801], [121.565214, 25.024756], [121.565268, 25.024718], [121.56532, 25.024677], [121.565389, 25.024619], [121.565487, 25.024537], [121.565302, 25.024302], [121.565164, 25.024292], [121.565164, 25.024392], [121.564918, 25.024375], [121.564691, 25.024041], [121.564415, 25.024203], [121.564199, 25.024329], [121.564185, 25.024837]]]]}, "properties": {"name": "公園", "area": 0}}, {"type": "Feature", "geometry": {"type": "MultiPolygon", "coordinates": [[[[121.56425, 25.050552], [121.563833, 25.050554], [121.563838, 25.050729], [121.563859, 25.050747], [121.563926, 25.050746], [121.564155, 25.050742], [121.56418, 25.050726], [121.56425, 25.050552]]]]}, "properties": {"name": "公園", "area": 0}}, {"type": "Feature", "geometry": {"type": "MultiPolygon", "coordinates": [[[[121.564297, 24.986003], [121.564281, 24.98626], [121.564282, 24.986272], [121.564287, 24.986284], [121.564296, 24.986294], [121.564307, 24.986302], [121.56432, 24.986306], [121.564326, 24.986307], [121.564725, 24.986342], [121.564738, 24.986341], [121.564751, 24.986337], [121.564762, 24.98633], [121.56477, 24.98632], [121.564774, 24.986308], [121.564775, 24.986302], [121.564783, 24.986046], [121.564781, 24.986033], [121.564776, 24.986021], [121.564767, 24.986011], [121.564756, 24.986004], [121.564742, 24.985999], [121.564738, 24.985999], [121.564348, 24.985963], [121.564334, 24.985964], [121.564322, 24.985968], [121.564311, 24.985975], [121.564302, 24.985985], [121.564298, 24.985997], [121.564297, 24.986003]]]]}, "properties": {"name": "公園", "area": 0}}, {"type": "Feature", "geometry": {"type": "MultiPolygon", "coordinates": [[[[121.56431, 25.060011], [121.564082, 25.05992], [121.563928, 25.05986], [121.563879, 25.059847], [121.56383, 25.059837], [121.563779, 25.05983], [121.563728, 25.059827], [121.563677, 25.059828], [121.563626, 25.059832], [121.563576, 25.05984], [121.56353, 25.059851], [121.56353, 25.059851], [121.563403, 25.059942], [121.5634, 25.059976], [121.563381, 25.060194], [121.564507, 25.060289], [121.564565, 25.0603], [121.564623, 25.060315], [121.56468, 25.060334], [121.564735, 25.060356], [121.564788, 25.060381], [121.56484, 25.060409], [121.564889, 25.06044], [121.564936, 25.060474], [121.564958, 25.060492], [121.565224, 25.060713], [121.565444, 25.060728], [121.565535, 25.060479], [121.565508, 25.060432], [121.565478, 25.060387], [121.565444, 25.060344], [121.565407, 25.060302], [121.565368, 25.060264], [121.565325, 25.060228], [121.56528, 25.060194], [121.565232, 25.060164], [121.565186, 25.060138], [121.565154, 25.060117], [121.565119, 25.0601], [121.565083, 25.060085], [121.565045, 25.060074], [121.565007, 25.060066], [121.564967, 25.060062], [121.564928, 25.060062], [121.564903, 25.060064], [121.564851, 25.060077], [121.564807, 25.060086], [121.564754, 25.060093], [121.5647, 25.060097], [121.564646, 25.060097], [121.564592, 25.060093], [121.564538, 25.060086], [121.564485, 25.060076], [121.564433, 25.060061], [121.564383, 25.060044], [121.564334, 25.060023], [121.56431, 25.060011]]]]}, "properties": {"name": "公園", "area": 0}}, {"type": "Feature", "geometry": {"type": "MultiPolygon", "coordinates": [[[[121.564325, 25.053029], [121.564459, 25.053112], [121.564464, 25.053114], [121.564464, 25.053115], [121.564511, 25.05314], [121.564622, 25.053199], [121.564622, 25.053137], [121.564621, 25.052968], [121.564355, 25.052973], [121.564325, 25.053029]]]]}, "properties": {"name": "公園", "area": 0}}, {"type": "Feature", "geometry": {"type": "MultiPolygon", "coordinates": [[[[121.564389, 25.004508], [121.564078, 25.004379], [121.563412, 25.004099], [121.563364, 25.004078], [121.563321, 25.004055], [121.56329, 25.004037], [121.563257, 25.004015], [121.56322, 25.003986], [121.5632, 25.003967], [121.563167, 25.003933], [121.563135, 25.003899], [121.563015, 25.003776], [121.562969, 25.003729], [121.562869, 25.003635], [121.562848, 25.003616], [121.562824, 25.0036], [121.562798, 25.003586], [121.562771, 25.003576], [121.562742, 25.003568], [121.562713, 25.003565], [121.562683, 25.003564], [121.562654, 25.003567], [121.562625, 25.003574], [121.562601, 25.003579], [121.562577, 25.003584], [121.56254, 25.00359], [121.56249, 25.003595], [121.562441, 25.003596], [121.562403, 25.003594], [121.562354, 25.003588], [121.562317, 25.003582], [121.562281, 25.003573], [121.562246, 25.003563], [121.562229, 25.003557], [121.562124, 25.003524], [121.562054, 25.003501], [121.562003, 25.00348], [121.561947, 25.003452], [121.56189, 25.003419], [121.561862, 25.0034], [121.561835, 25.00338], [121.561784, 25.003335], [121.56176, 25.003311], [121.561736, 25.003283], [121.561714, 25.003254], [121.561674, 25.003195], [121.561617, 25.003105], [121.561573, 25.003036], [121.561552, 25.003001], [121.561513, 25.002928], [121.561484, 25.00286], [121.561472, 25.002826], [121.561454, 25.002764], [121.561441, 25.002702], [121.561438, 25.002671], [121.561438, 25.002605], [121.561441, 25.002572], [121.561453, 25.002505], [121.561462, 25.00247], [121.561486, 25.002403], [121.561528, 25.002313], [121.561553, 25.002261], [121.561585, 25.002206], [121.561611, 25.002162], [121.56162, 25.002142], [121.561622, 25.002121], [121.561621, 25.002101], [121.561616, 25.002083], [121.561607, 25.002068], [121.561595, 25.002055], [121.561587, 25.002049], [121.561569, 25.002039], [121.56156, 25.002035], [121.561542, 25.002029], [121.561525, 25.002027], [121.561516, 25.002027], [121.561505, 25.002028], [121.561477, 25.002035], [121.561446, 25.002045], [121.561431, 25.00205], [121.561402, 25.002063], [121.561375, 25.002076], [121.561354, 25.002089], [121.561324, 25.002113], [121.561288, 25.002148], [121.561253, 25.002193], [121.561215, 25.002273], [121.560997, 25.002777], [121.560973, 25.002829], [121.560961, 25.002871], [121.560951, 25.002916], [121.560943, 25.002962], [121.560939, 25.003009], [121.560937, 25.003038], [121.560936, 25.003084], [121.560942, 25.003121], [121.560952, 25.003155], [121.560963, 25.00318], [121.560983, 25.003217], [121.561121, 25.003355], [121.561301, 25.003535], [121.561351, 25.003453], [121.562584, 25.003925], [121.56272, 25.003889], [121.564573, 25.004587], [121.564516, 25.004558], [121.564389, 25.004508]]]]}, "properties": {"name": "公園", "area": 0}}, {"type": "Feature", "geometry": {"type": "MultiPolygon", "coordinates": [[[[121.564502, 25.107393], [121.564495, 25.107376], [121.564489, 25.107358], [121.564485, 25.107342], [121.564485, 25.107332], [121.564462, 25.107216], [121.564439, 25.107117], [121.564423, 25.107054], [121.564402, 25.106978], [121.564385, 25.106918], [121.56436, 25.10684], [121.56434, 25.106779], [121.564297, 25.106701], [121.564243, 25.106615], [121.563682, 25.10683], [121.563785, 25.106822], [121.563887, 25.106874], [121.563932, 25.106948], [121.563938, 25.106958], [121.56396, 25.106995], [121.563988, 25.107052], [121.564007, 25.107099], [121.564024, 25.107148], [121.564044, 25.107222], [121.564056, 25.107301], [121.56406, 25.107374], [121.56406, 25.107417], [121.564513, 25.107416], [121.564502, 25.107393]]]]}, "properties": {"name": "公園", "area": 0}}, {"type": "Feature", "geometry": {"type": "MultiPolygon", "coordinates": [[[[121.564715, 24.986432], [121.564715, 24.986432], [121.564394, 24.986404], [121.564342, 24.986435], [121.564381, 24.986497], [121.56455, 24.98662], [121.564581, 24.986629], [121.564634, 24.986651], [121.564688, 24.986673], [121.564729, 24.986747], [121.564758, 24.986479], [121.564757, 24.986467], [121.564753, 24.986455], [121.564745, 24.986445], [121.564734, 24.986437], [121.564725, 24.986434], [121.564715, 24.986432]]]]}, "properties": {"name": "公園", "area": 0}}, {"type": "Feature", "geometry": {"type": "MultiPolygon", "coordinates": [[[[121.564719, 25.039221], [121.564665, 25.039222], [121.564665, 25.03924], [121.564669, 25.039402], [121.566056, 25.039377], [121.566055, 25.039228], [121.566019, 25.039197], [121.564719, 25.039221]]]]}, "properties": {"name": "公園", "area": 0}}, {"type": "Feature", "geometry": {"type": "MultiPolygon", "coordinates": [[[[121.564719, 24.986844], [121.564716, 24.986857], [121.564709, 24.986867], [121.564699, 24.986876], [121.564687, 24.986881], [121.564673, 24.986884], [121.564667, 24.986883], [121.564714, 24.986888], [121.564719, 24.986844]]]]}, "properties": {"name": "公園", "area": 0}}, {"type": "Feature", "geometry": {"type": "MultiPolygon", "coordinates": [[[[121.564834, 24.989607], [121.564807, 24.989288], [121.564749, 24.989176], [121.564744, 24.989168], [121.564739, 24.989165], [121.564729, 24.989162], [121.564723, 24.989162], [121.564711, 24.989164], [121.564708, 24.989165], [121.564693, 24.989171], [121.564217, 24.989364], [121.564439, 24.989448], [121.564834, 24.989607]]]]}, "properties": {"name": "公園", "area": 0}}, {"type": "Feature", "geometry": {"type": "MultiPolygon", "coordinates": [[[[121.564863, 24.986444], [121.564715, 24.986432], [121.564729, 24.986435], [121.56474, 24.986441], [121.56475, 24.986451], [121.564756, 24.986462], [121.564758, 24.986474], [121.564758, 24.986479], [121.564714, 24.986888], [121.56482, 24.986898], [121.564807, 24.986895], [121.564795, 24.986888], [121.564786, 24.986879], [121.56478, 24.986868], [121.564778, 24.986855], [121.564778, 24.98685], [121.564817, 24.986484], [121.56482, 24.986472], [121.564827, 24.986461], [121.564837, 24.986452], [121.56485, 24.986446], [121.564863, 24.986444]]]]}, "properties": {"name": "公園", "area": 0}}, {"type": "Feature", "geometry": {"type": "MultiPolygon", "coordinates": [[[[121.565027, 25.077675], [121.565174, 25.077633], [121.565769, 25.07746], [121.565779, 25.077455], [121.565786, 25.077447], [121.565789, 25.077438], [121.56579, 25.077436], [121.565789, 25.077427], [121.565784, 25.077418], [121.565776, 25.077411], [121.565775, 25.07741], [121.565698, 25.077373], [121.56562, 25.07734], [121.56554, 25.077309], [121.565458, 25.077282], [121.565403, 25.077266], [121.565173, 25.077202], [121.565011, 25.077157], [121.565, 25.077156], [121.564989, 25.077159], [121.564981, 25.077164], [121.564975, 25.077173], [121.564973, 25.077178], [121.564961, 25.077237], [121.564953, 25.077296], [121.564949, 25.077356], [121.564949, 25.077417], [121.564953, 25.077477], [121.564961, 25.077536], [121.564973, 25.077596], [121.564983, 25.077633], [121.56499, 25.077657], [121.564994, 25.077666], [121.565002, 25.077672], [121.565012, 25.077676], [121.565023, 25.077676], [121.565027, 25.077675]]]]}, "properties": {"name": "公園", "area": 0}}, {"type": "Feature", "geometry": {"type": "MultiPolygon", "coordinates": [[[[121.565146, 24.986457], [121.565008, 24.986452], [121.564869, 24.986444], [121.564856, 24.986445], [121.564843, 24.986449], [121.564831, 24.986457], [121.564823, 24.986466], [121.564818, 24.986478], [121.564817, 24.986484], [121.564778, 24.98685], [121.564779, 24.986863], [121.56478, 24.986869], [121.564787, 24.98688], [121.564796, 24.986889], [121.564808, 24.986895], [121.56482, 24.986898], [121.564821, 24.986898], [121.565067, 24.986921], [121.565052, 24.98688], [121.565051, 24.986841], [121.565062, 24.986791], [121.565084, 24.986756], [121.565107, 24.986721], [121.565239, 24.986571], [121.565231, 24.986517], [121.565288, 24.986479], [121.565343, 24.986461], [121.565146, 24.986457]]]]}, "properties": {"name": "公園", "area": 0}}, {"type": "Feature", "geometry": {"type": "MultiPolygon", "coordinates": [[[[121.565178, 25.000207], [121.56521, 25.000345], [121.565246, 25.000501], [121.565247, 25.000505], [121.565248, 25.000508], [121.56525, 25.00051], [121.565252, 25.000513], [121.565254, 25.000516], [121.565256, 25.000518], [121.565258, 25.000519], [121.56526, 25.000521], [121.565263, 25.000523], [121.565265, 25.000524], [121.565269, 25.000526], [121.565273, 25.000527], [121.565276, 25.000528], [121.565282, 25.000528], [121.565284, 25.000528], [121.565527, 25.00044], [121.565555, 25.000428], [121.565393, 25.000163], [121.565295, 25.000181], [121.565271, 25.000186], [121.565181, 25.000207], [121.565178, 25.000207]]]]}, "properties": {"name": "公園", "area": 0}}, {"type": "Feature", "geometry": {"type": "MultiPolygon", "coordinates": [[[[121.565434, 25.00136], [121.565472, 25.001354], [121.565509, 25.001343], [121.565531, 25.001335], [121.565413, 25.001194], [121.565304, 25.001027], [121.565163, 25.001078], [121.565045, 25.001114], [121.565133, 25.001415], [121.565434, 25.00136]]]]}, "properties": {"name": "公園", "area": 0}}, {"type": "Feature", "geometry": {"type": "MultiPolygon", "coordinates": [[[[121.565518, 25.003981], [121.565764, 25.003972], [121.566028, 25.003987], [121.56609, 25.003651], [121.566066, 25.003651], [121.565747, 25.003655], [121.565525, 25.003658], [121.565518, 25.003981]]]]}, "properties": {"name": "公園", "area": 0}}, {"type": "Feature", "geometry": {"type": "MultiPolygon", "coordinates": [[[[121.565522, 25.033903], [121.565558, 25.033934], [121.565721, 25.033932], [121.565703, 25.033037], [121.56554, 25.03304], [121.565505, 25.033073], [121.565522, 25.033903]]]]}, "properties": {"name": "公園", "area": 0}}, {"type": "Feature", "geometry": {"type": "MultiPolygon", "coordinates": [[[[121.56553, 25.034295], [121.565539, 25.034758], [121.56554, 25.03479], [121.565575, 25.03479], [121.565735, 25.034787], [121.565727, 25.034294], [121.565724, 25.034067], [121.565561, 25.03407], [121.565527, 25.034102], [121.56553, 25.034295]]]]}, "properties": {"name": "公園", "area": 0}}, {"type": "Feature", "geometry": {"type": "MultiPolygon", "coordinates": [[[[121.565559, 25.035746], [121.565595, 25.035778], [121.565758, 25.035775], [121.565741, 25.034922], [121.565578, 25.034925], [121.565543, 25.034926], [121.565543, 25.034957], [121.565559, 25.035746]]]]}, "properties": {"name": "公園", "area": 0}}, {"type": "Feature", "geometry": {"type": "MultiPolygon", "coordinates": [[[[121.565586, 25.036975], [121.565613, 25.036998], [121.565784, 25.036995], [121.565762, 25.035955], [121.56568, 25.035957], [121.565591, 25.035958], [121.565564, 25.035983], [121.565586, 25.036975]]]]}, "properties": {"name": "公園", "area": 0}}, {"type": "Feature", "geometry": {"type": "MultiPolygon", "coordinates": [[[[121.565604, 25.037834], [121.565631, 25.037858], [121.565803, 25.037855], [121.5658, 25.037742], [121.565786, 25.037086], [121.565615, 25.037089], [121.565588, 25.037113], [121.565604, 25.037834]]]]}, "properties": {"name": "公園", "area": 0}}, {"type": "Feature", "geometry": {"type": "MultiPolygon", "coordinates": [[[[121.56563, 25.038984], [121.565665, 25.039015], [121.565674, 25.039023], [121.565722, 25.039022], [121.565829, 25.03902], [121.565825, 25.038807], [121.565808, 25.037945], [121.565637, 25.037948], [121.56561, 25.037973], [121.56563, 25.038984]]]]}, "properties": {"name": "公園", "area": 0}}, {"type": "Feature", "geometry": {"type": "MultiPolygon", "coordinates": [[[[121.56566, 25.001592], [121.56556, 25.00155], [121.565507, 25.001535], [121.565454, 25.001523], [121.565417, 25.001517], [121.565372, 25.001511], [121.565326, 25.001509], [121.56528, 25.001509], [121.565234, 25.001512], [121.565197, 25.001516], [121.565134, 25.001527], [121.564997, 25.001559], [121.564917, 25.001581], [121.564832, 25.001614], [121.564775, 25.001642], [121.564736, 25.001665], [121.564655, 25.001722], [121.564621, 25.00175], [121.564508, 25.001858], [121.564421, 25.001942], [121.564375, 25.001983], [121.564311, 25.002037], [121.564261, 25.002074], [121.564241, 25.002088], [121.564346, 25.002288], [121.564208, 25.002509], [121.563729, 25.002509], [121.563747, 25.002236], [121.563686, 25.002236], [121.563622, 25.002231], [121.563577, 25.002227], [121.563537, 25.002221], [121.563483, 25.002212], [121.563443, 25.002202], [121.563377, 25.002182], [121.563318, 25.002164], [121.563279, 25.002151], [121.563099, 25.002518], [121.563095, 25.002529], [121.562817, 25.003412], [121.562891, 25.00339], [121.562949, 25.003376], [121.563025, 25.003356], [121.563042, 25.003352], [121.563179, 25.003314], [121.563231, 25.003305], [121.563386, 25.002833], [121.563498, 25.002894], [121.563575, 25.002931], [121.563637, 25.002965], [121.563712, 25.003004], [121.56375, 25.003021], [121.563764, 25.003025], [121.563787, 25.003029], [121.563816, 25.003028], [121.563901, 25.00302], [121.563991, 25.003013], [121.564075, 25.003008], [121.564167, 25.002998], [121.56422, 25.003], [121.564244, 25.002994], [121.564304, 25.002963], [121.564383, 25.002943], [121.56446, 25.002924], [121.564485, 25.002921], [121.564563, 25.002932], [121.564582, 25.002819], [121.564612, 25.002601], [121.564649, 25.002328], [121.564654, 25.002316], [121.5647, 25.002034], [121.565727, 25.002197], [121.56596, 25.001743], [121.56566, 25.001592]]]]}, "properties": {"name": "公園", "area": 0}}, {"type": "Feature", "geometry": {"type": "MultiPolygon", "coordinates": [[[[121.565742, 25.034716], [121.565704, 25.034912], [121.566368, 25.034878], [121.566368, 25.034878], [121.566383, 25.034708], [121.565742, 25.034716]]]]}, "properties": {"name": "公園", "area": 0}}, {"type": "Feature", "geometry": {"type": "MultiPolygon", "coordinates": [[[[121.566028, 25.003987], [121.565985, 25.004214], [121.565859, 25.004231], [121.565622, 25.004229], [121.565513, 25.004229], [121.565518, 25.003981], [121.565525, 25.003658], [121.565402, 25.003659], [121.565104, 25.003668], [121.565005, 25.003672], [121.564837, 25.004109], [121.564697, 25.00402], [121.564277, 25.003944], [121.563836, 25.003905], [121.563341, 25.003712], [121.563207, 25.003401], [121.563029, 25.003449], [121.563001, 25.003462], [121.562991, 25.003473], [121.56298, 25.003491], [121.562973, 25.003515], [121.562974, 25.003537], [121.562985, 25.003574], [121.562998, 25.003598], [121.563043, 25.003642], [121.563113, 25.003714], [121.563216, 25.003819], [121.563249, 25.003853], [121.563264, 25.00387], [121.56328, 25.003886], [121.563295, 25.003901], [121.56331, 25.003914], [121.563324, 25.003925], [121.563351, 25.003943], [121.56339, 25.003966], [121.563445, 25.003993], [121.563545, 25.004035], [121.563667, 25.004085], [121.563745, 25.004119], [121.56383, 25.004154], [121.563906, 25.004186], [121.56427, 25.004341], [121.564557, 25.004455], [121.564597, 25.004474], [121.564655, 25.004507], [121.564698, 25.004539], [121.564737, 25.004574], [121.564752, 25.00459], [121.564763, 25.004601], [121.564792, 25.004639], [121.56481, 25.004665], [121.56482, 25.004681], [121.564989, 25.004745], [121.565575, 25.004966], [121.56602, 25.005133], [121.566201, 25.005202], [121.566256, 25.005021], [121.566282, 25.004915], [121.566826, 25.004892], [121.567387, 25.004659], [121.56756, 25.004932], [121.567596, 25.00491], [121.567659, 25.004867], [121.567708, 25.00483], [121.567838, 25.004745], [121.567897, 25.004706], [121.56795, 25.004675], [121.567991, 25.004655], [121.568038, 25.004634], [121.568081, 25.004617], [121.568135, 25.004599], [121.568179, 25.004587], [121.568223, 25.004577], [121.568279, 25.004568], [121.568321, 25.004563], [121.568362, 25.004558], [121.568357, 25.004374], [121.568346, 25.004132], [121.56853, 25.004131], [121.568718, 25.004171], [121.568787, 25.004132], [121.568868, 25.004023], [121.56943, 25.003995], [121.569425, 25.003877], [121.569409, 25.003505], [121.569353, 25.003511], [121.569291, 25.003518], [121.56923, 25.003523], [121.569148, 25.003526], [121.568982, 25.003531], [121.568716, 25.003542], [121.568462, 25.003552], [121.568307, 25.003774], [121.568256, 25.003848], [121.567427, 25.003765], [121.566703, 25.0037], [121.566648, 25.003693], [121.566507, 25.003655], [121.566364, 25.003645], [121.56609, 25.003651], [121.566028, 25.003987]]]]}, "properties": {"name": "公園", "area": 0}}, {"type": "Feature", "geometry": {"type": "MultiPolygon", "coordinates": [[[[121.56608, 25.061105], [121.566457, 25.061386], [121.566457, 25.061386], [121.566462, 25.06139], [121.566468, 25.061377], [121.566586, 25.061157], [121.566693, 25.061004], [121.566741, 25.060944], [121.566606, 25.06084], [121.566534, 25.060785], [121.566226, 25.060698], [121.565865, 25.060652], [121.565625, 25.060576], [121.565545, 25.060795], [121.565627, 25.060829], [121.565707, 25.060867], [121.565785, 25.060908], [121.565861, 25.060952], [121.565935, 25.060999], [121.566007, 25.061049], [121.566076, 25.061101], [121.56608, 25.061105]]]]}, "properties": {"name": "公園", "area": 0}}, {"type": "Feature", "geometry": {"type": "MultiPolygon", "coordinates": [[[[121.566188, 25.039193], [121.566154, 25.039226], [121.566155, 25.039375], [121.567057, 25.039351], [121.567053, 25.039181], [121.566964, 25.039173], [121.566188, 25.039193]]]]}, "properties": {"name": "公園", "area": 0}}, {"type": "Feature", "geometry": {"type": "MultiPolygon", "coordinates": [[[[121.566452, 25.031321], [121.566454, 25.031473], [121.567078, 25.031459], [121.567062, 25.03053], [121.567034, 25.030505], [121.566466, 25.030518], [121.566438, 25.030518], [121.566452, 25.031321]]]]}, "properties": {"name": "公園", "area": 0}}, {"type": "Feature", "geometry": {"type": "MultiPolygon", "coordinates": [[[[121.566461, 25.031851], [121.566461, 25.031877], [121.566692, 25.031872], [121.567085, 25.031863], [121.56708, 25.031582], [121.567078, 25.031459], [121.566454, 25.031473], [121.566461, 25.031851]]]]}, "properties": {"name": "公園", "area": 0}}, {"type": "Feature", "geometry": {"type": "MultiPolygon", "coordinates": [[[[121.566534, 25.070762], [121.567298, 25.070777], [121.568716, 25.070781], [121.568715, 25.070686], [121.568661, 25.070696], [121.568661, 25.070695], [121.568723, 25.069861], [121.568612, 25.06905], [121.56861, 25.069037], [121.568605, 25.069117], [121.568597, 25.069196], [121.568585, 25.069276], [121.568569, 25.069354], [121.568549, 25.069432], [121.568525, 25.069509], [121.568497, 25.069585], [121.568466, 25.069659], [121.568431, 25.069733], [121.568392, 25.069804], [121.56835, 25.069875], [121.568305, 25.069943], [121.568256, 25.070009], [121.568204, 25.070074], [121.568148, 25.070136], [121.56809, 25.070195], [121.568029, 25.070253], [121.567965, 25.070307], [121.567898, 25.070359], [121.567829, 25.070408], [121.567757, 25.070455], [121.567684, 25.070498], [121.567608, 25.070538], [121.56753, 25.070575], [121.567451, 25.070609], [121.567369, 25.07064], [121.567287, 25.070667], [121.567203, 25.070691], [121.567118, 25.070711], [121.567032, 25.070728], [121.566946, 25.070741], [121.566859, 25.070751], [121.566778, 25.070756], [121.566534, 25.070762]]]]}, "properties": {"name": "公園", "area": 0}}, {"type": "Feature", "geometry": {"type": "MultiPolygon", "coordinates": [[[[121.566672, 24.999192], [121.566622, 24.999238], [121.566837, 24.999329], [121.566855, 24.999295], [121.566859, 24.999285], [121.566869, 24.99926], [121.56689, 24.999201], [121.566892, 24.999195], [121.566895, 24.999188], [121.566896, 24.999185], [121.566896, 24.999179], [121.566897, 24.999173], [121.566895, 24.999168], [121.566894, 24.999163], [121.566891, 24.999158], [121.566889, 24.999155], [121.566886, 24.999151], [121.566882, 24.999148], [121.566878, 24.999145], [121.566875, 24.999144], [121.56687, 24.999142], [121.566865, 24.999141], [121.566823, 24.999133], [121.566792, 24.999127], [121.566726, 24.99917], [121.566672, 24.999192]]]]}, "properties": {"name": "公園", "area": 0}}, {"type": "Feature", "geometry": {"type": "MultiPolygon", "coordinates": [[[[121.566694, 25.064775], [121.566663, 25.064967], [121.566658, 25.064997], [121.566658, 25.065005], [121.56666, 25.065014], [121.566665, 25.065022], [121.566671, 25.065029], [121.566679, 25.065034], [121.566688, 25.065037], [121.566691, 25.065038], [121.566775, 25.065049], [121.567272, 25.065118], [121.567722, 25.065181], [121.567777, 25.065189], [121.567791, 25.065111], [121.567811, 25.064994], [121.567429, 25.064927], [121.567267, 25.064492], [121.567244, 25.064436], [121.567035, 25.063927], [121.567078, 25.063535], [121.566995, 25.063524], [121.566996, 25.063524], [121.566995, 25.063523], [121.566995, 25.063524], [121.566961, 25.06352], [121.56695, 25.063519], [121.566937, 25.063518], [121.566927, 25.063518], [121.566918, 25.06352], [121.566909, 25.063524], [121.566902, 25.06353], [121.566896, 25.063538], [121.566893, 25.063546], [121.566891, 25.063555], [121.566806, 25.064084], [121.566694, 25.064775]]]]}, "properties": {"name": "公園", "area": 0}}, {"type": "Feature", "geometry": {"type": "MultiPolygon", "coordinates": [[[[121.566766, 25.061203], [121.566742, 25.061236], [121.566736, 25.061247], [121.566717, 25.061284], [121.566667, 25.061377], [121.566639, 25.061429], [121.566631, 25.061443], [121.566625, 25.061457], [121.56661, 25.061492], [121.56661, 25.061492], [121.566706, 25.061548], [121.566823, 25.061617], [121.56699, 25.061716], [121.566991, 25.061717], [121.566991, 25.061738], [121.56699, 25.061907], [121.567217, 25.061937], [121.567257, 25.061942], [121.567349, 25.061954], [121.567557, 25.061981], [121.567557, 25.061982], [121.567558, 25.061982], [121.567558, 25.061982], [121.567581, 25.061985], [121.567592, 25.061986], [121.567604, 25.061988], [121.567618, 25.061991], [121.567632, 25.061995], [121.567646, 25.062], [121.567659, 25.062006], [121.567672, 25.062012], [121.567685, 25.062018], [121.567697, 25.062026], [121.567708, 25.062034], [121.567719, 25.062043], [121.567725, 25.062046], [121.567735, 25.062054], [121.567747, 25.062067], [121.567757, 25.062077], [121.567762, 25.062083], [121.567767, 25.06209], [121.567767, 25.062091], [121.567772, 25.062098], [121.567777, 25.062105], [121.567781, 25.06211], [121.567818, 25.062172], [121.56785, 25.062234], [121.56788, 25.062298], [121.567905, 25.062364], [121.567927, 25.06243], [121.567945, 25.062498], [121.567951, 25.062524], [121.567962, 25.062578], [121.56797, 25.062632], [121.567972, 25.062655], [121.567974, 25.06271], [121.567972, 25.062765], [121.567966, 25.062819], [121.567957, 25.062873], [121.567945, 25.06292], [121.567945, 25.06292], [121.567941, 25.062933], [121.567936, 25.062946], [121.567931, 25.062959], [121.567925, 25.062972], [121.56792, 25.062986], [121.567915, 25.063], [121.567914, 25.063002], [121.567908, 25.063019], [121.567903, 25.063033], [121.567898, 25.063046], [121.567877, 25.063102], [121.567874, 25.063108], [121.567871, 25.063117], [121.567868, 25.063128], [121.567864, 25.06314], [121.56786, 25.063153], [121.567856, 25.063164], [121.567854, 25.063172], [121.567852, 25.06318], [121.567851, 25.063187], [121.567849, 25.063193], [121.567849, 25.063197], [121.567848, 25.063206], [121.567847, 25.063208], [121.567847, 25.063212], [121.567847, 25.063216], [121.567847, 25.06322], [121.567847, 25.063222], [121.567848, 25.063229], [121.56785, 25.063243], [121.567851, 25.063258], [121.567852, 25.063268], [121.567853, 25.063276], [121.567855, 25.063284], [121.567856, 25.063291], [121.567859, 25.063304], [121.567864, 25.063327], [121.567881, 25.063329], [121.567993, 25.063343], [121.568017, 25.063346], [121.568027, 25.063347], [121.568037, 25.063346], [121.568047, 25.063345], [121.568056, 25.063342], [121.568066, 25.063339], [121.568074, 25.063334], [121.568082, 25.063329], [121.568089, 25.063322], [121.568095, 25.063315], [121.5681, 25.063307], [121.568104, 25.063299], [121.568107, 25.06329], [121.568113, 25.063255], [121.568152, 25.063033], [121.56823, 25.062585], [121.568303, 25.062161], [121.567959, 25.061897], [121.567483, 25.061532], [121.56729, 25.061383], [121.567278, 25.061374], [121.567255, 25.061355], [121.567109, 25.061245], [121.566995, 25.061159], [121.566995, 25.061159], [121.566904, 25.06109], [121.566892, 25.061084], [121.566879, 25.061081], [121.566866, 25.061081], [121.566854, 25.061086], [121.566844, 25.061093], [121.566838, 25.061099], [121.566798, 25.061156], [121.566766, 25.061203]]]]}, "properties": {"name": "公園", "area": 0}}, {"type": "Feature", "geometry": {"type": "MultiPolygon", "coordinates": [[[[121.56681, 25.000058], [121.566897, 25.000004], [121.56693, 24.999984], [121.566972, 24.999959], [121.567004, 24.999943], [121.566737, 24.99963], [121.566522, 24.999814], [121.566756, 25.000093], [121.56681, 25.000058]]]]}, "properties": {"name": "公園", "area": 0}}, {"type": "Feature", "geometry": {"type": "MultiPolygon", "coordinates": [[[[121.566842, 25.105048], [121.566691, 25.104997], [121.566581, 25.105312], [121.566621, 25.105303], [121.566662, 25.105298], [121.566716, 25.105298], [121.566755, 25.105302], [121.566786, 25.105308], [121.566811, 25.105315], [121.56722, 25.105444], [121.5673, 25.105474], [121.567338, 25.105491], [121.567369, 25.105509], [121.567414, 25.105373], [121.567348, 25.105361], [121.567081, 25.105123], [121.566885, 25.10503], [121.566842, 25.105048]]]]}, "properties": {"name": "公園", "area": 0}}, {"type": "Feature", "geometry": {"type": "MultiPolygon", "coordinates": [[[[121.567203, 25.03918], [121.567206, 25.03936], [121.568285, 25.039344], [121.568281, 25.03922], [121.568281, 25.039195], [121.568245, 25.039164], [121.568207, 25.039165], [121.567203, 25.03918]]]]}, "properties": {"name": "公園", "area": 0}}, {"type": "Feature", "geometry": {"type": "MultiPolygon", "coordinates": [[[[121.567204, 25.043982], [121.567437, 25.043976], [121.56774, 25.043967], [121.567782, 25.043966], [121.567213, 25.04361], [121.567204, 25.043982]]]]}, "properties": {"name": "公園", "area": 0}}, {"type": "Feature", "geometry": {"type": "MultiPolygon", "coordinates": [[[[121.567264, 25.087757], [121.567376, 25.0877], [121.567873, 25.087449], [121.567882, 25.086935], [121.567834, 25.086977], [121.567787, 25.087019], [121.567727, 25.087072], [121.567672, 25.087125], [121.567586, 25.087203], [121.567528, 25.087254], [121.567466, 25.087312], [121.567375, 25.087394], [121.56724, 25.087453], [121.567204, 25.087469], [121.567174, 25.087479], [121.567135, 25.087508], [121.567095, 25.087539], [121.567037, 25.087533], [121.567027, 25.087561], [121.567022, 25.087581], [121.567008, 25.087627], [121.566993, 25.087674], [121.566969, 25.087738], [121.566963, 25.08776], [121.567264, 25.087757]]]]}, "properties": {"name": "公園", "area": 0}}, {"type": "Feature", "geometry": {"type": "MultiPolygon", "coordinates": [[[[121.567305, 24.999158], [121.56729, 24.99916], [121.567219, 24.999164], [121.567195, 24.999165], [121.56715, 24.999166], [121.567111, 24.999166], [121.56708, 24.999165], [121.567062, 24.999164], [121.567059, 24.999164], [121.567049, 24.999163], [121.567037, 24.999162], [121.567037, 24.999162], [121.567027, 24.999163], [121.567018, 24.999165], [121.56701, 24.99917], [121.567003, 24.999177], [121.566998, 24.999185], [121.566978, 24.999245], [121.566967, 24.999278], [121.566955, 24.999309], [121.566948, 24.999326], [121.566938, 24.999349], [121.566937, 24.999356], [121.566936, 24.999361], [121.566944, 24.999373], [121.566947, 24.999375], [121.56697, 24.999389], [121.566988, 24.999394], [121.567002, 24.999398], [121.567015, 24.9994], [121.56703, 24.999401], [121.567042, 24.999401], [121.567055, 24.999401], [121.567068, 24.9994], [121.567078, 24.999399], [121.56718, 24.999379], [121.567229, 24.999365], [121.567308, 24.999341], [121.56735, 24.999327], [121.567341, 24.999154], [121.567326, 24.999156], [121.567305, 24.999158]]]]}, "properties": {"name": "公園", "area": 0}}, {"type": "Feature", "geometry": {"type": "MultiPolygon", "coordinates": [[[[121.567334, 25.051962], [121.567314, 25.051981], [121.567322, 25.052332], [121.56735, 25.052357], [121.56791, 25.052345], [121.567934, 25.052329], [121.568064, 25.051983], [121.568034, 25.051946], [121.567854, 25.05195], [121.567334, 25.051962]]]]}, "properties": {"name": "公園", "area": 0}}, {"type": "Feature", "geometry": {"type": "MultiPolygon", "coordinates": [[[[121.567447, 25.002789], [121.567141, 25.002763], [121.5673, 25.00234], [121.567257, 25.002327], [121.567228, 25.002318], [121.567201, 25.002311], [121.567182, 25.002304], [121.567164, 25.002298], [121.567015, 25.002548], [121.566912, 25.002569], [121.566303, 25.002279], [121.566456, 25.001996], [121.56596, 25.001743], [121.565727, 25.002197], [121.565616, 25.002413], [121.566034, 25.002689], [121.566073, 25.002715], [121.566249, 25.002649], [121.566585, 25.002659], [121.566754, 25.002948], [121.567011, 25.003418], [121.567609, 25.003445], [121.567865, 25.003453], [121.568079, 25.003471], [121.56814, 25.003471], [121.568322, 25.003465], [121.568698, 25.003452], [121.568989, 25.003441], [121.569222, 25.003432], [121.569292, 25.003427], [121.569397, 25.003415], [121.569499, 25.003398], [121.569608, 25.003381], [121.569733, 25.003355], [121.569896, 25.00331], [121.570047, 25.003262], [121.570215, 25.003209], [121.570346, 25.003169], [121.570458, 25.003134], [121.570499, 25.003122], [121.570531, 25.003114], [121.57056, 25.003109], [121.570585, 25.003105], [121.570607, 25.003103], [121.570635, 25.0031], [121.570668, 25.0031], [121.570699, 25.003102], [121.570731, 25.003104], [121.570756, 25.003106], [121.570781, 25.003113], [121.570818, 25.003122], [121.570857, 25.003134], [121.570901, 25.003152], [121.570934, 25.003169], [121.570965, 25.003184], [121.571006, 25.003213], [121.571052, 25.003248], [121.571088, 25.003279], [121.5711, 25.003289], [121.571108, 25.003297], [121.571126, 25.003314], [121.571149, 25.003339], [121.571172, 25.003368], [121.571194, 25.003406], [121.571217, 25.003449], [121.57123, 25.003485], [121.571243, 25.003526], [121.57125, 25.003569], [121.571253, 25.003593], [121.571256, 25.003628], [121.571255, 25.00366], [121.57125, 25.003699], [121.571244, 25.00374], [121.571237, 25.003771], [121.571228, 25.003801], [121.571212, 25.003846], [121.571195, 25.003887], [121.571178, 25.00392], [121.571153, 25.003961], [121.571125, 25.003998], [121.571109, 25.004018], [121.571075, 25.004049], [121.571041, 25.004074], [121.571015, 25.004093], [121.570975, 25.004119], [121.570944, 25.004139], [121.570929, 25.004146], [121.570892, 25.004159], [121.570823, 25.00418], [121.570751, 25.004197], [121.570679, 25.004214], [121.570611, 25.00423], [121.570519, 25.00425], [121.570494, 25.004256], [121.570354, 25.004278], [121.570106, 25.004314], [121.570026, 25.004324], [121.569967, 25.004332], [121.569945, 25.004337], [121.569923, 25.004339], [121.569894, 25.004345], [121.569868, 25.00435], [121.56984, 25.004358], [121.569539, 25.004472], [121.569487, 25.004493], [121.569411, 25.00452], [121.569349, 25.004544], [121.569268, 25.004569], [121.569224, 25.004581], [121.569177, 25.004592], [121.56915, 25.004598], [121.569131, 25.004602], [121.56911, 25.004605], [121.569064, 25.004612], [121.569035, 25.004615], [121.568953, 25.00462], [121.568836, 25.004626], [121.568655, 25.004634], [121.56858, 25.004638], [121.568498, 25.004642], [121.568413, 25.004646], [121.568341, 25.004651], [121.56827, 25.00466], [121.568209, 25.004673], [121.568132, 25.004696], [121.568068, 25.004721], [121.568007, 25.004749], [121.567953, 25.004782], [121.567842, 25.004855], [121.567831, 25.004863], [121.567823, 25.00487], [121.567815, 25.00488], [121.567811, 25.00489], [121.567811, 25.004903], [121.567812, 25.00492], [121.567814, 25.004929], [121.567824, 25.004946], [121.567836, 25.004958], [121.567848, 25.004968], [121.567854, 25.004972], [121.567873, 25.004979], [121.567882, 25.004983], [121.567888, 25.004982], [121.567904, 25.004974], [121.567935, 25.004957], [121.568002, 25.004925], [121.568035, 25.004911], [121.568067, 25.004898], [121.568098, 25.004886], [121.568134, 25.004874], [121.568174, 25.004862], [121.568208, 25.004852], [121.56825, 25.004842], [121.568293, 25.004833], [121.568323, 25.004828], [121.568358, 25.004822], [121.568392, 25.004818], [121.568424, 25.004814], [121.568458, 25.004811], [121.568496, 25.004809], [121.568534, 25.004808], [121.568584, 25.004808], [121.568633, 25.00481], [121.568673, 25.004813], [121.568713, 25.004817], [121.56875, 25.004822], [121.568785, 25.004828], [121.568812, 25.004833], [121.56885, 25.00484], [121.568879, 25.004844], [121.568909, 25.004848], [121.56893, 25.00485], [121.568956, 25.004852], [121.568977, 25.004852], [121.569004, 25.004853], [121.569043, 25.004852], [121.569094, 25.004852], [121.569173, 25.00485], [121.569267, 25.004849], [121.569407, 25.004847], [121.569505, 25.004844], [121.569609, 25.004835], [121.569661, 25.004829], [121.569719, 25.004821], [121.569773, 25.004811], [121.569827, 25.0048], [121.569906, 25.004781], [121.569985, 25.004759], [121.570219, 25.004692], [121.570484, 25.004615], [121.570681, 25.004558], [121.570995, 25.004467], [121.571222, 25.004401], [121.57132, 25.004373], [121.571343, 25.004366], [121.571366, 25.004358], [121.571384, 25.004349], [121.571401, 25.004339], [121.571415, 25.00433], [121.571427, 25.00432], [121.571443, 25.004305], [121.571456, 25.00429], [121.57147, 25.004271], [121.571486, 25.004243], [121.571551, 25.004128], [121.571582, 25.004067], [121.571608, 25.00401], [121.571632, 25.003955], [121.571654, 25.003899], [121.571676, 25.003837], [121.571695, 25.003779], [121.571714, 25.00371], [121.57173, 25.003644], [121.571767, 25.003467], [121.571796, 25.003326], [121.571828, 25.003172], [121.571845, 25.00309], [121.571855, 25.003029], [121.57186, 25.002986], [121.571862, 25.002962], [121.571865, 25.002933], [121.571866, 25.002905], [121.571867, 25.002876], [121.571868, 25.002838], [121.571867, 25.002786], [121.571864, 25.002722], [121.571862, 25.002677], [121.571859, 25.002583], [121.571857, 25.002541], [121.571846, 25.002504], [121.571826, 25.002478], [121.571794, 25.002448], [121.571762, 25.002428], [121.571721, 25.002415], [121.57168, 25.002409], [121.571649, 25.002407], [121.571602, 25.002401], [121.571551, 25.002397], [121.571482, 25.002391], [121.571409, 25.002384], [121.571298, 25.002373], [121.571072, 25.00235], [121.570965, 25.00234], [121.570896, 25.002336], [121.570848, 25.002335], [121.570718, 25.002332], [121.57064, 25.002333], [121.570482, 25.002332], [121.570353, 25.002337], [121.570192, 25.002343], [121.570078, 25.002351], [121.569997, 25.002361], [121.569766, 25.002389], [121.569688, 25.002397], [121.569635, 25.002404], [121.569559, 25.002411], [121.56951, 25.002416], [121.56942, 25.002427], [121.569154, 25.002458], [121.569092, 25.002465], [121.569015, 25.002473], [121.568986, 25.002475], [121.568919, 25.002484], [121.568811, 25.002494], [121.568757, 25.0025], [121.568687, 25.002505], [121.568658, 25.002508], [121.568587, 25.00251], [121.568571, 25.002511], [121.568576, 25.002885], [121.567447, 25.002789]]]]}, "properties": {"name": "公園", "area": 0}}, {"type": "Feature", "geometry": {"type": "MultiPolygon", "coordinates": [[[[121.56746, 25.105957], [121.567547, 25.10596], [121.56776, 25.105949], [121.567827, 25.105905], [121.567798, 25.105571], [121.567788, 25.10558], [121.567757, 25.105603], [121.567733, 25.105618], [121.567694, 25.105635], [121.567655, 25.105647], [121.56762, 25.105653], [121.567587, 25.105656], [121.567539, 25.105653], [121.567501, 25.105647], [121.567459, 25.105633], [121.567433, 25.105622], [121.567404, 25.105605], [121.567383, 25.10559], [121.567378, 25.105586], [121.567268, 25.105936], [121.56746, 25.105957]]]]}, "properties": {"name": "公園", "area": 0}}, {"type": "Feature", "geometry": {"type": "MultiPolygon", "coordinates": [[[[121.567503, 25.107124], [121.567557, 25.107106], [121.567627, 25.107092], [121.567703, 25.107087], [121.567816, 25.107086], [121.567937, 25.107093], [121.568026, 25.107102], [121.568092, 25.107118], [121.568151, 25.107135], [121.568219, 25.10716], [121.568289, 25.107191], [121.568344, 25.10722], [121.568399, 25.107253], [121.568513, 25.107326], [121.568684, 25.107065], [121.567988, 25.106731], [121.567926, 25.106714], [121.567864, 25.106701], [121.5678, 25.106691], [121.567736, 25.106684], [121.567671, 25.106682], [121.567607, 25.106683], [121.567542, 25.106687], [121.567478, 25.106695], [121.567468, 25.106697], [121.567418, 25.1067], [121.567349, 25.106703], [121.567235, 25.106702], [121.567126, 25.106694], [121.567003, 25.106678], [121.566919, 25.106662], [121.566824, 25.106639], [121.566753, 25.106619], [121.566643, 25.106588], [121.566575, 25.106561], [121.566527, 25.106539], [121.566462, 25.106505], [121.566412, 25.106473], [121.566354, 25.10643], [121.566274, 25.106381], [121.566191, 25.106324], [121.566126, 25.106275], [121.566034, 25.106199], [121.565965, 25.106142], [121.565919, 25.106084], [121.565892, 25.106039], [121.56587, 25.105993], [121.565852, 25.105938], [121.565815, 25.105839], [121.565775, 25.105741], [121.565738, 25.105661], [121.565692, 25.105595], [121.565654, 25.105529], [121.565359, 25.105741], [121.565367, 25.105878], [121.565591, 25.106255], [121.565759, 25.106347], [121.566212, 25.106623], [121.56655, 25.106732], [121.566637, 25.106774], [121.567445, 25.106862], [121.567503, 25.107124]]]]}, "properties": {"name": "公園", "area": 0}}, {"type": "Feature", "geometry": {"type": "MultiPolygon", "coordinates": [[[[121.567745, 24.982304], [121.567535, 24.982241], [121.56745, 24.982597], [121.567602, 24.982643], [121.567614, 24.982645], [121.567627, 24.982644], [121.567638, 24.982639], [121.567647, 24.982631], [121.567653, 24.982621], [121.567653, 24.98262], [121.567767, 24.982348], [121.56777, 24.982337], [121.567769, 24.982327], [121.567764, 24.982317], [121.567756, 24.982309], [121.567745, 24.982304]]]]}, "properties": {"name": "公園", "area": 0}}, {"type": "Feature", "geometry": {"type": "MultiPolygon", "coordinates": [[[[121.568012, 25.043196], [121.568016, 25.043321], [121.568172, 25.043316], [121.568211, 25.043315], [121.568226, 25.043313], [121.568253, 25.043306], [121.568279, 25.043299], [121.568319, 25.043285], [121.568337, 25.043278], [121.568362, 25.043265], [121.568377, 25.043255], [121.568421, 25.043222], [121.568461, 25.043183], [121.568012, 25.043196]]]]}, "properties": {"name": "公園", "area": 0}}, {"type": "Feature", "geometry": {"type": "MultiPolygon", "coordinates": [[[[121.568078, 25.023343], [121.568081, 25.02331], [121.568082, 25.023306], [121.568082, 25.023303], [121.568082, 25.023299], [121.568083, 25.023294], [121.568084, 25.023289], [121.568085, 25.023279], [121.568086, 25.023269], [121.568087, 25.023259], [121.568088, 25.023249], [121.568089, 25.023239], [121.568095, 25.023217], [121.568103, 25.023184], [121.568107, 25.023166], [121.568115, 25.023146], [121.567891, 25.023052], [121.567891, 25.023052], [121.567891, 25.023053], [121.567895, 25.023062], [121.567898, 25.023071], [121.567902, 25.023081], [121.567904, 25.02309], [121.567907, 25.023099], [121.567909, 25.023109], [121.567912, 25.023118], [121.567913, 25.023128], [121.567915, 25.023138], [121.567916, 25.023147], [121.567917, 25.023157], [121.567918, 25.023167], [121.567919, 25.023176], [121.567919, 25.023186], [121.567919, 25.023196], [121.567919, 25.023205], [121.567918, 25.023215], [121.567917, 25.023225], [121.567916, 25.023234], [121.567915, 25.023244], [121.567913, 25.023254], [121.567911, 25.023263], [121.567909, 25.023273], [121.567907, 25.023282], [121.567904, 25.023292], [121.567901, 25.023301], [121.567898, 25.02331], [121.567894, 25.023319], [121.567891, 25.023328], [121.567887, 25.023338], [121.567883, 25.023346], [121.567878, 25.023355], [121.567874, 25.023364], [121.567869, 25.023373], [121.567868, 25.023374], [121.567864, 25.023381], [121.567858, 25.02339], [121.567853, 25.023398], [121.567847, 25.023406], [121.567841, 25.023414], [121.567834, 25.023422], [121.567828, 25.023429], [121.567821, 25.023437], [121.567814, 25.023444], [121.567807, 25.023452], [121.56779, 25.023468], [121.567772, 25.023483], [121.567668, 25.023573], [121.567642, 25.023595], [121.567636, 25.0236], [121.567631, 25.023606], [121.567626, 25.023612], [121.567621, 25.023618], [121.567617, 25.023625], [121.567614, 25.023631], [121.56761, 25.023638], [121.567608, 25.023645], [121.567606, 25.023652], [121.567604, 25.02366], [121.567603, 25.023667], [121.567603, 25.023675], [121.567603, 25.023682], [121.567603, 25.023689], [121.567605, 25.023697], [121.567606, 25.023704], [121.567608, 25.023711], [121.56761, 25.023716], [121.56762, 25.023711], [121.567865, 25.023579], [121.567875, 25.023574], [121.567907, 25.023562], [121.567941, 25.023554], [121.56796, 25.023551], [121.567999, 25.023561], [121.56802, 25.023567], [121.568049, 25.023576], [121.568067, 25.023581], [121.56808, 25.023583], [121.568086, 25.023582], [121.56809, 25.02358], [121.568093, 25.023576], [121.568094, 25.02357], [121.568085, 25.023512], [121.568083, 25.023471], [121.568082, 25.023461], [121.568082, 25.023453], [121.56808, 25.023406], [121.568078, 25.023343]]]]}, "properties": {"name": "公園", "area": 0}}, {"type": "Feature", "geometry": {"type": "MultiPolygon", "coordinates": [[[[121.568442, 25.055953], [121.568428, 25.056033], [121.568452, 25.056061], [121.568742, 25.056084], [121.568773, 25.056061], [121.568792, 25.055952], [121.568848, 25.055627], [121.568937, 25.055114], [121.568913, 25.055086], [121.568624, 25.055062], [121.568592, 25.055085], [121.568442, 25.055953]]]]}, "properties": {"name": "公園", "area": 0}}, {"type": "Feature", "geometry": {"type": "MultiPolygon", "coordinates": [[[[121.568459, 25.108726], [121.568769, 25.109093], [121.569033, 25.108474], [121.569146, 25.108207], [121.569107, 25.108151], [121.569083, 25.108112], [121.569067, 25.108086], [121.568789, 25.108588], [121.568549, 25.108688], [121.568459, 25.108726]]]]}, "properties": {"name": "公園", "area": 0}}, {"type": "Feature", "geometry": {"type": "MultiPolygon", "coordinates": [[[[121.568471, 25.080033], [121.569188, 25.079708], [121.568899, 25.079212], [121.568385, 25.079445], [121.568178, 25.079539], [121.568167, 25.079544], [121.568457, 25.08004], [121.568471, 25.080033]]]]}, "properties": {"name": "公園", "area": 0}}, {"type": "Feature", "geometry": {"type": "MultiPolygon", "coordinates": [[[[121.568507, 25.043128], [121.568537, 25.043088], [121.568566, 25.043048], [121.568624, 25.042971], [121.568686, 25.042888], [121.568682, 25.042774], [121.568653, 25.04275], [121.568549, 25.042753], [121.568489, 25.042834], [121.568464, 25.042867], [121.568426, 25.042918], [121.568377, 25.042982], [121.568328, 25.043047], [121.568295, 25.043086], [121.568284, 25.043097], [121.56827, 25.043108], [121.568253, 25.043118], [121.568237, 25.043127], [121.568219, 25.043136], [121.568238, 25.043135], [121.568507, 25.043128]]]]}, "properties": {"name": "公園", "area": 0}}, {"type": "Feature", "geometry": {"type": "MultiPolygon", "coordinates": [[[[121.56855, 25.049181], [121.568932, 25.049221], [121.568939, 25.049213], [121.568565, 25.049124], [121.568565, 25.049124], [121.56855, 25.049181]]]]}, "properties": {"name": "公園", "area": 0}}, {"type": "Feature", "geometry": {"type": "MultiPolygon", "coordinates": [[[[121.568553, 25.006395], [121.568548, 25.006423], [121.568546, 25.006437], [121.568544, 25.006453], [121.568541, 25.006717], [121.568543, 25.006726], [121.568548, 25.006734], [121.568555, 25.00674], [121.568565, 25.006742], [121.568567, 25.006742], [121.568658, 25.00674], [121.568768, 25.006735], [121.568778, 25.006731], [121.568785, 25.006724], [121.56879, 25.006715], [121.568791, 25.006711], [121.568789, 25.006469], [121.568792, 25.006452], [121.568799, 25.006436], [121.568809, 25.006421], [121.568822, 25.006408], [121.568835, 25.0064], [121.568857, 25.006393], [121.568865, 25.006392], [121.568912, 25.006389], [121.569038, 25.006379], [121.56905, 25.006377], [121.56906, 25.006371], [121.569067, 25.006362], [121.569071, 25.006352], [121.569071, 25.006347], [121.569042, 25.006188], [121.569039, 25.006176], [121.569033, 25.006166], [121.569023, 25.006158], [121.569011, 25.006154], [121.569, 25.006152], [121.568934, 25.006158], [121.568831, 25.006167], [121.568803, 25.006171], [121.568769, 25.006179], [121.568736, 25.006191], [121.568704, 25.006205], [121.568675, 25.006223], [121.568647, 25.006244], [121.568623, 25.006267], [121.568601, 25.006293], [121.568583, 25.006321], [121.568568, 25.00635], [121.568557, 25.006381], [121.568553, 25.006395]]]]}, "properties": {"name": "公園", "area": 0}}, {"type": "Feature", "geometry": {"type": "MultiPolygon", "coordinates": [[[[121.568601, 25.054217], [121.568599, 25.054247], [121.568598, 25.054272], [121.568625, 25.054274], [121.56866, 25.054276], [121.569159, 25.054311], [121.569181, 25.054019], [121.569155, 25.053992], [121.568645, 25.053967], [121.568616, 25.053991], [121.568601, 25.054217]]]]}, "properties": {"name": "公園", "area": 0}}, {"type": "Feature", "geometry": {"type": "MultiPolygon", "coordinates": [[[[121.568619, 25.042696], [121.568651, 25.042696], [121.568678, 25.042669], [121.568678, 25.042666], [121.56865, 25.042677], [121.568619, 25.042696]]]]}, "properties": {"name": "公園", "area": 0}}, {"type": "Feature", "geometry": {"type": "MultiPolygon", "coordinates": [[[[121.568713, 25.062116], [121.568944, 25.06215], [121.568944, 25.06215], [121.568987, 25.061899], [121.568963, 25.061869], [121.568761, 25.061841], [121.568713, 25.062116]]]]}, "properties": {"name": "公園", "area": 0}}, {"type": "Feature", "geometry": {"type": "MultiPolygon", "coordinates": [[[[121.568791, 25.006711], [121.568788, 25.00672], [121.568782, 25.006728], [121.568773, 25.006734], [121.568768, 25.006735], [121.568868, 25.006731], [121.568858, 25.006729], [121.568849, 25.006724], [121.568843, 25.006716], [121.568841, 25.006708], [121.568839, 25.006469], [121.568841, 25.006459], [121.568846, 25.00645], [121.568855, 25.006443], [121.568866, 25.006439], [121.56887, 25.006438], [121.569055, 25.006424], [121.569067, 25.006427], [121.569078, 25.006433], [121.569086, 25.006442], [121.569091, 25.006452], [121.569071, 25.006347], [121.569069, 25.006358], [121.569063, 25.006367], [121.569054, 25.006375], [121.569043, 25.006379], [121.569038, 25.006379], [121.569038, 25.006379], [121.568865, 25.006392], [121.568843, 25.006397], [121.568835, 25.0064], [121.56882, 25.00641], [121.568807, 25.006423], [121.568797, 25.006439], [121.568791, 25.006455], [121.568789, 25.006469], [121.568791, 25.006711]]]]}, "properties": {"name": "公園", "area": 0}}, {"type": "Feature", "geometry": {"type": "MultiPolygon", "coordinates": [[[[121.568797, 25.042666], [121.568826, 25.042691], [121.569104, 25.042683], [121.569112, 25.042683], [121.569048, 25.042664], [121.569001, 25.042651], [121.568887, 25.042622], [121.568866, 25.042616], [121.568844, 25.042612], [121.568831, 25.042612], [121.568821, 25.042612], [121.568796, 25.042613], [121.568796, 25.042619], [121.568797, 25.042666]]]]}, "properties": {"name": "公園", "area": 0}}, {"type": "Feature", "geometry": {"type": "MultiPolygon", "coordinates": [[[[121.568819, 25.058656], [121.568825, 25.058645], [121.568826, 25.058633], [121.568824, 25.058621], [121.568818, 25.05861], [121.568809, 25.058601], [121.568797, 25.058596], [121.568786, 25.058593], [121.568662, 25.058584], [121.568632, 25.058582], [121.568165, 25.058546], [121.568165, 25.058546], [121.56811, 25.05915], [121.56811, 25.05915], [121.568298, 25.059163], [121.568377, 25.059169], [121.568387, 25.059169], [121.568397, 25.059167], [121.568406, 25.059164], [121.568415, 25.059159], [121.568422, 25.059153], [121.568425, 25.05915], [121.568468, 25.059101], [121.56866, 25.058861], [121.568661, 25.058862], [121.568661, 25.058861], [121.56866, 25.058861], [121.568785, 25.058705], [121.568788, 25.058701], [121.568819, 25.058656]]]]}, "properties": {"name": "公園", "area": 0}}, {"type": "Feature", "geometry": {"type": "MultiPolygon", "coordinates": [[[[121.568841, 25.006708], [121.568844, 25.006717], [121.56885, 25.006725], [121.568859, 25.00673], [121.568868, 25.006731], [121.568958, 25.006729], [121.569102, 25.006723], [121.569114, 25.006721], [121.569123, 25.006716], [121.569131, 25.006708], [121.569135, 25.006698], [121.569135, 25.006696], [121.569136, 25.006691], [121.569091, 25.006452], [121.569086, 25.006441], [121.569077, 25.006433], [121.569066, 25.006427], [121.569055, 25.006424], [121.56887, 25.006438], [121.568859, 25.006441], [121.568849, 25.006447], [121.568842, 25.006455], [121.568839, 25.006465], [121.568839, 25.006469], [121.568841, 25.006708]]]]}, "properties": {"name": "公園", "area": 0}}, {"type": "Feature", "geometry": {"type": "MultiPolygon", "coordinates": [[[[121.568964, 24.984694], [121.568972, 24.98469], [121.568978, 24.984684], [121.56898, 24.984676], [121.568978, 24.984667], [121.568973, 24.98466], [121.568966, 24.984656], [121.568559, 24.984518], [121.568434, 24.984822], [121.568964, 24.984694]]]]}, "properties": {"name": "公園", "area": 0}}, {"type": "Feature", "geometry": {"type": "MultiPolygon", "coordinates": [[[[121.569278, 24.99944], [121.569302, 24.99884], [121.569232, 24.998853], [121.569189, 24.998894], [121.569164, 24.99892], [121.569155, 24.998932], [121.569144, 24.998951], [121.569136, 24.998972], [121.569132, 24.998988], [121.569131, 24.999001], [121.569123, 24.999447], [121.569122, 24.99946], [121.569114, 24.999559], [121.569103, 24.999638], [121.569093, 24.99972], [121.569054, 24.999869], [121.569022, 24.999969], [121.568987, 25.000059], [121.56894, 25.000168], [121.568856, 25.000349], [121.568851, 25.000361], [121.568849, 25.00038], [121.568851, 25.000398], [121.568857, 25.000416], [121.568867, 25.000433], [121.568878, 25.000445], [121.569006, 25.00052], [121.569189, 25.000619], [121.569304, 25.000677], [121.569316, 25.000583], [121.569248, 25.000492], [121.569172, 25.000156], [121.569278, 24.99944]]]]}, "properties": {"name": "公園", "area": 0}}, {"type": "Feature", "geometry": {"type": "MultiPolygon", "coordinates": [[[[121.569412, 25.00172], [121.569672, 25.001924], [121.569771, 25.001872], [121.569772, 25.001789], [121.569722, 25.001587], [121.569673, 25.001391], [121.569476, 25.001165], [121.569281, 25.000814], [121.56929, 25.000776], [121.569291, 25.00077], [121.56914, 25.000697], [121.568954, 25.000597], [121.568896, 25.000563], [121.568828, 25.000535], [121.568812, 25.00053], [121.568794, 25.000528], [121.568777, 25.00053], [121.568761, 25.000536], [121.568746, 25.000544], [121.568738, 25.000552], [121.568702, 25.000596], [121.568656, 25.000651], [121.568612, 25.000703], [121.568578, 25.000745], [121.568548, 25.000779], [121.568382, 25.000948], [121.568318, 25.001007], [121.568246, 25.00107], [121.568158, 25.001144], [121.56793, 25.001299], [121.567766, 25.001394], [121.567737, 25.00141], [121.567712, 25.001424], [121.567691, 25.001435], [121.567585, 25.00149], [121.567569, 25.001496], [121.567434, 25.001568], [121.567346, 25.00162], [121.567603, 25.001698], [121.567902, 25.001789], [121.568048, 25.001814], [121.568148, 25.001858], [121.568229, 25.001863], [121.56828, 25.001797], [121.568253, 25.001585], [121.568259, 25.001464], [121.568625, 25.00136], [121.568774, 25.001177], [121.568902, 25.00113], [121.568999, 25.001119], [121.569067, 25.001138], [121.569356, 25.001507], [121.569412, 25.00172]]]]}, "properties": {"name": "公園", "area": 0}}, {"type": "Feature", "geometry": {"type": "MultiPolygon", "coordinates": [[[[121.569637, 25.041948], [121.569648, 25.042269], [121.570105, 25.042257], [121.570132, 25.042231], [121.570123, 25.041961], [121.570095, 25.041936], [121.569637, 25.041948]]]]}, "properties": {"name": "公園", "area": 0}}, {"type": "Feature", "geometry": {"type": "MultiPolygon", "coordinates": [[[[121.569647, 25.042723], [121.568828, 25.042745], [121.568801, 25.042771], [121.568802, 25.042808], [121.568815, 25.042808], [121.568829, 25.04281], [121.568845, 25.042814], [121.568847, 25.042814], [121.568891, 25.042827], [121.568893, 25.042828], [121.568924, 25.042838], [121.568962, 25.042849], [121.568987, 25.042857], [121.569049, 25.042879], [121.56911, 25.042896], [121.569118, 25.042898], [121.569164, 25.042907], [121.569201, 25.042911], [121.569212, 25.042911], [121.569228, 25.042912], [121.569228, 25.042912], [121.569237, 25.042911], [121.569259, 25.042911], [121.569273, 25.042911], [121.569287, 25.042909], [121.569318, 25.042906], [121.569344, 25.042899], [121.569349, 25.042897], [121.569375, 25.042888], [121.5694, 25.042878], [121.569402, 25.042878], [121.569414, 25.042872], [121.569436, 25.042861], [121.569444, 25.042857], [121.569492, 25.042832], [121.569535, 25.042806], [121.569538, 25.042804], [121.569561, 25.042787], [121.569601, 25.042757], [121.569647, 25.042723]]]]}, "properties": {"name": "公園", "area": 0}}, {"type": "Feature", "geometry": {"type": "MultiPolygon", "coordinates": [[[[121.569683, 25.042341], [121.569653, 25.042373], [121.569645, 25.042382], [121.569638, 25.042393], [121.569631, 25.042405], [121.569625, 25.042415], [121.569621, 25.042424], [121.569615, 25.042439], [121.569613, 25.042446], [121.569611, 25.042452], [121.569608, 25.04246], [121.569605, 25.042472], [121.5696, 25.042487], [121.569595, 25.042506], [121.569584, 25.042526], [121.569572, 25.042543], [121.569567, 25.042546], [121.569536, 25.042572], [121.569506, 25.042596], [121.569469, 25.042624], [121.569445, 25.042643], [121.569427, 25.042656], [121.569416, 25.042662], [121.569389, 25.042676], [121.569716, 25.042667], [121.569728, 25.042653], [121.56974, 25.042638], [121.569754, 25.042617], [121.569764, 25.042597], [121.569775, 25.042575], [121.569783, 25.04255], [121.569793, 25.042516], [121.569797, 25.042505], [121.569801, 25.0425], [121.569803, 25.042497], [121.569806, 25.042494], [121.569818, 25.042483], [121.569828, 25.042476], [121.569839, 25.042468], [121.569855, 25.042459], [121.569876, 25.042449], [121.569886, 25.042447], [121.569909, 25.042439], [121.569925, 25.04243], [121.569948, 25.042411], [121.569962, 25.042398], [121.569974, 25.042384], [121.569992, 25.042365], [121.570001, 25.042355], [121.570008, 25.042347], [121.570014, 25.04234], [121.570019, 25.042334], [121.57002, 25.042332], [121.569724, 25.042339], [121.569683, 25.042341]]]]}, "properties": {"name": "公園", "area": 0}}, {"type": "Feature", "geometry": {"type": "MultiPolygon", "coordinates": [[[[121.569721, 25.031572], [121.569718, 25.031717], [121.569714, 25.031873], [121.569716, 25.031909], [121.56973, 25.032262], [121.570004, 25.032256], [121.570018, 25.03259], [121.57126, 25.032562], [121.571344, 25.032382], [121.571335, 25.032341], [121.571244, 25.032325], [121.571001, 25.031946], [121.570842, 25.031982], [121.570667, 25.031788], [121.570458, 25.031841], [121.570306, 25.031632], [121.570362, 25.031586], [121.57033, 25.031381], [121.57042, 25.031292], [121.570569, 25.031068], [121.570332, 25.029991], [121.57032, 25.029641], [121.570511, 25.029363], [121.570407, 25.029083], [121.570401, 25.028861], [121.570395, 25.028677], [121.570434, 25.028545], [121.570442, 25.028517], [121.570179, 25.028523], [121.569818, 25.02853], [121.56979, 25.028555], [121.569783, 25.028864], [121.569721, 25.031572]]]]}, "properties": {"name": "公園", "area": 0}}, {"type": "Feature", "geometry": {"type": "MultiPolygon", "coordinates": [[[[121.569814, 25.105394], [121.569886, 25.105268], [121.570123, 25.104897], [121.569802, 25.104699], [121.569749, 25.104677], [121.569648, 25.104415], [121.56941, 25.104428], [121.569104, 25.104521], [121.568798, 25.104676], [121.568721, 25.104678], [121.568697, 25.104703], [121.568323, 25.104981], [121.568472, 25.104973], [121.568719, 25.104964], [121.568994, 25.104991], [121.569289, 25.105069], [121.569621, 25.105225], [121.569814, 25.105394]]]]}, "properties": {"name": "公園", "area": 0}}, {"type": "Feature", "geometry": {"type": "MultiPolygon", "coordinates": [[[[121.569878, 25.028023], [121.569889, 25.028429], [121.570189, 25.028424], [121.570547, 25.028211], [121.570219, 25.027899], [121.570357, 25.027789], [121.570184, 25.027641], [121.569878, 25.028023]]]]}, "properties": {"name": "公園", "area": 0}}, {"type": "Feature", "geometry": {"type": "MultiPolygon", "coordinates": [[[[121.569903, 25.106895], [121.569832, 25.106846], [121.569793, 25.106811], [121.569746, 25.106756], [121.569721, 25.106718], [121.569703, 25.106687], [121.569686, 25.106659], [121.569665, 25.106634], [121.569641, 25.10661], [121.569619, 25.106593], [121.569255, 25.10633], [121.569221, 25.106308], [121.569168, 25.106284], [121.569058, 25.106244], [121.568947, 25.106208], [121.568835, 25.106174], [121.568721, 25.106145], [121.568606, 25.106119], [121.568491, 25.106096], [121.568374, 25.106077], [121.568257, 25.106062], [121.56814, 25.10605], [121.568022, 25.106041], [121.567905, 25.106037], [121.56755, 25.106055], [121.567461, 25.106053], [121.567197, 25.106022], [121.566813, 25.105943], [121.566782, 25.10602], [121.566997, 25.106059], [121.567599, 25.10621], [121.567592, 25.10632], [121.568392, 25.106517], [121.568369, 25.106587], [121.568922, 25.106801], [121.568855, 25.10699], [121.56884, 25.107031], [121.56907, 25.107137], [121.56915, 25.107188], [121.569191, 25.107227], [121.569233, 25.107283], [121.569259, 25.107334], [121.569273, 25.107381], [121.569278, 25.107408], [121.569279, 25.107446], [121.569275, 25.107487], [121.569268, 25.107522], [121.569261, 25.107547], [121.569248, 25.107578], [121.569231, 25.107613], [121.569207, 25.107649], [121.569185, 25.107677], [121.569161, 25.107702], [121.569132, 25.107727], [121.569106, 25.107746], [121.569094, 25.107756], [121.569084, 25.107769], [121.569079, 25.107783], [121.569077, 25.107795], [121.569075, 25.107831], [121.569078, 25.107867], [121.569085, 25.107902], [121.569095, 25.107937], [121.569109, 25.10797], [121.569121, 25.107992], [121.56917, 25.108068], [121.569223, 25.10815], [121.569263, 25.108195], [121.56927, 25.108201], [121.569305, 25.108224], [121.569345, 25.108247], [121.569368, 25.108259], [121.569683, 25.107338], [121.569744, 25.107105], [121.570421, 25.10726], [121.57063, 25.107286], [121.570509, 25.107212], [121.570387, 25.10714], [121.570262, 25.107072], [121.570135, 25.107007], [121.570006, 25.106945], [121.569951, 25.10692], [121.569903, 25.106895]]]]}, "properties": {"name": "公園", "area": 0}}, {"type": "Feature", "geometry": {"type": "MultiPolygon", "coordinates": [[[[121.569925, 24.98331], [121.569923, 24.983321], [121.569925, 24.983332], [121.569931, 24.983342], [121.569939, 24.98335], [121.56995, 24.983355], [121.570056, 24.983387], [121.570468, 24.983639], [121.570538, 24.983682], [121.570627, 24.983744], [121.570711, 24.983812], [121.57074, 24.983838], [121.570783, 24.983878], [121.57083, 24.983927], [121.570897, 24.984005], [121.570752, 24.983786], [121.57057, 24.983554], [121.570421, 24.983375], [121.570315, 24.983257], [121.570234, 24.983177], [121.570125, 24.983078], [121.570036, 24.983004], [121.569925, 24.98331]]]]}, "properties": {"name": "公園", "area": 0}}, {"type": "Feature", "geometry": {"type": "MultiPolygon", "coordinates": [[[[121.569954, 25.054967], [121.569941, 25.055043], [121.569931, 25.055101], [121.570005, 25.055112], [121.570079, 25.055122], [121.570108, 25.0551], [121.570153, 25.054822], [121.569984, 25.054796], [121.569954, 25.054967]]]]}, "properties": {"name": "公園", "area": 0}}, {"type": "Feature", "geometry": {"type": "MultiPolygon", "coordinates": [[[[121.570049, 25.085925], [121.569998, 25.085966], [121.56994, 25.085999], [121.56987, 25.086026], [121.569804, 25.086041], [121.56973, 25.086046], [121.569655, 25.086039], [121.569578, 25.086019], [121.569524, 25.085996], [121.569463, 25.085959], [121.569386, 25.085899], [121.569326, 25.085842], [121.56928, 25.08579], [121.569236, 25.08573], [121.569194, 25.085661], [121.569156, 25.085595], [121.569128, 25.085549], [121.569096, 25.085506], [121.569061, 25.085464], [121.569023, 25.085425], [121.568982, 25.085388], [121.568938, 25.085354], [121.568904, 25.085331], [121.568758, 25.085235], [121.568676, 25.08518], [121.568571, 25.085101], [121.568441, 25.084992], [121.568274, 25.084842], [121.568102, 25.084858], [121.568101, 25.085228], [121.5681, 25.085462], [121.568408, 25.085462], [121.568478, 25.085466], [121.568534, 25.085477], [121.568599, 25.085498], [121.56867, 25.085533], [121.568714, 25.085562], [121.568759, 25.085601], [121.568852, 25.085692], [121.568904, 25.085747], [121.568957, 25.085813], [121.568999, 25.085873], [121.569028, 25.085922], [121.56906, 25.085984], [121.569089, 25.086054], [121.569118, 25.086143], [121.569136, 25.086226], [121.569145, 25.086297], [121.569148, 25.086309], [121.569155, 25.086318], [121.569165, 25.086325], [121.569176, 25.08633], [121.569184, 25.086331], [121.569196, 25.086331], [121.569201, 25.086291], [121.569273, 25.086261], [121.569355, 25.086226], [121.569402, 25.086201], [121.569499, 25.086177], [121.569716, 25.086078], [121.569871, 25.086072], [121.570034, 25.086136], [121.570046, 25.086137], [121.570049, 25.085925]]]]}, "properties": {"name": "公園", "area": 0}}, {"type": "Feature", "geometry": {"type": "MultiPolygon", "coordinates": [[[[121.570056, 25.054385], [121.570055, 25.05439], [121.570048, 25.05443], [121.570212, 25.054455], [121.570213, 25.054455], [121.570219, 25.054414], [121.57022, 25.054414], [121.57022, 25.054414], [121.570219, 25.054414], [121.570228, 25.054362], [121.570203, 25.054336], [121.570161, 25.05433], [121.570067, 25.054317], [121.570056, 25.054385]]]]}, "properties": {"name": "公園", "area": 0}}, {"type": "Feature", "geometry": {"type": "MultiPolygon", "coordinates": [[[[121.57006, 25.041853], [121.570049, 25.041883], [121.570093, 25.041882], [121.57012, 25.041856], [121.570115, 25.041718], [121.570111, 25.041728], [121.570093, 25.04177], [121.570081, 25.041799], [121.57006, 25.041853]]]]}, "properties": {"name": "公園", "area": 0}}, {"type": "Feature", "geometry": {"type": "MultiPolygon", "coordinates": [[[[121.570259, 25.041852], [121.570259, 25.041872], [121.570259, 25.041878], [121.570268, 25.041858], [121.570274, 25.041842], [121.570313, 25.041739], [121.570334, 25.041685], [121.570337, 25.04168], [121.570343, 25.041668], [121.570351, 25.041655], [121.570361, 25.041645], [121.570371, 25.041636], [121.570411, 25.041606], [121.570431, 25.041591], [121.570452, 25.041578], [121.570482, 25.041561], [121.570506, 25.041549], [121.570276, 25.041556], [121.570249, 25.041582], [121.570259, 25.041852]]]]}, "properties": {"name": "公園", "area": 0}}, {"type": "Feature", "geometry": {"type": "MultiPolygon", "coordinates": [[[[121.57033, 25.034836], [121.569759, 25.034848], [121.569738, 25.034849], [121.569756, 25.035616], [121.569761, 25.035827], [121.569768, 25.036043], [121.569782, 25.036492], [121.569783, 25.036516], [121.570014, 25.036518], [121.570324, 25.036513], [121.570345, 25.036501], [121.570346, 25.036421], [121.570342, 25.036041], [121.570337, 25.035595], [121.57033, 25.034836]]]]}, "properties": {"name": "公園", "area": 0}}, {"type": "Feature", "geometry": {"type": "MultiPolygon", "coordinates": [[[[121.57041, 25.046166], [121.570439, 25.04619], [121.570786, 25.046181], [121.570828, 25.04618], [121.570789, 25.046147], [121.570409, 25.045832], [121.570399, 25.045823], [121.570399, 25.045838], [121.57041, 25.046166]]]]}, "properties": {"name": "公園", "area": 0}}, {"type": "Feature", "geometry": {"type": "MultiPolygon", "coordinates": [[[[121.570436, 25.109428], [121.570134, 25.109255], [121.570524, 25.108643], [121.570507, 25.108636], [121.570482, 25.108623], [121.570156, 25.108457], [121.570089, 25.108422], [121.570027, 25.108403], [121.569961, 25.108385], [121.569954, 25.108384], [121.569901, 25.108375], [121.569847, 25.10837], [121.569792, 25.108369], [121.569738, 25.108371], [121.569711, 25.108374], [121.569582, 25.108384], [121.569629, 25.10897], [121.568769, 25.109093], [121.569316, 25.109235], [121.569457, 25.10959], [121.569632, 25.109579], [121.56975, 25.109542], [121.569872, 25.109633], [121.5699, 25.10971], [121.569964, 25.10977], [121.570381, 25.109468], [121.570436, 25.109428]]]]}, "properties": {"name": "公園", "area": 0}}, {"type": "Feature", "geometry": {"type": "MultiPolygon", "coordinates": [[[[121.570448, 25.041356], [121.570445, 25.041367], [121.570439, 25.041377], [121.570429, 25.041385], [121.570425, 25.041387], [121.57041, 25.041393], [121.570332, 25.041434], [121.570271, 25.041474], [121.570256, 25.041486], [121.570269, 25.041497], [121.570274, 25.041502], [121.570581, 25.041493], [121.570597, 25.041492], [121.570607, 25.041477], [121.570629, 25.041439], [121.570643, 25.041408], [121.570646, 25.041387], [121.570647, 25.041362], [121.570648, 25.041308], [121.570651, 25.041178], [121.570653, 25.04113], [121.570628, 25.04113], [121.570454, 25.041135], [121.570453, 25.04117], [121.570448, 25.041356]]]]}, "properties": {"name": "公園", "area": 0}}, {"type": "Feature", "geometry": {"type": "MultiPolygon", "coordinates": [[[[121.570486, 24.991777], [121.569945, 24.991783], [121.569917, 24.991783], [121.569904, 24.991785], [121.569893, 24.99179], [121.569884, 24.991799], [121.569878, 24.991809], [121.569878, 24.991809], [121.569769, 24.992137], [121.569758, 24.992161], [121.569744, 24.992183], [121.569727, 24.992203], [121.569707, 24.99222], [121.569684, 24.992235], [121.569659, 24.992247], [121.569656, 24.992248], [121.569745, 24.992297], [121.569952, 24.99241], [121.570061, 24.99245], [121.570062, 24.99245], [121.570062, 24.99245], [121.570209, 24.992217], [121.570486, 24.991777]]]]}, "properties": {"name": "公園", "area": 0}}, {"type": "Feature", "geometry": {"type": "MultiPolygon", "coordinates": [[[[121.570655, 25.084181], [121.5706, 25.083833], [121.570525, 25.083354], [121.570438, 25.083029], [121.570438, 25.083029], [121.570401, 25.082891], [121.570401, 25.082891], [121.570394, 25.082865], [121.570161, 25.082859], [121.570111, 25.082707], [121.569796, 25.082722], [121.569799, 25.082845], [121.569971, 25.082814], [121.5701, 25.083031], [121.570096, 25.083031], [121.570282, 25.083344], [121.57019, 25.083384], [121.570065, 25.083645], [121.57005, 25.083737], [121.570037, 25.083817], [121.570135, 25.084095], [121.570055, 25.0841], [121.570057, 25.084301], [121.570221, 25.084282], [121.570384, 25.08426], [121.570547, 25.084235], [121.570623, 25.084222], [121.570635, 25.084218], [121.570645, 25.084211], [121.570652, 25.084201], [121.570655, 25.08419], [121.570655, 25.084181]]]]}, "properties": {"name": "公園", "area": 0}}, {"type": "Feature", "geometry": {"type": "MultiPolygon", "coordinates": [[[[121.5707, 25.019069], [121.570694, 25.019074], [121.570688, 25.01908], [121.570682, 25.019086], [121.570677, 25.019092], [121.570672, 25.019098], [121.570667, 25.019104], [121.570663, 25.019111], [121.570659, 25.019118], [121.570655, 25.019125], [121.570652, 25.019132], [121.570643, 25.01915], [121.570659, 25.019184], [121.570676, 25.019189], [121.571024, 25.019279], [121.571157, 25.019314], [121.570943, 25.018872], [121.5707, 25.019069]]]]}, "properties": {"name": "公園", "area": 0}}, {"type": "Feature", "geometry": {"type": "MultiPolygon", "coordinates": [[[[121.571048, 24.986024], [121.570871, 24.98604], [121.570833, 24.986043], [121.570824, 24.986045], [121.570815, 24.98605], [121.570804, 24.986064], [121.570802, 24.986073], [121.5708, 24.986116], [121.570783, 24.986478], [121.570778, 24.986576], [121.570771, 24.987027], [121.570767, 24.987296], [121.570898, 24.987299], [121.570924, 24.986758], [121.570927, 24.986723], [121.571048, 24.986024]]]]}, "properties": {"name": "公園", "area": 0}}, {"type": "Feature", "geometry": {"type": "MultiPolygon", "coordinates": [[[[121.571628, 25.047587], [121.571636, 25.047815], [121.571639, 25.047884], [121.571668, 25.047908], [121.572061, 25.047897], [121.572088, 25.047871], [121.572086, 25.047814], [121.572068, 25.04731], [121.572039, 25.047285], [121.571646, 25.047296], [121.571619, 25.047322], [121.571628, 25.047587]]]]}, "properties": {"name": "公園", "area": 0}}, {"type": "Feature", "geometry": {"type": "MultiPolygon", "coordinates": [[[[121.571819, 25.01852], [121.571812, 25.018521], [121.571883, 25.018759], [121.572152, 25.018838], [121.572218, 25.018857], [121.572525, 25.018521], [121.572517, 25.018519], [121.572446, 25.0185], [121.572437, 25.018499], [121.57237, 25.018489], [121.572293, 25.018479], [121.572283, 25.018478], [121.572274, 25.018478], [121.572264, 25.018477], [121.572254, 25.018476], [121.572112, 25.018477], [121.572012, 25.01849], [121.571819, 25.01852]]]]}, "properties": {"name": "公園", "area": 0}}, {"type": "Feature", "geometry": {"type": "MultiPolygon", "coordinates": [[[[121.571869, 25.018642], [121.571915, 25.018562], [121.571831, 25.018524], [121.571831, 25.018524], [121.571793, 25.018614], [121.571869, 25.018642]]]]}, "properties": {"name": "公園", "area": 0}}, {"type": "Feature", "geometry": {"type": "MultiPolygon", "coordinates": [[[[121.571898, 24.997701], [121.571459, 24.996508], [121.57087, 24.996646], [121.570889, 24.996686], [121.57092, 24.996749], [121.570962, 24.99683], [121.571002, 24.996913], [121.571146, 24.997204], [121.571164, 24.997243], [121.571178, 24.997283], [121.571184, 24.997302], [121.571194, 24.997341], [121.571201, 24.99738], [121.571204, 24.99742], [121.571204, 24.997427], [121.571207, 24.997463], [121.571205, 24.9975], [121.571205, 24.9975], [121.571202, 24.997533], [121.571201, 24.997542], [121.571196, 24.997573], [121.571195, 24.997574], [121.571186, 24.997615], [121.57118, 24.997633], [121.571179, 24.997644], [121.571181, 24.997654], [121.571187, 24.997662], [121.571196, 24.997669], [121.5712, 24.99767], [121.571392, 24.997737], [121.571419, 24.997749], [121.571445, 24.997763], [121.571466, 24.997779], [121.571484, 24.997795], [121.571503, 24.997818], [121.571505, 24.997817], [121.571898, 24.997701]]]]}, "properties": {"name": "公園", "area": 0}}, {"type": "Feature", "geometry": {"type": "MultiPolygon", "coordinates": [[[[121.572082, 25.042177], [121.572111, 25.042202], [121.572505, 25.042191], [121.572532, 25.042165], [121.572519, 25.041815], [121.572069, 25.041826], [121.572082, 25.042177]]]]}, "properties": {"name": "公園", "area": 0}}, {"type": "Feature", "geometry": {"type": "MultiPolygon", "coordinates": [[[[121.5726, 25.023106], [121.572587, 25.023112], [121.572537, 25.02315], [121.572386, 25.023264], [121.572274, 25.023363], [121.572226, 25.023437], [121.57221, 25.023463], [121.572355, 25.023636], [121.572552, 25.023436], [121.573003, 25.022981], [121.573204, 25.022878], [121.573205, 25.022745], [121.573133, 25.022638], [121.572883, 25.022891], [121.572705, 25.023041], [121.572656, 25.023081], [121.57263, 25.023093], [121.5726, 25.023106]]]]}, "properties": {"name": "公園", "area": 0}}, {"type": "Feature", "geometry": {"type": "MultiPolygon", "coordinates": [[[[121.572924, 25.035148], [121.573467, 25.035126], [121.573456, 25.034799], [121.57342, 25.034768], [121.572921, 25.034779], [121.572924, 25.035148]]]]}, "properties": {"name": "公園", "area": 0}}, {"type": "Feature", "geometry": {"type": "MultiPolygon", "coordinates": [[[[121.572933, 25.036463], [121.573469, 25.03645], [121.573508, 25.036417], [121.573467, 25.035126], [121.572924, 25.035148], [121.572933, 25.036463]]]]}, "properties": {"name": "公園", "area": 0}}, {"type": "Feature", "geometry": {"type": "MultiPolygon", "coordinates": [[[[121.573077, 24.991441], [121.573081, 24.991447], [121.573088, 24.99145], [121.573089, 24.991451], [121.572972, 24.990461], [121.572804, 24.990457], [121.573077, 24.991441]]]]}, "properties": {"name": "公園", "area": 0}}, {"type": "Feature", "geometry": {"type": "MultiPolygon", "coordinates": [[[[121.573087, 24.99145], [121.573087, 24.99145], [121.573081, 24.991448], [121.573087, 24.99145]]]]}, "properties": {"name": "公園", "area": 0}}, {"type": "Feature", "geometry": {"type": "MultiPolygon", "coordinates": [[[[121.573089, 24.991451], [121.573091, 24.991451], [121.573096, 24.991451], [121.573103, 24.991449], [121.573107, 24.991444], [121.573107, 24.99144], [121.573022, 24.990717], [121.572996, 24.990493], [121.572994, 24.990477], [121.572992, 24.990462], [121.572972, 24.990461], [121.573087, 24.99145], [121.573089, 24.991451]]]]}, "properties": {"name": "公園", "area": 0}}, {"type": "Feature", "geometry": {"type": "MultiPolygon", "coordinates": [[[[121.573199, 25.031098], [121.572791, 25.03164], [121.572737, 25.031955], [121.572452, 25.032006], [121.572371, 25.032252], [121.572256, 25.032252], [121.572086, 25.032425], [121.572172, 25.032559], [121.572313, 25.032569], [121.572454, 25.032583], [121.572594, 25.0326], [121.572734, 25.032621], [121.572873, 25.032646], [121.573011, 25.032674], [121.573148, 25.032706], [121.5732, 25.032719], [121.5732, 25.032718], [121.5732, 25.032709], [121.573199, 25.031098]]]]}, "properties": {"name": "公園", "area": 0}}, {"type": "Feature", "geometry": {"type": "MultiPolygon", "coordinates": [[[[121.573334, 25.078461], [121.574493, 25.077993], [121.573898, 25.077023], [121.572891, 25.077412], [121.572891, 25.077412], [121.573334, 25.078461]]]]}, "properties": {"name": "公園", "area": 0}}, {"type": "Feature", "geometry": {"type": "MultiPolygon", "coordinates": [[[[121.573554, 25.047406], [121.573443, 25.047409], [121.573373, 25.04741], [121.573427, 25.04744], [121.573474, 25.047466], [121.574083, 25.047806], [121.574817, 25.048216], [121.574858, 25.048239], [121.574856, 25.0482], [121.574853, 25.048128], [121.574841, 25.047803], [121.574828, 25.047437], [121.574827, 25.047406], [121.574791, 25.047375], [121.574697, 25.047377], [121.573554, 25.047406]]]]}, "properties": {"name": "公園", "area": 0}}, {"type": "Feature", "geometry": {"type": "MultiPolygon", "coordinates": [[[[121.573656, 25.037646], [121.573666, 25.038011], [121.573936, 25.037704], [121.573937, 25.037701], [121.573939, 25.037698], [121.57394, 25.037695], [121.573941, 25.037693], [121.573942, 25.03769], [121.573942, 25.037688], [121.573943, 25.037685], [121.573944, 25.037683], [121.573944, 25.037681], [121.573945, 25.037678], [121.573945, 25.037676], [121.573945, 25.037674], [121.573946, 25.037671], [121.573946, 25.037669], [121.573946, 25.037667], [121.573945, 25.037664], [121.573945, 25.037661], [121.573945, 25.037659], [121.573944, 25.037656], [121.573944, 25.037654], [121.573943, 25.037651], [121.573942, 25.037649], [121.57394, 25.037647], [121.573939, 25.037644], [121.573938, 25.037642], [121.573936, 25.03764], [121.573935, 25.037638], [121.573933, 25.037637], [121.573932, 25.037635], [121.57393, 25.037633], [121.573928, 25.037631], [121.573925, 25.037628], [121.573922, 25.037626], [121.57392, 25.037623], [121.573917, 25.037621], [121.573904, 25.037615], [121.573683, 25.03762], [121.573655, 25.037621], [121.573656, 25.037646]]]]}, "properties": {"name": "公園", "area": 0}}, {"type": "Feature", "geometry": {"type": "MultiPolygon", "coordinates": [[[[121.573693, 25.087924], [121.573706, 25.087922], [121.573718, 25.087917], [121.573728, 25.087909], [121.573735, 25.087899], [121.573738, 25.087887], [121.573738, 25.087883], [121.573741, 25.08764], [121.57374, 25.087628], [121.573734, 25.087617], [121.573725, 25.087608], [121.573714, 25.087602], [121.573701, 25.087599], [121.573697, 25.087599], [121.573317, 25.087594], [121.573307, 25.087918], [121.573693, 25.087924]]]]}, "properties": {"name": "公園", "area": 0}}, {"type": "Feature", "geometry": {"type": "MultiPolygon", "coordinates": [[[[121.573747, 25.000746], [121.573759, 25.000714], [121.573767, 25.000681], [121.573771, 25.000647], [121.573771, 25.000613], [121.573771, 25.000612], [121.573769, 25.000596], [121.573741, 25.000446], [121.573466, 25.000284], [121.573322, 25.000459], [121.573521, 25.000593], [121.573747, 25.000746]]]]}, "properties": {"name": "公園", "area": 0}}, {"type": "Feature", "geometry": {"type": "MultiPolygon", "coordinates": [[[[121.573939, 25.087694], [121.573936, 25.087706], [121.573925, 25.087721], [121.573915, 25.087727], [121.573899, 25.08773], [121.573839, 25.087729], [121.573827, 25.08773], [121.573816, 25.087735], [121.573807, 25.087743], [121.573801, 25.087753], [121.573799, 25.087764], [121.573797, 25.087939], [121.573824, 25.087916], [121.573896, 25.087889], [121.573935, 25.087826], [121.573968, 25.08775], [121.573955, 25.087596], [121.57394, 25.087586], [121.573939, 25.087694]]]]}, "properties": {"name": "公園", "area": 0}}, {"type": "Feature", "geometry": {"type": "MultiPolygon", "coordinates": [[[[121.574025, 25.018867], [121.574012, 25.019056], [121.574073, 25.019054], [121.574144, 25.019052], [121.574213, 25.01905], [121.574277, 25.019048], [121.574333, 25.019047], [121.574399, 25.019046], [121.574416, 25.019046], [121.574434, 25.019047], [121.574451, 25.019047], [121.574469, 25.019048], [121.574486, 25.019049], [121.5745, 25.01905], [121.574514, 25.019051], [121.574527, 25.019052], [121.574539, 25.019054], [121.57455, 25.019055], [121.57456, 25.019056], [121.57457, 25.019057], [121.574581, 25.019059], [121.574592, 25.019061], [121.574605, 25.019064], [121.574618, 25.019068], [121.574645, 25.019081], [121.574652, 25.019084], [121.57467, 25.019023], [121.574148, 25.018601], [121.574007, 25.018685], [121.574024, 25.01884], [121.574025, 25.018867]]]]}, "properties": {"name": "公園", "area": 0}}, {"type": "Feature", "geometry": {"type": "MultiPolygon", "coordinates": [[[[121.574292, 25.030902], [121.57429, 25.030902], [121.574289, 25.030902], [121.574287, 25.030902], [121.574254, 25.030921], [121.574252, 25.030926], [121.574142, 25.031152], [121.574138, 25.031161], [121.574133, 25.03117], [121.574128, 25.031179], [121.574122, 25.031188], [121.574117, 25.031196], [121.574111, 25.031205], [121.574105, 25.031213], [121.574099, 25.031222], [121.574092, 25.03123], [121.574086, 25.031238], [121.574079, 25.031246], [121.574072, 25.031253], [121.574065, 25.031261], [121.574057, 25.031268], [121.574049, 25.031276], [121.574042, 25.031283], [121.574039, 25.031285], [121.574588, 25.031274], [121.574596, 25.031544], [121.575045, 25.031532], [121.57536, 25.031525], [121.575385, 25.031497], [121.575282, 25.030933], [121.575249, 25.030909], [121.575236, 25.030909], [121.575042, 25.030908], [121.574293, 25.030902], [121.574292, 25.030902]]]]}, "properties": {"name": "公園", "area": 0}}, {"type": "Feature", "geometry": {"type": "MultiPolygon", "coordinates": [[[[121.574348, 25.077597], [121.573958, 25.076923], [121.572931, 25.077388], [121.572916, 25.077397], [121.572903, 25.077408], [121.572894, 25.077422], [121.572888, 25.077437], [121.572887, 25.077453], [121.572889, 25.077469], [121.572892, 25.07748], [121.572946, 25.077603], [121.573538, 25.078949], [121.573546, 25.078961], [121.573557, 25.078971], [121.57357, 25.078979], [121.573585, 25.078983], [121.5736, 25.078983], [121.573616, 25.07898], [121.57362, 25.078979], [121.574861, 25.078486], [121.574623, 25.078074], [121.574616, 25.078062], [121.574348, 25.077597]]]]}, "properties": {"name": "公園", "area": 0}}, {"type": "Feature", "geometry": {"type": "MultiPolygon", "coordinates": [[[[121.574479, 25.038588], [121.574487, 25.038852], [121.574516, 25.038877], [121.575079, 25.038863], [121.575449, 25.038853], [121.57549, 25.038852], [121.5755, 25.038851], [121.57551, 25.03885], [121.575519, 25.038847], [121.575528, 25.038843], [121.575537, 25.038838], [121.575544, 25.038833], [121.575552, 25.038826], [121.575555, 25.038823], [121.575577, 25.038798], [121.575616, 25.038753], [121.575626, 25.038743], [121.575621, 25.038707], [121.575612, 25.0387], [121.575076, 25.03831], [121.574884, 25.03817], [121.574844, 25.038174], [121.574479, 25.038588]]]]}, "properties": {"name": "公園", "area": 0}}, {"type": "Feature", "geometry": {"type": "MultiPolygon", "coordinates": [[[[121.574547, 25.084146], [121.574535, 25.084144], [121.574523, 25.084146], [121.574511, 25.084151], [121.574503, 25.084159], [121.574497, 25.084169], [121.574495, 25.08418], [121.574495, 25.084182], [121.574499, 25.084233], [121.574508, 25.084284], [121.57452, 25.084334], [121.574536, 25.084383], [121.57455, 25.084418], [121.574565, 25.084451], [121.57457, 25.084459], [121.574579, 25.084465], [121.574589, 25.084468], [121.5746, 25.084467], [121.57461, 25.084463], [121.574613, 25.084461], [121.574883, 25.084231], [121.574889, 25.084223], [121.574892, 25.084214], [121.574891, 25.084204], [121.57489, 25.0842], [121.574884, 25.084192], [121.574875, 25.084187], [121.574865, 25.084184], [121.574861, 25.084184], [121.574804, 25.084186], [121.57476, 25.084184], [121.574703, 25.084179], [121.574647, 25.084171], [121.574592, 25.084159], [121.574547, 25.084146], [121.574547, 25.084146]]]]}, "properties": {"name": "公園", "area": 0}}, {"type": "Feature", "geometry": {"type": "MultiPolygon", "coordinates": [[[[121.574638, 25.020254], [121.574646, 25.020165], [121.574577, 25.020174], [121.574486, 25.020271], [121.574486, 25.020271], [121.574638, 25.020254]]]]}, "properties": {"name": "公園", "area": 0}}, {"type": "Feature", "geometry": {"type": "MultiPolygon", "coordinates": [[[[121.574778, 25.043447], [121.57478, 25.043774], [121.575113, 25.043762], [121.575342, 25.043753], [121.575364, 25.043722], [121.575355, 25.043455], [121.575329, 25.043428], [121.574778, 25.043447]]]]}, "properties": {"name": "公園", "area": 0}}, {"type": "Feature", "geometry": {"type": "MultiPolygon", "coordinates": [[[[121.574873, 25.08237], [121.574898, 25.082392], [121.574919, 25.082415], [121.574938, 25.082441], [121.574953, 25.082469], [121.574958, 25.082481], [121.574958, 25.082481], [121.575129, 25.082906], [121.575129, 25.082906], [121.575136, 25.082918], [121.575145, 25.082927], [121.575157, 25.082933], [121.575171, 25.082936], [121.575185, 25.082935], [121.57519, 25.082934], [121.57519, 25.082934], [121.575285, 25.082906], [121.575362, 25.082884], [121.575744, 25.082773], [121.575583, 25.082718], [121.575544, 25.082704], [121.575283, 25.082606], [121.575216, 25.082577], [121.575151, 25.082544], [121.575088, 25.082509], [121.575027, 25.08247], [121.575025, 25.082469], [121.574873, 25.08237]]]]}, "properties": {"name": "公園", "area": 0}}, {"type": "Feature", "geometry": {"type": "MultiPolygon", "coordinates": [[[[121.574883, 25.046917], [121.575116, 25.046911], [121.575445, 25.046901], [121.575472, 25.046875], [121.575462, 25.046598], [121.575433, 25.046574], [121.575243, 25.046579], [121.575216, 25.046605], [121.575218, 25.046676], [121.575115, 25.046679], [121.574873, 25.046688], [121.574883, 25.046917]]]]}, "properties": {"name": "公園", "area": 0}}, {"type": "Feature", "geometry": {"type": "MultiPolygon", "coordinates": [[[[121.575054, 25.019597], [121.575005, 25.019568], [121.574989, 25.019561], [121.574621, 25.019453], [121.574589, 25.019457], [121.574554, 25.019461], [121.574521, 25.019465], [121.5745, 25.019469], [121.574483, 25.019472], [121.574468, 25.019476], [121.574456, 25.019479], [121.574445, 25.019482], [121.574438, 25.019485], [121.574431, 25.019489], [121.574423, 25.019492], [121.574412, 25.019495], [121.574398, 25.019499], [121.574376, 25.019503], [121.574348, 25.019508], [121.574315, 25.019512], [121.574276, 25.019517], [121.574255, 25.019519], [121.574443, 25.019669], [121.574521, 25.019732], [121.574536, 25.019714], [121.574543, 25.019705], [121.574552, 25.019696], [121.574563, 25.019686], [121.574575, 25.019677], [121.574591, 25.019666], [121.57461, 25.019657], [121.574626, 25.01965], [121.574643, 25.019645], [121.57466, 25.019641], [121.574679, 25.019637], [121.574697, 25.019636], [121.574715, 25.019636], [121.574733, 25.019639], [121.574751, 25.019643], [121.574765, 25.019648], [121.574779, 25.019653], [121.574796, 25.019662], [121.574813, 25.019673], [121.574829, 25.019686], [121.574847, 25.019705], [121.574859, 25.019729], [121.574867, 25.019748], [121.574872, 25.019767], [121.574876, 25.019786], [121.574878, 25.019811], [121.574875, 25.019834], [121.57487, 25.019851], [121.574864, 25.019866], [121.574857, 25.019879], [121.574846, 25.019898], [121.574833, 25.01991], [121.574675, 25.020074], [121.574579, 25.020173], [121.574648, 25.020164], [121.574699, 25.020098], [121.574784, 25.019982], [121.57499, 25.01978], [121.575002, 25.019769], [121.575016, 25.019741], [121.575027, 25.019712], [121.575033, 25.019693], [121.575039, 25.019671], [121.575051, 25.019652], [121.57507, 25.019638], [121.575094, 25.019629], [121.5751, 25.019626], [121.575054, 25.019597]]]]}, "properties": {"name": "公園", "area": 0}}, {"type": "Feature", "geometry": {"type": "MultiPolygon", "coordinates": [[[[121.575121, 25.000649], [121.575001, 25.000799], [121.57489, 25.000721], [121.574805, 25.000661], [121.574552, 25.00088], [121.574509, 25.000947], [121.574769, 25.001231], [121.574904, 25.001222], [121.575492, 25.001136], [121.575121, 25.000649]]]]}, "properties": {"name": "公園", "area": 0}}, {"type": "Feature", "geometry": {"type": "MultiPolygon", "coordinates": [[[[121.575127, 25.086914], [121.575285, 25.086799], [121.575038, 25.086504], [121.574846, 25.086641], [121.574894, 25.086647], [121.574914, 25.086718], [121.575127, 25.086914]]]]}, "properties": {"name": "公園", "area": 0}}, {"type": "Feature", "geometry": {"type": "MultiPolygon", "coordinates": [[[[121.57525, 25.03691], [121.57525, 25.036919], [121.575325, 25.036942], [121.575349, 25.036915], [121.575574, 25.03666], [121.575234, 25.036413], [121.57525, 25.03691]]]]}, "properties": {"name": "公園", "area": 0}}, {"type": "Feature", "geometry": {"type": "MultiPolygon", "coordinates": [[[[121.575443, 25.086386], [121.575326, 25.086308], [121.5751, 25.086459], [121.575352, 25.08676], [121.575514, 25.086647], [121.575414, 25.086541], [121.575443, 25.086386]]]]}, "properties": {"name": "公園", "area": 0}}, {"type": "Feature", "geometry": {"type": "MultiPolygon", "coordinates": [[[[121.575541, 25.018767], [121.57552, 25.018788], [121.575505, 25.018802], [121.575489, 25.018819], [121.575474, 25.018835], [121.575458, 25.018852], [121.575443, 25.01887], [121.575428, 25.018887], [121.575413, 25.018906], [121.575398, 25.018925], [121.575385, 25.018943], [121.575372, 25.018959], [121.575362, 25.018974], [121.575345, 25.019009], [121.575337, 25.019023], [121.57533, 25.019036], [121.575323, 25.019049], [121.575316, 25.019061], [121.57531, 25.019073], [121.575303, 25.019084], [121.575297, 25.019094], [121.575289, 25.019105], [121.575281, 25.019117], [121.575271, 25.01913], [121.575256, 25.019149], [121.575239, 25.019168], [121.575221, 25.019188], [121.575203, 25.019208], [121.575184, 25.019228], [121.575167, 25.019246], [121.575149, 25.019262], [121.575132, 25.019278], [121.575116, 25.019292], [121.575099, 25.019306], [121.575082, 25.019318], [121.575066, 25.019329], [121.575053, 25.019338], [121.575043, 25.019344], [121.575021, 25.019355], [121.574988, 25.019371], [121.57496, 25.019388], [121.574948, 25.019393], [121.574928, 25.019401], [121.574906, 25.01941], [121.574889, 25.019416], [121.574882, 25.019418], [121.57487, 25.019422], [121.574858, 25.019426], [121.574846, 25.019429], [121.574835, 25.019433], [121.574825, 25.019435], [121.574816, 25.019436], [121.574799, 25.019439], [121.574784, 25.019441], [121.574783, 25.019441], [121.574768, 25.019442], [121.574753, 25.019443], [121.574743, 25.019443], [121.574733, 25.019444], [121.574722, 25.019444], [121.574708, 25.019445], [121.574691, 25.019446], [121.574659, 25.019449], [121.574625, 25.019453], [121.574621, 25.019453], [121.574989, 25.019561], [121.575005, 25.019568], [121.575054, 25.019597], [121.5751, 25.019626], [121.575144, 25.019609], [121.575182, 25.019599], [121.575208, 25.019596], [121.575256, 25.019582], [121.575266, 25.019573], [121.575256, 25.019544], [121.57525, 25.019535], [121.575243, 25.019525], [121.575232, 25.019511], [121.575229, 25.019501], [121.575228, 25.019494], [121.575229, 25.019492], [121.575241, 25.019491], [121.575262, 25.01949], [121.575291, 25.019486], [121.575301, 25.019483], [121.575322, 25.019473], [121.575346, 25.019457], [121.575367, 25.019441], [121.575409, 25.01939], [121.575436, 25.019345], [121.575447, 25.019319], [121.575469, 25.019268], [121.575476, 25.019242], [121.575479, 25.019224], [121.575473, 25.019201], [121.575456, 25.019161], [121.575441, 25.019137], [121.575428, 25.019121], [121.575427, 25.019115], [121.575428, 25.01911], [121.575442, 25.019083], [121.575451, 25.019069], [121.575472, 25.019042], [121.575477, 25.019036], [121.575486, 25.019029], [121.575556, 25.018998], [121.575589, 25.018989], [121.575622, 25.018984], [121.575658, 25.018986], [121.575706, 25.018989], [121.575753, 25.018996], [121.575784, 25.018997], [121.575817, 25.018997], [121.575849, 25.018996], [121.575871, 25.018992], [121.575888, 25.018986], [121.575905, 25.018978], [121.575955, 25.018938], [121.575947, 25.018926], [121.575917, 25.018867], [121.575899, 25.018827], [121.5759, 25.01882], [121.575911, 25.018778], [121.575926, 25.018752], [121.575938, 25.018733], [121.575952, 25.018713], [121.575973, 25.01869], [121.575996, 25.018662], [121.576004, 25.018648], [121.576023, 25.018619], [121.576049, 25.018577], [121.576067, 25.018542], [121.576096, 25.01847], [121.576099, 25.01844], [121.576095, 25.01842], [121.576094, 25.01842], [121.576046, 25.018425], [121.576007, 25.018428], [121.576006, 25.018412], [121.576007, 25.018388], [121.576012, 25.018366], [121.576022, 25.018327], [121.576028, 25.018312], [121.57602, 25.018305], [121.575989, 25.018293], [121.575959, 25.018286], [121.575958, 25.018286], [121.575955, 25.018285], [121.575953, 25.018285], [121.57595, 25.018284], [121.575947, 25.018284], [121.575944, 25.018283], [121.575941, 25.018283], [121.575938, 25.018282], [121.575935, 25.018282], [121.575932, 25.018281], [121.575929, 25.018281], [121.575926, 25.01828], [121.575923, 25.01828], [121.57592, 25.018279], [121.575918, 25.018279], [121.575915, 25.018279], [121.575912, 25.018279], [121.57591, 25.018278], [121.575908, 25.018278], [121.575905, 25.018278], [121.575903, 25.018278], [121.575901, 25.018278], [121.575899, 25.018278], [121.575897, 25.018278], [121.575895, 25.018278], [121.575893, 25.018278], [121.575891, 25.018278], [121.575889, 25.018279], [121.575888, 25.018279], [121.575886, 25.018279], [121.575883, 25.018279], [121.575881, 25.01828], [121.575879, 25.01828], [121.575876, 25.018281], [121.575872, 25.018282], [121.575868, 25.018283], [121.575863, 25.018285], [121.575856, 25.018288], [121.575847, 25.018293], [121.575835, 25.0183], [121.57582, 25.018309], [121.575801, 25.018321], [121.575786, 25.018332], [121.575774, 25.018347], [121.575765, 25.018362], [121.575738, 25.018427], [121.575715, 25.018494], [121.575695, 25.018562], [121.575692, 25.018574], [121.575685, 25.018599], [121.575674, 25.018623], [121.575659, 25.018645], [121.575641, 25.018664], [121.57562, 25.018682], [121.575607, 25.01869], [121.575541, 25.018767]]]]}, "properties": {"name": "公園", "area": 0}}, {"type": "Feature", "geometry": {"type": "MultiPolygon", "coordinates": [[[[121.575817, 25.018007], [121.575814, 25.018228], [121.575835, 25.018217], [121.575858, 25.01821], [121.575881, 25.018206], [121.575906, 25.018206], [121.575909, 25.018206], [121.575939, 25.018209], [121.575966, 25.018214], [121.575995, 25.018221], [121.576005, 25.018225], [121.57603, 25.018233], [121.576054, 25.018244], [121.576059, 25.018247], [121.576074, 25.01822], [121.576094, 25.018194], [121.576116, 25.018171], [121.576117, 25.01817], [121.576137, 25.018152], [121.576161, 25.018136], [121.576172, 25.01813], [121.576181, 25.018122], [121.57619, 25.018109], [121.576193, 25.018096], [121.576196, 25.018052], [121.576193, 25.018011], [121.576193, 25.018005], [121.576208, 25.017776], [121.576316, 25.017654], [121.576369, 25.017597], [121.576261, 25.017533], [121.576258, 25.017539], [121.576117, 25.017482], [121.576095, 25.017489], [121.576072, 25.017493], [121.576048, 25.017494], [121.576025, 25.01749], [121.576025, 25.01749], [121.575803, 25.017466], [121.575763, 25.017745], [121.575763, 25.017745], [121.575744, 25.017925], [121.575783, 25.017968], [121.575817, 25.018007]]]]}, "properties": {"name": "公園", "area": 0}}, {"type": "Feature", "geometry": {"type": "MultiPolygon", "coordinates": [[[[121.575961, 25.054661], [121.575361, 25.054339], [121.575151, 25.054226], [121.575045, 25.054169], [121.574952, 25.054685], [121.574948, 25.054707], [121.574891, 25.055028], [121.57499, 25.054976], [121.575091, 25.054928], [121.575154, 25.0549], [121.575257, 25.054857], [121.575363, 25.054817], [121.575469, 25.054781], [121.575577, 25.054748], [121.575686, 25.054719], [121.575797, 25.054693], [121.575908, 25.05467], [121.575961, 25.054661]]]]}, "properties": {"name": "公園", "area": 0}}, {"type": "Feature", "geometry": {"type": "MultiPolygon", "coordinates": [[[[121.57597, 25.053022], [121.575915, 25.053024], [121.575853, 25.05303], [121.575773, 25.053044], [121.57577, 25.053045], [121.575146, 25.053177], [121.575076, 25.053185], [121.575006, 25.053198], [121.574993, 25.053201], [121.575027, 25.053219], [121.575146, 25.053283], [121.575704, 25.053582], [121.575705, 25.053582], [121.575707, 25.053583], [121.575709, 25.053584], [121.57571, 25.053584], [121.575712, 25.053585], [121.575714, 25.053586], [121.575715, 25.053586], [121.575717, 25.053587], [121.575719, 25.053587], [121.575721, 25.053587], [121.575723, 25.053587], [121.575724, 25.053588], [121.575726, 25.053588], [121.575728, 25.053588], [121.57573, 25.053588], [121.575732, 25.053588], [121.575734, 25.053587], [121.575735, 25.053587], [121.575737, 25.053587], [121.575739, 25.053587], [121.575741, 25.053586], [121.575743, 25.053586], [121.575744, 25.053585], [121.575746, 25.053584], [121.575748, 25.053584], [121.575749, 25.053583], [121.575751, 25.053582], [121.575753, 25.053581], [121.575754, 25.053581], [121.575755, 25.05358], [121.575757, 25.053579], [121.575758, 25.053578], [121.57576, 25.053576], [121.575761, 25.053575], [121.575762, 25.053574], [121.575764, 25.053573], [121.575765, 25.053572], [121.575766, 25.05357], [121.575767, 25.053569], [121.575768, 25.053567], [121.575769, 25.053566], [121.57577, 25.053565], [121.575967, 25.053216], [121.57607, 25.053033], [121.576072, 25.053029], [121.576019, 25.053023], [121.57597, 25.053022]]]]}, "properties": {"name": "公園", "area": 0}}, {"type": "Feature", "geometry": {"type": "MultiPolygon", "coordinates": [[[[121.576012, 25.016852], [121.576027, 25.016861], [121.57604, 25.016873], [121.57605, 25.016887], [121.576056, 25.016902], [121.576059, 25.016919], [121.576057, 25.016935], [121.576052, 25.016951], [121.576043, 25.016965], [121.576031, 25.016978], [121.576016, 25.016987], [121.575999, 25.016994], [121.575981, 25.016997], [121.575963, 25.016996], [121.575945, 25.016992], [121.575938, 25.016989], [121.575915, 25.016976], [121.575895, 25.016969], [121.575876, 25.016967], [121.575866, 25.016969], [121.575807, 25.017013], [121.575765, 25.017052], [121.575643, 25.017261], [121.575616, 25.017324], [121.575616, 25.017339], [121.575619, 25.017348], [121.575627, 25.017361], [121.575646, 25.017373], [121.575702, 25.017383], [121.575832, 25.017397], [121.575839, 25.017398], [121.575847, 25.017323], [121.575954, 25.017124], [121.575997, 25.017051], [121.576171, 25.016829], [121.576292, 25.016678], [121.576457, 25.016709], [121.576476, 25.016664], [121.576489, 25.016626], [121.576501, 25.016578], [121.576511, 25.016515], [121.57651, 25.016477], [121.576501, 25.016437], [121.576493, 25.016411], [121.576475, 25.016368], [121.576457, 25.016334], [121.576433, 25.016305], [121.576405, 25.016286], [121.576374, 25.016273], [121.576349, 25.016266], [121.576311, 25.016266], [121.576251, 25.016276], [121.576149, 25.016302], [121.576214, 25.016521], [121.57606, 25.016598], [121.576012, 25.016852]]]]}, "properties": {"name": "公園", "area": 0}}, {"type": "Feature", "geometry": {"type": "MultiPolygon", "coordinates": [[[[121.57619, 25.080726], [121.57619, 25.080726], [121.57636, 25.081162], [121.57636, 25.081162], [121.576366, 25.081173], [121.576376, 25.081182], [121.576388, 25.081188], [121.576401, 25.081191], [121.576414, 25.08119], [121.576421, 25.081188], [121.576421, 25.081188], [121.576698, 25.081088], [121.576698, 25.081088], [121.576709, 25.081081], [121.576719, 25.081072], [121.576725, 25.081061], [121.576727, 25.081049], [121.576726, 25.081037], [121.576724, 25.081031], [121.576533, 25.080617], [121.576533, 25.080617], [121.576526, 25.080606], [121.576516, 25.080597], [121.576503, 25.080591], [121.576489, 25.080589], [121.576475, 25.08059], [121.576471, 25.080591], [121.576471, 25.080591], [121.576318, 25.08064], [121.576219, 25.080671], [121.576207, 25.080677], [121.576197, 25.080685], [121.576191, 25.080696], [121.576188, 25.080708], [121.576188, 25.080721], [121.57619, 25.080726]]]]}, "properties": {"name": "公園", "area": 0}}, {"type": "Feature", "geometry": {"type": "MultiPolygon", "coordinates": [[[[121.576213, 25.015566], [121.576217, 25.015567], [121.576227, 25.015569], [121.576252, 25.01558], [121.576301, 25.015601], [121.576319, 25.015604], [121.576355, 25.015601], [121.576381, 25.015595], [121.576397, 25.01559], [121.576409, 25.015589], [121.576429, 25.015594], [121.576448, 25.015597], [121.576464, 25.015596], [121.576479, 25.015592], [121.576535, 25.015592], [121.576567, 25.015577], [121.576596, 25.015562], [121.576629, 25.015543], [121.576662, 25.015523], [121.576703, 25.015496], [121.576735, 25.015476], [121.576779, 25.015453], [121.576807, 25.015441], [121.576823, 25.015434], [121.576841, 25.01543], [121.576859, 25.01543], [121.576877, 25.015433], [121.576885, 25.015436], [121.576883, 25.015391], [121.576883, 25.015358], [121.576885, 25.015333], [121.576889, 25.015317], [121.576893, 25.015307], [121.576895, 25.015304], [121.576904, 25.015296], [121.576905, 25.015296], [121.576917, 25.015291], [121.576932, 25.015286], [121.576954, 25.015277], [121.576959, 25.015275], [121.576961, 25.015274], [121.576962, 25.015274], [121.576962, 25.015274], [121.576968, 25.015271], [121.576982, 25.015264], [121.576996, 25.015257], [121.577009, 25.015249], [121.577043, 25.015227], [121.577076, 25.015202], [121.577083, 25.015195], [121.577101, 25.015179], [121.577117, 25.015166], [121.577155, 25.015128], [121.577177, 25.015103], [121.577207, 25.015065], [121.577222, 25.015043], [121.577238, 25.01502], [121.577244, 25.01501], [121.577247, 25.015006], [121.577251, 25.015], [121.577277, 25.014959], [121.577313, 25.014901], [121.577325, 25.014881], [121.577371, 25.01481], [121.577389, 25.01478], [121.577392, 25.014776], [121.577392, 25.014776], [121.577407, 25.014751], [121.577423, 25.014723], [121.577424, 25.014721], [121.577425, 25.014718], [121.577431, 25.014698], [121.577439, 25.014662], [121.577473, 25.014545], [121.577494, 25.014495], [121.577531, 25.014427], [121.577572, 25.014365], [121.577573, 25.014361], [121.577574, 25.01436], [121.577577, 25.014354], [121.577579, 25.01435], [121.577596, 25.014314], [121.577597, 25.014313], [121.577606, 25.014295], [121.577641, 25.014221], [121.577641, 25.014221], [121.577624, 25.014206], [121.577594, 25.014181], [121.577568, 25.014165], [121.577498, 25.014156], [121.577416, 25.014157], [121.57734, 25.01416], [121.577254, 25.01415], [121.577162, 25.014119], [121.577145, 25.014111], [121.577125, 25.014117], [121.577115, 25.014122], [121.577104, 25.01413], [121.577055, 25.01415], [121.57698, 25.01417], [121.576863, 25.014191], [121.576709, 25.014229], [121.576352, 25.014398], [121.576301, 25.014419], [121.57626, 25.014428], [121.576187, 25.014433], [121.576174, 25.014439], [121.576162, 25.014447], [121.576153, 25.014458], [121.576152, 25.01446], [121.575952, 25.014747], [121.57588, 25.014836], [121.575866, 25.014849], [121.575868, 25.014868], [121.575869, 25.014874], [121.575869, 25.014877], [121.57587, 25.01488], [121.575871, 25.014883], [121.575871, 25.014884], [121.575872, 25.014889], [121.575877, 25.014899], [121.575879, 25.014904], [121.57588, 25.014906], [121.575883, 25.01491], [121.575885, 25.014914], [121.575886, 25.014915], [121.575892, 25.014922], [121.575892, 25.014922], [121.575897, 25.014928], [121.575903, 25.014935], [121.575906, 25.014938], [121.57592, 25.014953], [121.575928, 25.014961], [121.575939, 25.014975], [121.575956, 25.014996], [121.575972, 25.015016], [121.575981, 25.015029], [121.575992, 25.015047], [121.576003, 25.015066], [121.576017, 25.015105], [121.576027, 25.015142], [121.576028, 25.015166], [121.576025, 25.015203], [121.576023, 25.015233], [121.576023, 25.015239], [121.576023, 25.015243], [121.576023, 25.015243], [121.576022, 25.015274], [121.576023, 25.015292], [121.576024, 25.015301], [121.576025, 25.015305], [121.576026, 25.015313], [121.576026, 25.015313], [121.57603, 25.015326], [121.57603, 25.015327], [121.57603, 25.015328], [121.576037, 25.015353], [121.576047, 25.015389], [121.57605, 25.015404], [121.576049, 25.01542], [121.576044, 25.015435], [121.576038, 25.015446], [121.576038, 25.015446], [121.576008, 25.01549], [121.575997, 25.015508], [121.575978, 25.015551], [121.575974, 25.015561], [121.575974, 25.015562], [121.575973, 25.015574], [121.575976, 25.015588], [121.575982, 25.015602], [121.575991, 25.015612], [121.576014, 25.015626], [121.576032, 25.015627], [121.576067, 25.01562], [121.576101, 25.01561], [121.576163, 25.015582], [121.576173, 25.015577], [121.576186, 25.015571], [121.576201, 25.015567], [121.57621, 25.015567], [121.576213, 25.015566]]]]}, "properties": {"name": "公園", "area": 0}}, {"type": "Feature", "geometry": {"type": "MultiPolygon", "coordinates": [[[[121.576291, 25.018784], [121.576292, 25.018853], [121.576288, 25.018924], [121.576279, 25.01898], [121.576231, 25.019063], [121.57638, 25.01907], [121.576415, 25.019065], [121.576444, 25.019059], [121.576466, 25.019051], [121.576483, 25.019041], [121.576496, 25.019025], [121.57651, 25.019006], [121.576521, 25.018987], [121.57653, 25.018969], [121.576532, 25.01896], [121.576492, 25.01846], [121.576476, 25.018438], [121.576436, 25.018457], [121.576274, 25.018528], [121.576274, 25.01866], [121.576282, 25.018706], [121.576291, 25.018784]]]]}, "properties": {"name": "公園", "area": 0}}, {"type": "Feature", "geometry": {"type": "MultiPolygon", "coordinates": [[[[121.576475, 25.034236], [121.57649, 25.034212], [121.576259, 25.033792], [121.576068, 25.033393], [121.576033, 25.033398], [121.576067, 25.034251], [121.576475, 25.034236]]]]}, "properties": {"name": "公園", "area": 0}}, {"type": "Feature", "geometry": {"type": "MultiPolygon", "coordinates": [[[[121.576497, 25.019775], [121.576498, 25.019776], [121.576841, 25.019805], [121.576889, 25.019709], [121.576766, 25.019679], [121.576526, 25.019542], [121.576462, 25.019524], [121.576353, 25.019519], [121.57636, 25.01954], [121.576377, 25.019569], [121.576409, 25.019627], [121.576433, 25.019671], [121.576497, 25.019775]]]]}, "properties": {"name": "公園", "area": 0}}, {"type": "Feature", "geometry": {"type": "MultiPolygon", "coordinates": [[[[121.576808, 25.016121], [121.576731, 25.0163], [121.576688, 25.016364], [121.576589, 25.016466], [121.57659, 25.016509], [121.576587, 25.016552], [121.57658, 25.016594], [121.576569, 25.016636], [121.576555, 25.016677], [121.576536, 25.016717], [121.576534, 25.016721], [121.57682, 25.0171], [121.576997, 25.016995], [121.577125, 25.016863], [121.577344, 25.016487], [121.577306, 25.016448], [121.577267, 25.016408], [121.57718, 25.016438], [121.577128, 25.016378], [121.577175, 25.016321], [121.577143, 25.016106], [121.577117, 25.015934], [121.577096, 25.015847], [121.577067, 25.015758], [121.577048, 25.015719], [121.577028, 25.015683], [121.577005, 25.015647], [121.57698, 25.015614], [121.57695, 25.015578], [121.576938, 25.015564], [121.576924, 25.015549], [121.576942, 25.015706], [121.576869, 25.015934], [121.576808, 25.016121]]]]}, "properties": {"name": "公園", "area": 0}}, {"type": "Feature", "geometry": {"type": "MultiPolygon", "coordinates": [[[[121.576822, 25.022142], [121.5769, 25.022142], [121.576948, 25.022039], [121.57681, 25.022034], [121.576796, 25.022034], [121.576807, 25.022142], [121.576822, 25.022142]]]]}, "properties": {"name": "公園", "area": 0}}, {"type": "Feature", "geometry": {"type": "MultiPolygon", "coordinates": [[[[121.576911, 25.021872], [121.576857, 25.021872], [121.576811, 25.021871], [121.576811, 25.021873], [121.576811, 25.021972], [121.576811, 25.021998], [121.57683, 25.021998], [121.576965, 25.022004], [121.577031, 25.021862], [121.577032, 25.021861], [121.576911, 25.021872]]]]}, "properties": {"name": "公園", "area": 0}}, {"type": "Feature", "geometry": {"type": "MultiPolygon", "coordinates": [[[[121.576999, 25.019473], [121.577017, 25.019514], [121.57702, 25.019539], [121.57702, 25.019573], [121.577013, 25.019623], [121.577004, 25.019655], [121.576987, 25.019709], [121.576938, 25.019812], [121.577069, 25.019826], [121.577255, 25.019831], [121.577263, 25.01977], [121.577265, 25.019745], [121.577272, 25.019714], [121.577289, 25.019617], [121.577296, 25.019534], [121.577295, 25.019524], [121.577025, 25.019428], [121.576991, 25.01946], [121.576999, 25.019473]]]]}, "properties": {"name": "公園", "area": 0}}, {"type": "Feature", "geometry": {"type": "MultiPolygon", "coordinates": [[[[121.577029, 25.00165], [121.577025, 25.00169], [121.57702, 25.001713], [121.577013, 25.001735], [121.577006, 25.001752], [121.576907, 25.001982], [121.576905, 25.00199], [121.576907, 25.002], [121.576912, 25.002009], [121.576917, 25.002014], [121.576927, 25.002019], [121.576969, 25.002035], [121.577102, 25.002087], [121.577167, 25.002114], [121.577204, 25.00213], [121.577258, 25.002156], [121.57732, 25.002189], [121.577364, 25.002213], [121.577407, 25.002239], [121.577448, 25.002265], [121.577473, 25.002282], [121.577506, 25.002304], [121.577522, 25.002316], [121.577649, 25.002409], [121.577667, 25.002422], [121.577684, 25.002437], [121.577699, 25.002452], [121.577714, 25.002467], [121.577722, 25.002478], [121.577935, 25.002155], [121.577029, 25.00165]]]]}, "properties": {"name": "公園", "area": 0}}, {"type": "Feature", "geometry": {"type": "MultiPolygon", "coordinates": [[[[121.577243, 25.069193], [121.57714, 25.068904], [121.577133, 25.068891], [121.577123, 25.06888], [121.577111, 25.068872], [121.577096, 25.068867], [121.577081, 25.068865], [121.577065, 25.068867], [121.577061, 25.068868], [121.576595, 25.069013], [121.576577, 25.069021], [121.576562, 25.069031], [121.576549, 25.069044], [121.576539, 25.069059], [121.576533, 25.069076], [121.576531, 25.069093], [121.576528, 25.069315], [121.576521, 25.069719], [121.577205, 25.069547], [121.577356, 25.069514], [121.577243, 25.069193]]]]}, "properties": {"name": "公園", "area": 0}}, {"type": "Feature", "geometry": {"type": "MultiPolygon", "coordinates": [[[[121.577294, 25.015458], [121.577064, 25.015594], [121.577133, 25.015713], [121.57716, 25.015788], [121.577173, 25.015828], [121.577195, 25.015923], [121.577372, 25.015886], [121.577457, 25.016378], [121.577716, 25.016127], [121.578029, 25.015823], [121.578246, 25.015715], [121.578244, 25.015695], [121.578246, 25.015675], [121.578248, 25.015667], [121.578252, 25.015656], [121.578257, 25.01565], [121.578269, 25.015636], [121.578292, 25.015609], [121.578298, 25.0156], [121.578303, 25.015579], [121.5783, 25.015552], [121.578279, 25.015501], [121.578261, 25.015438], [121.578233, 25.015192], [121.577639, 25.01536], [121.577294, 25.015458]]]]}, "properties": {"name": "公園", "area": 0}}, {"type": "Feature", "geometry": {"type": "MultiPolygon", "coordinates": [[[[121.577401, 25.019503], [121.577391, 25.019509], [121.577381, 25.019578], [121.57737, 25.019634], [121.57734, 25.019848], [121.57769, 25.019923], [121.577682, 25.019618], [121.577535, 25.019509], [121.577491, 25.0195], [121.577458, 25.019497], [121.577437, 25.019496], [121.577417, 25.019499], [121.577401, 25.019503]]]]}, "properties": {"name": "公園", "area": 0}}, {"type": "Feature", "geometry": {"type": "MultiPolygon", "coordinates": [[[[121.578114, 25.031903], [121.578108, 25.031905], [121.578103, 25.031906], [121.578088, 25.031909], [121.578071, 25.031911], [121.578055, 25.031913], [121.578039, 25.031914], [121.578024, 25.031915], [121.578008, 25.031914], [121.577993, 25.031913], [121.577978, 25.031911], [121.577963, 25.031909], [121.577949, 25.031906], [121.577935, 25.031902], [121.577921, 25.031898], [121.577902, 25.03189], [121.577887, 25.03188], [121.577876, 25.031868], [121.577871, 25.03186], [121.577719, 25.031557], [121.577717, 25.031555], [121.577713, 25.031546], [121.577712, 25.031541], [121.577711, 25.031537], [121.57771, 25.031528], [121.577709, 25.031519], [121.57771, 25.03151], [121.577712, 25.031502], [121.577714, 25.031493], [121.577717, 25.031484], [121.577722, 25.031476], [121.577727, 25.031469], [121.577733, 25.031461], [121.57774, 25.031455], [121.577742, 25.031453], [121.57774, 25.03145], [121.577694, 25.031346], [121.577693, 25.031341], [121.577655, 25.031107], [121.577577, 25.030626], [121.577112, 25.030739], [121.576787, 25.030805], [121.576798, 25.031009], [121.576853, 25.031211], [121.577153, 25.031906], [121.577193, 25.032042], [121.577193, 25.032042], [121.578016, 25.031927], [121.578117, 25.031913], [121.578114, 25.031903]]]]}, "properties": {"name": "公園", "area": 0}}, {"type": "Feature", "geometry": {"type": "MultiPolygon", "coordinates": [[[[121.57831, 25.057181], [121.578613, 25.05734], [121.578625, 25.057344], [121.578638, 25.057345], [121.578651, 25.057343], [121.578663, 25.057337], [121.578672, 25.057328], [121.578674, 25.057325], [121.578907, 25.056953], [121.578912, 25.056942], [121.578913, 25.05693], [121.57891, 25.056918], [121.578904, 25.056907], [121.578894, 25.056899], [121.578891, 25.056897], [121.578589, 25.056738], [121.578576, 25.056734], [121.578563, 25.056733], [121.57855, 25.056735], [121.578539, 25.056741], [121.57853, 25.05675], [121.578528, 25.056753], [121.578294, 25.057125], [121.578289, 25.057136], [121.578288, 25.057149], [121.578291, 25.05716], [121.578298, 25.057171], [121.578307, 25.057179], [121.57831, 25.057181]]]]}, "properties": {"name": "公園", "area": 0}}, {"type": "Feature", "geometry": {"type": "MultiPolygon", "coordinates": [[[[121.578675, 25.053983], [121.578638, 25.053974], [121.578589, 25.054159], [121.578589, 25.05416], [121.578589, 25.054161], [121.578588, 25.054162], [121.578588, 25.054164], [121.578588, 25.054165], [121.578588, 25.054167], [121.578588, 25.054168], [121.578588, 25.05417], [121.578588, 25.054171], [121.578589, 25.054173], [121.578589, 25.054174], [121.578589, 25.054175], [121.57859, 25.054177], [121.57859, 25.054178], [121.57859, 25.054179], [121.578591, 25.054181], [121.578592, 25.054182], [121.578592, 25.054183], [121.578593, 25.054185], [121.578594, 25.054186], [121.578595, 25.054187], [121.578596, 25.054188], [121.578596, 25.05419], [121.578597, 25.054191], [121.578598, 25.054192], [121.5786, 25.054193], [121.578601, 25.054194], [121.578602, 25.054195], [121.578603, 25.054196], [121.578604, 25.054197], [121.578605, 25.054197], [121.578607, 25.054198], [121.578608, 25.054199], [121.57861, 25.0542], [121.578611, 25.0542], [121.578612, 25.054201], [121.578614, 25.054201], [121.578615, 25.054202], [121.578617, 25.054202], [121.578618, 25.054203], [121.579029, 25.0543], [121.579031, 25.0543], [121.579032, 25.054301], [121.579034, 25.054301], [121.579035, 25.054301], [121.579037, 25.054301], [121.579038, 25.054301], [121.57904, 25.054301], [121.579042, 25.054301], [121.579043, 25.054301], [121.579045, 25.054301], [121.579046, 25.054301], [121.579048, 25.0543], [121.579049, 25.0543], [121.579051, 25.0543], [121.579052, 25.054299], [121.579054, 25.054299], [121.579055, 25.054298], [121.579057, 25.054298], [121.579058, 25.054297], [121.579059, 25.054296], [121.579061, 25.054296], [121.579062, 25.054295], [121.579063, 25.054294], [121.579065, 25.054293], [121.579066, 25.054292], [121.579067, 25.054291], [121.579068, 25.05429], [121.579069, 25.054289], [121.57907, 25.054288], [121.579071, 25.054287], [121.579072, 25.054286], [121.579073, 25.054285], [121.579074, 25.054283], [121.579075, 25.054282], [121.579075, 25.054281], [121.579076, 25.05428], [121.579077, 25.054278], [121.579077, 25.054277], [121.579078, 25.054276], [121.579078, 25.054274], [121.579115, 25.054151], [121.579133, 25.054091], [121.579118, 25.054087], [121.579105, 25.054084], [121.579033, 25.054067], [121.578675, 25.053983]]]]}, "properties": {"name": "公園", "area": 0}}, {"type": "Feature", "geometry": {"type": "MultiPolygon", "coordinates": [[[[121.57885, 25.039505], [121.578878, 25.039531], [121.579046, 25.039532], [121.579066, 25.039532], [121.579091, 25.039532], [121.579117, 25.039494], [121.579114, 25.039486], [121.579109, 25.039477], [121.579105, 25.039467], [121.579101, 25.039456], [121.579097, 25.039446], [121.579094, 25.039436], [121.57909, 25.039426], [121.579087, 25.039416], [121.579084, 25.039405], [121.579081, 25.039395], [121.579079, 25.039384], [121.579077, 25.039374], [121.579075, 25.039363], [121.579073, 25.039353], [121.579071, 25.039342], [121.57907, 25.039332], [121.579069, 25.039321], [121.579068, 25.03931], [121.579067, 25.0393], [121.579067, 25.039289], [121.579067, 25.039278], [121.579067, 25.039267], [121.579067, 25.039257], [121.579067, 25.039246], [121.579068, 25.039235], [121.579069, 25.039225], [121.57907, 25.039214], [121.579072, 25.039203], [121.579073, 25.039193], [121.579075, 25.039182], [121.579077, 25.039172], [121.579166, 25.038752], [121.579144, 25.038722], [121.579042, 25.038705], [121.57896, 25.038692], [121.578927, 25.038713], [121.578851, 25.039112], [121.578852, 25.039117], [121.57885, 25.039505]]]]}, "properties": {"name": "公園", "area": 0}}, {"type": "Feature", "geometry": {"type": "MultiPolygon", "coordinates": [[[[121.578938, 25.04237], [121.578938, 25.042396], [121.578966, 25.042422], [121.579059, 25.042423], [121.579476, 25.042425], [121.579481, 25.042423], [121.579485, 25.042421], [121.57949, 25.042418], [121.579492, 25.042416], [121.579494, 25.042414], [121.579496, 25.042412], [121.579498, 25.042409], [121.5795, 25.042406], [121.5795, 25.042403], [121.579501, 25.0424], [121.5795, 25.042397], [121.5795, 25.042393], [121.579498, 25.042391], [121.579496, 25.042386], [121.579494, 25.042384], [121.579487, 25.042379], [121.579467, 25.042368], [121.579058, 25.04215], [121.578982, 25.042109], [121.57894, 25.042124], [121.578938, 25.04237]]]]}, "properties": {"name": "公園", "area": 0}}, {"type": "Feature", "geometry": {"type": "MultiPolygon", "coordinates": [[[[121.579604, 25.048098], [121.579714, 25.04814], [121.579787, 25.048164], [121.579838, 25.048182], [121.579881, 25.048199], [121.579922, 25.048215], [121.579989, 25.048176], [121.579996, 25.048107], [121.579997, 25.048095], [121.579999, 25.048082], [121.580001, 25.04807], [121.580003, 25.048057], [121.580006, 25.048045], [121.580009, 25.048033], [121.580012, 25.04802], [121.580015, 25.048008], [121.580019, 25.047996], [121.580023, 25.047984], [121.580027, 25.047972], [121.580032, 25.04796], [121.580036, 25.047948], [121.580041, 25.047937], [121.580047, 25.047925], [121.580052, 25.047914], [121.580058, 25.047902], [121.580064, 25.047891], [121.580071, 25.04788], [121.580077, 25.047869], [121.580084, 25.047858], [121.580091, 25.047847], [121.580098, 25.047836], [121.580106, 25.047826], [121.580114, 25.047815], [121.580122, 25.047805], [121.58013, 25.047795], [121.580138, 25.047785], [121.58014, 25.047782], [121.580275, 25.047627], [121.580267, 25.047594], [121.580149, 25.047542], [121.580107, 25.047566], [121.580112, 25.047728], [121.580037, 25.047783], [121.579604, 25.048098]]]]}, "properties": {"name": "公園", "area": 0}}, {"type": "Feature", "geometry": {"type": "MultiPolygon", "coordinates": [[[[121.579704, 25.031445], [121.579437, 25.033051], [121.580803, 25.034178], [121.581017, 25.033115], [121.581017, 25.033115], [121.579704, 25.031445]]]]}, "properties": {"name": "公園", "area": 0}}, {"type": "Feature", "geometry": {"type": "MultiPolygon", "coordinates": [[[[121.579732, 25.046704], [121.579726, 25.046709], [121.57972, 25.046715], [121.579714, 25.046721], [121.579709, 25.046727], [121.579704, 25.046733], [121.5797, 25.04674], [121.579695, 25.046747], [121.579691, 25.046753], [121.579687, 25.04676], [121.579684, 25.046767], [121.579681, 25.046775], [121.579678, 25.046782], [121.579676, 25.046789], [121.579673, 25.046797], [121.579672, 25.046804], [121.57967, 25.046812], [121.579669, 25.04682], [121.579668, 25.046827], [121.579668, 25.046835], [121.579668, 25.046843], [121.579668, 25.046851], [121.579669, 25.046858], [121.57967, 25.046866], [121.579671, 25.046874], [121.579673, 25.046881], [121.579675, 25.046889], [121.579677, 25.046896], [121.57968, 25.046904], [121.579683, 25.046911], [121.579686, 25.046918], [121.57969, 25.046925], [121.579694, 25.046932], [121.579698, 25.046939], [121.5798, 25.047092], [121.579975, 25.047357], [121.579979, 25.047362], [121.579984, 25.04737], [121.57999, 25.047377], [121.579997, 25.047383], [121.580004, 25.047389], [121.580012, 25.047395], [121.580022, 25.0474], [121.580083, 25.047432], [121.580319, 25.047537], [121.580363, 25.047527], [121.580384, 25.047502], [121.580389, 25.047497], [121.580393, 25.047491], [121.580397, 25.047486], [121.580401, 25.047481], [121.580405, 25.047475], [121.580409, 25.04747], [121.580413, 25.047464], [121.580417, 25.047459], [121.58042, 25.047453], [121.580424, 25.047448], [121.580427, 25.047442], [121.580431, 25.047436], [121.580434, 25.04743], [121.580437, 25.047425], [121.58044, 25.047419], [121.580443, 25.047413], [121.580446, 25.047407], [121.580449, 25.047401], [121.580452, 25.047395], [121.580454, 25.047389], [121.580457, 25.047383], [121.580459, 25.047377], [121.580461, 25.04737], [121.580463, 25.047364], [121.580465, 25.047358], [121.580467, 25.047352], [121.580469, 25.047345], [121.580471, 25.047339], [121.580472, 25.047333], [121.580474, 25.047326], [121.580475, 25.04732], [121.580477, 25.047314], [121.580478, 25.047307], [121.580479, 25.047301], [121.58048, 25.047294], [121.580481, 25.047288], [121.580481, 25.047281], [121.580482, 25.047275], [121.580482, 25.047268], [121.580483, 25.047262], [121.580483, 25.047255], [121.580483, 25.047249], [121.580483, 25.047242], [121.580483, 25.047185], [121.580484, 25.046605], [121.580484, 25.046568], [121.580484, 25.046566], [121.580454, 25.046543], [121.580451, 25.046543], [121.580422, 25.046546], [121.579848, 25.046609], [121.579738, 25.046699], [121.579732, 25.046704]]]]}, "properties": {"name": "公園", "area": 0}}, {"type": "Feature", "geometry": {"type": "MultiPolygon", "coordinates": [[[[121.579746, 25.077576], [121.579772, 25.077511], [121.579705, 25.077503], [121.579705, 25.077503], [121.579626, 25.077475], [121.579549, 25.077444], [121.579473, 25.07741], [121.5794, 25.077372], [121.579383, 25.077363], [121.579172, 25.077578], [121.579144, 25.077606], [121.57905, 25.077704], [121.579584, 25.07793], [121.579586, 25.07793], [121.579746, 25.077576]]]]}, "properties": {"name": "公園", "area": 0}}, {"type": "Feature", "geometry": {"type": "MultiPolygon", "coordinates": [[[[121.579903, 25.084606], [121.58007, 25.084606], [121.580084, 25.084604], [121.580097, 25.084598], [121.580107, 25.08459], [121.580115, 25.084579], [121.580119, 25.084567], [121.580119, 25.084562], [121.580155, 25.083545], [121.579651, 25.083544], [121.57965, 25.084589], [121.579728, 25.084598], [121.579808, 25.084604], [121.579887, 25.084606], [121.579903, 25.084606]]]]}, "properties": {"name": "公園", "area": 0}}, {"type": "Feature", "geometry": {"type": "MultiPolygon", "coordinates": [[[[121.579937, 25.070274], [121.58027, 25.070482], [121.580273, 25.070464], [121.580271, 25.070447], [121.580266, 25.070431], [121.580258, 25.070415], [121.580246, 25.070402], [121.580234, 25.070394], [121.579968, 25.070227], [121.579921, 25.070196], [121.579877, 25.070162], [121.579836, 25.070125], [121.579797, 25.070086], [121.579761, 25.070044], [121.579729, 25.07], [121.579726, 25.069996], [121.579427, 25.069554], [121.579406, 25.069561], [121.578469, 25.069897], [121.578297, 25.070055], [121.578049, 25.070127], [121.578023, 25.070052], [121.577728, 25.07015], [121.577432, 25.070245], [121.577135, 25.070336], [121.577088, 25.07035], [121.576508, 25.070502], [121.576504, 25.070769], [121.5765, 25.070884], [121.576492, 25.070999], [121.57648, 25.071113], [121.576478, 25.071128], [121.576479, 25.071142], [121.576483, 25.071155], [121.57649, 25.071167], [121.576501, 25.071177], [121.576515, 25.071184], [121.576529, 25.071188], [121.576531, 25.071188], [121.577618, 25.071297], [121.577655, 25.071303], [121.577691, 25.071312], [121.577725, 25.071324], [121.577758, 25.07134], [121.577781, 25.071354], [121.578467, 25.071796], [121.578482, 25.071811], [121.578543, 25.071916], [121.578688, 25.072164], [121.578745, 25.07226], [121.578943, 25.072597], [121.578992, 25.072681], [121.579542, 25.073276], [121.579778, 25.073051], [121.579788, 25.073039], [121.579794, 25.073026], [121.579796, 25.073011], [121.579794, 25.072997], [121.579789, 25.072983], [121.579781, 25.072972], [121.57943, 25.072592], [121.579034, 25.072162], [121.578894, 25.07201], [121.578789, 25.071899], [121.578681, 25.071791], [121.578571, 25.071685], [121.578458, 25.071582], [121.578342, 25.071481], [121.578223, 25.071383], [121.578173, 25.071343], [121.577857, 25.071095], [121.577833, 25.071073], [121.577811, 25.071049], [121.577793, 25.071023], [121.577778, 25.070994], [121.577766, 25.070965], [121.577759, 25.070934], [121.577755, 25.070903], [121.577755, 25.070872], [121.57776, 25.070841], [121.577768, 25.070811], [121.57778, 25.070781], [121.577795, 25.070754], [121.577814, 25.070727], [121.577836, 25.070704], [121.577848, 25.070693], [121.578337, 25.070272], [121.578363, 25.070252], [121.578392, 25.070235], [121.578423, 25.070221], [121.578455, 25.07021], [121.578488, 25.070203], [121.578522, 25.070199], [121.578557, 25.070199], [121.578591, 25.070202], [121.578624, 25.070209], [121.578657, 25.07022], [121.578687, 25.070233], [121.578716, 25.07025], [121.579035, 25.070462], [121.579297, 25.070635], [121.579732, 25.070099], [121.579771, 25.070141], [121.579812, 25.07018], [121.579856, 25.070217], [121.579903, 25.070251], [121.579937, 25.070274]]]]}, "properties": {"name": "公園", "area": 0}}, {"type": "Feature", "geometry": {"type": "MultiPolygon", "coordinates": [[[[121.580084, 25.031723], [121.580112, 25.03177], [121.580167, 25.031864], [121.580813, 25.031464], [121.580557, 25.031113], [121.580222, 25.031323], [121.579764, 25.031241], [121.579606, 25.031213], [121.579464, 25.031014], [121.579221, 25.031115], [121.579235, 25.031141], [121.579296, 25.031254], [121.579368, 25.031275], [121.579469, 25.031298], [121.579721, 25.031357], [121.579746, 25.031363], [121.579756, 25.031365], [121.579767, 25.031368], [121.579778, 25.031372], [121.579788, 25.031376], [121.579799, 25.03138], [121.579809, 25.031384], [121.57982, 25.031389], [121.57983, 25.031394], [121.57984, 25.031399], [121.57985, 25.031405], [121.579859, 25.031411], [121.579868, 25.031417], [121.579877, 25.031424], [121.579886, 25.03143], [121.579895, 25.031437], [121.579903, 25.031445], [121.579911, 25.031452], [121.579919, 25.03146], [121.579927, 25.031468], [121.579934, 25.031476], [121.579941, 25.031485], [121.579947, 25.031493], [121.579954, 25.031502], [121.57996, 25.031511], [121.579965, 25.031519], [121.579972, 25.031533], [121.580011, 25.031599], [121.580029, 25.03163], [121.580084, 25.031723]]]]}, "properties": {"name": "公園", "area": 0}}, {"type": "Feature", "geometry": {"type": "MultiPolygon", "coordinates": [[[[121.580305, 25.066741], [121.58031, 25.066731], [121.579365, 25.066344], [121.579204, 25.066754], [121.579332, 25.06679], [121.579458, 25.06683], [121.579583, 25.066873], [121.579706, 25.066919], [121.579828, 25.066969], [121.579881, 25.066992], [121.580001, 25.067046], [121.580079, 25.067084], [121.580121, 25.067105], [121.580248, 25.066854], [121.580305, 25.066741]]]]}, "properties": {"name": "公園", "area": 0}}, {"type": "Feature", "geometry": {"type": "MultiPolygon", "coordinates": [[[[121.580381, 25.042196], [121.580557, 25.042364], [121.581083, 25.042866], [121.581151, 25.042833], [121.580843, 25.041535], [121.580804, 25.041535], [121.580681, 25.04173], [121.580681, 25.04173], [121.580381, 25.042196]]]]}, "properties": {"name": "公園", "area": 0}}, {"type": "Feature", "geometry": {"type": "MultiPolygon", "coordinates": [[[[121.580963, 25.045217], [121.581014, 25.045216], [121.581264, 25.045209], [121.581259, 25.04507], [121.581257, 25.045], [121.581216, 25.044978], [121.581149, 25.045037], [121.581111, 25.04507], [121.580963, 25.045217]]]]}, "properties": {"name": "公園", "area": 0}}, {"type": "Feature", "geometry": {"type": "MultiPolygon", "coordinates": [[[[121.581172, 25.034195], [121.581198, 25.033463], [121.581196, 25.033411], [121.581193, 25.033385], [121.581183, 25.033343], [121.581171, 25.03331], [121.581042, 25.033023], [121.581029, 25.032997], [121.581012, 25.03297], [121.580998, 25.032957], [121.580936, 25.032904], [121.580473, 25.032495], [121.580446, 25.032471], [121.580423, 25.032446], [121.580403, 25.03242], [121.580398, 25.03241], [121.58038, 25.03238], [121.579895, 25.031554], [121.579881, 25.031533], [121.579865, 25.031514], [121.579854, 25.031502], [121.579834, 25.031485], [121.579821, 25.031475], [121.579798, 25.031461], [121.579775, 25.031449], [121.579738, 25.031436], [121.579398, 25.031356], [121.579367, 25.031391], [121.579401, 25.031456], [121.579415, 25.031494], [121.579421, 25.031521], [121.579425, 25.031548], [121.579426, 25.031575], [121.579425, 25.031602], [121.579421, 25.031629], [121.579415, 25.031655], [121.579405, 25.031685], [121.579387, 25.031728], [121.579377, 25.03176], [121.579372, 25.031784], [121.579369, 25.031809], [121.579369, 25.031826], [121.579369, 25.031842], [121.579372, 25.031867], [121.579375, 25.031884], [121.579413, 25.03207], [121.579419, 25.0321], [121.579421, 25.03213], [121.579422, 25.03216], [121.57942, 25.03219], [121.579419, 25.0322], [121.579417, 25.03222], [121.579413, 25.03224], [121.579408, 25.03226], [121.579402, 25.032279], [121.579392, 25.032308], [121.579384, 25.032326], [121.579375, 25.032345], [121.57936, 25.032371], [121.579343, 25.032397], [121.579324, 25.032422], [121.579303, 25.032445], [121.579155, 25.032603], [121.579132, 25.032633], [121.57912, 25.032658], [121.579112, 25.032685], [121.57911, 25.032721], [121.579113, 25.032749], [121.579126, 25.032784], [121.57914, 25.032808], [121.579166, 25.032837], [121.579189, 25.032854], [121.579305, 25.032949], [121.57974, 25.03336], [121.580176, 25.033771], [121.5802, 25.033797], [121.580215, 25.033818], [121.580221, 25.033829], [121.580232, 25.033851], [121.580239, 25.033875], [121.580241, 25.033887], [121.580243, 25.0339], [121.580243, 25.033924], [121.580242, 25.033937], [121.580238, 25.033961], [121.580229, 25.033985], [121.580167, 25.034136], [121.580152, 25.034173], [121.58027, 25.034178], [121.581143, 25.034219], [121.581172, 25.034195]]]]}, "properties": {"name": "公園", "area": 0}}, {"type": "Feature", "geometry": {"type": "MultiPolygon", "coordinates": [[[[121.581542, 25.080693], [121.581127, 25.080601], [121.581127, 25.080601], [121.581113, 25.080599], [121.581099, 25.080602], [121.581087, 25.080607], [121.581077, 25.080616], [121.58107, 25.080627], [121.581068, 25.080632], [121.580871, 25.081274], [121.581279, 25.081385], [121.581455, 25.081433], [121.581523, 25.081347], [121.581675, 25.081155], [121.581638, 25.081028], [121.581542, 25.080693]]]]}, "properties": {"name": "公園", "area": 0}}, {"type": "Feature", "geometry": {"type": "MultiPolygon", "coordinates": [[[[121.581621, 25.048211], [121.581591, 25.048496], [121.582257, 25.048677], [121.582273, 25.048617], [121.582305, 25.048493], [121.582321, 25.04843], [121.58233, 25.048398], [121.581621, 25.048211]]]]}, "properties": {"name": "公園", "area": 0}}, {"type": "Feature", "geometry": {"type": "MultiPolygon", "coordinates": [[[[121.581821, 25.057539], [121.58153, 25.057383], [121.581512, 25.057376], [121.581493, 25.057372], [121.581474, 25.057372], [121.581455, 25.057375], [121.581438, 25.057382], [121.581422, 25.057392], [121.581409, 25.057404], [121.5814, 25.057416], [121.581378, 25.057454], [121.581821, 25.057539]]]]}, "properties": {"name": "公園", "area": 0}}, {"type": "Feature", "geometry": {"type": "MultiPolygon", "coordinates": [[[[121.582065, 25.084473], [121.58232, 25.084405], [121.582887, 25.084482], [121.582873, 25.084411], [121.582865, 25.084373], [121.58285, 25.084294], [121.583221, 25.08418], [121.584453, 25.083802], [121.584474, 25.083795], [121.584867, 25.08366], [121.584678, 25.083453], [121.584425, 25.083317], [121.584125, 25.083181], [121.583859, 25.08307], [121.583898, 25.082977], [121.583925, 25.082912], [121.584134, 25.08287], [121.584151, 25.082868], [121.584685, 25.082803], [121.58486, 25.082738], [121.584861, 25.082737], [121.585113, 25.082559], [121.585232, 25.082591], [121.585404, 25.082523], [121.58553, 25.082551], [121.585583, 25.082454], [121.585728, 25.082458], [121.585859, 25.082415], [121.58596, 25.08233], [121.586091, 25.082143], [121.586073, 25.08181], [121.586066, 25.081675], [121.586045, 25.081548], [121.586006, 25.081455], [121.585923, 25.081027], [121.585012, 25.080811], [121.585012, 25.080811], [121.584937, 25.080791], [121.584864, 25.080768], [121.584792, 25.080742], [121.584722, 25.080712], [121.584653, 25.080679], [121.584635, 25.08067], [121.584635, 25.08067], [121.583855, 25.080259], [121.583855, 25.080259], [121.583778, 25.080221], [121.5837, 25.080186], [121.583619, 25.080154], [121.583552, 25.080131], [121.583552, 25.080131], [121.583295, 25.080048], [121.583201, 25.080015], [121.582852, 25.079895], [121.582835, 25.079891], [121.582831, 25.079891], [121.582814, 25.079892], [121.582798, 25.079896], [121.582783, 25.079904], [121.582771, 25.079914], [121.582767, 25.079919], [121.582438, 25.080344], [121.581324, 25.081783], [121.581324, 25.081783], [121.581297, 25.081821], [121.581274, 25.081862], [121.581254, 25.081904], [121.581238, 25.081947], [121.581226, 25.081991], [121.581218, 25.082036], [121.581215, 25.082057], [121.581215, 25.082057], [121.581121, 25.082988], [121.581057, 25.083627], [121.582055, 25.083919], [121.581871, 25.084556], [121.582065, 25.084473]]]]}, "properties": {"name": "公園", "area": 0}}, {"type": "Feature", "geometry": {"type": "MultiPolygon", "coordinates": [[[[121.582153, 24.984835], [121.582086, 24.984807], [121.582018, 24.984783], [121.581948, 24.984762], [121.581877, 24.984744], [121.581805, 24.98473], [121.581733, 24.98472], [121.58166, 24.984713], [121.581627, 24.984711], [121.581602, 24.984712], [121.581571, 24.984715], [121.581533, 24.984722], [121.581505, 24.984731], [121.581477, 24.984742], [121.581449, 24.984756], [121.581413, 24.984779], [121.580925, 24.98507], [121.58125, 24.98497], [121.581293, 24.984959], [121.581326, 24.984954], [121.58137, 24.98495], [121.581436, 24.984951], [121.581469, 24.984956], [121.581512, 24.984965], [121.581554, 24.984978], [121.581584, 24.984991], [121.581632, 24.985016], [121.581668, 24.98504], [121.581725, 24.985084], [121.581764, 24.985111], [121.581836, 24.985158], [121.581895, 24.985192], [121.581963, 24.985227], [121.58206, 24.985271], [121.582237, 24.985344], [121.582263, 24.985354], [121.582312, 24.985372], [121.582361, 24.985386], [121.582412, 24.985396], [121.582464, 24.985403], [121.582516, 24.985406], [121.582568, 24.985406], [121.58262, 24.985402], [121.582645, 24.985399], [121.583221, 24.985305], [121.58323, 24.985035], [121.58352, 24.985037], [121.583834, 24.985131], [121.584309, 24.985423], [121.584753, 24.98513], [121.584783, 24.985108], [121.58481, 24.985084], [121.584835, 24.985056], [121.584856, 24.985027], [121.584873, 24.984996], [121.584888, 24.984963], [121.584896, 24.984937], [121.584935, 24.984794], [121.584943, 24.984769], [121.584961, 24.984738], [121.58498, 24.984713], [121.58501, 24.984686], [121.58504, 24.984667], [121.585062, 24.984656], [121.585097, 24.984644], [121.585123, 24.984639], [121.585163, 24.984637], [121.585211, 24.984643], [121.585872, 24.984797], [121.585896, 24.984746], [121.585381, 24.984627], [121.585303, 24.984611], [121.585223, 24.984598], [121.585144, 24.984589], [121.585064, 24.984583], [121.584983, 24.984581], [121.584903, 24.984583], [121.584823, 24.984588], [121.584743, 24.984597], [121.584664, 24.98461], [121.584615, 24.984619], [121.584533, 24.984638], [121.584451, 24.984654], [121.584368, 24.984665], [121.584284, 24.984674], [121.5842, 24.984678], [121.584171, 24.984679], [121.584066, 24.984666], [121.583962, 24.98465], [121.583859, 24.98463], [121.583756, 24.984606], [121.583655, 24.984579], [121.583564, 24.984552], [121.583517, 24.984541], [121.583468, 24.984533], [121.58342, 24.984529], [121.583371, 24.984528], [121.583322, 24.984532], [121.583274, 24.984538], [121.583226, 24.984549], [121.58318, 24.984562], [121.583135, 24.98458], [121.583091, 24.9846], [121.583071, 24.984611], [121.582703, 24.984809], [121.58266, 24.984833], [121.582621, 24.984851], [121.58258, 24.984867], [121.582538, 24.984879], [121.582495, 24.984888], [121.582451, 24.984893], [121.582407, 24.984894], [121.582363, 24.984892], [121.582319, 24.984887], [121.582276, 24.984877], [121.58224, 24.984867], [121.582153, 24.984835]]]]}, "properties": {"name": "公園", "area": 0}}, {"type": "Feature", "geometry": {"type": "MultiPolygon", "coordinates": [[[[121.5825, 25.049502], [121.582498, 25.049484], [121.582492, 25.049466], [121.582482, 25.04945], [121.58247, 25.049436], [121.582454, 25.049424], [121.582447, 25.04942], [121.582436, 25.049416], [121.581533, 25.049206], [121.581536, 25.049213], [121.581539, 25.049221], [121.581543, 25.049229], [121.581546, 25.049237], [121.58155, 25.049246], [121.581554, 25.049254], [121.581557, 25.049261], [121.581561, 25.049269], [121.581565, 25.049277], [121.581649, 25.049438], [121.582093, 25.049479], [121.582408, 25.049536], [121.582424, 25.049539], [121.582442, 25.049539], [121.582458, 25.049536], [121.582474, 25.049529], [121.582487, 25.049519], [121.582497, 25.049506], [121.5825, 25.049502]]]]}, "properties": {"name": "公園", "area": 0}}, {"type": "Feature", "geometry": {"type": "MultiPolygon", "coordinates": [[[[121.582786, 25.070414], [121.582854, 25.07049], [121.582865, 25.070503], [121.58316, 25.070627], [121.583159, 25.070633], [121.583234, 25.070687], [121.583269, 25.070682], [121.583333, 25.070715], [121.58335, 25.070708], [121.583331, 25.071033], [121.5833, 25.071264], [121.58327, 25.071487], [121.583252, 25.071616], [121.582703, 25.071594], [121.582616, 25.07159], [121.582586, 25.071589], [121.582512, 25.071044], [121.582556, 25.070858], [121.582596, 25.070706], [121.582553, 25.070651], [121.582549, 25.070646], [121.581987, 25.071197], [121.581642, 25.07153], [121.580989, 25.072155], [121.5802, 25.07291], [121.580618, 25.073107], [121.580948, 25.073262], [121.580965, 25.073273], [121.58098, 25.073285], [121.580991, 25.073301], [121.580999, 25.073318], [121.581004, 25.073336], [121.581004, 25.073354], [121.581003, 25.073364], [121.580898, 25.0739], [121.581199, 25.074536], [121.581199, 25.074535], [121.581199, 25.074537], [121.5812, 25.074537], [121.581222, 25.074546], [121.581225, 25.074547], [121.581232, 25.074551], [121.581262, 25.074563], [121.581278, 25.074531], [121.581596, 25.07466], [121.581815, 25.07475], [121.582002, 25.074784], [121.582143, 25.074781], [121.582195, 25.074785], [121.582287, 25.07479], [121.58236, 25.074785], [121.582387, 25.074784], [121.582483, 25.074803], [121.582518, 25.074815], [121.582663, 25.074868], [121.582675, 25.074872], [121.582684, 25.074873], [121.582764, 25.074883], [121.582787, 25.074883], [121.582857, 25.074884], [121.582959, 25.074893], [121.583057, 25.074889], [121.583117, 25.074886], [121.583155, 25.074885], [121.58316, 25.074885], [121.583256, 25.074868], [121.583359, 25.074887], [121.583461, 25.074889], [121.583588, 25.074882], [121.583614, 25.074869], [121.583644, 25.074853], [121.583659, 25.074845], [121.583689, 25.074845], [121.583759, 25.074845], [121.58383, 25.074885], [121.583868, 25.074916], [121.583876, 25.074923], [121.584331, 25.074927], [121.584346, 25.074927], [121.584492, 25.074928], [121.584533, 25.074895], [121.584552, 25.07488], [121.584646, 25.07488], [121.584652, 25.07488], [121.584752, 25.074838], [121.584792, 25.074855], [121.584867, 25.074886], [121.584868, 25.074882], [121.585091, 25.07431], [121.585548, 25.07415], [121.586218, 25.074021], [121.586499, 25.074213], [121.586151, 25.074598], [121.586136, 25.075496], [121.586171, 25.075551], [121.586202, 25.075609], [121.586228, 25.075664], [121.586252, 25.07572], [121.586259, 25.075731], [121.586269, 25.07574], [121.586282, 25.075745], [121.586295, 25.075748], [121.586303, 25.075748], [121.58672, 25.075712], [121.586969, 25.075693], [121.586999, 25.075691], [121.587598, 25.075639], [121.587595, 25.075627], [121.587596, 25.075615], [121.587601, 25.075604], [121.58761, 25.075595], [121.587621, 25.075588], [121.587632, 25.075585], [121.587748, 25.075573], [121.588166, 25.075421], [121.588126, 25.075029], [121.587401, 25.075111], [121.587294, 25.075382], [121.586637, 25.075428], [121.586643, 25.074784], [121.586683, 25.074671], [121.586758, 25.074633], [121.58675, 25.074598], [121.586808, 25.07436], [121.586771, 25.074086], [121.587285, 25.073765], [121.587524, 25.07367], [121.587983, 25.073649], [121.587972, 25.073564], [121.588597, 25.073102], [121.588595, 25.073105], [121.588638, 25.073073], [121.589643, 25.072352], [121.589626, 25.072152], [121.589539, 25.072121], [121.588915, 25.071903], [121.588811, 25.071499], [121.588952, 25.071302], [121.587718, 25.070158], [121.587486, 25.070204], [121.587471, 25.070208], [121.587458, 25.070216], [121.587447, 25.070227], [121.587439, 25.07024], [121.587436, 25.070251], [121.58728, 25.071061], [121.587062, 25.071044], [121.587012, 25.071039], [121.585721, 25.070922], [121.585042, 25.069909], [121.584628, 25.06982], [121.584629, 25.06984], [121.584608, 25.069837], [121.584601, 25.069837], [121.583555, 25.069662], [121.583154, 25.070055], [121.582879, 25.070323], [121.582786, 25.070414]]]]}, "properties": {"name": "公園", "area": 0}}, {"type": "Feature", "geometry": {"type": "MultiPolygon", "coordinates": [[[[121.583479, 24.98861], [121.583533, 24.988619], [121.58362, 24.988903], [121.583618, 24.988704], [121.58362, 24.988678], [121.583626, 24.988653], [121.583635, 24.988629], [121.583649, 24.988607], [121.583665, 24.988586], [121.583677, 24.988574], [121.583701, 24.988555], [121.583727, 24.988539], [121.583756, 24.988526], [121.583786, 24.988516], [121.583816, 24.98851], [121.583848, 24.988507], [121.583853, 24.988507], [121.584239, 24.988505], [121.584476, 24.988504], [121.584934, 24.988338], [121.585331, 24.988312], [121.585566, 24.988246], [121.585775, 24.988095], [121.585842, 24.988074], [121.586105, 24.988067], [121.586278, 24.98796], [121.586561, 24.98757], [121.586675, 24.987483], [121.586821, 24.987422], [121.587118, 24.987312], [121.587203, 24.98728], [121.587187, 24.987258], [121.587168, 24.987238], [121.587146, 24.987221], [121.587122, 24.987207], [121.587097, 24.987196], [121.587069, 24.987188], [121.587061, 24.987186], [121.586763, 24.987298], [121.586595, 24.987367], [121.586449, 24.987479], [121.58617, 24.987863], [121.586057, 24.987933], [121.585815, 24.987939], [121.585703, 24.987974], [121.585496, 24.988124], [121.585303, 24.988178], [121.5849, 24.988205], [121.584447, 24.988369], [121.584238, 24.98837], [121.583851, 24.988372], [121.583812, 24.988374], [121.583772, 24.98838], [121.583734, 24.988389], [121.583696, 24.988402], [121.583661, 24.988418], [121.583627, 24.988437], [121.583595, 24.988459], [121.583566, 24.988484], [121.58354, 24.988511], [121.583517, 24.988541], [121.583497, 24.988573], [121.583481, 24.988606], [121.583479, 24.98861]]]]}, "properties": {"name": "公園", "area": 0}}, {"type": "Feature", "geometry": {"type": "MultiPolygon", "coordinates": [[[[121.583656, 25.077044], [121.583659, 25.077058], [121.583665, 25.077071], [121.583674, 25.077082], [121.583686, 25.077091], [121.583701, 25.077096], [121.583716, 25.077099], [121.583717, 25.077099], [121.583717, 25.077099], [121.583788, 25.077099], [121.583788, 25.077099], [121.583801, 25.077097], [121.583814, 25.077092], [121.583824, 25.077084], [121.583831, 25.077074], [121.583835, 25.077062], [121.583835, 25.077056], [121.583835, 25.077056], [121.583817, 25.0761], [121.583817, 25.0761], [121.583815, 25.076088], [121.583809, 25.076077], [121.5838, 25.076067], [121.583788, 25.076061], [121.583775, 25.076057], [121.583769, 25.076057], [121.583769, 25.076057], [121.583687, 25.076057], [121.583674, 25.076059], [121.583661, 25.076064], [121.583651, 25.076073], [121.583644, 25.076083], [121.58364, 25.076095], [121.58364, 25.076101], [121.583643, 25.07625], [121.583656, 25.077044]]]]}, "properties": {"name": "公園", "area": 0}}, {"type": "Feature", "geometry": {"type": "MultiPolygon", "coordinates": [[[[121.583676, 25.078181], [121.583679, 25.078386], [121.583858, 25.07839], [121.583844, 25.07756], [121.583838, 25.077233], [121.583836, 25.077221], [121.58383, 25.077209], [121.583821, 25.0772], [121.583809, 25.077193], [121.583796, 25.07719], [121.58379, 25.077189], [121.583719, 25.077189], [121.583704, 25.077191], [121.58369, 25.077196], [121.583678, 25.077204], [121.583668, 25.077215], [121.583662, 25.077228], [121.58366, 25.077241], [121.58366, 25.077243], [121.583663, 25.077424], [121.583665, 25.077561], [121.583676, 25.078181]]]]}, "properties": {"name": "公園", "area": 0}}, {"type": "Feature", "geometry": {"type": "MultiPolygon", "coordinates": [[[[121.583767, 25.075985], [121.58378, 25.075983], [121.583793, 25.075978], [121.583803, 25.075969], [121.58381, 25.075959], [121.583814, 25.075947], [121.583814, 25.075941], [121.583814, 25.075941], [121.583798, 25.075089], [121.583798, 25.075089], [121.583796, 25.075077], [121.58379, 25.075065], [121.58378, 25.075056], [121.583769, 25.075049], [121.583755, 25.075046], [121.58375, 25.075045], [121.58375, 25.075045], [121.583681, 25.075045], [121.583681, 25.075045], [121.583666, 25.075046], [121.583652, 25.075051], [121.58364, 25.07506], [121.58363, 25.07507], [121.583624, 25.075083], [121.583622, 25.075097], [121.583622, 25.075099], [121.583622, 25.075099], [121.58363, 25.075556], [121.583637, 25.075942], [121.58364, 25.075954], [121.583646, 25.075966], [121.583655, 25.075975], [121.583667, 25.075982], [121.58368, 25.075985], [121.583686, 25.075985], [121.583767, 25.075985], [121.583767, 25.075985]]]]}, "properties": {"name": "公園", "area": 0}}, {"type": "Feature", "geometry": {"type": "MultiPolygon", "coordinates": [[[[121.583771, 25.042819], [121.584386, 25.043097], [121.58501, 25.043417], [121.585025, 25.043423], [121.585041, 25.043425], [121.585056, 25.043423], [121.585071, 25.043418], [121.585084, 25.04341], [121.585095, 25.043399], [121.585403, 25.042998], [121.585433, 25.042963], [121.585466, 25.04293], [121.585501, 25.0429], [121.58554, 25.042872], [121.58558, 25.042847], [121.585623, 25.042825], [121.585668, 25.042807], [121.585714, 25.042792], [121.585761, 25.04278], [121.585809, 25.042772], [121.585858, 25.042767], [121.585907, 25.042766], [121.585956, 25.042769], [121.586005, 25.042775], [121.586052, 25.042785], [121.586099, 25.042798], [121.586133, 25.04281], [121.586681, 25.043021], [121.586695, 25.043025], [121.58671, 25.043025], [121.586725, 25.043022], [121.586738, 25.043015], [121.586749, 25.043005], [121.586757, 25.042993], [121.586758, 25.042992], [121.586815, 25.042862], [121.586876, 25.042733], [121.586941, 25.042606], [121.587009, 25.042481], [121.58708, 25.042357], [121.587155, 25.042235], [121.587234, 25.042114], [121.587316, 25.041996], [121.587401, 25.04188], [121.58741, 25.041868], [121.587417, 25.041856], [121.58742, 25.041842], [121.587419, 25.041829], [121.587414, 25.041816], [121.587406, 25.041805], [121.587394, 25.041796], [121.587381, 25.04179], [121.587376, 25.041789], [121.586577, 25.041628], [121.586531, 25.041621], [121.586486, 25.041617], [121.58644, 25.041617], [121.586394, 25.041621], [121.586348, 25.041628], [121.586304, 25.041638], [121.586303, 25.041638], [121.586108, 25.041694], [121.586067, 25.041703], [121.586026, 25.041709], [121.585984, 25.041712], [121.585942, 25.041711], [121.5859, 25.041706], [121.585859, 25.041698], [121.585835, 25.041691], [121.58557, 25.041611], [121.584623, 25.042148], [121.584189, 25.042442], [121.583764, 25.042763], [121.583756, 25.042772], [121.583752, 25.042782], [121.583751, 25.042793], [121.583754, 25.042803], [121.583761, 25.042812], [121.58377, 25.042819], [121.583771, 25.042819]]]]}, "properties": {"name": "公園", "area": 0}}, {"type": "Feature", "geometry": {"type": "MultiPolygon", "coordinates": [[[[121.583908, 25.049797], [121.583903, 25.049826], [121.583863, 25.049825], [121.583605, 25.050161], [121.584964, 25.050703], [121.585271, 25.050063], [121.585275, 25.050051], [121.585275, 25.050038], [121.58527, 25.050026], [121.585263, 25.050016], [121.585252, 25.050007], [121.58524, 25.050002], [121.585235, 25.050001], [121.5848, 25.049934], [121.583908, 25.049796], [121.583908, 25.049797]]]]}, "properties": {"name": "公園", "area": 0}}, {"type": "Feature", "geometry": {"type": "MultiPolygon", "coordinates": [[[[121.583996, 25.038387], [121.583989, 25.03835], [121.583979, 25.038313], [121.583965, 25.038277], [121.583948, 25.038243], [121.583927, 25.03821], [121.583902, 25.03818], [121.583875, 25.038151], [121.583845, 25.038126], [121.583842, 25.038123], [121.5838, 25.038134], [121.583646, 25.038471], [121.583661, 25.038504], [121.58398, 25.038626], [121.58402, 25.038599], [121.583996, 25.038387]]]]}, "properties": {"name": "公園", "area": 0}}, {"type": "Feature", "geometry": {"type": "MultiPolygon", "coordinates": [[[[121.584101, 25.08471], [121.582818, 25.086025], [121.582854, 25.086027], [121.582678, 25.086215], [121.58207, 25.085872], [121.582313, 25.086587], [121.582899, 25.088398], [121.583089, 25.088983], [121.583193, 25.089304], [121.583539, 25.088958], [121.583657, 25.088445], [121.584306, 25.08797], [121.586916, 25.087555], [121.587907, 25.086877], [121.588018, 25.086978], [121.588214, 25.086793], [121.587778, 25.086527], [121.587814, 25.086442], [121.586355, 25.085518], [121.586221, 25.08546], [121.585902, 25.085147], [121.585761, 25.085062], [121.58565, 25.085156], [121.585617, 25.085156], [121.585593, 25.085158], [121.585593, 25.085158], [121.585561, 25.085164], [121.58553, 25.085173], [121.585501, 25.085186], [121.585473, 25.085202], [121.585448, 25.085221], [121.585444, 25.085224], [121.585444, 25.085224], [121.585422, 25.085246], [121.585417, 25.085252], [121.585417, 25.085252], [121.585399, 25.085277], [121.58539, 25.085292], [121.585377, 25.08532], [121.585372, 25.085335], [121.585203, 25.085369], [121.585123, 25.085331], [121.584956, 25.085093], [121.584888, 25.085071], [121.584804, 25.085094], [121.584873, 25.085176], [121.584641, 25.085853], [121.584534, 25.085925], [121.584446, 25.085929], [121.584428, 25.086002], [121.584438, 25.086034], [121.584199, 25.086242], [121.58395, 25.086191], [121.583704, 25.08594], [121.584313, 25.084962], [121.584276, 25.084979], [121.584293, 25.084824], [121.584321, 25.084773], [121.584178, 25.084746], [121.584131, 25.084713], [121.584101, 25.08471]]]]}, "properties": {"name": "公園", "area": 0}}, {"type": "Feature", "geometry": {"type": "MultiPolygon", "coordinates": [[[[121.58456, 25.065105], [121.584448, 25.065107], [121.584336, 25.065106], [121.584224, 25.0651], [121.584112, 25.065092], [121.584, 25.065079], [121.583966, 25.065075], [121.583966, 25.065075], [121.583952, 25.065075], [121.58394, 25.065078], [121.583929, 25.065085], [121.58392, 25.065095], [121.583916, 25.065106], [121.583914, 25.065118], [121.583915, 25.065118], [121.583988, 25.065916], [121.583991, 25.065927], [121.583998, 25.065938], [121.584007, 25.065946], [121.584019, 25.065951], [121.584033, 25.065953], [121.584046, 25.065951], [121.584055, 25.065947], [121.584111, 25.065916], [121.584165, 25.065881], [121.584217, 25.065843], [121.584267, 25.065802], [121.584313, 25.065759], [121.584357, 25.065713], [121.584398, 25.065665], [121.584435, 25.065615], [121.584469, 25.065563], [121.5845, 25.06551], [121.584527, 25.065454], [121.58455, 25.065398], [121.58457, 25.06534], [121.584586, 25.065281], [121.584597, 25.065221], [121.584605, 25.065161], [121.584607, 25.065149], [121.584606, 25.065137], [121.584601, 25.065125], [121.584593, 25.065116], [121.584582, 25.065109], [121.584569, 25.065105], [121.58456, 25.065105]]]]}, "properties": {"name": "公園", "area": 0}}, {"type": "Feature", "geometry": {"type": "MultiPolygon", "coordinates": [[[[121.585162, 25.062954], [121.585954, 25.0626], [121.58619, 25.062494], [121.586925, 25.061298], [121.587299, 25.060689], [121.587308, 25.060678], [121.58732, 25.060669], [121.587334, 25.060664], [121.587349, 25.060662], [121.587364, 25.060663], [121.587378, 25.060668], [121.58738, 25.060669], [121.587654, 25.060814], [121.587663, 25.060816], [121.587671, 25.060815], [121.587678, 25.06081], [121.587683, 25.060803], [121.587683, 25.060795], [121.58768, 25.060788], [121.587677, 25.060785], [121.587296, 25.060473], [121.583098, 25.058223], [121.583101, 25.058222], [121.581969, 25.057618], [121.581352, 25.0575], [121.581242, 25.05769], [121.5824, 25.058308], [121.582477, 25.058188], [121.582485, 25.05818], [121.582495, 25.058174], [121.582507, 25.058172], [121.582519, 25.058173], [121.582526, 25.058177], [121.583099, 25.058483], [121.583775, 25.058845], [121.585233, 25.059625], [121.585233, 25.059626], [121.586659, 25.060389], [121.586668, 25.060396], [121.586674, 25.060405], [121.586677, 25.060416], [121.586675, 25.060426], [121.586672, 25.060433], [121.58642, 25.060844], [121.586428, 25.060868], [121.586162, 25.061301], [121.586098, 25.061405], [121.585828, 25.061845], [121.585524, 25.06234], [121.584865, 25.062635], [121.584951, 25.062778], [121.58503, 25.062914], [121.585041, 25.06293], [121.585054, 25.062943], [121.585071, 25.062953], [121.585089, 25.06296], [121.585108, 25.062963], [121.585128, 25.062963], [121.585148, 25.06296], [121.585162, 25.062954]]]]}, "properties": {"name": "公園", "area": 0}}, {"type": "Feature", "geometry": {"type": "MultiPolygon", "coordinates": [[[[121.586448, 25.076564], [121.586434, 25.076566], [121.586422, 25.076571], [121.586412, 25.076579], [121.586404, 25.07659], [121.586401, 25.076601], [121.5864, 25.076608], [121.586403, 25.076713], [121.586408, 25.076959], [121.586406, 25.076969], [121.586401, 25.076979], [121.586392, 25.076986], [121.586381, 25.07699], [121.586372, 25.076991], [121.5859, 25.076989], [121.586076, 25.077161], [121.586351, 25.077085], [121.586723, 25.07698], [121.586739, 25.076844], [121.587194, 25.076836], [121.587122, 25.076814], [121.587052, 25.076789], [121.586983, 25.07676], [121.586916, 25.076728], [121.586851, 25.076693], [121.586788, 25.076655], [121.586727, 25.076614], [121.586668, 25.07657], [121.586662, 25.076565], [121.586448, 25.076564]]]]}, "properties": {"name": "公園", "area": 0}}, {"type": "Feature", "geometry": {"type": "MultiPolygon", "coordinates": [[[[121.586588, 24.985952], [121.586707, 24.986049], [121.586868, 24.985668], [121.586865, 24.985664], [121.586809, 24.9856], [121.5868, 24.985592], [121.586788, 24.985587], [121.586775, 24.985585], [121.586762, 24.985586], [121.58675, 24.985591], [121.58674, 24.985599], [121.586734, 24.985609], [121.586734, 24.98561], [121.586734, 24.98561], [121.586588, 24.985952]]]]}, "properties": {"name": "公園", "area": 0}}, {"type": "Feature", "geometry": {"type": "MultiPolygon", "coordinates": [[[[121.586776, 24.986105], [121.587116, 24.986651], [121.587382, 24.986512], [121.587245, 24.986273], [121.587231, 24.986241], [121.587217, 24.986204], [121.587208, 24.98617], [121.587203, 24.98614], [121.587196, 24.9861], [121.587191, 24.986064], [121.58719, 24.986023], [121.587191, 24.985959], [121.587195, 24.985913], [121.587196, 24.985892], [121.587191, 24.98588], [121.587181, 24.985871], [121.58713, 24.985856], [121.587059, 24.985829], [121.587013, 24.985804], [121.58696, 24.985768], [121.586918, 24.985734], [121.58689, 24.985704], [121.586868, 24.985668], [121.586707, 24.986049], [121.586776, 24.986105]]]]}, "properties": {"name": "公園", "area": 0}}, {"type": "Feature", "geometry": {"type": "MultiPolygon", "coordinates": [[[[121.587132, 25.068087], [121.587132, 25.068087], [121.586881, 25.068067], [121.586881, 25.068379], [121.586881, 25.068433], [121.587138, 25.068451], [121.587138, 25.068451], [121.587151, 25.068451], [121.587163, 25.068446], [121.587174, 25.068439], [121.587181, 25.068429], [121.587185, 25.068417], [121.587186, 25.06841], [121.587186, 25.06841], [121.58718, 25.06817], [121.587179, 25.068133], [121.587177, 25.06812], [121.587171, 25.068108], [121.587161, 25.068098], [121.587149, 25.068091], [121.587136, 25.068087], [121.587132, 25.068087]]]]}, "properties": {"name": "公園", "area": 0}}, {"type": "Feature", "geometry": {"type": "MultiPolygon", "coordinates": [[[[121.587591, 25.088179], [121.587583, 25.088189], [121.587579, 25.088201], [121.587579, 25.088214], [121.587582, 25.088226], [121.58759, 25.088236], [121.587594, 25.08824], [121.587743, 25.088362], [121.587754, 25.088369], [121.587768, 25.088373], [121.587782, 25.088374], [121.587795, 25.08837], [121.587807, 25.088364], [121.587811, 25.08836], [121.588372, 25.087824], [121.58838, 25.087814], [121.588384, 25.087803], [121.588385, 25.08779], [121.588381, 25.087778], [121.588374, 25.087768], [121.58837, 25.087763], [121.588213, 25.087635], [121.588202, 25.087628], [121.588189, 25.087624], [121.588175, 25.087624], [121.588161, 25.087627], [121.58815, 25.087633], [121.588145, 25.087637], [121.588122, 25.08766], [121.587591, 25.088179]]]]}, "properties": {"name": "公園", "area": 0}}, {"type": "Feature", "geometry": {"type": "MultiPolygon", "coordinates": [[[[121.587738, 24.987235], [121.587735, 24.987216], [121.587727, 24.987182], [121.587719, 24.987154], [121.587701, 24.987097], [121.587352, 24.987078], [121.587166, 24.987148], [121.587191, 24.987161], [121.587206, 24.987172], [121.587224, 24.987188], [121.587235, 24.987198], [121.587249, 24.987214], [121.587256, 24.987222], [121.587266, 24.987235], [121.587276, 24.987252], [121.587377, 24.987215], [121.587738, 24.987235]]]]}, "properties": {"name": "公園", "area": 0}}, {"type": "Feature", "geometry": {"type": "MultiPolygon", "coordinates": [[[[121.587759, 25.081463], [121.587756, 25.081462], [121.587644, 25.081435], [121.587629, 25.081433], [121.587614, 25.081435], [121.5876, 25.081441], [121.587588, 25.081449], [121.587579, 25.08146], [121.587574, 25.081473], [121.587573, 25.081476], [121.587532, 25.081672], [121.58753, 25.081682], [121.587571, 25.081672], [121.587594, 25.081672], [121.587618, 25.081668], [121.58764, 25.081661], [121.587661, 25.08165], [121.587677, 25.081638], [121.587693, 25.081622], [121.587706, 25.081604], [121.587715, 25.081584], [121.587721, 25.081565], [121.587753, 25.081479], [121.587759, 25.081463]]]]}, "properties": {"name": "公園", "area": 0}}, {"type": "Feature", "geometry": {"type": "MultiPolygon", "coordinates": [[[[121.588499, 25.066553], [121.588499, 25.066554], [121.588797, 25.066707], [121.58905, 25.066838], [121.58905, 25.066838], [121.589062, 25.066842], [121.589075, 25.066843], [121.589087, 25.06684], [121.589098, 25.066833], [121.589107, 25.066825], [121.589112, 25.066814], [121.589113, 25.066803], [121.589112, 25.066706], [121.589111, 25.06666], [121.589109, 25.066559], [121.589107, 25.066551], [121.589101, 25.066545], [121.589099, 25.066544], [121.589099, 25.066544], [121.588646, 25.066309], [121.588538, 25.066488], [121.588499, 25.066553]]]]}, "properties": {"name": "公園", "area": 0}}, {"type": "Feature", "geometry": {"type": "MultiPolygon", "coordinates": [[[[121.588518, 25.086237], [121.589003, 25.085971], [121.589013, 25.085918], [121.589031, 25.085887], [121.589052, 25.085866], [121.589441, 25.085563], [121.589521, 25.085506], [121.589572, 25.085477], [121.589658, 25.08544], [121.589764, 25.085409], [121.59036, 25.085285], [121.590395, 25.08528], [121.590434, 25.085281], [121.590475, 25.085288], [121.590532, 25.085312], [121.59057, 25.085339], [121.590608, 25.085383], [121.59067, 25.085481], [121.590679, 25.085491], [121.590691, 25.085499], [121.590704, 25.085504], [121.590718, 25.085505], [121.590732, 25.085502], [121.590736, 25.085501], [121.591005, 25.085397], [121.590509, 25.085282], [121.589802, 25.085162], [121.589806, 25.085081], [121.589935, 25.083954], [121.589992, 25.083462], [121.589438, 25.083309], [121.589418, 25.083305], [121.5894, 25.083309], [121.589384, 25.083322], [121.589374, 25.083337], [121.589152, 25.083671], [121.588994, 25.08419], [121.588935, 25.08438], [121.588899, 25.084481], [121.588359, 25.084497], [121.588316, 25.0845], [121.588274, 25.084507], [121.588242, 25.084514], [121.588008, 25.084576], [121.587959, 25.084583], [121.587926, 25.084577], [121.587886, 25.084556], [121.587863, 25.084533], [121.58785, 25.084509], [121.58779, 25.084326], [121.587922, 25.084149], [121.588155, 25.083851], [121.588539, 25.083416], [121.58881, 25.08302], [121.588822, 25.082997], [121.588841, 25.082957], [121.588874, 25.082891], [121.588797, 25.082865], [121.58851, 25.082471], [121.587428, 25.082032], [121.587244, 25.082513], [121.587144, 25.082743], [121.587023, 25.082965], [121.586934, 25.083102], [121.586847, 25.083223], [121.586762, 25.083331], [121.586646, 25.083462], [121.586889, 25.083827], [121.586863, 25.084025], [121.586401, 25.084168], [121.586009, 25.083985], [121.585846, 25.084081], [121.585696, 25.084159], [121.585398, 25.084304], [121.585467, 25.084339], [121.585666, 25.084536], [121.585965, 25.084783], [121.586119, 25.084869], [121.586563, 25.085018], [121.586646, 25.085128], [121.587742, 25.085824], [121.587839, 25.085816], [121.588059, 25.08598], [121.588135, 25.086057], [121.58812, 25.086111], [121.588518, 25.086237]]]]}, "properties": {"name": "公園", "area": 0}}, {"type": "Feature", "geometry": {"type": "MultiPolygon", "coordinates": [[[[121.58862, 25.079115], [121.58862, 25.079115], [121.588541, 25.079091], [121.588482, 25.079075], [121.588482, 25.079075], [121.588147, 25.078993], [121.587958, 25.078949], [121.587896, 25.078935], [121.587711, 25.079138], [121.587711, 25.079138], [121.587683, 25.079166], [121.587653, 25.079191], [121.58762, 25.079213], [121.587585, 25.079232], [121.587547, 25.079248], [121.587509, 25.079261], [121.587469, 25.07927], [121.587428, 25.079276], [121.587387, 25.079278], [121.587346, 25.079277], [121.587306, 25.079272], [121.587304, 25.079272], [121.587303, 25.079272], [121.586712, 25.079169], [121.586712, 25.079169], [121.586686, 25.079162], [121.586661, 25.079152], [121.586638, 25.079139], [121.586617, 25.079123], [121.586598, 25.079105], [121.586583, 25.079084], [121.586572, 25.079061], [121.586564, 25.079037], [121.58656, 25.079013], [121.58656, 25.079008], [121.58656, 25.079008], [121.586545, 25.078732], [121.586545, 25.078732], [121.58638, 25.078717], [121.586214, 25.078706], [121.58609, 25.0787], [121.586091, 25.078918], [121.585583, 25.07891], [121.585536, 25.079176], [121.585497, 25.0794], [121.585497, 25.079401], [121.58549, 25.079427], [121.58548, 25.079452], [121.585466, 25.079475], [121.585449, 25.079497], [121.585428, 25.079516], [121.585405, 25.079533], [121.58538, 25.079547], [121.585353, 25.079557], [121.585325, 25.079564], [121.585295, 25.079568], [121.585266, 25.079568], [121.585253, 25.079566], [121.585253, 25.079566], [121.584597, 25.079488], [121.583762, 25.079394], [121.583762, 25.079394], [121.583221, 25.079329], [121.583202, 25.079328], [121.583198, 25.079329], [121.583181, 25.079333], [121.583164, 25.07934], [121.583151, 25.079351], [121.583139, 25.079364], [121.583139, 25.079365], [121.582897, 25.079734], [121.582892, 25.079746], [121.58289, 25.079759], [121.582892, 25.079772], [121.582898, 25.079785], [121.582907, 25.079795], [121.582919, 25.079802], [121.582924, 25.079804], [121.583201, 25.079899], [121.583336, 25.079946], [121.583592, 25.080029], [121.583593, 25.080029], [121.583677, 25.080059], [121.583759, 25.080092], [121.58384, 25.080128], [121.583919, 25.080167], [121.583929, 25.080172], [121.583929, 25.080172], [121.584694, 25.080576], [121.584694, 25.080576], [121.58476, 25.080609], [121.584827, 25.080638], [121.584896, 25.080664], [121.584967, 25.080686], [121.585038, 25.080705], [121.585042, 25.080706], [121.586391, 25.081026], [121.586473, 25.081045], [121.58654, 25.080887], [121.5867, 25.080509], [121.587156, 25.080613], [121.587125, 25.080186], [121.586964, 25.080028], [121.586994, 25.080016], [121.587099, 25.079872], [121.587405, 25.079832], [121.587593, 25.079787], [121.587712, 25.079738], [121.587716, 25.079731], [121.587727, 25.07973], [121.587798, 25.079634], [121.587919, 25.079594], [121.587996, 25.079569], [121.588097, 25.079668], [121.588239, 25.079835], [121.588261, 25.079993], [121.58828, 25.080152], [121.588363, 25.080336], [121.58825, 25.080447], [121.588368, 25.0806], [121.588483, 25.080749], [121.588512, 25.080721], [121.588532, 25.080706], [121.588553, 25.080693], [121.588577, 25.080683], [121.588601, 25.080677], [121.58862, 25.080675], [121.588646, 25.080673], [121.588672, 25.080673], [121.588697, 25.080677], [121.588722, 25.080684], [121.588727, 25.080686], [121.588734, 25.080689], [121.588756, 25.0807], [121.588776, 25.080714], [121.588793, 25.08073], [121.588807, 25.080749], [121.588817, 25.08077], [121.588818, 25.080771], [121.58892, 25.081029], [121.58892, 25.08103], [121.588932, 25.081054], [121.588947, 25.081077], [121.588966, 25.081098], [121.588987, 25.081116], [121.589011, 25.081131], [121.589037, 25.081144], [121.58906, 25.081152], [121.58906, 25.081152], [121.589831, 25.081369], [121.589843, 25.081371], [121.589855, 25.081369], [121.589865, 25.081363], [121.589873, 25.081355], [121.589876, 25.081348], [121.590087, 25.080772], [121.590087, 25.080772], [121.590091, 25.080755], [121.590091, 25.080738], [121.590087, 25.080722], [121.590079, 25.080706], [121.590068, 25.080692], [121.590064, 25.080688], [121.590064, 25.080688], [121.589645, 25.080326], [121.589645, 25.080326], [121.589626, 25.080308], [121.589611, 25.080287], [121.589599, 25.080265], [121.589591, 25.080241], [121.589587, 25.080216], [121.589587, 25.080191], [121.589589, 25.080174], [121.589589, 25.080173], [121.589612, 25.080053], [121.589608, 25.080007], [121.589579, 25.07997], [121.589324, 25.07978], [121.589314, 25.079775], [121.589302, 25.079773], [121.589291, 25.079775], [121.589281, 25.07978], [121.589275, 25.079787], [121.589093, 25.080046], [121.589093, 25.080046], [121.589079, 25.080063], [121.589062, 25.080078], [121.589042, 25.080089], [121.589021, 25.080098], [121.588998, 25.080103], [121.588974, 25.080104], [121.588951, 25.080102], [121.588929, 25.080097], [121.588921, 25.080094], [121.58892, 25.080094], [121.588769, 25.08003], [121.588769, 25.08003], [121.588743, 25.080017], [121.588718, 25.080001], [121.588697, 25.079982], [121.588678, 25.079961], [121.588662, 25.079937], [121.58865, 25.079912], [121.588642, 25.079886], [121.588639, 25.079871], [121.588639, 25.079871], [121.588569, 25.079422], [121.588569, 25.079422], [121.588565, 25.079385], [121.588566, 25.079347], [121.58857, 25.07931], [121.588577, 25.079277], [121.58862, 25.079115]]]]}, "properties": {"name": "公園", "area": 0}}, {"type": "Feature", "geometry": {"type": "MultiPolygon", "coordinates": [[[[121.588689, 25.044014], [121.588692, 25.044018], [121.588713, 25.044076], [121.589292, 25.044391], [121.589611, 25.044404], [121.589707, 25.044426], [121.589762, 25.044442], [121.589801, 25.044453], [121.589838, 25.044468], [121.589873, 25.044486], [121.589906, 25.044506], [121.589936, 25.04453], [121.589964, 25.044557], [121.589989, 25.044585], [121.590011, 25.044616], [121.590029, 25.044649], [121.590044, 25.044683], [121.590054, 25.044718], [121.590061, 25.044754], [121.590064, 25.044783], [121.59009, 25.045035], [121.590121, 25.045331], [121.591119, 25.045328], [121.590966, 25.045511], [121.590827, 25.045678], [121.590928, 25.045957], [121.590969, 25.045992], [121.591162, 25.046159], [121.592063, 25.045942], [121.592143, 25.045926], [121.592199, 25.045918], [121.592284, 25.045908], [121.592485, 25.045785], [121.592535, 25.045763], [121.592582, 25.045738], [121.592628, 25.04571], [121.592643, 25.0457], [121.592653, 25.045691], [121.592659, 25.045679], [121.592662, 25.045667], [121.592661, 25.045654], [121.592661, 25.045653], [121.592651, 25.045611], [121.592644, 25.045567], [121.592641, 25.045531], [121.592641, 25.045492], [121.592643, 25.045453], [121.592645, 25.045426], [121.592588, 25.045182], [121.592581, 25.045145], [121.592576, 25.045099], [121.592575, 25.04506], [121.592577, 25.045025], [121.592581, 25.044996], [121.592601, 25.044882], [121.592628, 25.044729], [121.592642, 25.044673], [121.592658, 25.044631], [121.592674, 25.044594], [121.592687, 25.044572], [121.592754, 25.04446], [121.592783, 25.044417], [121.592812, 25.04438], [121.592847, 25.044343], [121.592882, 25.044311], [121.592889, 25.044302], [121.592893, 25.044292], [121.592892, 25.044281], [121.592892, 25.044281], [121.592861, 25.044155], [121.592852, 25.044125], [121.592842, 25.044098], [121.59275, 25.043893], [121.592705, 25.04379], [121.592688, 25.043749], [121.592676, 25.04371], [121.592667, 25.043669], [121.59266, 25.043616], [121.592653, 25.043512], [121.592677, 25.043396], [121.592704, 25.043268], [121.59284, 25.042478], [121.592906, 25.042238], [121.593122, 25.041673], [121.593176, 25.041486], [121.593224, 25.041097], [121.593225, 25.041073], [121.593222, 25.04105], [121.593215, 25.041027], [121.593204, 25.041005], [121.593202, 25.041002], [121.592715, 25.040222], [121.592696, 25.040195], [121.592673, 25.04017], [121.592647, 25.040147], [121.592619, 25.040127], [121.592589, 25.04011], [121.592557, 25.040096], [121.592523, 25.040085], [121.592488, 25.040078], [121.592453, 25.040074], [121.592417, 25.040074], [121.592381, 25.040078], [121.592347, 25.040085], [121.592313, 25.040096], [121.592281, 25.04011], [121.59225, 25.040127], [121.592222, 25.040147], [121.592197, 25.04017], [121.592174, 25.040195], [121.592155, 25.040223], [121.592141, 25.040247], [121.591667, 25.041219], [121.591646, 25.041255], [121.591617, 25.041291], [121.591576, 25.041328], [121.591533, 25.041354], [121.591491, 25.041373], [121.591449, 25.041385], [121.591411, 25.041391], [121.591374, 25.041393], [121.591068, 25.041392], [121.591034, 25.041391], [121.590988, 25.041385], [121.590946, 25.041374], [121.590909, 25.041362], [121.590873, 25.041345], [121.59084, 25.041326], [121.590808, 25.041304], [121.590791, 25.04129], [121.590785, 25.041336], [121.590781, 25.041336], [121.59075, 25.041313], [121.590722, 25.041287], [121.590697, 25.041259], [121.590675, 25.041229], [121.590656, 25.041197], [121.590641, 25.041163], [121.59063, 25.041128], [121.590623, 25.041093], [121.590619, 25.041056], [121.59062, 25.04102], [121.59062, 25.041015], [121.590627, 25.040904], [121.590527, 25.040471], [121.590528, 25.040468], [121.590057, 25.040384], [121.590044, 25.040383], [121.59003, 25.040386], [121.590019, 25.040392], [121.590009, 25.040401], [121.590006, 25.040406], [121.590006, 25.040406], [121.589937, 25.040703], [121.589927, 25.040736], [121.589921, 25.040775], [121.589914, 25.040817], [121.58989, 25.04088], [121.589872, 25.040902], [121.589852, 25.040943], [121.589823, 25.041004], [121.589785, 25.041097], [121.589745, 25.041164], [121.589724, 25.041194], [121.589684, 25.041277], [121.589656, 25.041325], [121.589648, 25.041356], [121.589613, 25.04141], [121.589554, 25.041482], [121.589543, 25.041509], [121.589502, 25.041564], [121.589499, 25.041568], [121.589473, 25.041601], [121.589437, 25.041604], [121.589271, 25.041767], [121.589142, 25.04184], [121.588965, 25.041993], [121.5888, 25.042092], [121.588757, 25.042229], [121.588749, 25.042327], [121.588771, 25.042396], [121.588868, 25.042493], [121.588967, 25.04266], [121.588992, 25.042707], [121.588994, 25.042711], [121.589019, 25.042752], [121.589034, 25.042783], [121.589068, 25.042891], [121.589101, 25.042998], [121.589108, 25.043038], [121.589111, 25.043052], [121.589148, 25.043115], [121.589187, 25.043149], [121.589232, 25.043167], [121.589278, 25.043185], [121.589319, 25.043211], [121.58936, 25.043258], [121.58938, 25.043279], [121.589389, 25.043282], [121.589426, 25.043295], [121.589454, 25.043386], [121.589481, 25.043478], [121.58952, 25.043512], [121.589522, 25.043584], [121.589421, 25.043663], [121.589374, 25.043679], [121.589293, 25.04373], [121.589167, 25.043783], [121.58912, 25.043769], [121.589112, 25.043739], [121.589055, 25.043788], [121.58903, 25.044086], [121.588973, 25.044072], [121.588758, 25.044017], [121.588684, 25.043998], [121.588662, 25.043976], [121.58866, 25.043977], [121.588654, 25.043981], [121.588681, 25.044004], [121.588689, 25.044014]]]]}, "properties": {"name": "公園", "area": 0}}, {"type": "Feature", "geometry": {"type": "MultiPolygon", "coordinates": [[[[121.588695, 25.061222], [121.587554, 25.060611], [121.587811, 25.060822], [121.587878, 25.060874], [121.587948, 25.060924], [121.58802, 25.060971], [121.588095, 25.061015], [121.588144, 25.061042], [121.588616, 25.061291], [121.588661, 25.061315], [121.588673, 25.061319], [121.588685, 25.06132], [121.588697, 25.061317], [121.588708, 25.06131], [121.588715, 25.061301], [121.588716, 25.061301], [121.588721, 25.061291], [121.588725, 25.061277], [121.588724, 25.061263], [121.58872, 25.061249], [121.588712, 25.061237], [121.588701, 25.061227], [121.588695, 25.061222]]]]}, "properties": {"name": "公園", "area": 0}}, {"type": "Feature", "geometry": {"type": "MultiPolygon", "coordinates": [[[[121.588771, 24.98732], [121.58875, 24.987331], [121.588725, 24.987343], [121.588681, 24.987358], [121.588658, 24.987364], [121.588614, 24.987373], [121.588575, 24.987377], [121.58855, 24.987378], [121.58853, 24.987378], [121.588496, 24.987376], [121.588452, 24.98737], [121.588409, 24.98736], [121.588376, 24.987349], [121.588344, 24.987336], [121.588156, 24.987252], [121.587822, 24.987104], [121.587863, 24.987273], [121.588279, 24.987458], [121.588308, 24.98747], [121.588333, 24.987479], [121.588358, 24.987487], [121.588383, 24.987494], [121.588406, 24.987499], [121.588433, 24.987505], [121.588447, 24.987507], [121.588474, 24.98751], [121.5885, 24.987513], [121.588513, 24.987513], [121.58854, 24.987514], [121.588573, 24.987513], [121.588596, 24.987512], [121.588619, 24.987509], [121.588632, 24.987508], [121.588658, 24.987503], [121.588684, 24.987498], [121.588735, 24.987484], [121.58876, 24.987476], [121.588784, 24.987467], [121.58882, 24.987451], [121.588861, 24.987429], [121.588911, 24.987396], [121.589116, 24.987253], [121.589335, 24.98721], [121.589389, 24.987213], [121.58967, 24.987232], [121.589986, 24.987252], [121.590073, 24.987258], [121.590308, 24.987202], [121.590686, 24.987029], [121.590723, 24.987012], [121.590759, 24.986996], [121.590758, 24.986947], [121.590753, 24.986899], [121.590743, 24.986851], [121.590686, 24.986878], [121.590576, 24.986928], [121.590256, 24.987075], [121.590083, 24.987116], [121.590059, 24.987121], [121.589669, 24.987096], [121.589353, 24.987075], [121.589324, 24.987073], [121.589108, 24.987111], [121.589051, 24.987121], [121.58882, 24.987288], [121.5888, 24.987302], [121.588771, 24.98732]]]]}, "properties": {"name": "公園", "area": 0}}, {"type": "Feature", "geometry": {"type": "MultiPolygon", "coordinates": [[[[121.588783, 25.051811], [121.590477, 25.051977], [121.590714, 25.050928], [121.589058, 25.050713], [121.589058, 25.050713], [121.588783, 25.051811]]]]}, "properties": {"name": "公園", "area": 0}}, {"type": "Feature", "geometry": {"type": "MultiPolygon", "coordinates": [[[[121.589909, 25.066955], [121.589415, 25.066705], [121.589415, 25.066705], [121.589224, 25.066608], [121.589224, 25.066608], [121.589218, 25.066607], [121.589214, 25.066608], [121.58921, 25.066612], [121.589209, 25.066616], [121.589211, 25.066706], [121.589214, 25.066874], [121.589214, 25.066874], [121.589216, 25.066891], [121.589222, 25.066907], [121.589232, 25.066922], [121.589245, 25.066935], [121.58926, 25.066945], [121.589262, 25.066946], [121.589262, 25.066946], [121.589373, 25.067002], [121.589847, 25.06724], [121.589847, 25.06724], [121.589882, 25.067256], [121.589918, 25.067268], [121.589951, 25.067276], [121.589948, 25.067202], [121.589942, 25.06697], [121.589911, 25.066956], [121.589909, 25.066956], [121.589909, 25.066955]]]]}, "properties": {"name": "公園", "area": 0}}, {"type": "Feature", "geometry": {"type": "MultiPolygon", "coordinates": [[[[121.590144, 25.067081], [121.590149, 25.067267], [121.590177, 25.067257], [121.590503, 25.067135], [121.590468, 25.066857], [121.590167, 25.066969], [121.590167, 25.066969], [121.590141, 25.066978], [121.590144, 25.067081]]]]}, "properties": {"name": "公園", "area": 0}}, {"type": "Feature", "geometry": {"type": "MultiPolygon", "coordinates": [[[[121.59044, 25.052043], [121.590525, 25.052058], [121.59054, 25.052058], [121.590555, 25.052056], [121.590556, 25.052055], [121.590563, 25.052053], [121.590566, 25.052051], [121.590574, 25.052046], [121.590585, 25.052036], [121.590592, 25.052024], [121.590595, 25.052015], [121.590835, 25.05092], [121.590836, 25.050906], [121.590835, 25.050898], [121.590577, 25.050858], [121.590054, 25.050778], [121.58994, 25.050794], [121.589782, 25.050771], [121.589676, 25.050719], [121.589187, 25.050644], [121.588974, 25.050612], [121.588729, 25.051828], [121.588729, 25.05184], [121.588732, 25.051851], [121.588739, 25.051861], [121.588749, 25.051869], [121.588761, 25.051873], [121.588769, 25.051874], [121.588974, 25.051882], [121.589178, 25.051893], [121.589382, 25.051908], [121.589586, 25.051926], [121.589789, 25.051948], [121.589992, 25.051973], [121.590194, 25.052002], [121.590396, 25.052035], [121.59044, 25.052043]]]]}, "properties": {"name": "公園", "area": 0}}, {"type": "Feature", "geometry": {"type": "MultiPolygon", "coordinates": [[[[121.590614, 25.076124], [121.59063, 25.075951], [121.59053, 25.076349], [121.59053, 25.076349], [121.590538, 25.076338], [121.590614, 25.076124]]]]}, "properties": {"name": "公園", "area": 0}}, {"type": "Feature", "geometry": {"type": "MultiPolygon", "coordinates": [[[[121.590668, 25.075779], [121.590782, 25.075298], [121.590548, 25.0753], [121.590541, 25.074217], [121.590699, 25.074216], [121.591104, 25.074214], [121.591104, 25.074213], [121.591911, 25.074207], [121.591875, 25.074201], [121.591328, 25.074111], [121.591113, 25.074178], [121.590669, 25.07338], [121.590606, 25.073408], [121.590612, 25.073413], [121.590621, 25.073424], [121.590627, 25.073437], [121.590628, 25.073451], [121.590534, 25.074265], [121.59052, 25.074315], [121.590491, 25.074359], [121.590154, 25.074727], [121.590152, 25.07482], [121.590159, 25.074915], [121.590174, 25.075018], [121.590193, 25.0751], [121.590218, 25.075196], [121.59025, 25.075311], [121.590297, 25.075488], [121.590332, 25.075622], [121.5904, 25.075876], [121.590422, 25.07597], [121.590432, 25.076048], [121.59044, 25.076126], [121.590441, 25.076202], [121.590439, 25.076268], [121.590433, 25.076324], [121.590533, 25.076348], [121.590627, 25.075951], [121.590668, 25.075779]]]]}, "properties": {"name": "公園", "area": 0}}, {"type": "Feature", "geometry": {"type": "MultiPolygon", "coordinates": [[[[121.590681, 25.07575], [121.590727, 25.075647], [121.59074, 25.075613], [121.590771, 25.075541], [121.590801, 25.075443], [121.590831, 25.075345], [121.590836, 25.075298], [121.590782, 25.075298], [121.590668, 25.075779], [121.590681, 25.07575]]]]}, "properties": {"name": "公園", "area": 0}}, {"type": "Feature", "geometry": {"type": "MultiPolygon", "coordinates": [[[[121.590745, 25.066018], [121.590817, 25.066011], [121.590876, 25.065742], [121.591111, 25.065698], [121.591106, 25.065657], [121.59107, 25.065387], [121.590813, 25.065729], [121.590794, 25.065808], [121.590745, 25.066018]]]]}, "properties": {"name": "公園", "area": 0}}, {"type": "Feature", "geometry": {"type": "MultiPolygon", "coordinates": [[[[121.59079, 25.067029], [121.591069, 25.066924], [121.591213, 25.06687], [121.591213, 25.06687], [121.591228, 25.066863], [121.591241, 25.066852], [121.59125, 25.066839], [121.591256, 25.066825], [121.591259, 25.06681], [121.591258, 25.0668], [121.591258, 25.0668], [121.591245, 25.066697], [121.591233, 25.066608], [121.591233, 25.066608], [121.591229, 25.066598], [121.591223, 25.06659], [121.591213, 25.066585], [121.591203, 25.066584], [121.591192, 25.066585], [121.591191, 25.066586], [121.591191, 25.066586], [121.591068, 25.066632], [121.590889, 25.066699], [121.590753, 25.06675], [121.590761, 25.066809], [121.59079, 25.067029]]]]}, "properties": {"name": "公園", "area": 0}}, {"type": "Feature", "geometry": {"type": "MultiPolygon", "coordinates": [[[[121.59092, 25.063376], [121.591082, 25.063367], [121.591074, 25.063922], [121.592376, 25.063852], [121.592333, 25.063279], [121.592331, 25.063228], [121.592332, 25.063167], [121.592337, 25.063095], [121.592346, 25.063034], [121.592356, 25.062989], [121.591966, 25.062918], [121.591721, 25.062874], [121.59164, 25.062915], [121.591552, 25.062956], [121.591477, 25.062985], [121.591405, 25.063007], [121.591325, 25.06303], [121.591152, 25.063068], [121.591145, 25.063071], [121.591117, 25.06308], [121.591097, 25.063088], [121.591043, 25.063118], [121.591016, 25.063135], [121.590983, 25.063165], [121.59097, 25.063177], [121.590963, 25.063184], [121.590938, 25.063213], [121.590932, 25.063261], [121.59092, 25.063376], [121.59092, 25.063376]]]]}, "properties": {"name": "公園", "area": 0}}, {"type": "Feature", "geometry": {"type": "MultiPolygon", "coordinates": [[[[121.59098, 25.062931], [121.590971, 25.062925], [121.59096, 25.063018], [121.59099, 25.063007], [121.591023, 25.062993], [121.591042, 25.062985], [121.591068, 25.062975], [121.591129, 25.062956], [121.591087, 25.062958], [121.591048, 25.062956], [121.59104, 25.062955], [121.591033, 25.062953], [121.591023, 25.062949], [121.591012, 25.062945], [121.590998, 25.062939], [121.590991, 25.062936], [121.59098, 25.062931]]]]}, "properties": {"name": "公園", "area": 0}}, {"type": "Feature", "geometry": {"type": "MultiPolygon", "coordinates": [[[[121.591001, 25.06266], [121.591009, 25.062688], [121.591023, 25.062726], [121.591038, 25.062754], [121.591071, 25.062788], [121.591093, 25.062805], [121.591124, 25.06282], [121.591153, 25.062827], [121.591167, 25.06283], [121.59119, 25.062834], [121.591221, 25.062835], [121.59124, 25.062834], [121.591254, 25.062833], [121.591276, 25.062829], [121.591296, 25.062825], [121.591312, 25.06282], [121.591344, 25.062809], [121.591376, 25.062795], [121.591419, 25.062772], [121.591438, 25.062755], [121.591453, 25.06274], [121.591458, 25.062731], [121.59147, 25.062703], [121.591478, 25.062674], [121.59148, 25.062657], [121.591475, 25.06261], [121.591467, 25.062589], [121.591455, 25.062562], [121.591445, 25.062544], [121.591437, 25.062531], [121.591416, 25.062509], [121.591402, 25.062495], [121.591132, 25.062392], [121.591064, 25.062366], [121.591036, 25.062355], [121.591001, 25.06266]]]]}, "properties": {"name": "公園", "area": 0}}, {"type": "Feature", "geometry": {"type": "MultiPolygon", "coordinates": [[[[121.591106, 25.065657], [121.591111, 25.065698], [121.591386, 25.065647], [121.59133, 25.065274], [121.591315, 25.06522], [121.59113, 25.065303], [121.59107, 25.065387], [121.591106, 25.065657]]]]}, "properties": {"name": "公園", "area": 0}}, {"type": "Feature", "geometry": {"type": "MultiPolygon", "coordinates": [[[[121.59119, 24.986646], [121.590852, 24.986801], [121.590864, 24.98685], [121.590872, 24.986897], [121.590877, 24.986942], [121.59116, 24.986812], [121.59119, 24.986646]]]]}, "properties": {"name": "公園", "area": 0}}, {"type": "Feature", "geometry": {"type": "MultiPolygon", "coordinates": [[[[121.591421, 25.060801], [121.591347, 25.061056], [121.591243, 25.061429], [121.591218, 25.061524], [121.591218, 25.061534], [121.591221, 25.061544], [121.591228, 25.061551], [121.591238, 25.061556], [121.591248, 25.061558], [121.591259, 25.061556], [121.59126, 25.061556], [121.591297, 25.06154], [121.591336, 25.061529], [121.591375, 25.06152], [121.591416, 25.061515], [121.591457, 25.061514], [121.591497, 25.061516], [121.5915, 25.061517], [121.591549, 25.061522], [121.591597, 25.061532], [121.591645, 25.061544], [121.591691, 25.061561], [121.591735, 25.06158], [121.591777, 25.061603], [121.591818, 25.061629], [121.591856, 25.061657], [121.591891, 25.061689], [121.591923, 25.061722], [121.591953, 25.061758], [121.591979, 25.061797], [121.592001, 25.061836], [121.592013, 25.061861], [121.592027, 25.061895], [121.592038, 25.061931], [121.592045, 25.061967], [121.592048, 25.062004], [121.592046, 25.062041], [121.592041, 25.062077], [121.592032, 25.062113], [121.592019, 25.062148], [121.592003, 25.062182], [121.591983, 25.062214], [121.591959, 25.062244], [121.591933, 25.062271], [121.591904, 25.062297], [121.591872, 25.062319], [121.591837, 25.062339], [121.591801, 25.062355], [121.591788, 25.06236], [121.592475, 25.062574], [121.592673, 25.061889], [121.592676, 25.061872], [121.592676, 25.061854], [121.592672, 25.061837], [121.592663, 25.061821], [121.592655, 25.06181], [121.592555, 25.061701], [121.592477, 25.061627], [121.591461, 25.060778], [121.591451, 25.060775], [121.591441, 25.060775], [121.591432, 25.060779], [121.591425, 25.060786], [121.591421, 25.060795], [121.591421, 25.060801]]]]}, "properties": {"name": "公園", "area": 0}}, {"type": "Feature", "geometry": {"type": "MultiPolygon", "coordinates": [[[[121.591501, 25.069897], [121.591506, 25.069905], [121.591514, 25.069911], [121.591524, 25.069914], [121.591528, 25.069914], [121.591856, 25.069907], [121.591871, 25.069904], [121.591885, 25.069899], [121.591896, 25.06989], [121.591905, 25.069879], [121.591911, 25.069866], [121.591913, 25.069852], [121.591913, 25.06985], [121.591895, 25.069568], [121.591892, 25.069559], [121.591886, 25.069551], [121.591878, 25.069546], [121.591875, 25.069545], [121.591864, 25.069544], [121.591854, 25.069547], [121.591846, 25.069553], [121.591844, 25.069556], [121.591805, 25.069608], [121.591762, 25.069658], [121.591717, 25.069706], [121.591668, 25.069751], [121.591617, 25.069794], [121.591563, 25.069834], [121.591511, 25.069868], [121.591504, 25.069875], [121.5915, 25.069884], [121.5915, 25.069893], [121.591501, 25.069897]]]]}, "properties": {"name": "公園", "area": 0}}, {"type": "Feature", "geometry": {"type": "MultiPolygon", "coordinates": [[[[121.591552, 25.068038], [121.59155, 25.068049], [121.591553, 25.06806], [121.591559, 25.06807], [121.591565, 25.068075], [121.59162, 25.068116], [121.591672, 25.068159], [121.59172, 25.068203], [121.59173, 25.06821], [121.591741, 25.068214], [121.591753, 25.068214], [121.591762, 25.068211], [121.591772, 25.068205], [121.59178, 25.068197], [121.591784, 25.068186], [121.591784, 25.068178], [121.591773, 25.068035], [121.59177, 25.068025], [121.591763, 25.068015], [121.591754, 25.068008], [121.591743, 25.068005], [121.591733, 25.068004], [121.591585, 25.068014], [121.591573, 25.068017], [121.591563, 25.068023], [121.591555, 25.068031], [121.591552, 25.068038]]]]}, "properties": {"name": "公園", "area": 0}}, {"type": "Feature", "geometry": {"type": "MultiPolygon", "coordinates": [[[[121.591574, 25.062272], [121.591607, 25.062279], [121.591641, 25.062283], [121.591675, 25.062282], [121.591709, 25.062279], [121.591742, 25.062271], [121.591774, 25.062261], [121.591804, 25.062247], [121.591832, 25.06223], [121.591859, 25.06221], [121.591882, 25.062187], [121.591902, 25.062162], [121.591919, 25.062135], [121.591932, 25.062106], [121.591942, 25.062077], [121.591948, 25.062046], [121.59195, 25.062015], [121.591948, 25.061984], [121.591942, 25.061954], [121.591932, 25.061924], [121.59192, 25.061899], [121.591901, 25.061861], [121.591878, 25.061825], [121.591852, 25.061791], [121.591822, 25.061759], [121.59179, 25.061729], [121.591755, 25.061702], [121.591717, 25.061678], [121.591678, 25.061657], [121.591636, 25.06164], [121.591593, 25.061625], [121.591549, 25.061614], [121.591504, 25.061607], [121.591491, 25.061605], [121.591452, 25.061604], [121.591414, 25.061607], [121.591375, 25.061613], [121.591338, 25.061623], [121.591302, 25.061637], [121.591268, 25.061653], [121.591235, 25.061673], [121.591205, 25.061695], [121.591178, 25.061721], [121.591163, 25.061736], [121.591071, 25.062095], [121.591574, 25.062272]]]]}, "properties": {"name": "公園", "area": 0}}, {"type": "Feature", "geometry": {"type": "MultiPolygon", "coordinates": [[[[121.591613, 25.062701], [121.591602, 25.062737], [121.591588, 25.062774], [121.591578, 25.062792], [121.591557, 25.062822], [121.591539, 25.062842], [121.591625, 25.062799], [121.591698, 25.062755], [121.591748, 25.062718], [121.591791, 25.06269], [121.591842, 25.062662], [121.591605, 25.06257], [121.591612, 25.062595], [121.591619, 25.062639], [121.591619, 25.062655], [121.591618, 25.062684], [121.591613, 25.062701]]]]}, "properties": {"name": "公園", "area": 0}}, {"type": "Feature", "geometry": {"type": "MultiPolygon", "coordinates": [[[[121.591813, 25.086839], [121.591794, 25.087351], [121.591796, 25.087363], [121.591801, 25.087375], [121.59181, 25.087385], [121.591821, 25.087391], [121.591834, 25.087395], [121.591841, 25.087396], [121.592136, 25.087403], [121.592149, 25.087402], [121.592162, 25.087397], [121.592172, 25.087389], [121.59218, 25.087378], [121.592184, 25.087366], [121.592184, 25.08736], [121.592189, 25.086852], [121.592187, 25.08684], [121.592181, 25.086828], [121.592172, 25.086819], [121.592161, 25.086812], [121.592147, 25.086808], [121.592142, 25.086807], [121.591862, 25.086797], [121.591849, 25.086798], [121.591836, 25.086803], [121.591825, 25.086811], [121.591818, 25.086821], [121.591813, 25.086833], [121.591813, 25.086839]]]]}, "properties": {"name": "公園", "area": 0}}, {"type": "Feature", "geometry": {"type": "MultiPolygon", "coordinates": [[[[121.591986, 25.075289], [121.591583, 25.075293], [121.591654, 25.075292], [121.59163, 25.075341], [121.591393, 25.075798], [121.591392, 25.075799], [121.591425, 25.075839], [121.591459, 25.075882], [121.591468, 25.075895], [121.591478, 25.075866], [121.591488, 25.075871], [121.591986, 25.075289]]]]}, "properties": {"name": "公園", "area": 0}}, {"type": "Feature", "geometry": {"type": "MultiPolygon", "coordinates": [[[[121.592427, 25.06274], [121.592406, 25.062736], [121.59207, 25.062728], [121.591973, 25.062741], [121.591943, 25.062747], [121.591891, 25.062764], [121.591809, 25.062815], [121.591721, 25.062874], [121.591966, 25.062918], [121.592356, 25.062989], [121.592427, 25.06274]]]]}, "properties": {"name": "公園", "area": 0}}, {"type": "Feature", "geometry": {"type": "MultiPolygon", "coordinates": [[[[121.592512, 25.066384], [121.592527, 25.066376], [121.59254, 25.066366], [121.59255, 25.066353], [121.592556, 25.066338], [121.592559, 25.066323], [121.592559, 25.066314], [121.592545, 25.066116], [121.592542, 25.066107], [121.592535, 25.066099], [121.592526, 25.066093], [121.592515, 25.066091], [121.592511, 25.066091], [121.591356, 25.066524], [121.591341, 25.066532], [121.591328, 25.066543], [121.591318, 25.066557], [121.591312, 25.066571], [121.59131, 25.066587], [121.59131, 25.066594], [121.591336, 25.066787], [121.59134, 25.066796], [121.591347, 25.066804], [121.591356, 25.06681], [121.591367, 25.066811], [121.591378, 25.06681], [121.591947, 25.066595], [121.592512, 25.066384]]]]}, "properties": {"name": "公園", "area": 0}}, {"type": "Feature", "geometry": {"type": "MultiPolygon", "coordinates": [[[[121.592559, 25.064696], [121.592566, 25.064786], [121.592631, 25.064739], [121.59268, 25.064706], [121.592731, 25.064676], [121.592785, 25.064644], [121.592847, 25.064611], [121.592908, 25.064582], [121.592979, 25.064556], [121.593064, 25.064527], [121.593164, 25.064499], [121.59316, 25.064483], [121.593074, 25.064464], [121.592556, 25.06465], [121.592559, 25.064696]]]]}, "properties": {"name": "公園", "area": 0}}, {"type": "Feature", "geometry": {"type": "MultiPolygon", "coordinates": [[[[121.592942, 25.042943], [121.592941, 25.042943], [121.592961, 25.042946], [121.592979, 25.042952], [121.592996, 25.042962], [121.59301, 25.042974], [121.59302, 25.042987], [121.593028, 25.042999], [121.59304, 25.043007], [121.593053, 25.043013], [121.593057, 25.043014], [121.593071, 25.043015], [121.593085, 25.043013], [121.593089, 25.043011], [121.593106, 25.042922], [121.593074, 25.042882], [121.593079, 25.042841], [121.593101, 25.042662], [121.593119, 25.042613], [121.593152, 25.042555], [121.593144, 25.042535], [121.593289, 25.042377], [121.593309, 25.04232], [121.593314, 25.042304], [121.593318, 25.042291], [121.593243, 25.042266], [121.593074, 25.042209], [121.59305, 25.042269], [121.592989, 25.042488], [121.592985, 25.042502], [121.592979, 25.042539], [121.592949, 25.042715], [121.592929, 25.04284], [121.592911, 25.042946], [121.592942, 25.042943], [121.592942, 25.042943]]]]}, "properties": {"name": "公園", "area": 0}}, {"type": "Feature", "geometry": {"type": "MultiPolygon", "coordinates": [[[[121.593654, 25.081706], [121.593386, 25.081554], [121.593373, 25.081548], [121.593358, 25.081546], [121.593344, 25.081548], [121.593331, 25.081554], [121.59332, 25.081562], [121.593318, 25.081565], [121.593112, 25.081808], [121.593095, 25.081832], [121.59308, 25.081858], [121.59307, 25.081885], [121.593063, 25.081913], [121.59306, 25.081942], [121.593061, 25.08197], [121.593066, 25.081999], [121.593075, 25.082026], [121.593088, 25.082053], [121.593104, 25.082077], [121.593124, 25.0821], [121.593146, 25.08212], [121.593166, 25.082135], [121.594301, 25.082866], [121.594323, 25.082878], [121.594347, 25.082887], [121.594372, 25.082892], [121.594398, 25.082894], [121.594424, 25.082892], [121.594449, 25.082887], [121.594473, 25.082878], [121.594495, 25.082866], [121.594515, 25.082851], [121.594533, 25.082833], [121.594538, 25.082826], [121.594653, 25.082672], [121.594671, 25.082652], [121.594692, 25.082636], [121.594715, 25.082622], [121.59474, 25.082611], [121.594766, 25.082603], [121.594794, 25.0826], [121.594822, 25.082599], [121.594849, 25.082602], [121.594876, 25.082609], [121.594901, 25.082619], [121.594912, 25.082625], [121.595078, 25.082726], [121.595091, 25.082731], [121.595105, 25.082734], [121.595119, 25.082732], [121.595132, 25.082727], [121.595144, 25.082719], [121.595146, 25.082716], [121.595428, 25.082398], [121.595793, 25.081958], [121.595799, 25.081947], [121.595802, 25.081935], [121.595801, 25.081923], [121.595796, 25.081911], [121.595788, 25.081901], [121.595777, 25.081894], [121.595405, 25.081714], [121.595394, 25.081707], [121.595386, 25.081697], [121.595381, 25.081685], [121.59538, 25.081673], [121.595383, 25.081661], [121.595386, 25.081656], [121.595646, 25.081212], [121.59565, 25.081201], [121.595651, 25.081188], [121.595648, 25.081176], [121.595641, 25.081165], [121.595631, 25.081157], [121.595626, 25.081154], [121.595403, 25.081047], [121.595337, 25.081018], [121.59527, 25.080992], [121.595201, 25.08097], [121.595131, 25.080951], [121.59506, 25.080935], [121.594988, 25.080923], [121.594915, 25.080914], [121.594843, 25.080909], [121.594769, 25.080908], [121.594758, 25.080908], [121.594709, 25.080911], [121.594661, 25.080917], [121.594613, 25.080926], [121.594567, 25.080939], [121.594521, 25.080956], [121.594477, 25.080975], [121.594436, 25.080998], [121.594396, 25.081024], [121.594359, 25.081053], [121.594324, 25.081085], [121.594292, 25.081119], [121.594283, 25.081129], [121.594283, 25.08113], [121.593839, 25.081674], [121.593823, 25.08169], [121.593805, 25.081703], [121.593785, 25.081713], [121.593763, 25.081721], [121.593739, 25.081724], [121.593716, 25.081724], [121.593693, 25.081721], [121.593671, 25.081714], [121.593654, 25.081706]]]]}, "properties": {"name": "公園", "area": 0}}, {"type": "Feature", "geometry": {"type": "MultiPolygon", "coordinates": [[[[121.593864, 25.087453], [121.593863, 25.087453], [121.593755, 25.08742], [121.593695, 25.08743], [121.593594, 25.087266], [121.593576, 25.087233], [121.594144, 25.086321], [121.593606, 25.086168], [121.593571, 25.086157], [121.59354, 25.086143], [121.59351, 25.086127], [121.593482, 25.086108], [121.593459, 25.086091], [121.593436, 25.08607], [121.593415, 25.086048], [121.593379, 25.086012], [121.593352, 25.085984], [121.593326, 25.085959], [121.592957, 25.086012], [121.592729, 25.0861], [121.592637, 25.086136], [121.592593, 25.086151], [121.592543, 25.08616], [121.592544, 25.086169], [121.592547, 25.086347], [121.592549, 25.086507], [121.592681, 25.086905], [121.592925, 25.087644], [121.592881, 25.087713], [121.59272, 25.087768], [121.592464, 25.087706], [121.5923, 25.087666], [121.5923, 25.087725], [121.592304, 25.087758], [121.592314, 25.087798], [121.592328, 25.087835], [121.592347, 25.08787], [121.592372, 25.087906], [121.592405, 25.087941], [121.592435, 25.087966], [121.592475, 25.087992], [121.592512, 25.08801], [121.592557, 25.088026], [121.592589, 25.088034], [121.592624, 25.088039], [121.592671, 25.088042], [121.592743, 25.088044], [121.592827, 25.088046], [121.592946, 25.08805], [121.593401, 25.088063], [121.593615, 25.088069], [121.59366, 25.088073], [121.593696, 25.08808], [121.593724, 25.088088], [121.593757, 25.088102], [121.593773, 25.08811], [121.593821, 25.088137], [121.593849, 25.088158], [121.593876, 25.088186], [121.593893, 25.08821], [121.593904, 25.088231], [121.593913, 25.088255], [121.59392, 25.088282], [121.593923, 25.08831], [121.593921, 25.088344], [121.593911, 25.088382], [121.593895, 25.088414], [121.593885, 25.088431], [121.593871, 25.088449], [121.593856, 25.088465], [121.593834, 25.088483], [121.593804, 25.088502], [121.593771, 25.088517], [121.593714, 25.088534], [121.593627, 25.088559], [121.593526, 25.088587], [121.593438, 25.088613], [121.593415, 25.088622], [121.593397, 25.088632], [121.593377, 25.088645], [121.593359, 25.088661], [121.593343, 25.088676], [121.593327, 25.088698], [121.593308, 25.088733], [121.593647, 25.088969], [121.593875, 25.089071], [121.593885, 25.089022], [121.5939, 25.088975], [121.593916, 25.088937], [121.593939, 25.088896], [121.59396, 25.088864], [121.593984, 25.088834], [121.594016, 25.088798], [121.594068, 25.088753], [121.594103, 25.088729], [121.594183, 25.088662], [121.594327, 25.0885], [121.594337, 25.088256], [121.594159, 25.088078], [121.593898, 25.087859], [121.59383, 25.08759], [121.593861, 25.087457], [121.593864, 25.087453]]]]}, "properties": {"name": "公園", "area": 0}}, {"type": "Feature", "geometry": {"type": "MultiPolygon", "coordinates": [[[[121.594214, 25.065746], [121.594226, 25.065739], [121.594236, 25.06573], [121.594242, 25.065718], [121.594244, 25.065706], [121.594243, 25.065693], [121.594242, 25.065689], [121.594176, 25.065516], [121.59417, 25.065505], [121.594161, 25.065496], [121.594149, 25.06549], [121.594136, 25.065487], [121.594123, 25.065488], [121.594115, 25.06549], [121.592709, 25.066017], [121.592694, 25.066026], [121.592681, 25.066037], [121.592671, 25.06605], [121.592664, 25.066065], [121.592661, 25.066081], [121.592661, 25.066087], [121.592676, 25.066284], [121.592679, 25.066294], [121.592686, 25.066302], [121.592695, 25.066307], [121.592706, 25.066308], [121.592716, 25.066307], [121.592716, 25.066307], [121.59328, 25.066096], [121.594214, 25.065746]]]]}, "properties": {"name": "公園", "area": 0}}, {"type": "Feature", "geometry": {"type": "MultiPolygon", "coordinates": [[[[121.594483, 25.063096], [121.594829, 25.063156], [121.595649, 25.063268], [121.595717, 25.062996], [121.595716, 25.062983], [121.595712, 25.062972], [121.595704, 25.062961], [121.595693, 25.062954], [121.59568, 25.062949], [121.595671, 25.062948], [121.595314, 25.062841], [121.595203, 25.062796], [121.595071, 25.062749], [121.594932, 25.062726], [121.593612, 25.062679], [121.593568, 25.062675], [121.593524, 25.062668], [121.593481, 25.062657], [121.59344, 25.062643], [121.5934, 25.062625], [121.593362, 25.062604], [121.593326, 25.062581], [121.593292, 25.062554], [121.593261, 25.062525], [121.593239, 25.0625], [121.5929, 25.062101], [121.592887, 25.062088], [121.59287, 25.062078], [121.592852, 25.062071], [121.592833, 25.062067], [121.592813, 25.062067], [121.592794, 25.06207], [121.592775, 25.062077], [121.592759, 25.062087], [121.592745, 25.0621], [121.592734, 25.062115], [121.592727, 25.062132], [121.592726, 25.062134], [121.592664, 25.062347], [121.592588, 25.06261], [121.593343, 25.062853], [121.593719, 25.062938], [121.594483, 25.063096]]]]}, "properties": {"name": "公園", "area": 0}}, {"type": "Feature", "geometry": {"type": "MultiPolygon", "coordinates": [[[[121.594717, 25.044114], [121.594711, 25.044093], [121.594701, 25.044074], [121.594688, 25.044057], [121.594683, 25.044052], [121.594679, 25.044048], [121.594643, 25.044012], [121.594638, 25.044005], [121.594637, 25.043997], [121.594637, 25.043997], [121.594635, 25.043974], [121.594634, 25.043967], [121.594634, 25.043967], [121.594634, 25.043965], [121.594592, 25.043895], [121.594579, 25.043883], [121.594563, 25.043872], [121.594557, 25.04387], [121.594539, 25.043864], [121.594533, 25.043863], [121.594523, 25.043859], [121.594517, 25.043851], [121.594517, 25.043851], [121.594513, 25.04383], [121.594513, 25.043822], [121.594514, 25.04382], [121.594518, 25.043793], [121.59452, 25.043786], [121.59452, 25.043783], [121.594516, 25.043764], [121.594516, 25.043762], [121.594508, 25.043753], [121.594498, 25.043746], [121.594486, 25.043742], [121.594474, 25.043741], [121.594464, 25.043743], [121.594464, 25.043743], [121.594456, 25.043745], [121.594456, 25.043745], [121.594421, 25.043746], [121.594386, 25.043743], [121.594351, 25.043737], [121.594347, 25.043736], [121.594283, 25.043717], [121.594275, 25.043715], [121.594264, 25.043717], [121.594262, 25.043717], [121.594248, 25.043723], [121.594248, 25.043723], [121.594232, 25.043732], [121.594218, 25.043745], [121.594208, 25.043759], [121.594201, 25.043776], [121.594198, 25.043793], [121.594198, 25.043802], [121.594198, 25.043802], [121.594198, 25.043807], [121.594194, 25.043825], [121.594179, 25.043899], [121.594179, 25.043899], [121.59418, 25.043928], [121.594185, 25.043958], [121.594192, 25.044011], [121.594196, 25.044064], [121.594195, 25.044116], [121.594184, 25.044142], [121.594179, 25.044151], [121.594161, 25.044179], [121.594161, 25.044179], [121.594138, 25.044193], [121.59413, 25.044196], [121.594123, 25.044196], [121.594109, 25.044193], [121.594104, 25.044192], [121.594091, 25.044188], [121.594078, 25.044187], [121.594067, 25.04419], [121.594056, 25.044196], [121.594046, 25.044204], [121.594042, 25.044211], [121.594042, 25.044211], [121.594003, 25.04428], [121.593993, 25.044297], [121.593969, 25.044341], [121.593963, 25.044347], [121.593961, 25.044348], [121.593952, 25.044351], [121.593952, 25.044351], [121.593934, 25.044351], [121.593916, 25.044362], [121.5939, 25.044375], [121.593889, 25.044387], [121.593872, 25.044423], [121.593894, 25.044444], [121.593947, 25.044498], [121.593956, 25.044507], [121.593958, 25.044509], [121.593988, 25.044539], [121.594005, 25.044556], [121.594073, 25.044617], [121.594126, 25.044663], [121.594182, 25.044756], [121.594234, 25.044892], [121.594249, 25.044933], [121.594286, 25.04503], [121.594294, 25.045051], [121.594308, 25.045094], [121.594318, 25.045137], [121.594324, 25.045181], [121.594327, 25.045226], [121.594325, 25.04527], [121.594319, 25.045314], [121.594309, 25.045358], [121.5943, 25.04539], [121.594285, 25.045427], [121.594267, 25.045463], [121.594245, 25.045497], [121.594219, 25.04553], [121.594191, 25.04556], [121.594184, 25.045567], [121.594186, 25.045574], [121.594185, 25.045584], [121.594177, 25.0456], [121.594162, 25.045615], [121.594149, 25.045629], [121.594136, 25.04564], [121.594108, 25.045666], [121.594085, 25.045685], [121.594063, 25.045701], [121.594038, 25.045717], [121.594024, 25.045729], [121.594024, 25.045729], [121.593993, 25.045752], [121.593986, 25.045757], [121.593906, 25.045816], [121.593871, 25.045845], [121.593845, 25.045869], [121.59383, 25.045876], [121.593824, 25.045884], [121.59382, 25.04589], [121.593814, 25.045903], [121.59381, 25.045908], [121.593809, 25.045916], [121.593808, 25.045924], [121.59381, 25.045937], [121.593812, 25.045948], [121.593814, 25.045962], [121.593815, 25.045975], [121.593813, 25.045984], [121.593815, 25.045998], [121.593816, 25.046014], [121.593814, 25.046031], [121.593813, 25.046052], [121.593811, 25.046066], [121.59381, 25.046085], [121.593807, 25.046097], [121.593802, 25.046119], [121.593798, 25.046137], [121.593793, 25.046149], [121.59379, 25.046161], [121.593785, 25.046171], [121.593779, 25.046187], [121.593775, 25.046199], [121.593766, 25.046215], [121.593757, 25.046224], [121.593749, 25.046234], [121.59374, 25.046246], [121.59373, 25.046258], [121.593715, 25.04627], [121.593706, 25.046279], [121.593684, 25.046296], [121.593671, 25.04631], [121.593647, 25.046329], [121.593636, 25.046334], [121.593625, 25.046338], [121.593617, 25.046347], [121.593613, 25.046351], [121.593605, 25.046355], [121.593602, 25.046358], [121.593595, 25.046362], [121.593589, 25.046366], [121.593585, 25.046374], [121.593584, 25.04638], [121.593585, 25.046454], [121.5939, 25.046612], [121.59394, 25.046634], [121.593982, 25.046661], [121.594021, 25.046691], [121.594057, 25.046723], [121.594091, 25.046758], [121.594121, 25.046795], [121.594149, 25.046835], [121.594173, 25.046876], [121.594193, 25.046918], [121.594209, 25.046962], [121.594222, 25.047007], [121.594226, 25.047026], [121.594257, 25.047223], [121.594268, 25.047962], [121.594235, 25.04843], [121.594236, 25.048442], [121.594241, 25.048454], [121.594249, 25.048463], [121.59426, 25.04847], [121.594273, 25.048474], [121.594286, 25.048474], [121.594299, 25.04847], [121.594308, 25.048465], [121.594737, 25.048149], [121.594771, 25.048126], [121.594808, 25.048106], [121.594846, 25.04809], [121.594886, 25.048076], [121.594927, 25.048066], [121.594969, 25.04806], [121.595012, 25.048057], [121.595052, 25.048058], [121.595091, 25.04806], [121.595124, 25.04806], [121.595158, 25.048057], [121.595187, 25.048051], [121.596378, 25.047744], [121.596386, 25.047742], [121.59639, 25.04774], [121.596398, 25.047736], [121.596475, 25.0477], [121.596549, 25.04766], [121.596622, 25.047617], [121.596689, 25.047574], [121.596723, 25.047519], [121.596803, 25.047418], [121.596833, 25.047361], [121.596868, 25.047307], [121.596984, 25.04715], [121.597026, 25.047099], [121.597063, 25.047046], [121.597092, 25.046988], [121.597125, 25.046933], [121.597142, 25.046871], [121.597176, 25.046816], [121.597208, 25.046759], [121.597257, 25.046641], [121.597278, 25.046581], [121.597304, 25.046522], [121.597321, 25.046464], [121.597313, 25.046401], [121.597241, 25.046364], [121.597191, 25.046335], [121.597122, 25.046325], [121.597053, 25.04633], [121.596998, 25.046349], [121.596916, 25.046361], [121.596273, 25.0465], [121.596095, 25.046491], [121.595926, 25.046483], [121.595728, 25.046475], [121.595505, 25.046448], [121.595369, 25.046392], [121.595337, 25.04637], [121.595307, 25.04635], [121.595272, 25.046319], [121.595241, 25.046285], [121.595231, 25.046272], [121.595211, 25.046247], [121.595194, 25.046221], [121.595179, 25.046188], [121.595165, 25.046156], [121.595158, 25.046126], [121.595153, 25.046092], [121.595149, 25.04605], [121.595151, 25.04601], [121.595151, 25.046006], [121.595155, 25.045965], [121.595159, 25.045926], [121.595169, 25.045885], [121.595182, 25.045844], [121.595187, 25.045834], [121.595201, 25.045809], [121.595224, 25.045775], [121.595252, 25.045749], [121.595286, 25.045724], [121.595299, 25.045719], [121.595341, 25.045702], [121.595399, 25.045684], [121.595478, 25.045661], [121.595538, 25.045639], [121.595586, 25.045618], [121.595629, 25.045596], [121.595664, 25.045574], [121.595698, 25.045554], [121.59575, 25.045517], [121.595777, 25.04549], [121.595797, 25.045465], [121.59582, 25.045435], [121.595849, 25.045395], [121.595885, 25.045343], [121.595915, 25.045295], [121.595946, 25.04524], [121.595973, 25.04519], [121.595985, 25.045173], [121.596002, 25.045146], [121.596035, 25.045108], [121.596085, 25.045048], [121.596112, 25.045011], [121.596131, 25.044992], [121.596145, 25.044971], [121.596155, 25.044952], [121.596164, 25.044928], [121.596168, 25.044904], [121.596169, 25.044879], [121.596166, 25.044857], [121.596133, 25.044108], [121.59613, 25.044083], [121.596124, 25.044059], [121.596113, 25.044036], [121.5961, 25.044014], [121.596083, 25.043995], [121.596063, 25.043978], [121.596063, 25.043977], [121.596043, 25.043966], [121.596021, 25.043957], [121.595999, 25.043952], [121.595975, 25.043951], [121.595952, 25.043953], [121.595929, 25.043958], [121.595914, 25.043964], [121.595859, 25.043956], [121.59584, 25.043957], [121.595821, 25.043963], [121.595804, 25.043971], [121.595789, 25.043983], [121.595777, 25.043997], [121.595768, 25.044013], [121.595765, 25.044019], [121.595758, 25.044038], [121.595747, 25.044048], [121.595738, 25.044052], [121.595721, 25.044055], [121.595715, 25.044052], [121.59571, 25.044048], [121.5957, 25.044031], [121.595698, 25.044014], [121.595704, 25.044002], [121.595705, 25.044], [121.595708, 25.043996], [121.595708, 25.043996], [121.595717, 25.04397], [121.595723, 25.043944], [121.595724, 25.043916], [121.595722, 25.04389], [121.595716, 25.043864], [121.595715, 25.043862], [121.595714, 25.043858], [121.595713, 25.043845], [121.595713, 25.04384], [121.595717, 25.043833], [121.595717, 25.043832], [121.595718, 25.043832], [121.595724, 25.043821], [121.595727, 25.043809], [121.595726, 25.043797], [121.595721, 25.043786], [121.595712, 25.043777], [121.595701, 25.04377], [121.59569, 25.043767], [121.59561, 25.043735], [121.595531, 25.04374], [121.595447, 25.043754], [121.595424, 25.043758], [121.595402, 25.043766], [121.595381, 25.043777], [121.595362, 25.043791], [121.595353, 25.0438], [121.595338, 25.043813], [121.595326, 25.043829], [121.595317, 25.043847], [121.595312, 25.043865], [121.595311, 25.043885], [121.595314, 25.043904], [121.595319, 25.043916], [121.595319, 25.043916], [121.595319, 25.043918], [121.595319, 25.043919], [121.595327, 25.043957], [121.59533, 25.043997], [121.595329, 25.04403], [121.595325, 25.04405], [121.595317, 25.044068], [121.595306, 25.044085], [121.595291, 25.0441], [121.595275, 25.044111], [121.595261, 25.044129], [121.595251, 25.044149], [121.595243, 25.04417], [121.595241, 25.044184], [121.59523, 25.044228], [121.59521, 25.044272], [121.595174, 25.044321], [121.595128, 25.044356], [121.59511, 25.044362], [121.595085, 25.044367], [121.595059, 25.04437], [121.595054, 25.04437], [121.594885, 25.04437], [121.594796, 25.044371], [121.594777, 25.044368], [121.594756, 25.044366], [121.594714, 25.044356], [121.594707, 25.044352], [121.594701, 25.044346], [121.5947, 25.044341], [121.594694, 25.04432], [121.594691, 25.044295], [121.594692, 25.044269], [121.594694, 25.044254], [121.594707, 25.04422], [121.594719, 25.044205], [121.594722, 25.044199], [121.594729, 25.044181], [121.594731, 25.044163], [121.59473, 25.044145], [121.594725, 25.044128], [121.594717, 25.044114]]]]}, "properties": {"name": "公園", "area": 0}}, {"type": "Feature", "geometry": {"type": "MultiPolygon", "coordinates": [[[[121.59554, 25.065249], [121.595555, 25.065242], [121.595568, 25.065231], [121.595579, 25.065218], [121.595586, 25.065204], [121.595589, 25.065188], [121.595589, 25.06518], [121.595585, 25.064987], [121.595583, 25.064977], [121.595577, 25.064969], [121.595568, 25.064964], [121.595558, 25.064961], [121.595547, 25.064963], [121.595546, 25.064963], [121.594296, 25.065423], [121.594284, 25.06543], [121.594274, 25.06544], [121.594267, 25.065452], [121.594264, 25.065465], [121.594266, 25.065478], [121.594266, 25.06548], [121.594334, 25.065656], [121.594342, 25.065666], [121.594352, 25.065675], [121.594365, 25.06568], [121.594379, 25.065682], [121.594393, 25.06568], [121.594395, 25.065679], [121.594973, 25.065462], [121.59554, 25.065249]]]]}, "properties": {"name": "公園", "area": 0}}, {"type": "Feature", "geometry": {"type": "MultiPolygon", "coordinates": [[[[121.595757, 25.085457], [121.595601, 25.085381], [121.595449, 25.085307], [121.595276, 25.085223], [121.594997, 25.085086], [121.594586, 25.085087], [121.594495, 25.085421], [121.594659, 25.085678], [121.594835, 25.085503], [121.59491, 25.085599], [121.595178, 25.085869], [121.59532, 25.086042], [121.595328, 25.085999], [121.595531, 25.08601], [121.595699, 25.08602], [121.59582, 25.086031], [121.595896, 25.08606], [121.59607, 25.086235], [121.596066, 25.086271], [121.596083, 25.086328], [121.596231, 25.086498], [121.596415, 25.086595], [121.596517, 25.086663], [121.596567, 25.086722], [121.59674, 25.086823], [121.596748, 25.086882], [121.596764, 25.08686], [121.597392, 25.085551], [121.59773, 25.084774], [121.597549, 25.084757], [121.597314, 25.084732], [121.597095, 25.084705], [121.596947, 25.084685], [121.596795, 25.084663], [121.596627, 25.084637], [121.596534, 25.08516], [121.596517, 25.085255], [121.59639, 25.085289], [121.596151, 25.085353], [121.595757, 25.085457]]]]}, "properties": {"name": "公園", "area": 0}}, {"type": "Feature", "geometry": {"type": "MultiPolygon", "coordinates": [[[[121.596173, 25.079742], [121.596173, 25.079752], [121.596178, 25.079762], [121.596186, 25.079769], [121.596187, 25.07977], [121.596724, 25.080086], [121.596734, 25.08009], [121.596744, 25.08009], [121.596755, 25.080086], [121.596763, 25.08008], [121.596768, 25.080071], [121.596768, 25.080071], [121.596865, 25.07977], [121.596867, 25.079757], [121.596865, 25.079745], [121.596859, 25.079734], [121.59685, 25.079725], [121.596839, 25.079718], [121.596832, 25.079716], [121.596638, 25.079669], [121.596592, 25.07966], [121.596545, 25.079654], [121.596498, 25.079652], [121.59645, 25.079653], [121.596403, 25.079658], [121.596357, 25.079666], [121.596312, 25.079679], [121.596297, 25.079683], [121.596297, 25.079683], [121.596193, 25.079718], [121.596184, 25.079723], [121.596177, 25.079731], [121.596173, 25.079741], [121.596173, 25.079742]]]]}, "properties": {"name": "公園", "area": 0}}, {"type": "Feature", "geometry": {"type": "MultiPolygon", "coordinates": [[[[121.596227, 25.074571], [121.596174, 25.07467], [121.596114, 25.074779], [121.596071, 25.074833], [121.595943, 25.074951], [121.595921, 25.07501], [121.59586, 25.075047], [121.595279, 25.074876], [121.594699, 25.074705], [121.594654, 25.074755], [121.594619, 25.074795], [121.594489, 25.074964], [121.594424, 25.074949], [121.594351, 25.074968], [121.594441, 25.074761], [121.594531, 25.074554], [121.594448, 25.074469], [121.594472, 25.074384], [121.594309, 25.074254], [121.59424, 25.074241], [121.594296, 25.074167], [121.594352, 25.074093], [121.594254, 25.074051], [121.594204, 25.074031], [121.594175, 25.074009], [121.59416, 25.073997], [121.594115, 25.073964], [121.594067, 25.074027], [121.594018, 25.074091], [121.593952, 25.074154], [121.593887, 25.074217], [121.593731, 25.074143], [121.593755, 25.074112], [121.593735, 25.074093], [121.593685, 25.074102], [121.593695, 25.073974], [121.593699, 25.073924], [121.593176, 25.073891], [121.592934, 25.073803], [121.592692, 25.073715], [121.592547, 25.073948], [121.592458, 25.073909], [121.592369, 25.073871], [121.592274, 25.073994], [121.592187, 25.073954], [121.5921, 25.073913], [121.59203, 25.074041], [121.591953, 25.074167], [121.59193, 25.074207], [121.59198, 25.074206], [121.591986, 25.075289], [121.591488, 25.075871], [121.592253, 25.076249], [121.592234, 25.07628], [121.592195, 25.076338], [121.592147, 25.076409], [121.592136, 25.076426], [121.592135, 25.076428], [121.592157, 25.076425], [121.592322, 25.076415], [121.592376, 25.076782], [121.592324, 25.076909], [121.592058, 25.077217], [121.591839, 25.077343], [121.591672, 25.077438], [121.59158, 25.077491], [121.59148, 25.077585], [121.591289, 25.077802], [121.591162, 25.078062], [121.591588, 25.078136], [121.591601, 25.078136], [121.591613, 25.078133], [121.591624, 25.078126], [121.591632, 25.078117], [121.591634, 25.078113], [121.591705, 25.077962], [121.591804, 25.077816], [121.591827, 25.077786], [121.591852, 25.077758], [121.591881, 25.077733], [121.591912, 25.07771], [121.591945, 25.07769], [121.591981, 25.077673], [121.592018, 25.07766], [121.592056, 25.07765], [121.592096, 25.077644], [121.592135, 25.077641], [121.592175, 25.077641], [121.592196, 25.077643], [121.592231, 25.077647], [121.592265, 25.077655], [121.592298, 25.077666], [121.59233, 25.07768], [121.592359, 25.077697], [121.592387, 25.077718], [121.592411, 25.077741], [121.592433, 25.077766], [121.592451, 25.077793], [121.592453, 25.077796], [121.592472, 25.077832], [121.592542, 25.078001], [121.592511, 25.078605], [121.592611, 25.078618], [121.592688, 25.078587], [121.592765, 25.078529], [121.592854, 25.07838], [121.592892, 25.078334], [121.593065, 25.07834], [121.593535, 25.078371], [121.593547, 25.07837], [121.593557, 25.078365], [121.593565, 25.078358], [121.59357, 25.078348], [121.593571, 25.07834], [121.59353, 25.076352], [121.593528, 25.076327], [121.593528, 25.07631], [121.593532, 25.076297], [121.593538, 25.076287], [121.593551, 25.076278], [121.593563, 25.076272], [121.593586, 25.076261], [121.59364, 25.076232], [121.593669, 25.076218], [121.593699, 25.076207], [121.59373, 25.0762], [121.593763, 25.076197], [121.593795, 25.076197], [121.593805, 25.076197], [121.593845, 25.076205], [121.593885, 25.076216], [121.593923, 25.07623], [121.593928, 25.076232], [121.593966, 25.07625], [121.594002, 25.07627], [121.594036, 25.076293], [121.594068, 25.07632], [121.594097, 25.076348], [121.594122, 25.076379], [121.594145, 25.076412], [121.594164, 25.076447], [121.594179, 25.076483], [121.594182, 25.076491], [121.594251, 25.076697], [121.594424, 25.078093], [121.594429, 25.078135], [121.594442, 25.07819], [121.594455, 25.078236], [121.594469, 25.078275], [121.594491, 25.078329], [121.594498, 25.07834], [121.594508, 25.078348], [121.594521, 25.078354], [121.594534, 25.078356], [121.594537, 25.078356], [121.594909, 25.078347], [121.594932, 25.078345], [121.594953, 25.078339], [121.594973, 25.07833], [121.594991, 25.078318], [121.595007, 25.078303], [121.595019, 25.078286], [121.595028, 25.078267], [121.595029, 25.078265], [121.595257, 25.0776], [121.595269, 25.077571], [121.595285, 25.077543], [121.595304, 25.077517], [121.595327, 25.077493], [121.595352, 25.077472], [121.59538, 25.077453], [121.59541, 25.077437], [121.595441, 25.077425], [121.595474, 25.077416], [121.595508, 25.077411], [121.595543, 25.077409], [121.595557, 25.077409], [121.595602, 25.077415], [121.595986, 25.077487], [121.596304, 25.0775], [121.596331, 25.077503], [121.596362, 25.077509], [121.596392, 25.077518], [121.59642, 25.07753], [121.596446, 25.077546], [121.59647, 25.077565], [121.596491, 25.077586], [121.596508, 25.077609], [121.596523, 25.077635], [121.596525, 25.077638], [121.596637, 25.077891], [121.596761, 25.078323], [121.596769, 25.078339], [121.596779, 25.078354], [121.596793, 25.078366], [121.59681, 25.078375], [121.596828, 25.078381], [121.596828, 25.078381], [121.597305, 25.078478], [121.597426, 25.077997], [121.597978, 25.078084], [121.597899, 25.078468], [121.599446, 25.078657], [121.599451, 25.077808], [121.600036, 25.077907], [121.600187, 25.077545], [121.600515, 25.076759], [121.600156, 25.076349], [121.600072, 25.076042], [121.600144, 25.07587], [121.600345, 25.075764], [121.60094, 25.075741], [121.601335, 25.074802], [121.601192, 25.074759], [121.601225, 25.074554], [121.601448, 25.074144], [121.599295, 25.074385], [121.598271, 25.074291], [121.596791, 25.074154], [121.596466, 25.074124], [121.596465, 25.074129], [121.59645, 25.074148], [121.596418, 25.074189], [121.596392, 25.074222], [121.596343, 25.074284], [121.596276, 25.074421], [121.596224, 25.074529], [121.596226, 25.07455], [121.596227, 25.074571]]]]}, "properties": {"name": "公園", "area": 0}}, {"type": "Feature", "geometry": {"type": "MultiPolygon", "coordinates": [[[[121.597111, 25.082745], [121.596909, 25.082605], [121.596626, 25.082926], [121.596522, 25.083045], [121.596798, 25.083243], [121.596666, 25.083404], [121.597361, 25.083661], [121.597388, 25.083673], [121.597413, 25.083688], [121.597435, 25.083705], [121.597455, 25.083726], [121.597471, 25.083748], [121.597484, 25.083773], [121.597493, 25.083799], [121.597499, 25.083825], [121.5975, 25.083852], [121.597498, 25.083879], [121.597491, 25.083906], [121.597481, 25.083931], [121.597467, 25.083955], [121.597451, 25.083976], [121.597434, 25.083993], [121.597413, 25.084008], [121.597391, 25.084019], [121.597367, 25.084028], [121.597341, 25.084032], [121.597316, 25.084034], [121.59729, 25.084031], [121.597267, 25.084026], [121.596709, 25.083859], [121.596698, 25.083857], [121.596687, 25.083859], [121.596678, 25.083865], [121.596672, 25.083873], [121.59667, 25.083879], [121.596569, 25.084351], [121.596793, 25.084388], [121.597018, 25.084421], [121.597243, 25.084451], [121.597469, 25.084477], [121.597696, 25.084499], [121.597908, 25.084517], [121.598018, 25.084431], [121.598143, 25.084329], [121.598206, 25.084277], [121.598211, 25.08427], [121.598212, 25.08427], [121.598241, 25.084233], [121.598324, 25.084131], [121.598527, 25.083877], [121.598537, 25.083865], [121.598762, 25.083611], [121.598954, 25.083471], [121.598984, 25.083461], [121.599118, 25.083416], [121.599344, 25.083435], [121.599341, 25.083397], [121.599359, 25.083382], [121.599348, 25.083333], [121.599322, 25.083326], [121.599307, 25.083202], [121.599329, 25.083201], [121.599322, 25.083153], [121.599298, 25.083147], [121.599273, 25.082915], [121.599113, 25.082657], [121.598978, 25.082628], [121.598963, 25.082609], [121.598995, 25.082509], [121.599134, 25.082384], [121.599371, 25.081979], [121.599128, 25.08203], [121.599099, 25.082037], [121.599033, 25.082058], [121.598522, 25.082353], [121.598484, 25.082331], [121.598355, 25.082384], [121.598145, 25.082435], [121.598035, 25.082452], [121.59801, 25.082419], [121.598004, 25.082401], [121.597918, 25.082424], [121.59791, 25.082398], [121.597615, 25.082478], [121.597556, 25.082496], [121.597498, 25.082518], [121.597441, 25.082542], [121.597387, 25.08257], [121.597335, 25.082601], [121.597284, 25.082635], [121.597237, 25.082672], [121.597192, 25.082712], [121.597162, 25.082741], [121.597153, 25.082748], [121.597141, 25.082751], [121.597129, 25.082752], [121.597117, 25.082749], [121.597111, 25.082745]]]]}, "properties": {"name": "公園", "area": 0}}, {"type": "Feature", "geometry": {"type": "MultiPolygon", "coordinates": [[[[121.597657, 25.06447], [121.597211, 25.064498], [121.596964, 25.064452], [121.596776, 25.064571], [121.597346, 25.064629], [121.597664, 25.06466], [121.597657, 25.06447]]]]}, "properties": {"name": "公園", "area": 0}}, {"type": "Feature", "geometry": {"type": "MultiPolygon", "coordinates": [[[[121.597664, 25.057781], [121.597407, 25.058351], [121.597404, 25.058363], [121.597405, 25.058374], [121.59741, 25.058384], [121.597419, 25.058393], [121.597429, 25.058399], [121.597442, 25.058401], [121.597454, 25.0584], [121.597602, 25.058367], [121.597751, 25.058337], [121.597901, 25.05831], [121.598051, 25.058288], [121.598114, 25.058279], [121.598126, 25.058276], [121.598137, 25.058269], [121.598144, 25.05826], [121.598145, 25.058258], [121.598652, 25.057246], [121.598655, 25.057235], [121.598655, 25.057224], [121.59865, 25.057213], [121.598643, 25.057204], [121.598632, 25.057198], [121.59863, 25.057197], [121.598054, 25.057007], [121.598042, 25.057004], [121.59803, 25.057006], [121.598018, 25.057011], [121.598009, 25.057019], [121.598004, 25.057027], [121.597664, 25.057781]]]]}, "properties": {"name": "公園", "area": 0}}, {"type": "Feature", "geometry": {"type": "MultiPolygon", "coordinates": [[[[121.597686, 25.065829], [121.59763, 25.065519], [121.595915, 25.064909], [121.595879, 25.064899], [121.595842, 25.064892], [121.595805, 25.064889], [121.595767, 25.064889], [121.595729, 25.064893], [121.595726, 25.064894], [121.595716, 25.064897], [121.595708, 25.064904], [121.595704, 25.064912], [121.595703, 25.06492], [121.595708, 25.065186], [121.59579, 25.065156], [121.5963, 25.065337], [121.597686, 25.065829]]]]}, "properties": {"name": "公園", "area": 0}}, {"type": "Feature", "geometry": {"type": "MultiPolygon", "coordinates": [[[[121.597696, 25.065542], [121.597701, 25.065587], [121.597748, 25.065839], [121.597747, 25.065851], [121.598035, 25.065953], [121.599568, 25.066497], [121.600728, 25.06613], [121.600738, 25.066129], [121.600737, 25.065837], [121.599703, 25.066164], [121.599663, 25.066173], [121.599622, 25.066179], [121.599596, 25.066181], [121.599555, 25.066181], [121.599515, 25.066178], [121.599475, 25.066171], [121.599436, 25.06616], [121.599431, 25.066158], [121.597696, 25.065542]]]]}, "properties": {"name": "公園", "area": 0}}, {"type": "Feature", "geometry": {"type": "MultiPolygon", "coordinates": [[[[121.597909, 25.052036], [121.597921, 25.052041], [121.597921, 25.052041], [121.597933, 25.05205], [121.597943, 25.052062], [121.597949, 25.052075], [121.597951, 25.052089], [121.597951, 25.052091], [121.59795, 25.052118], [121.597947, 25.052246], [121.597876, 25.052302], [121.597629, 25.052494], [121.597253, 25.052782], [121.597082, 25.052899], [121.59692, 25.053013], [121.596948, 25.053036], [121.596983, 25.05301], [121.597009, 25.053044], [121.597057, 25.053079], [121.597131, 25.053136], [121.59725, 25.053193], [121.597762, 25.053538], [121.597813, 25.053849], [121.597815, 25.053861], [121.597819, 25.053885], [121.597861, 25.053872], [121.597875, 25.053868], [121.597913, 25.053857], [121.597976, 25.053838], [121.598025, 25.053824], [121.598151, 25.053787], [121.598294, 25.053745], [121.598344, 25.05373], [121.598828, 25.053587], [121.599048, 25.053523], [121.599167, 25.053488], [121.599182, 25.053484], [121.599264, 25.053461], [121.599396, 25.053427], [121.599414, 25.053422], [121.599436, 25.053417], [121.599439, 25.053396], [121.599419, 25.053399], [121.599423, 25.053382], [121.599422, 25.053365], [121.599379, 25.053245], [121.599181, 25.053267], [121.599105, 25.053245], [121.599106, 25.053234], [121.599108, 25.053227], [121.599023, 25.053195], [121.599112, 25.052881], [121.599072, 25.052816], [121.599007, 25.052774], [121.599032, 25.052688], [121.599033, 25.052671], [121.599033, 25.052603], [121.598852, 25.052603], [121.598791, 25.052595], [121.598284, 25.052527], [121.598262, 25.052524], [121.598045, 25.052492], [121.598048, 25.052232], [121.598049, 25.052166], [121.598049, 25.052139], [121.59805, 25.052103], [121.598052, 25.05209], [121.598058, 25.052077], [121.598067, 25.052066], [121.598079, 25.052058], [121.598093, 25.052054], [121.598108, 25.052052], [121.598111, 25.052052], [121.597909, 25.052036]]]]}, "properties": {"name": "公園", "area": 0}}, {"type": "Feature", "geometry": {"type": "MultiPolygon", "coordinates": [[[[121.597952, 25.063419], [121.596932, 25.06327], [121.59684, 25.063254], [121.596758, 25.063242], [121.596689, 25.063228], [121.596592, 25.063207], [121.596503, 25.063186], [121.596343, 25.063143], [121.596108, 25.063075], [121.595868, 25.063005], [121.595856, 25.063005], [121.595845, 25.063009], [121.595837, 25.063015], [121.595831, 25.063024], [121.59583, 25.063028], [121.595767, 25.063283], [121.59794, 25.063563], [121.597952, 25.063419]]]]}, "properties": {"name": "公園", "area": 0}}, {"type": "Feature", "geometry": {"type": "MultiPolygon", "coordinates": [[[[121.597961, 25.05229], [121.597176, 25.053024], [121.597931, 25.05381], [121.597931, 25.05381], [121.59845, 25.053631], [121.597961, 25.05229]]]]}, "properties": {"name": "公園", "area": 0}}, {"type": "Feature", "geometry": {"type": "MultiPolygon", "coordinates": [[[[121.598556, 25.068883], [121.598523, 25.068906], [121.598692, 25.069148], [121.598862, 25.069029], [121.598709, 25.068956], [121.598556, 25.068883]]]]}, "properties": {"name": "公園", "area": 0}}, {"type": "Feature", "geometry": {"type": "MultiPolygon", "coordinates": [[[[121.598681, 25.08681], [121.598817, 25.086788], [121.598898, 25.086777], [121.598961, 25.08677], [121.599095, 25.086758], [121.599302, 25.086748], [121.599311, 25.086747], [121.59932, 25.086745], [121.599328, 25.086741], [121.599333, 25.086737], [121.599336, 25.086735], [121.59934, 25.086731], [121.599344, 25.086726], [121.599347, 25.086721], [121.599349, 25.086715], [121.59935, 25.086707], [121.599351, 25.086688], [121.599355, 25.086574], [121.59936, 25.086431], [121.599363, 25.086334], [121.599364, 25.086321], [121.599363, 25.086312], [121.599362, 25.086306], [121.599359, 25.0863], [121.599356, 25.086294], [121.599351, 25.086289], [121.599346, 25.086284], [121.59934, 25.086281], [121.599335, 25.086279], [121.599327, 25.086276], [121.599319, 25.086275], [121.599301, 25.086275], [121.599263, 25.086274], [121.599178, 25.086273], [121.599108, 25.086272], [121.598942, 25.08627], [121.598764, 25.086268], [121.598686, 25.086267], [121.598681, 25.08681]]]]}, "properties": {"name": "公園", "area": 0}}, {"type": "Feature", "geometry": {"type": "MultiPolygon", "coordinates": [[[[121.598866, 25.056411], [121.598981, 25.056463], [121.599177, 25.056551], [121.599449, 25.056017], [121.599364, 25.055976], [121.599375, 25.055961], [121.598996, 25.055808], [121.598632, 25.055661], [121.59861, 25.055702], [121.599122, 25.055909], [121.598866, 25.056411]]]]}, "properties": {"name": "公園", "area": 0}}, {"type": "Feature", "geometry": {"type": "MultiPolygon", "coordinates": [[[[121.599073, 25.073599], [121.599074, 25.073611], [121.599079, 25.073623], [121.599088, 25.073633], [121.599099, 25.073641], [121.599112, 25.073645], [121.599117, 25.073646], [121.599268, 25.07366], [121.59945, 25.073676], [121.599481, 25.07341], [121.59909, 25.073371], [121.599073, 25.073599]]]]}, "properties": {"name": "公園", "area": 0}}, {"type": "Feature", "geometry": {"type": "MultiPolygon", "coordinates": [[[[121.599442, 25.066679], [121.599504, 25.066675], [121.599563, 25.066676], [121.599635, 25.066677], [121.599688, 25.066678], [121.599737, 25.066681], [121.599777, 25.066685], [121.599777, 25.066603], [121.599776, 25.066507], [121.599567, 25.066574], [121.599378, 25.066507], [121.599381, 25.066685], [121.599442, 25.066679]]]]}, "properties": {"name": "公園", "area": 0}}, {"type": "Feature", "geometry": {"type": "MultiPolygon", "coordinates": [[[[121.599604, 25.052292], [121.599602, 25.052277], [121.599599, 25.052269], [121.599591, 25.052256], [121.59958, 25.052245], [121.599566, 25.052237], [121.599553, 25.052233], [121.5987, 25.052107], [121.598671, 25.052103], [121.598148, 25.052056], [121.598111, 25.052052], [121.598096, 25.052053], [121.598082, 25.052057], [121.59807, 25.052065], [121.59806, 25.052075], [121.598053, 25.052087], [121.59805, 25.0521], [121.59805, 25.052103], [121.598049, 25.052139], [121.598049, 25.052166], [121.598048, 25.052232], [121.598045, 25.052492], [121.598262, 25.052524], [121.598284, 25.052527], [121.598791, 25.052595], [121.598852, 25.052603], [121.599033, 25.052603], [121.599033, 25.052671], [121.599032, 25.052688], [121.599007, 25.052774], [121.599072, 25.052816], [121.599112, 25.052881], [121.599023, 25.053195], [121.599108, 25.053227], [121.599106, 25.053234], [121.599105, 25.053245], [121.599181, 25.053267], [121.599379, 25.053245], [121.599422, 25.053365], [121.599423, 25.053382], [121.599419, 25.053399], [121.599439, 25.053396], [121.599436, 25.053417], [121.599566, 25.053387], [121.59957, 25.053387], [121.599584, 25.05338], [121.599597, 25.05337], [121.599607, 25.053358], [121.599613, 25.053343], [121.599616, 25.053328], [121.599616, 25.053326], [121.599604, 25.052292]]]]}, "properties": {"name": "公園", "area": 0}}, {"type": "Feature", "geometry": {"type": "MultiPolygon", "coordinates": [[[[121.599997, 25.054796], [121.60013, 25.054917], [121.600276, 25.055049], [121.600305, 25.055073], [121.600337, 25.055095], [121.600371, 25.055113], [121.600407, 25.055129], [121.600445, 25.055141], [121.600483, 25.055149], [121.600522, 25.055154], [121.600528, 25.055155], [121.600874, 25.055183], [121.600888, 25.055182], [121.600902, 25.055178], [121.600914, 25.055171], [121.600923, 25.055161], [121.600929, 25.055149], [121.60093, 25.055145], [121.601, 25.05484], [121.600747, 25.054831], [121.600686, 25.05483], [121.60061, 25.054827], [121.600488, 25.054806], [121.600379, 25.054751], [121.600248, 25.054664], [121.600193, 25.054677], [121.600107, 25.054702], [121.60001, 25.054736], [121.6, 25.054742], [121.599991, 25.054751], [121.599987, 25.054761], [121.599985, 25.054773], [121.599988, 25.054784], [121.599995, 25.054794], [121.599997, 25.054796]]]]}, "properties": {"name": "公園", "area": 0}}, {"type": "Feature", "geometry": {"type": "MultiPolygon", "coordinates": [[[[121.600371, 25.081744], [121.600801, 25.081805], [121.601087, 25.081845], [121.601244, 25.081792], [121.601297, 25.081431], [121.601124, 25.081441], [121.601047, 25.081449], [121.600708, 25.081502], [121.600338, 25.081586], [121.600323, 25.08176], [121.600371, 25.081744]]]]}, "properties": {"name": "公園", "area": 0}}, {"type": "Feature", "geometry": {"type": "MultiPolygon", "coordinates": [[[[121.600522, 25.061838], [121.600493, 25.062344], [121.600493, 25.062347], [121.600493, 25.062349], [121.600495, 25.062361], [121.6005, 25.062373], [121.600509, 25.062383], [121.600521, 25.06239], [121.600534, 25.062394], [121.600537, 25.062394], [121.600639, 25.062404], [121.600674, 25.0618], [121.600586, 25.06179], [121.600586, 25.06179], [121.600571, 25.06179], [121.600557, 25.061794], [121.600544, 25.061801], [121.600533, 25.06181], [121.600526, 25.061822], [121.600523, 25.061836], [121.600522, 25.061838]]]]}, "properties": {"name": "公園", "area": 0}}, {"type": "Feature", "geometry": {"type": "MultiPolygon", "coordinates": [[[[121.600768, 25.073269], [121.600768, 25.073256], [121.600764, 25.073244], [121.600756, 25.073234], [121.600746, 25.073226], [121.600733, 25.073221], [121.600727, 25.073219], [121.600431, 25.07318], [121.600417, 25.07318], [121.600404, 25.073183], [121.600393, 25.07319], [121.600384, 25.073199], [121.600379, 25.073211], [121.600377, 25.073217], [121.600329, 25.073573], [121.600489, 25.073598], [121.600712, 25.073633], [121.600768, 25.073269]]]]}, "properties": {"name": "公園", "area": 0}}, {"type": "Feature", "geometry": {"type": "MultiPolygon", "coordinates": [[[[121.600934, 25.082704], [121.600933, 25.082704], [121.600515, 25.082577], [121.600509, 25.082579], [121.600509, 25.082583], [121.60051, 25.082585], [121.60056, 25.082627], [121.600607, 25.082672], [121.600651, 25.082719], [121.600692, 25.082768], [121.600729, 25.08282], [121.600731, 25.082822], [121.600738, 25.082829], [121.600747, 25.082833], [121.600757, 25.082833], [121.600762, 25.082831], [121.600823, 25.082805], [121.600882, 25.082776], [121.600938, 25.082744], [121.600945, 25.082738], [121.600949, 25.082729], [121.600949, 25.082722], [121.600946, 25.082714], [121.60094, 25.082707], [121.600934, 25.082704]]]]}, "properties": {"name": "公園", "area": 0}}, {"type": "Feature", "geometry": {"type": "MultiPolygon", "coordinates": [[[[121.601149, 25.069558], [121.60104, 25.069518], [121.600984, 25.069643], [121.601017, 25.069654], [121.60105, 25.069661], [121.601085, 25.069664], [121.60112, 25.069664], [121.601154, 25.06966], [121.601188, 25.069653], [121.60122, 25.069642], [121.601251, 25.069628], [121.60128, 25.069611], [121.601284, 25.069608], [121.601149, 25.069558]]]]}, "properties": {"name": "公園", "area": 0}}, {"type": "Feature", "geometry": {"type": "MultiPolygon", "coordinates": [[[[121.601414, 25.051602], [121.601399, 25.051598], [121.601383, 25.051598], [121.601381, 25.051598], [121.598923, 25.051314], [121.598064, 25.051215], [121.597965, 25.051203], [121.596127, 25.050991], [121.596087, 25.050989], [121.596047, 25.05099], [121.596008, 25.050994], [121.59597, 25.051002], [121.595932, 25.051014], [121.595896, 25.051029], [121.595862, 25.051047], [121.59583, 25.051069], [121.5958, 25.051093], [121.595773, 25.051119], [121.59575, 25.051148], [121.595729, 25.051179], [121.595712, 25.051212], [121.595699, 25.051246], [121.595692, 25.051272], [121.595659, 25.051406], [121.597956, 25.051795], [121.598055, 25.051811], [121.598926, 25.051939], [121.601303, 25.052289], [121.601568, 25.052328], [121.603244, 25.052574], [121.60326, 25.052575], [121.603275, 25.052572], [121.603288, 25.052565], [121.6033, 25.052556], [121.603308, 25.052544], [121.603313, 25.052531], [121.603313, 25.052529], [121.603432, 25.051891], [121.603432, 25.051876], [121.603428, 25.051863], [121.603421, 25.051851], [121.60341, 25.05184], [121.603397, 25.051833], [121.603385, 25.05183], [121.601667, 25.051631], [121.601667, 25.051631], [121.601666, 25.051631], [121.601414, 25.051602]]]]}, "properties": {"name": "公園", "area": 0}}, {"type": "Feature", "geometry": {"type": "MultiPolygon", "coordinates": [[[[121.601629, 25.084027], [121.602058, 25.083761], [121.602115, 25.082904], [121.602152, 25.082352], [121.60215, 25.08234], [121.602145, 25.08233], [121.602137, 25.082321], [121.602126, 25.082314], [121.602116, 25.082312], [121.601873, 25.082275], [121.60186, 25.082275], [121.601848, 25.082279], [121.601837, 25.082285], [121.60183, 25.082294], [121.601825, 25.082305], [121.601824, 25.08231], [121.601809, 25.082454], [121.60179, 25.082598], [121.601767, 25.082741], [121.60174, 25.082884], [121.601736, 25.082906], [121.601698, 25.083006], [121.601665, 25.083075], [121.601631, 25.08315], [121.601559, 25.083299], [121.601485, 25.08347], [121.601405, 25.083655], [121.601355, 25.08377], [121.601492, 25.083898], [121.601629, 25.084027]]]]}, "properties": {"name": "公園", "area": 0}}, {"type": "Feature", "geometry": {"type": "MultiPolygon", "coordinates": [[[[121.601646, 25.088739], [121.602493, 25.088534], [121.602492, 25.088476], [121.602378, 25.088426], [121.602217, 25.088367], [121.602091, 25.088329], [121.601944, 25.088296], [121.601769, 25.088269], [121.601612, 25.088257], [121.601462, 25.088252], [121.60145, 25.088253], [121.601438, 25.088257], [121.601428, 25.088266], [121.601423, 25.088276], [121.601421, 25.088289], [121.601421, 25.088305], [121.601419, 25.088355], [121.601417, 25.088413], [121.601413, 25.088457], [121.601409, 25.088476], [121.601403, 25.08849], [121.601394, 25.088507], [121.601382, 25.088524], [121.601362, 25.088545], [121.601342, 25.08856], [121.60127, 25.088613], [121.601175, 25.088682], [121.601099, 25.088738], [121.601064, 25.08876], [121.60105, 25.088768], [121.601022, 25.088782], [121.601017, 25.088784], [121.601352, 25.088885], [121.601646, 25.088739]]]]}, "properties": {"name": "公園", "area": 0}}, {"type": "Feature", "geometry": {"type": "MultiPolygon", "coordinates": [[[[121.601909, 25.068867], [121.601585, 25.069104], [121.601831, 25.069012], [121.601979, 25.069086], [121.602108, 25.069062], [121.602169, 25.06898], [121.602163, 25.068719], [121.602144, 25.068696], [121.601909, 25.068867]]]]}, "properties": {"name": "公園", "area": 0}}, {"type": "Feature", "geometry": {"type": "MultiPolygon", "coordinates": [[[[121.601926, 25.086135], [121.601972, 25.086201], [121.601906, 25.086337], [121.601766, 25.086623], [121.601763, 25.086685], [121.601739, 25.08673], [121.601739, 25.086846], [121.601869, 25.086848], [121.601926, 25.086833], [121.601926, 25.086833], [121.602011, 25.086122], [121.602024, 25.08601], [121.601918, 25.085996], [121.601926, 25.086135]]]]}, "properties": {"name": "公園", "area": 0}}, {"type": "Feature", "geometry": {"type": "MultiPolygon", "coordinates": [[[[121.602175, 25.081378], [121.602188, 25.081376], [121.602199, 25.081372], [121.602209, 25.081364], [121.602215, 25.081354], [121.602218, 25.081343], [121.602218, 25.081342], [121.602243, 25.080975], [121.602248, 25.080928], [121.602256, 25.080883], [121.602269, 25.080838], [121.602285, 25.080794], [121.602305, 25.080751], [121.602329, 25.08071], [121.602356, 25.080671], [121.602387, 25.080634], [121.60242, 25.080599], [121.602456, 25.080567], [121.602495, 25.080537], [121.602537, 25.08051], [121.60258, 25.080486], [121.602626, 25.080465], [121.602673, 25.080448], [121.602722, 25.080434], [121.602771, 25.080423], [121.602809, 25.080418], [121.605691, 25.080068], [121.605736, 25.080061], [121.60578, 25.080051], [121.605823, 25.080037], [121.605865, 25.08002], [121.605904, 25.08], [121.605942, 25.079976], [121.605977, 25.07995], [121.60601, 25.079921], [121.606039, 25.07989], [121.606066, 25.079856], [121.606089, 25.07982], [121.606101, 25.079798], [121.606119, 25.07976], [121.606134, 25.079721], [121.606144, 25.079682], [121.606151, 25.079641], [121.606152, 25.079625], [121.606236, 25.078724], [121.606241, 25.078683], [121.606251, 25.078642], [121.606264, 25.078603], [121.606281, 25.078564], [121.606302, 25.078527], [121.606326, 25.078491], [121.606353, 25.078458], [121.606383, 25.078427], [121.606416, 25.078398], [121.606452, 25.078372], [121.60649, 25.078349], [121.606531, 25.078329], [121.606572, 25.078313], [121.606616, 25.078299], [121.60666, 25.07829], [121.606705, 25.078283], [121.606751, 25.078281], [121.606776, 25.078281], [121.60695, 25.078285], [121.606983, 25.07684], [121.607065, 25.075992], [121.607071, 25.075916], [121.607074, 25.075839], [121.607072, 25.075762], [121.60707, 25.075729], [121.607064, 25.075654], [121.607054, 25.07558], [121.60704, 25.075506], [121.607027, 25.075448], [121.607011, 25.075381], [121.606991, 25.075314], [121.606967, 25.075248], [121.60694, 25.075183], [121.606909, 25.07512], [121.6069, 25.075104], [121.606831, 25.074983], [121.606784, 25.074912], [121.606751, 25.074866], [121.606741, 25.074856], [121.606729, 25.074849], [121.606724, 25.074848], [121.605198, 25.074447], [121.603784, 25.074484], [121.603784, 25.074485], [121.603744, 25.074485], [121.603394, 25.073999], [121.603369, 25.073995], [121.602218, 25.074102], [121.602197, 25.074345], [121.602134, 25.07445], [121.602105, 25.074574], [121.602115, 25.074891], [121.602044, 25.075062], [121.601631, 25.07504], [121.601342, 25.075286], [121.601128, 25.075799], [121.601563, 25.076023], [121.60147, 25.076249], [121.60119, 25.076413], [121.60081, 25.076561], [121.600495, 25.077314], [121.600407, 25.077525], [121.6005, 25.077557], [121.600431, 25.077725], [121.600337, 25.077693], [121.600218, 25.077977], [121.600808, 25.078595], [121.601864, 25.079087], [121.601002, 25.08026], [121.600942, 25.080485], [121.600743, 25.080689], [121.600452, 25.080859], [121.600311, 25.081251], [121.600389, 25.081437], [121.600412, 25.081491], [121.600482, 25.081474], [121.600531, 25.081462], [121.601032, 25.081378], [121.601088, 25.081367], [121.601235, 25.081363], [121.601314, 25.081305], [121.601364, 25.081269], [121.601419, 25.081215], [121.601449, 25.08121], [121.601554, 25.081189], [121.601617, 25.081166], [121.60165, 25.081118], [121.601707, 25.081082], [121.6018, 25.081076], [121.601908, 25.081055], [121.601904, 25.081177], [121.601934, 25.081258], [121.601994, 25.081344], [121.602011, 25.081368], [121.602175, 25.081378]]]]}, "properties": {"name": "公園", "area": 0}}, {"type": "Feature", "geometry": {"type": "MultiPolygon", "coordinates": [[[[121.602262, 25.06909], [121.602168, 25.068981], [121.602108, 25.069062], [121.601979, 25.069086], [121.601831, 25.069012], [121.601585, 25.069104], [121.601475, 25.069275], [121.60143, 25.069468], [121.60132, 25.069573], [121.601284, 25.069608], [121.601255, 25.069626], [121.601225, 25.06964], [121.601192, 25.069651], [121.601159, 25.069659], [121.601124, 25.069664], [121.60109, 25.069664], [121.601055, 25.069661], [121.601021, 25.069655], [121.600988, 25.069645], [121.600984, 25.069643], [121.60104, 25.069518], [121.6014, 25.068714], [121.600772, 25.068264], [121.600576, 25.067922], [121.600175, 25.06757], [121.600166, 25.067575], [121.599717, 25.067522], [121.599556, 25.067767], [121.599443, 25.06794], [121.599085, 25.067941], [121.598814, 25.067558], [121.598803, 25.067122], [121.598084, 25.067443], [121.598286, 25.067794], [121.598164, 25.067891], [121.597978, 25.068027], [121.598458, 25.068759], [121.598556, 25.068883], [121.598709, 25.068956], [121.598862, 25.069029], [121.599471, 25.069394], [121.599774, 25.070695], [121.599479, 25.0706], [121.599777, 25.07126], [121.599644, 25.072474], [121.599648, 25.072514], [121.599655, 25.072553], [121.599667, 25.072591], [121.599682, 25.072628], [121.599701, 25.072664], [121.599724, 25.072698], [121.599749, 25.07273], [121.599778, 25.07276], [121.59981, 25.072787], [121.599844, 25.072812], [121.599881, 25.072833], [121.599918, 25.072851], [121.600004, 25.072835], [121.600382, 25.072765], [121.60067, 25.072711], [121.600779, 25.071619], [121.601058, 25.071437], [121.60149, 25.071661], [121.601819, 25.072522], [121.602029, 25.072459], [121.602263, 25.071945], [121.603131, 25.072023], [121.603666, 25.071423], [121.603674, 25.071411], [121.603678, 25.071397], [121.603679, 25.071382], [121.603676, 25.071368], [121.60367, 25.071358], [121.60322, 25.070738], [121.602972, 25.070723], [121.602433, 25.070689], [121.60244, 25.070512], [121.603165, 25.070108], [121.603027, 25.069949], [121.602881, 25.069843], [121.602865, 25.069781], [121.602703, 25.069595], [121.602262, 25.06909]]]]}, "properties": {"name": "公園", "area": 0}}, {"type": "Feature", "geometry": {"type": "MultiPolygon", "coordinates": [[[[121.603086, 25.083183], [121.603043, 25.083127], [121.602996, 25.083072], [121.602947, 25.08302], [121.602894, 25.08297], [121.602839, 25.082923], [121.602811, 25.082901], [121.602752, 25.082858], [121.602691, 25.082818], [121.602627, 25.08278], [121.602561, 25.082746], [121.602493, 25.082715], [121.602424, 25.082687], [121.602353, 25.082663], [121.602286, 25.082643], [121.602275, 25.082642], [121.602265, 25.082645], [121.602257, 25.08265], [121.602252, 25.082659], [121.60225, 25.082666], [121.602234, 25.082901], [121.602215, 25.083186], [121.602499, 25.083201], [121.602652, 25.083395], [121.602752, 25.08334], [121.602854, 25.083288], [121.602957, 25.083239], [121.603062, 25.083193], [121.603086, 25.083183]]]]}, "properties": {"name": "公園", "area": 0}}, {"type": "Feature", "geometry": {"type": "MultiPolygon", "coordinates": [[[[121.603134, 25.052538], [121.603203, 25.051931], [121.595917, 25.051119], [121.595825, 25.051416], [121.595825, 25.051416], [121.603134, 25.052538]]]]}, "properties": {"name": "公園", "area": 0}}, {"type": "Feature", "geometry": {"type": "MultiPolygon", "coordinates": [[[[121.60316, 25.083154], [121.603268, 25.083115], [121.603378, 25.083079], [121.603489, 25.083046], [121.603601, 25.083017], [121.603714, 25.082992], [121.603828, 25.082969], [121.603943, 25.082951], [121.604029, 25.082939], [121.604029, 25.082939], [121.604392, 25.082895], [121.604392, 25.082895], [121.604908, 25.082832], [121.604908, 25.082832], [121.604987, 25.082821], [121.605039, 25.082811], [121.604716, 25.082249], [121.604096, 25.082343], [121.603481, 25.081457], [121.603361, 25.08145], [121.602335, 25.081383], [121.602261, 25.082502], [121.602261, 25.082502], [121.602262, 25.082518], [121.602266, 25.082534], [121.602275, 25.082548], [121.602287, 25.08256], [121.602301, 25.08257], [121.602317, 25.082576], [121.602318, 25.082576], [121.602392, 25.082598], [121.60245, 25.082619], [121.602564, 25.082437], [121.602637, 25.082479], [121.602651, 25.082459], [121.602715, 25.082362], [121.603157, 25.082604], [121.603079, 25.082739], [121.603122, 25.08277], [121.603045, 25.0829], [121.603045, 25.0829], [121.603004, 25.08297], [121.603055, 25.083024], [121.603103, 25.083079], [121.603148, 25.083137], [121.60316, 25.083154]]]]}, "properties": {"name": "公園", "area": 0}}, {"type": "Feature", "geometry": {"type": "MultiPolygon", "coordinates": [[[[121.603346, 25.054822], [121.603662, 25.055063], [121.604004, 25.055322], [121.604078, 25.055345], [121.604088, 25.055306], [121.604095, 25.055267], [121.604097, 25.055228], [121.604096, 25.055195], [121.604074, 25.054975], [121.604052, 25.054934], [121.604024, 25.054883], [121.604007, 25.054847], [121.603995, 25.054823], [121.603981, 25.054785], [121.603969, 25.054743], [121.60396, 25.054693], [121.603619, 25.054633], [121.603648, 25.054472], [121.60357, 25.054459], [121.603608, 25.054282], [121.603202, 25.054211], [121.603176, 25.054336], [121.603166, 25.054379], [121.603128, 25.054557], [121.603139, 25.054628], [121.603172, 25.054694], [121.603308, 25.054793], [121.603346, 25.054822]]]]}, "properties": {"name": "公園", "area": 0}}, {"type": "Feature", "geometry": {"type": "MultiPolygon", "coordinates": [[[[121.603419, 25.083803], [121.603422, 25.083787], [121.603284, 25.083878], [121.603133, 25.08398], [121.603128, 25.084007], [121.603375, 25.084046], [121.603413, 25.083838], [121.603419, 25.083803]]]]}, "properties": {"name": "公園", "area": 0}}, {"type": "Feature", "geometry": {"type": "MultiPolygon", "coordinates": [[[[121.603481, 25.081457], [121.604096, 25.082343], [121.604716, 25.082249], [121.605039, 25.082811], [121.605121, 25.082796], [121.605203, 25.082777], [121.605284, 25.082755], [121.605363, 25.082729], [121.605441, 25.0827], [121.605518, 25.082667], [121.605593, 25.082632], [121.605665, 25.082593], [121.605736, 25.082551], [121.605805, 25.082506], [121.605871, 25.082458], [121.605934, 25.082407], [121.605978, 25.082369], [121.606088, 25.082262], [121.606157, 25.082189], [121.60624, 25.082088], [121.60635, 25.081924], [121.60692, 25.08096], [121.606963, 25.080876], [121.606975, 25.08085], [121.607, 25.080788], [121.60702, 25.080735], [121.607035, 25.080682], [121.607047, 25.080627], [121.607049, 25.080614], [121.607061, 25.080565], [121.60707, 25.080516], [121.607074, 25.080467], [121.607075, 25.080441], [121.607075, 25.079508], [121.607064, 25.079287], [121.607033, 25.079133], [121.606954, 25.078394], [121.606774, 25.07839], [121.606734, 25.078391], [121.606693, 25.078396], [121.606654, 25.078404], [121.606616, 25.078415], [121.606579, 25.078431], [121.606544, 25.078449], [121.606511, 25.07847], [121.60648, 25.078494], [121.606452, 25.078521], [121.606428, 25.07855], [121.606406, 25.078581], [121.606388, 25.078614], [121.606374, 25.078649], [121.606363, 25.078684], [121.606356, 25.07872], [121.606355, 25.078733], [121.606273, 25.079634], [121.606267, 25.07968], [121.606257, 25.079725], [121.606243, 25.07977], [121.606225, 25.079813], [121.606204, 25.079855], [121.60618, 25.079896], [121.606151, 25.079934], [121.60612, 25.079971], [121.606086, 25.080005], [121.606049, 25.080036], [121.606009, 25.080065], [121.605967, 25.080091], [121.605923, 25.080114], [121.605877, 25.080134], [121.605829, 25.08015], [121.60578, 25.080163], [121.605731, 25.080172], [121.605707, 25.080175], [121.604732, 25.080294], [121.602825, 25.080527], [121.60278, 25.080534], [121.602735, 25.080544], [121.602692, 25.080558], [121.602651, 25.080575], [121.602611, 25.080595], [121.602573, 25.080619], [121.602537, 25.080645], [121.602505, 25.080674], [121.602475, 25.080706], [121.602448, 25.080739], [121.602424, 25.080775], [121.602404, 25.080812], [121.602388, 25.080851], [121.602375, 25.080891], [121.602367, 25.080932], [121.602362, 25.080974], [121.602361, 25.080981], [121.602335, 25.081383], [121.603361, 25.08145], [121.603481, 25.081457]]]]}, "properties": {"name": "公園", "area": 0}}, {"type": "Feature", "geometry": {"type": "MultiPolygon", "coordinates": [[[[121.603501, 25.057546], [121.603498, 25.057557], [121.603499, 25.057568], [121.603503, 25.057578], [121.603511, 25.057586], [121.603521, 25.057591], [121.603533, 25.057594], [121.603534, 25.057594], [121.603664, 25.057594], [121.604035, 25.057614], [121.60413, 25.057618], [121.604141, 25.057617], [121.604151, 25.057612], [121.604158, 25.057604], [121.604159, 25.057601], [121.604162, 25.057591], [121.60416, 25.057582], [121.604154, 25.057573], [121.604152, 25.057571], [121.603724, 25.057229], [121.603713, 25.057223], [121.603701, 25.05722], [121.603688, 25.057221], [121.603677, 25.057225], [121.603667, 25.057232], [121.603661, 25.05724], [121.603501, 25.057546]]]]}, "properties": {"name": "公園", "area": 0}}, {"type": "Feature", "geometry": {"type": "MultiPolygon", "coordinates": [[[[121.603732, 25.069628], [121.603755, 25.069652], [121.60388, 25.069802], [121.603969, 25.069932], [121.603987, 25.069959], [121.604048, 25.070037], [121.604112, 25.070213], [121.604113, 25.070216], [121.604119, 25.070231], [121.604146, 25.07042], [121.60419, 25.070615], [121.604244, 25.070792], [121.604251, 25.070803], [121.604255, 25.070808], [121.604288, 25.070867], [121.604303, 25.070895], [121.604351, 25.070933], [121.604448, 25.071047], [121.604473, 25.071077], [121.604473, 25.071082], [121.604486, 25.07123], [121.604502, 25.07127], [121.604461, 25.071296], [121.604484, 25.071327], [121.604501, 25.071352], [121.6045, 25.071353], [121.60453, 25.071394], [121.604636, 25.07133], [121.604654, 25.071321], [121.604674, 25.071316], [121.604695, 25.071314], [121.604715, 25.071315], [121.604736, 25.07132], [121.604754, 25.071328], [121.605443, 25.07171], [121.60546, 25.071717], [121.605478, 25.071721], [121.605496, 25.071721], [121.605514, 25.071717], [121.60553, 25.07171], [121.605534, 25.071708], [121.605857, 25.071492], [121.605867, 25.071483], [121.605874, 25.071471], [121.605878, 25.071459], [121.605877, 25.071445], [121.605873, 25.071433], [121.605872, 25.071431], [121.604624, 25.069362], [121.604613, 25.069341], [121.604605, 25.069319], [121.604601, 25.069296], [121.604601, 25.069274], [121.604616, 25.068824], [121.604618, 25.068817], [121.604624, 25.068811], [121.604628, 25.068809], [121.604636, 25.068808], [121.604644, 25.068811], [121.604647, 25.068813], [121.606594, 25.070767], [121.607224, 25.070688], [121.607271, 25.07068], [121.607317, 25.070669], [121.607361, 25.070655], [121.607404, 25.070637], [121.607445, 25.070615], [121.607485, 25.070591], [121.607521, 25.070564], [121.607555, 25.070534], [121.607573, 25.070517], [121.608505, 25.069513], [121.608512, 25.069504], [121.608515, 25.069493], [121.608513, 25.069482], [121.608511, 25.069476], [121.608504, 25.069466], [121.608494, 25.069459], [121.608483, 25.069456], [121.608476, 25.069455], [121.606299, 25.069461], [121.606286, 25.069458], [121.606274, 25.069453], [121.606269, 25.069449], [121.605573, 25.068751], [121.605563, 25.068738], [121.605556, 25.068723], [121.605553, 25.068707], [121.605554, 25.068691], [121.605559, 25.068676], [121.605568, 25.068661], [121.605573, 25.068656], [121.605744, 25.068478], [121.605756, 25.068467], [121.605771, 25.068459], [121.605788, 25.068454], [121.605805, 25.068453], [121.605822, 25.068456], [121.605838, 25.068462], [121.60585, 25.068469], [121.606584, 25.069005], [121.606597, 25.069012], [121.606612, 25.069015], [121.606627, 25.069015], [121.606628, 25.069015], [121.608903, 25.068585], [121.608917, 25.06858], [121.608929, 25.068572], [121.608938, 25.068562], [121.608943, 25.068549], [121.608945, 25.068536], [121.608943, 25.068524], [121.608486, 25.067099], [121.60848, 25.067088], [121.60847, 25.067078], [121.608459, 25.067072], [121.608445, 25.067068], [121.608431, 25.067068], [121.608426, 25.067069], [121.607331, 25.0674], [121.607311, 25.067404], [121.607289, 25.067405], [121.607268, 25.067402], [121.607248, 25.067395], [121.60723, 25.067385], [121.607214, 25.067373], [121.607201, 25.067358], [121.607191, 25.06734], [121.607185, 25.067322], [121.607183, 25.067303], [121.607183, 25.067302], [121.607181, 25.066511], [121.60735, 25.066525], [121.607857, 25.066567], [121.608205, 25.06654], [121.608313, 25.066506], [121.608585, 25.066422], [121.608742, 25.065694], [121.608519, 25.065356], [121.608348, 25.065096], [121.608345, 25.065092], [121.606629, 25.064878], [121.602983, 25.064415], [121.600728, 25.064129], [121.600737, 25.065837], [121.600737, 25.065837], [121.600738, 25.066129], [121.600747, 25.066129], [121.601221, 25.066252], [121.601011, 25.067029], [121.601098, 25.067086], [121.601165, 25.067134], [121.601224, 25.06718], [121.601298, 25.067242], [121.601556, 25.067094], [121.602175, 25.066748], [121.602756, 25.067316], [121.602838, 25.068111], [121.60257, 25.068353], [121.602612, 25.068349], [121.603028, 25.068842], [121.603468, 25.069357], [121.603499, 25.069407], [121.603575, 25.069496], [121.603632, 25.069522], [121.603732, 25.069628]]]]}, "properties": {"name": "公園", "area": 0}}, {"type": "Feature", "geometry": {"type": "MultiPolygon", "coordinates": [[[[121.603965, 25.085305], [121.603966, 25.085278], [121.603975, 25.085247], [121.603993, 25.085216], [121.604013, 25.085195], [121.604025, 25.085205], [121.604096, 25.085273], [121.604256, 25.08543], [121.604364, 25.085515], [121.604432, 25.085565], [121.604547, 25.08564], [121.60458, 25.085654], [121.604695, 25.085668], [121.604775, 25.085671], [121.604784, 25.085671], [121.604783, 25.085665], [121.604776, 25.085626], [121.604762, 25.085592], [121.604736, 25.085553], [121.604709, 25.085573], [121.604554, 25.085531], [121.604371, 25.085397], [121.604248, 25.085198], [121.604127, 25.085206], [121.60402, 25.084971], [121.604098, 25.084819], [121.604171, 25.084775], [121.604325, 25.084763], [121.604395, 25.084707], [121.60436, 25.084648], [121.604465, 25.08449], [121.604543, 25.084457], [121.60455, 25.084452], [121.604802, 25.084287], [121.6048, 25.084216], [121.604043, 25.084117], [121.603948, 25.084566], [121.603731, 25.08453], [121.603625, 25.084512], [121.60357, 25.084798], [121.603511, 25.085105], [121.603498, 25.085204], [121.603499, 25.085331], [121.60351, 25.085408], [121.603539, 25.085515], [121.603586, 25.085624], [121.60361, 25.085667], [121.603639, 25.085712], [121.60366, 25.08574], [121.60368, 25.085766], [121.603684, 25.085762], [121.603865, 25.085629], [121.60398, 25.085732], [121.604021, 25.085769], [121.60408, 25.085821], [121.604104, 25.085796], [121.604212, 25.085866], [121.604294, 25.085893], [121.604266, 25.085944], [121.60438, 25.085997], [121.60438, 25.085997], [121.604392, 25.086003], [121.604478, 25.086042], [121.604474, 25.085964], [121.604452, 25.085885], [121.604421, 25.08582], [121.604383, 25.085766], [121.604375, 25.085756], [121.604331, 25.085711], [121.604284, 25.085674], [121.60427, 25.085664], [121.6042, 25.085616], [121.604168, 25.085594], [121.604141, 25.085574], [121.604101, 25.085539], [121.604067, 25.085503], [121.604048, 25.085479], [121.604019, 25.085437], [121.603993, 25.085388], [121.603983, 25.085364], [121.603983, 25.085364], [121.603975, 25.085345], [121.603965, 25.085305]]]]}, "properties": {"name": "公園", "area": 0}}, {"type": "Feature", "geometry": {"type": "MultiPolygon", "coordinates": [[[[121.604668, 25.056742], [121.604607, 25.056793], [121.604554, 25.056845], [121.604706, 25.056906], [121.604781, 25.056938], [121.604958, 25.056958], [121.605006, 25.056671], [121.604964, 25.056666], [121.604921, 25.056666], [121.604878, 25.056669], [121.604836, 25.056675], [121.604794, 25.056685], [121.604779, 25.05669], [121.604745, 25.056701], [121.604712, 25.056715], [121.604682, 25.056732], [121.604668, 25.056742]]]]}, "properties": {"name": "公園", "area": 0}}, {"type": "Feature", "geometry": {"type": "MultiPolygon", "coordinates": [[[[121.605023, 25.087104], [121.605035, 25.087097], [121.60505, 25.087086], [121.605056, 25.087081], [121.605062, 25.08707], [121.605064, 25.087063], [121.605062, 25.087054], [121.605057, 25.087046], [121.60504, 25.087029], [121.604905, 25.086885], [121.604691, 25.086657], [121.604667, 25.086631], [121.604656, 25.086623], [121.604649, 25.08662], [121.604643, 25.086618], [121.604637, 25.086618], [121.604632, 25.086618], [121.604626, 25.08662], [121.604621, 25.086623], [121.604616, 25.086627], [121.604612, 25.08663], [121.604603, 25.086637], [121.604582, 25.086656], [121.604548, 25.086694], [121.604292, 25.08698], [121.604108, 25.087176], [121.604034, 25.087256], [121.603895, 25.087421], [121.603843, 25.087482], [121.603839, 25.087487], [121.603836, 25.087492], [121.603835, 25.087495], [121.603835, 25.087498], [121.603835, 25.087503], [121.603836, 25.087509], [121.603837, 25.087512], [121.603839, 25.087516], [121.603842, 25.087519], [121.603846, 25.087522], [121.603955, 25.087577], [121.604114, 25.087658], [121.604136, 25.087669], [121.604142, 25.087671], [121.604149, 25.087672], [121.604155, 25.087672], [121.60416, 25.087671], [121.604164, 25.08767], [121.604168, 25.087668], [121.604177, 25.087661], [121.604198, 25.087648], [121.604274, 25.087597], [121.604354, 25.087545], [121.604404, 25.087512], [121.605023, 25.087104]]]]}, "properties": {"name": "公園", "area": 0}}, {"type": "Feature", "geometry": {"type": "MultiPolygon", "coordinates": [[[[121.606151, 25.054106], [121.606329, 25.053321], [121.60633, 25.053307], [121.606327, 25.053294], [121.606321, 25.053281], [121.606311, 25.053271], [121.606299, 25.053263], [121.606284, 25.053258], [121.606282, 25.053258], [121.606282, 25.053258], [121.606156, 25.053238], [121.605954, 25.054125], [121.606085, 25.054148], [121.606095, 25.05415], [121.60611, 25.054149], [121.606124, 25.054143], [121.606136, 25.054135], [121.606144, 25.054124], [121.60615, 25.054111], [121.606151, 25.054106]]]]}, "properties": {"name": "公園", "area": 0}}, {"type": "Feature", "geometry": {"type": "MultiPolygon", "coordinates": [[[[121.607456, 25.054119], [121.607471, 25.054048], [121.607478, 25.054015], [121.607534, 25.053733], [121.606862, 25.05363], [121.606475, 25.053571], [121.606364, 25.054061], [121.606356, 25.054097], [121.606349, 25.054131], [121.606346, 25.054138], [121.606346, 25.05414], [121.606346, 25.054155], [121.60635, 25.05417], [121.606358, 25.054183], [121.606369, 25.054194], [121.606378, 25.0542], [121.606392, 25.054204], [121.606392, 25.054204], [121.606866, 25.054289], [121.607132, 25.054337], [121.607217, 25.054352], [121.607344, 25.054374], [121.607359, 25.054375], [121.607374, 25.054373], [121.607388, 25.054366], [121.6074, 25.054357], [121.607405, 25.054351], [121.607412, 25.054338], [121.607414, 25.054331], [121.607433, 25.054235], [121.607456, 25.054119]]]]}, "properties": {"name": "公園", "area": 0}}, {"type": "Feature", "geometry": {"type": "MultiPolygon", "coordinates": [[[[121.608313, 25.066506], [121.608205, 25.06654], [121.609635, 25.067231], [121.609672, 25.067247], [121.60971, 25.06726], [121.609749, 25.06727], [121.60979, 25.067276], [121.60983, 25.067278], [121.609866, 25.067277], [121.611367, 25.067242], [121.611202, 25.066975], [121.610212, 25.067], [121.609813, 25.06701], [121.608585, 25.066422], [121.608313, 25.066506]]]]}, "properties": {"name": "公園", "area": 0}}, {"type": "Feature", "geometry": {"type": "MultiPolygon", "coordinates": [[[[121.609016, 25.073817], [121.609014, 25.073775], [121.609014, 25.07375], [121.609014, 25.073658], [121.609013, 25.073645], [121.609007, 25.073633], [121.608999, 25.073623], [121.608987, 25.073615], [121.608974, 25.073611], [121.608967, 25.07361], [121.608834, 25.073606], [121.608623, 25.073602], [121.608616, 25.073604], [121.608611, 25.073609], [121.60861, 25.073616], [121.60861, 25.073616], [121.608611, 25.074127], [121.60909, 25.074128], [121.609069, 25.074072], [121.609052, 25.074015], [121.609047, 25.073993], [121.609033, 25.073943], [121.609023, 25.073892], [121.609018, 25.073841], [121.609016, 25.073817]]]]}, "properties": {"name": "公園", "area": 0}}, {"type": "Feature", "geometry": {"type": "MultiPolygon", "coordinates": [[[[121.609186, 25.074319], [121.609168, 25.07429], [121.609141, 25.074245], [121.60912, 25.074198], [121.609103, 25.074163], [121.60909, 25.074128], [121.608611, 25.074127], [121.608611, 25.074537], [121.608611, 25.075207], [121.608614, 25.075217], [121.60862, 25.075225], [121.608629, 25.07523], [121.60864, 25.075232], [121.60864, 25.075232], [121.608949, 25.075233], [121.608949, 25.074501], [121.609186, 25.074319]]]]}, "properties": {"name": "公園", "area": 0}}, {"type": "Feature", "geometry": {"type": "MultiPolygon", "coordinates": [[[[121.609867, 25.069398], [121.609977, 25.069321], [121.61018, 25.069179], [121.610188, 25.06917], [121.610192, 25.069158], [121.610193, 25.069146], [121.610189, 25.069134], [121.610182, 25.069124], [121.610181, 25.069123], [121.610155, 25.069097], [121.610129, 25.06907], [121.610102, 25.069037], [121.610074, 25.069002], [121.610056, 25.068974], [121.610036, 25.068941], [121.610017, 25.068906], [121.610004, 25.068882], [121.609978, 25.06882], [121.609957, 25.068759], [121.609945, 25.068704], [121.609938, 25.068663], [121.609934, 25.068629], [121.609931, 25.068617], [121.609925, 25.068606], [121.609915, 25.068598], [121.609903, 25.068592], [121.60989, 25.06859], [121.609887, 25.06859], [121.609101, 25.068593], [121.609091, 25.068595], [121.609081, 25.0686], [121.609075, 25.068608], [121.609072, 25.068617], [121.609072, 25.068627], [121.609075, 25.068634], [121.609259, 25.068923], [121.609285, 25.06896], [121.609308, 25.06899], [121.609333, 25.069019], [121.609356, 25.069044], [121.609389, 25.069076], [121.609416, 25.069099], [121.609454, 25.069127], [121.609474, 25.069143], [121.609519, 25.06917], [121.609549, 25.069187], [121.609574, 25.069202], [121.609609, 25.069225], [121.609634, 25.069242], [121.609667, 25.069266], [121.609697, 25.069291], [121.609735, 25.069324], [121.609765, 25.069352], [121.609791, 25.069381], [121.609799, 25.06939], [121.60981, 25.069398], [121.609822, 25.069404], [121.609836, 25.069406], [121.60985, 25.069405], [121.609863, 25.0694], [121.609867, 25.069398]]]]}, "properties": {"name": "公園", "area": 0}}, {"type": "Feature", "geometry": {"type": "MultiPolygon", "coordinates": [[[[121.610612, 25.074017], [121.610688, 25.074074], [121.610762, 25.074133], [121.610833, 25.074196], [121.610851, 25.074213], [121.610861, 25.074219], [121.610872, 25.074222], [121.610884, 25.074222], [121.610895, 25.074218], [121.610902, 25.074212], [121.611186, 25.073932], [121.611179, 25.073442], [121.611177, 25.073431], [121.611171, 25.073422], [121.611162, 25.073415], [121.611155, 25.073412], [121.611144, 25.07341], [121.611132, 25.073411], [121.611121, 25.073416], [121.611116, 25.073421], [121.611116, 25.073421], [121.610606, 25.073956], [121.610598, 25.073966], [121.610595, 25.073978], [121.610595, 25.07399], [121.610599, 25.074002], [121.610607, 25.074012], [121.610612, 25.074017]]]]}, "properties": {"name": "公園", "area": 0}}, {"type": "Feature", "geometry": {"type": "MultiPolygon", "coordinates": [[[[121.610898, 25.069109], [121.610896, 25.069119], [121.610898, 25.069128], [121.610904, 25.069137], [121.610906, 25.069139], [121.610953, 25.069175], [121.610997, 25.069205], [121.61115, 25.069301], [121.61116, 25.069305], [121.611171, 25.069306], [121.611182, 25.069303], [121.611191, 25.069297], [121.611197, 25.069289], [121.611283, 25.069124], [121.611286, 25.069115], [121.611284, 25.069105], [121.611279, 25.069097], [121.611271, 25.069091], [121.611261, 25.069089], [121.611259, 25.069089], [121.610925, 25.069092], [121.610914, 25.069094], [121.610905, 25.069099], [121.610899, 25.069107], [121.610898, 25.069109]]]]}, "properties": {"name": "公園", "area": 0}}, {"type": "Feature", "geometry": {"type": "MultiPolygon", "coordinates": [[[[121.611553, 25.064243], [121.611454, 25.064133], [121.611206, 25.06499], [121.611228, 25.065013], [121.611252, 25.065039], [121.611258, 25.065045], [121.611259, 25.065045], [121.61135, 25.065056], [121.611441, 25.064575], [121.611553, 25.064243]]]]}, "properties": {"name": "公園", "area": 0}}, {"type": "Feature", "geometry": {"type": "MultiPolygon", "coordinates": [[[[121.612106, 25.064807], [121.611872, 25.064596], [121.611553, 25.064243], [121.611441, 25.064575], [121.61135, 25.065056], [121.612353, 25.065176], [121.612897, 25.06524], [121.612867, 25.065229], [121.61276, 25.065183], [121.612654, 25.065134], [121.612551, 25.065082], [121.612449, 25.065027], [121.61235, 25.064969], [121.612253, 25.064908], [121.612158, 25.064844], [121.612106, 25.064807]]]]}, "properties": {"name": "公園", "area": 0}}, {"type": "Feature", "geometry": {"type": "MultiPolygon", "coordinates": [[[[121.612407, 25.047537], [121.612396, 25.047868], [121.612397, 25.047911], [121.6124, 25.047946], [121.612404, 25.047972], [121.612409, 25.047992], [121.612422, 25.048037], [121.612601, 25.048557], [121.612617, 25.048597], [121.612638, 25.048636], [121.612662, 25.048674], [121.612698, 25.048719], [121.612738, 25.048758], [121.612767, 25.048781], [121.612767, 25.048781], [121.612743, 25.047474], [121.612741, 25.047462], [121.612735, 25.047452], [121.612729, 25.047446], [121.612729, 25.047446], [121.612718, 25.04744], [121.612706, 25.047437], [121.612693, 25.047437], [121.612692, 25.047437], [121.612452, 25.047487], [121.612438, 25.047492], [121.612425, 25.0475], [121.612416, 25.04751], [121.612409, 25.047523], [121.612407, 25.047536], [121.612407, 25.047537]]]]}, "properties": {"name": "公園", "area": 0}}, {"type": "Feature", "geometry": {"type": "MultiPolygon", "coordinates": [[[[121.612438, 25.067192], [121.612706, 25.067039], [121.612983, 25.066882], [121.613486, 25.066598], [121.613484, 25.066585], [121.613361, 25.066433], [121.613352, 25.066424], [121.61334, 25.066419], [121.613328, 25.066417], [121.613315, 25.066418], [121.613305, 25.066423], [121.61232, 25.066979], [121.612091, 25.066986], [121.612099, 25.067209], [121.612438, 25.067192]]]]}, "properties": {"name": "公園", "area": 0}}, {"type": "Feature", "geometry": {"type": "MultiPolygon", "coordinates": [[[[121.612466, 25.075607], [121.612454, 25.075544], [121.612445, 25.075481], [121.612442, 25.075443], [121.61244, 25.075431], [121.612433, 25.075419], [121.612424, 25.07541], [121.612412, 25.075403], [121.612398, 25.0754], [121.612393, 25.0754], [121.611648, 25.075393], [121.611638, 25.075395], [121.611629, 25.0754], [121.611623, 25.075407], [121.611621, 25.075417], [121.611622, 25.075426], [121.611623, 25.075428], [121.611643, 25.075466], [121.611663, 25.075501], [121.611687, 25.075534], [121.611714, 25.075565], [121.611744, 25.075593], [121.611776, 25.075619], [121.611811, 25.075642], [121.611813, 25.075643], [121.612228, 25.075886], [121.612266, 25.075906], [121.612305, 25.075922], [121.612345, 25.075935], [121.612387, 25.075945], [121.612429, 25.075951], [121.612472, 25.075953], [121.612487, 25.075953], [121.61252, 25.075953], [121.612535, 25.075951], [121.612548, 25.075945], [121.612559, 25.075937], [121.612567, 25.075926], [121.612572, 25.075914], [121.612572, 25.0759], [121.61257, 25.075888], [121.612545, 25.07583], [121.612537, 25.075812], [121.612511, 25.075752], [121.61249, 25.075692], [121.612472, 25.07563], [121.612468, 25.075614], [121.612466, 25.075607], [121.612466, 25.075607]]]]}, "properties": {"name": "公園", "area": 0}}, {"type": "Feature", "geometry": {"type": "MultiPolygon", "coordinates": [[[[121.612505, 25.046338], [121.61249, 25.046339], [121.612475, 25.046344], [121.612463, 25.046353], [121.612453, 25.046364], [121.612447, 25.046376], [121.612444, 25.04639], [121.612444, 25.046391], [121.612444, 25.046391], [121.612443, 25.046391], [121.612429, 25.046835], [121.612413, 25.047325], [121.612415, 25.047337], [121.61242, 25.047349], [121.612429, 25.047359], [121.612441, 25.047367], [121.612454, 25.047371], [121.612468, 25.047372], [121.612475, 25.047371], [121.612767, 25.047311], [121.612788, 25.04731], [121.613682, 25.047414], [121.613697, 25.047414], [121.613711, 25.047411], [121.613724, 25.047404], [121.613734, 25.047394], [121.613741, 25.047382], [121.613745, 25.047369], [121.613745, 25.047365], [121.613785, 25.046407], [121.613783, 25.046393], [121.613778, 25.04638], [121.613769, 25.046369], [121.613757, 25.04636], [121.613744, 25.046354], [121.613729, 25.046351], [121.613727, 25.046351], [121.612505, 25.046338]]]]}, "properties": {"name": "公園", "area": 0}}, {"type": "Feature", "geometry": {"type": "MultiPolygon", "coordinates": [[[[121.613284, 25.047477], [121.613285, 25.047676], [121.613582, 25.047648], [121.613582, 25.047576], [121.613759, 25.047607], [121.613759, 25.047575], [121.613758, 25.047562], [121.613752, 25.04755], [121.613743, 25.04754], [121.613731, 25.047532], [121.613718, 25.047528], [121.613714, 25.047527], [121.613284, 25.047477]]]]}, "properties": {"name": "公園", "area": 0}}, {"type": "Feature", "geometry": {"type": "MultiPolygon", "coordinates": [[[[121.61347, 25.066377], [121.613573, 25.066505], [121.613582, 25.066514], [121.613594, 25.066519], [121.613606, 25.066521], [121.613619, 25.06652], [121.613629, 25.066515], [121.613965, 25.066325], [121.613974, 25.066318], [121.61398, 25.066308], [121.613983, 25.066297], [121.613982, 25.066291], [121.613979, 25.06628], [121.613972, 25.066271], [121.613962, 25.066264], [121.613956, 25.066261], [121.613712, 25.066191], [121.613482, 25.066322], [121.613472, 25.066329], [121.613465, 25.066339], [121.613462, 25.066351], [121.613463, 25.066363], [121.613467, 25.066373], [121.61347, 25.066377]]]]}, "properties": {"name": "公園", "area": 0}}, {"type": "Feature", "geometry": {"type": "MultiPolygon", "coordinates": [[[[121.613778, 25.077338], [121.613792, 25.07735], [121.613807, 25.077364], [121.613834, 25.077387], [121.613906, 25.077439], [121.613984, 25.077502], [121.615789, 25.077683], [121.615592, 25.077427], [121.61587, 25.07727], [121.616187, 25.077323], [121.616227, 25.076671], [121.615954, 25.076406], [121.616259, 25.07601], [121.616258, 25.075997], [121.616237, 25.075542], [121.616478, 25.075536], [121.61649, 25.075534], [121.616501, 25.075529], [121.616509, 25.075522], [121.616515, 25.075512], [121.616516, 25.075505], [121.616492, 25.074269], [121.617018, 25.074262], [121.61704, 25.074261], [121.61706, 25.074256], [121.617079, 25.074248], [121.617088, 25.074242], [121.617796, 25.073803], [121.617806, 25.073795], [121.617812, 25.073785], [121.617815, 25.073774], [121.617813, 25.073762], [121.617808, 25.073751], [121.617803, 25.073745], [121.617252, 25.073238], [121.617243, 25.073229], [121.617239, 25.073218], [121.617238, 25.073207], [121.61724, 25.073197], [121.617501, 25.072814], [121.617508, 25.072799], [121.617511, 25.072783], [121.617511, 25.072773], [121.617478, 25.072628], [121.617473, 25.072612], [121.617463, 25.072597], [121.617451, 25.072584], [121.617436, 25.072574], [121.617418, 25.072567], [121.617416, 25.072566], [121.616545, 25.072334], [121.615662, 25.0721], [121.615647, 25.072098], [121.615633, 25.072099], [121.615619, 25.072104], [121.615608, 25.072112], [121.615599, 25.072123], [121.615598, 25.072124], [121.615448, 25.072387], [121.615433, 25.07333], [121.615585, 25.073852], [121.615586, 25.073884], [121.615568, 25.07399], [121.615559, 25.074032], [121.615535, 25.074095], [121.615482, 25.074196], [121.615457, 25.07424], [121.615431, 25.074283], [121.615374, 25.074352], [121.615302, 25.074423], [121.615251, 25.074467], [121.615208, 25.074517], [121.615183, 25.074551], [121.61516, 25.074592], [121.615565, 25.074671], [121.615593, 25.075273], [121.614763, 25.076804], [121.614159, 25.077132], [121.613778, 25.077338]]]]}, "properties": {"name": "公園", "area": 0}}, {"type": "Feature", "geometry": {"type": "MultiPolygon", "coordinates": [[[[121.613821, 25.077486], [121.61379, 25.07744], [121.61374, 25.077395], [121.613718, 25.077365], [121.613707, 25.077367], [121.613431, 25.077446], [121.613821, 25.077486]]]]}, "properties": {"name": "公園", "area": 0}}, {"type": "Feature", "geometry": {"type": "MultiPolygon", "coordinates": [[[[121.614334, 25.056147], [121.614082, 25.056158], [121.614159, 25.056957], [121.614365, 25.056934], [121.614365, 25.056934], [121.614334, 25.056147]]]]}, "properties": {"name": "公園", "area": 0}}, {"type": "Feature", "geometry": {"type": "MultiPolygon", "coordinates": [[[[121.614388, 25.066067], [121.613965, 25.066034], [121.613952, 25.066035], [121.613944, 25.066038], [121.613793, 25.066124], [121.613789, 25.066128], [121.613788, 25.066133], [121.613791, 25.066137], [121.613795, 25.066139], [121.614114, 25.066231], [121.614124, 25.066232], [121.614133, 25.06623], [121.614133, 25.06623], [121.614392, 25.06608], [121.614395, 25.066076], [121.614395, 25.066073], [121.614392, 25.066069], [121.614388, 25.066067]]]]}, "properties": {"name": "公園", "area": 0}}, {"type": "Feature", "geometry": {"type": "MultiPolygon", "coordinates": [[[[121.614701, 25.067346], [121.61507, 25.067301], [121.615082, 25.067298], [121.615093, 25.067291], [121.615101, 25.067282], [121.615106, 25.067271], [121.615107, 25.067259], [121.615103, 25.067248], [121.615097, 25.067238], [121.615096, 25.067237], [121.615068, 25.067199], [121.614668, 25.066785], [121.614662, 25.06678], [121.614649, 25.066774], [121.614642, 25.066771], [121.614674, 25.067083], [121.614701, 25.067346]]]]}, "properties": {"name": "公園", "area": 0}}, {"type": "Feature", "geometry": {"type": "MultiPolygon", "coordinates": [[[[121.614765, 25.048311], [121.614738, 25.04832], [121.61456, 25.048448], [121.614511, 25.048481], [121.614448, 25.048518], [121.614383, 25.048551], [121.614325, 25.048576], [121.614254, 25.048601], [121.614186, 25.04862], [121.613697, 25.048738], [121.613607, 25.048758], [121.613506, 25.048775], [121.613398, 25.048789], [121.613294, 25.048796], [121.613206, 25.048799], [121.613148, 25.048799], [121.613065, 25.048796], [121.612767, 25.048781], [121.612806, 25.048807], [121.612847, 25.048831], [121.612875, 25.048843], [121.612908, 25.048856], [121.612957, 25.048871], [121.613009, 25.048882], [121.613074, 25.048888], [121.613141, 25.048887], [121.613197, 25.04888], [121.613684, 25.048794], [121.613828, 25.04877], [121.613973, 25.04875], [121.614093, 25.048736], [121.614093, 25.048736], [121.614093, 25.048736], [121.614093, 25.048736], [121.614238, 25.048722], [121.614384, 25.048712], [121.614445, 25.048709], [121.614445, 25.048709], [121.614445, 25.048709], [121.614554, 25.048705], [121.614767, 25.0487], [121.614836, 25.048698], [121.614922, 25.048697], [121.614922, 25.048697], [121.614922, 25.048697], [121.615024, 25.048699], [121.615126, 25.048704], [121.615228, 25.048714], [121.615329, 25.048727], [121.615414, 25.04874], [121.615414, 25.04874], [121.615514, 25.04876], [121.615613, 25.048782], [121.61564, 25.048789], [121.615696, 25.048803], [121.615726, 25.048698], [121.615741, 25.048638], [121.615751, 25.048577], [121.615757, 25.048516], [121.61576, 25.048454], [121.615759, 25.048393], [121.615753, 25.048331], [121.615744, 25.04827], [121.61573, 25.04821], [121.615713, 25.04815], [121.615711, 25.048144], [121.615688, 25.04805], [121.615298, 25.048136], [121.615211, 25.048157], [121.615125, 25.048181], [121.615041, 25.048209], [121.61503, 25.048213], [121.614765, 25.048311]]]]}, "properties": {"name": "公園", "area": 0}}, {"type": "Feature", "geometry": {"type": "MultiPolygon", "coordinates": [[[[121.61477, 25.044508], [121.614767, 25.044517], [121.614801, 25.044526], [121.614815, 25.044529], [121.614779, 25.044621], [121.61476, 25.04467], [121.614757, 25.044681], [121.614745, 25.044679], [121.614739, 25.044678], [121.614709, 25.044671], [121.614691, 25.044648], [121.614687, 25.044666], [121.614681, 25.044693], [121.6147, 25.044799], [121.614747, 25.044809], [121.614934, 25.044848], [121.615059, 25.044467], [121.614817, 25.044382], [121.61477, 25.044508]]]]}, "properties": {"name": "公園", "area": 0}}, {"type": "Feature", "geometry": {"type": "MultiPolygon", "coordinates": [[[[121.615041, 25.074569], [121.61507, 25.074516], [121.615091, 25.074482], [121.615121, 25.074441], [121.615161, 25.074396], [121.615216, 25.074347], [121.615238, 25.07433], [121.615264, 25.074303], [121.615293, 25.07427], [121.615314, 25.074245], [121.615346, 25.074201], [121.615372, 25.074156], [121.615418, 25.074068], [121.615428, 25.074049], [121.61544, 25.074014], [121.61545, 25.073973], [121.615452, 25.073959], [121.615449, 25.073946], [121.615442, 25.073933], [121.615432, 25.073923], [121.61542, 25.073915], [121.615417, 25.073914], [121.614722, 25.073639], [121.614705, 25.07363], [121.614689, 25.073619], [121.614677, 25.073605], [121.614667, 25.073589], [121.614662, 25.073572], [121.61466, 25.073554], [121.614662, 25.073537], [121.614984, 25.071909], [121.614986, 25.071892], [121.614983, 25.071876], [121.614977, 25.07186], [121.614974, 25.071856], [121.614881, 25.071707], [121.614876, 25.071695], [121.614875, 25.071683], [121.614878, 25.07167], [121.614882, 25.071662], [121.614946, 25.071577], [121.614952, 25.071565], [121.614954, 25.071552], [121.614953, 25.071539], [121.614947, 25.071527], [121.614938, 25.071516], [121.614937, 25.071515], [121.614074, 25.070857], [121.61406, 25.070847], [121.614043, 25.070841], [121.614026, 25.070838], [121.614008, 25.070839], [121.613991, 25.070843], [121.613987, 25.070844], [121.613549, 25.070991], [121.613534, 25.070998], [121.613522, 25.071007], [121.613512, 25.071019], [121.613507, 25.071033], [121.613506, 25.071035], [121.613283, 25.07187], [121.612883, 25.072524], [121.612882, 25.072547], [121.612803, 25.074418], [121.612801, 25.074473], [121.613088, 25.075312], [121.613939, 25.075336], [121.61484, 25.074662], [121.614973, 25.074556], [121.615041, 25.074569]]]]}, "properties": {"name": "公園", "area": 0}}, {"type": "Feature", "geometry": {"type": "MultiPolygon", "coordinates": [[[[121.615483, 25.062468], [121.615365, 25.06261], [121.615106, 25.062922], [121.615102, 25.062935], [121.615101, 25.062949], [121.615104, 25.062963], [121.615111, 25.062975], [121.615122, 25.062985], [121.615135, 25.062993], [121.615149, 25.062997], [121.615164, 25.062998], [121.615165, 25.062998], [121.615217, 25.062991], [121.615268, 25.062981], [121.615318, 25.062967], [121.615367, 25.062949], [121.615414, 25.062928], [121.61546, 25.062904], [121.615482, 25.062891], [121.61563, 25.062798], [121.615643, 25.062787], [121.615652, 25.062774], [121.615658, 25.062759], [121.61566, 25.062743], [121.615658, 25.062729], [121.615605, 25.0625], [121.615597, 25.062486], [121.615586, 25.062473], [121.615572, 25.062464], [121.615556, 25.062457], [121.615538, 25.062453], [121.615521, 25.062454], [121.615503, 25.062457], [121.615488, 25.062465], [121.615483, 25.062468]]]]}, "properties": {"name": "公園", "area": 0}}, {"type": "Feature", "geometry": {"type": "MultiPolygon", "coordinates": [[[[121.615844, 25.070626], [121.61593, 25.070265], [121.615934, 25.070246], [121.615932, 25.070239], [121.615927, 25.070233], [121.615917, 25.07023], [121.61591, 25.070229], [121.615884, 25.070233], [121.615853, 25.070241], [121.615399, 25.070408], [121.615389, 25.070413], [121.615383, 25.070421], [121.61538, 25.070431], [121.61538, 25.070437], [121.61539, 25.070471], [121.615399, 25.070506], [121.615405, 25.070539], [121.615608, 25.070579], [121.615844, 25.070626]]]]}, "properties": {"name": "公園", "area": 0}}, {"type": "Feature", "geometry": {"type": "MultiPolygon", "coordinates": [[[[121.615919, 25.062909], [121.616, 25.062889], [121.61608, 25.062866], [121.616159, 25.062839], [121.616236, 25.062808], [121.616311, 25.062775], [121.616385, 25.062738], [121.616457, 25.062698], [121.616526, 25.062655], [121.616594, 25.062609], [121.616659, 25.06256], [121.616721, 25.062509], [121.61678, 25.062454], [121.616837, 25.062398], [121.616891, 25.062339], [121.616928, 25.062294], [121.616932, 25.062278], [121.616932, 25.062262], [121.616928, 25.062246], [121.61692, 25.062232], [121.616909, 25.062219], [121.616895, 25.062209], [121.616879, 25.062202], [121.616861, 25.062199], [121.616844, 25.062199], [121.616831, 25.062201], [121.616831, 25.062201], [121.615845, 25.062807], [121.61584, 25.062822], [121.615838, 25.062838], [121.61584, 25.062854], [121.615846, 25.062869], [121.615856, 25.062883], [121.615869, 25.062894], [121.615884, 25.062903], [121.6159, 25.062908], [121.615918, 25.062909], [121.615919, 25.062909]]]]}, "properties": {"name": "公園", "area": 0}}, {"type": "Feature", "geometry": {"type": "MultiPolygon", "coordinates": [[[[121.616011, 25.046148], [121.616028, 25.046149], [121.616045, 25.046149], [121.616056, 25.04615], [121.616072, 25.04615], [121.616089, 25.04615], [121.616108, 25.046151], [121.616126, 25.046154], [121.616141, 25.046157], [121.616156, 25.046165], [121.616173, 25.046173], [121.616188, 25.046182], [121.616203, 25.04619], [121.616211, 25.046193], [121.616385, 25.046209], [121.61638, 25.046209], [121.61644, 25.046212], [121.6165, 25.046214], [121.616557, 25.046216], [121.616585, 25.046218], [121.616607, 25.046218], [121.616641, 25.046217], [121.616656, 25.046215], [121.61667, 25.046212], [121.616751, 25.046232], [121.616831, 25.046254], [121.61691, 25.046281], [121.616987, 25.04631], [121.617001, 25.046316], [121.617001, 25.046316], [121.61707, 25.046353], [121.617136, 25.046392], [121.617196, 25.046432], [121.617207, 25.046437], [121.61722, 25.04644], [121.617233, 25.046438], [121.617245, 25.046433], [121.617254, 25.046426], [121.61726, 25.046419], [121.617302, 25.046342], [121.617285, 25.04634], [121.617271, 25.046336], [121.617258, 25.046332], [121.617245, 25.046324], [121.617232, 25.046315], [121.617212, 25.046299], [121.617181, 25.04627], [121.617149, 25.046242], [121.61713, 25.046226], [121.617121, 25.046217], [121.617117, 25.046213], [121.617108, 25.046206], [121.617101, 25.046201], [121.617096, 25.0462], [121.617089, 25.046199], [121.617083, 25.046198], [121.617058, 25.046196], [121.617033, 25.046193], [121.617014, 25.046189], [121.61698, 25.046177], [121.616959, 25.046171], [121.616934, 25.046163], [121.616915, 25.046156], [121.616885, 25.046142], [121.616851, 25.046126], [121.61681, 25.046107], [121.616788, 25.046097], [121.616761, 25.046084], [121.616739, 25.046074], [121.616721, 25.046064], [121.6167, 25.046055], [121.616675, 25.04605], [121.616648, 25.046046], [121.616616, 25.046042], [121.616597, 25.046038], [121.616572, 25.046028], [121.616542, 25.046017], [121.616512, 25.046007], [121.616491, 25.045999], [121.616467, 25.045989], [121.616458, 25.045984], [121.616446, 25.045979], [121.616433, 25.045976], [121.616425, 25.045975], [121.616418, 25.045976], [121.61641, 25.045979], [121.616401, 25.045981], [121.616391, 25.045983], [121.616385, 25.045984], [121.61638, 25.045985], [121.616378, 25.045984], [121.616371, 25.045983], [121.61636, 25.045981], [121.61635, 25.045979], [121.616335, 25.045977], [121.616319, 25.045976], [121.616307, 25.045975], [121.61629, 25.045974], [121.616282, 25.045973], [121.616262, 25.04597], [121.616241, 25.045968], [121.616235, 25.045968], [121.616226, 25.045968], [121.61622, 25.045968], [121.61621, 25.045967], [121.616198, 25.045965], [121.616189, 25.045963], [121.616183, 25.045961], [121.61618, 25.045958], [121.616167, 25.045939], [121.61616, 25.045931], [121.616149, 25.045928], [121.616124, 25.04592], [121.6161, 25.045913], [121.61609, 25.045911], [121.616077, 25.045908], [121.616069, 25.045906], [121.616064, 25.045905], [121.61605, 25.045902], [121.616041, 25.0459], [121.616037, 25.045899], [121.61602, 25.045897], [121.616008, 25.045896], [121.616001, 25.045896], [121.615989, 25.045901], [121.615975, 25.045912], [121.615962, 25.045924], [121.615952, 25.045932], [121.615943, 25.045936], [121.615933, 25.045937], [121.615924, 25.045935], [121.615916, 25.045929], [121.615912, 25.045923], [121.615902, 25.045896], [121.615843, 25.045878], [121.615823, 25.045842], [121.615789, 25.045822], [121.615783, 25.045815], [121.615782, 25.045805], [121.615783, 25.045798], [121.615802, 25.045709], [121.615468, 25.045653], [121.615461, 25.045676], [121.61546, 25.045694], [121.615459, 25.045711], [121.61546, 25.045729], [121.615461, 25.045746], [121.615467, 25.045768], [121.615481, 25.045791], [121.615495, 25.045815], [121.615505, 25.045835], [121.615522, 25.045868], [121.615527, 25.045881], [121.615538, 25.045924], [121.615544, 25.045938], [121.615546, 25.045943], [121.615544, 25.045957], [121.615543, 25.04597], [121.615542, 25.045983], [121.615539, 25.046001], [121.615536, 25.046014], [121.615532, 25.046026], [121.615528, 25.046036], [121.615526, 25.046042], [121.615532, 25.046051], [121.615538, 25.04606], [121.615545, 25.046068], [121.615552, 25.046076], [121.615599, 25.046105], [121.615647, 25.046132], [121.615697, 25.046155], [121.615715, 25.046162], [121.615738, 25.046167], [121.615758, 25.04617], [121.615782, 25.046169], [121.615794, 25.046167], [121.615829, 25.046158], [121.615864, 25.046149], [121.615883, 25.04614], [121.615904, 25.046133], [121.615919, 25.046132], [121.615923, 25.046131], [121.615931, 25.046134], [121.615949, 25.046138], [121.615973, 25.046143], [121.615987, 25.046145], [121.615999, 25.046147], [121.616002, 25.046147], [121.616011, 25.046148]]]]}, "properties": {"name": "公園", "area": 0}}, {"type": "Feature", "geometry": {"type": "MultiPolygon", "coordinates": [[[[121.616166, 25.047514], [121.616309, 25.047824], [121.616435, 25.04808], [121.616441, 25.048089], [121.616451, 25.048095], [121.616462, 25.048098], [121.61647, 25.048099], [121.616481, 25.048096], [121.616491, 25.04809], [121.616498, 25.048082], [121.616501, 25.048075], [121.616549, 25.047925], [121.6166, 25.047777], [121.616656, 25.047629], [121.616715, 25.047483], [121.616778, 25.047338], [121.616845, 25.047194], [121.616915, 25.047052], [121.616989, 25.046911], [121.617015, 25.046862], [121.617023, 25.046848], [121.617027, 25.046837], [121.617027, 25.046825], [121.617023, 25.046814], [121.617016, 25.046804], [121.617006, 25.046797], [121.616994, 25.046793], [121.616982, 25.046792], [121.616542, 25.046822], [121.616518, 25.046825], [121.616495, 25.046832], [121.616473, 25.046842], [121.616454, 25.046855], [121.616437, 25.046871], [121.616436, 25.046873], [121.616219, 25.047122], [121.616195, 25.047152], [121.616175, 25.047184], [121.616158, 25.047218], [121.616145, 25.047253], [121.616136, 25.047289], [121.61613, 25.047325], [121.616129, 25.047362], [121.616132, 25.047399], [121.616138, 25.047436], [121.616148, 25.047472], [121.616162, 25.047506], [121.616166, 25.047514]]]]}, "properties": {"name": "公園", "area": 0}}, {"type": "Feature", "geometry": {"type": "MultiPolygon", "coordinates": [[[[121.616257, 25.07601], [121.615952, 25.076406], [121.616226, 25.076672], [121.616226, 25.076672], [121.616264, 25.076094], [121.616257, 25.07601]]]]}, "properties": {"name": "公園", "area": 0}}, {"type": "Feature", "geometry": {"type": "MultiPolygon", "coordinates": [[[[121.616555, 25.057635], [121.615405, 25.057705], [121.614812, 25.05774], [121.614241, 25.057775], [121.61423, 25.057777], [121.614221, 25.057783], [121.614215, 25.057791], [121.614213, 25.057801], [121.614213, 25.057804], [121.614243, 25.058208], [121.614246, 25.058218], [121.614252, 25.058226], [121.614261, 25.058231], [121.614272, 25.058234], [121.614275, 25.058233], [121.614814, 25.058197], [121.61544, 25.058155], [121.616587, 25.058078], [121.616599, 25.058076], [121.61661, 25.05807], [121.616618, 25.058061], [121.616623, 25.058051], [121.616624, 25.05804], [121.616597, 25.057669], [121.616594, 25.057658], [121.616588, 25.057648], [121.616578, 25.05764], [121.616567, 25.057636], [121.616555, 25.057635]]]]}, "properties": {"name": "公園", "area": 0}}, {"type": "Feature", "geometry": {"type": "MultiPolygon", "coordinates": [[[[121.616641, 25.054479], [121.616713, 25.054914], [121.616717, 25.054928], [121.616724, 25.054941], [121.616735, 25.054952], [121.616748, 25.05496], [121.616763, 25.054964], [121.616778, 25.054965], [121.616787, 25.054964], [121.617255, 25.054911], [121.61792, 25.054833], [121.617849, 25.054767], [121.61781, 25.054728], [121.617671, 25.054632], [121.6176, 25.054599], [121.617476, 25.054548], [121.617378, 25.054524], [121.617293, 25.054512], [121.617292, 25.054511], [121.616641, 25.054479]]]]}, "properties": {"name": "公園", "area": 0}}, {"type": "Feature", "geometry": {"type": "MultiPolygon", "coordinates": [[[[121.616695, 25.064777], [121.61679, 25.064955], [121.61683, 25.065099], [121.616831, 25.065104], [121.616831, 25.065108], [121.616831, 25.065109], [121.616846, 25.06537], [121.616847, 25.065381], [121.616847, 25.065381], [121.616846, 25.065393], [121.616846, 25.065393], [121.616839, 25.065434], [121.616836, 25.065474], [121.61683, 25.065505], [121.616828, 25.065537], [121.61683, 25.065569], [121.61683, 25.065575], [121.616834, 25.065588], [121.616842, 25.065599], [121.616845, 25.065602], [121.616881, 25.065634], [121.616887, 25.065639], [121.616897, 25.065644], [121.616897, 25.065644], [121.616898, 25.065644], [121.616925, 25.065654], [121.617054, 25.065665], [121.617126, 25.065671], [121.617147, 25.065657], [121.617164, 25.06564], [121.617179, 25.065621], [121.61719, 25.0656], [121.61719, 25.065599], [121.617259, 25.065454], [121.617327, 25.065327], [121.617396, 25.065255], [121.617487, 25.065178], [121.617486, 25.065177], [121.617414, 25.065124], [121.617339, 25.065073], [121.617261, 25.065025], [121.617182, 25.06498], [121.6171, 25.064939], [121.617063, 25.064921], [121.617013, 25.06489], [121.61696, 25.064862], [121.616906, 25.064838], [121.61685, 25.064817], [121.616793, 25.064799], [121.616734, 25.064784], [121.616695, 25.064777]]]]}, "properties": {"name": "公園", "area": 0}}, {"type": "Feature", "geometry": {"type": "MultiPolygon", "coordinates": [[[[121.616846, 25.065393], [121.616846, 25.065393], [121.616839, 25.065434], [121.616836, 25.065474], [121.61683, 25.065505], [121.616828, 25.065537], [121.61683, 25.065569], [121.61683, 25.065575], [121.616834, 25.065588], [121.616842, 25.065599], [121.616845, 25.065602], [121.616881, 25.065634], [121.616887, 25.065639], [121.616897, 25.065644], [121.616897, 25.065644], [121.616898, 25.065644], [121.616925, 25.065654], [121.617054, 25.065665], [121.617126, 25.065671], [121.617147, 25.065657], [121.617164, 25.06564], [121.617179, 25.065621], [121.61719, 25.0656], [121.61719, 25.065599], [121.617259, 25.065454], [121.617327, 25.065327], [121.617396, 25.065255], [121.617487, 25.065178], [121.617486, 25.065177], [121.617414, 25.065124], [121.617339, 25.065073], [121.617261, 25.065025], [121.617182, 25.06498], [121.6171, 25.064939], [121.617063, 25.064921], [121.617013, 25.06489], [121.61696, 25.064862], [121.616906, 25.064838], [121.61685, 25.064817], [121.616793, 25.064799], [121.616734, 25.064784], [121.616695, 25.064777], [121.61679, 25.064955], [121.61683, 25.065099], [121.616831, 25.065104], [121.616831, 25.065108], [121.616831, 25.065109], [121.616846, 25.06537], [121.616847, 25.065381], [121.616847, 25.065381], [121.616846, 25.065393]]]]}, "properties": {"name": "公園", "area": 0}}, {"type": "Feature", "geometry": {"type": "MultiPolygon", "coordinates": [[[[121.616847, 25.065381], [121.616847, 25.065381], [121.616832, 25.06512], [121.616831, 25.065109], [121.616831, 25.065108], [121.616831, 25.065104], [121.61683, 25.065099], [121.61679, 25.064955], [121.616695, 25.064777], [121.616642, 25.064769], [121.616642, 25.064769], [121.616573, 25.064759], [121.616503, 25.064753], [121.616434, 25.06475], [121.616364, 25.064751], [121.616294, 25.064755], [121.616225, 25.064763], [121.616157, 25.064775], [121.616089, 25.06479], [121.616043, 25.064802], [121.616038, 25.064804], [121.615982, 25.064822], [121.614846, 25.065193], [121.614708, 25.065232], [121.61457, 25.065267], [121.61443, 25.065299], [121.614289, 25.065327], [121.614148, 25.065352], [121.614025, 25.06537], [121.61421, 25.065391], [121.615311, 25.065515], [121.616693, 25.065666], [121.616698, 25.065622], [121.61675, 25.065626], [121.616805, 25.065631], [121.616897, 25.065647], [121.616925, 25.065654], [121.616898, 25.065644], [121.616897, 25.065644], [121.616897, 25.065644], [121.616887, 25.065639], [121.616881, 25.065634], [121.616845, 25.065602], [121.616836, 25.065591], [121.616831, 25.06558], [121.61683, 25.065575], [121.616828, 25.065544], [121.616829, 25.065512], [121.616835, 25.06548], [121.616836, 25.065474], [121.616839, 25.065433], [121.616846, 25.065393], [121.616846, 25.065393], [121.616847, 25.065381]]]]}, "properties": {"name": "公園", "area": 0}}, {"type": "Feature", "geometry": {"type": "MultiPolygon", "coordinates": [[[[121.617002, 25.052865], [121.616852, 25.052885], [121.616907, 25.053238], [121.617105, 25.053213], [121.617091, 25.053121], [121.617056, 25.052902], [121.617052, 25.05289], [121.617044, 25.05288], [121.617033, 25.052872], [121.61702, 25.052866], [121.617006, 25.052865], [121.617002, 25.052865]]]]}, "properties": {"name": "公園", "area": 0}}, {"type": "Feature", "geometry": {"type": "MultiPolygon", "coordinates": [[[[121.617319, 25.067495], [121.617325, 25.067805], [121.617325, 25.067818], [121.617329, 25.067831], [121.617337, 25.067842], [121.617348, 25.067851], [121.617361, 25.067858], [121.617376, 25.06786], [121.617382, 25.06786], [121.617441, 25.067854], [121.617501, 25.067852], [121.61756, 25.067854], [121.617619, 25.067859], [121.617678, 25.067867], [121.617689, 25.067869], [121.61764, 25.067836], [121.617593, 25.067801], [121.617549, 25.067762], [121.617507, 25.067721], [121.617469, 25.067678], [121.617434, 25.067632], [121.617402, 25.067585], [121.617373, 25.067536], [121.617352, 25.067493], [121.617333, 25.067457], [121.617318, 25.067419], [121.617318, 25.067417], [121.617319, 25.067495]]]]}, "properties": {"name": "公園", "area": 0}}, {"type": "Feature", "geometry": {"type": "MultiPolygon", "coordinates": [[[[121.617378, 25.054524], [121.617476, 25.054548], [121.6176, 25.054599], [121.617671, 25.054632], [121.61781, 25.054728], [121.617849, 25.054767], [121.61792, 25.054833], [121.617974, 25.054825], [121.617921, 25.054768], [121.617856, 25.054706], [121.617797, 25.054661], [121.61775, 25.054629], [121.617713, 25.054604], [121.61766, 25.054574], [121.617556, 25.054527], [121.61748, 25.054499], [121.61737, 25.054473], [121.617293, 25.054512], [121.617378, 25.054524]]]]}, "properties": {"name": "公園", "area": 0}}, {"type": "Feature", "geometry": {"type": "MultiPolygon", "coordinates": [[[[121.617487, 25.065178], [121.617396, 25.065255], [121.617327, 25.065327], [121.617259, 25.065454], [121.61719, 25.065599], [121.617179, 25.06562], [121.617165, 25.065639], [121.617147, 25.065656], [121.617127, 25.06567], [121.617126, 25.065671], [121.617138, 25.065672], [121.617188, 25.065663], [121.617497, 25.065688], [121.617499, 25.065815], [121.617802, 25.065838], [121.617788, 25.065767], [121.617771, 25.065697], [121.617749, 25.065628], [121.617724, 25.06556], [121.617695, 25.065493], [121.617662, 25.065428], [121.617626, 25.065364], [121.617586, 25.065302], [121.617543, 25.065242], [121.61754, 25.065238], [121.617505, 25.065194], [121.617502, 25.065189], [121.617487, 25.065178]]]]}, "properties": {"name": "公園", "area": 0}}, {"type": "Feature", "geometry": {"type": "MultiPolygon", "coordinates": [[[[121.617519, 25.044521], [121.617509, 25.044537], [121.617503, 25.044555], [121.6175, 25.044573], [121.617502, 25.044592], [121.617508, 25.044609], [121.617514, 25.044622], [121.6177, 25.044923], [121.617864, 25.0452], [121.617871, 25.045209], [121.617881, 25.045215], [121.617892, 25.045218], [121.617905, 25.045218], [121.617916, 25.045214], [121.617925, 25.045206], [121.61793, 25.0452], [121.618083, 25.044921], [121.618317, 25.044496], [121.618321, 25.044485], [121.618321, 25.044474], [121.618317, 25.044463], [121.618309, 25.044454], [121.618299, 25.044448], [121.618287, 25.044445], [121.618275, 25.044445], [121.618273, 25.044445], [121.617953, 25.044514], [121.617899, 25.044523], [121.617831, 25.044527], [121.617748, 25.044521], [121.617694, 25.04451], [121.617655, 25.0445], [121.617596, 25.044477], [121.617583, 25.044474], [121.61757, 25.044474], [121.617558, 25.044478], [121.617547, 25.044484], [121.617542, 25.04449], [121.617519, 25.044521]]]]}, "properties": {"name": "公園", "area": 0}}, {"type": "Feature", "geometry": {"type": "MultiPolygon", "coordinates": [[[[121.617592, 25.03991], [121.617678, 25.040281], [121.617678, 25.040281], [121.617689, 25.040339], [121.617696, 25.040397], [121.6177, 25.040456], [121.617699, 25.040515], [121.617695, 25.040573], [121.617686, 25.040632], [121.617674, 25.040689], [121.617658, 25.040746], [121.617638, 25.040802], [121.617614, 25.040857], [121.617587, 25.04091], [121.617556, 25.040962], [121.617521, 25.041011], [121.617484, 25.041059], [121.617444, 25.041103], [121.617444, 25.041103], [121.617011, 25.04156], [121.617011, 25.041561], [121.61701, 25.041562], [121.617045, 25.041612], [121.617109, 25.041585], [121.617129, 25.041558], [121.617208, 25.041548], [121.617238, 25.041575], [121.617367, 25.041548], [121.617372, 25.041511], [121.617466, 25.041475], [121.617473, 25.041474], [121.617479, 25.041474], [121.617485, 25.041474], [121.617491, 25.041473], [121.617495, 25.041471], [121.617503, 25.041465], [121.617507, 25.041461], [121.617513, 25.041458], [121.617515, 25.041457], [121.617519, 25.041456], [121.617523, 25.041456], [121.617527, 25.041457], [121.617533, 25.041459], [121.617545, 25.041462], [121.617555, 25.041466], [121.617558, 25.041466], [121.617564, 25.041466], [121.617572, 25.041463], [121.617578, 25.041459], [121.617587, 25.041452], [121.617594, 25.041447], [121.617605, 25.041442], [121.617624, 25.041438], [121.61764, 25.041435], [121.617657, 25.041431], [121.617674, 25.041429], [121.617678, 25.041417], [121.617683, 25.04141], [121.61769, 25.041401], [121.6177, 25.04139], [121.61771, 25.041375], [121.61772, 25.041356], [121.617728, 25.041338], [121.617728, 25.041332], [121.617728, 25.041327], [121.617728, 25.041319], [121.617727, 25.041311], [121.617728, 25.041292], [121.61773, 25.041274], [121.617735, 25.041247], [121.617742, 25.041216], [121.617747, 25.041192], [121.617752, 25.041176], [121.61776, 25.041158], [121.617769, 25.041142], [121.617781, 25.041131], [121.617783, 25.041125], [121.617785, 25.041118], [121.617786, 25.04111], [121.617789, 25.041098], [121.617795, 25.041085], [121.617801, 25.041076], [121.617821, 25.041053], [121.61783, 25.041043], [121.617848, 25.041009], [121.617864, 25.040967], [121.617869, 25.04095], [121.617881, 25.040913], [121.617889, 25.040886], [121.617899, 25.040856], [121.61791, 25.040829], [121.617916, 25.04081], [121.617924, 25.040789], [121.617927, 25.040769], [121.617931, 25.040745], [121.617933, 25.040733], [121.617946, 25.040709], [121.617968, 25.040687], [121.61799, 25.040665], [121.617997, 25.040651], [121.618016, 25.040552], [121.618323, 25.04056], [121.618319, 25.040569], [121.618301, 25.040614], [121.61829, 25.040644], [121.618279, 25.040671], [121.618271, 25.040692], [121.618262, 25.040706], [121.618255, 25.040713], [121.618225, 25.040786], [121.618215, 25.040816], [121.618205, 25.040841], [121.618194, 25.040867], [121.618182, 25.040887], [121.618165, 25.040905], [121.618147, 25.040921], [121.61792, 25.041274], [121.617921, 25.041311], [121.617921, 25.041319], [121.618015, 25.041239], [121.61849, 25.040781], [121.618639, 25.0407], [121.618873, 25.040214], [121.618693, 25.039923], [121.618433, 25.039713], [121.618323, 25.039012], [121.618276, 25.039124], [121.618167, 25.03908], [121.617663, 25.039325], [121.617554, 25.039407], [121.617544, 25.03938], [121.617495, 25.03938], [121.617477, 25.039412], [121.617592, 25.03991]]]]}, "properties": {"name": "公園", "area": 0}}, {"type": "Feature", "geometry": {"type": "MultiPolygon", "coordinates": [[[[121.617846, 25.066421], [121.617821, 25.06642], [121.617349, 25.066433], [121.617335, 25.066435], [121.617323, 25.06644], [121.617312, 25.066449], [121.617305, 25.06646], [121.617302, 25.06647], [121.617301, 25.066496], [121.617312, 25.067084], [121.617313, 25.067154], [121.617327, 25.067109], [121.617344, 25.067064], [121.617364, 25.067021], [121.617389, 25.06698], [121.617416, 25.06694], [121.617447, 25.066902], [121.617481, 25.066867], [121.617518, 25.066834], [121.617558, 25.066804], [121.6176, 25.066776], [121.617605, 25.066773], [121.617645, 25.06674], [121.617683, 25.066704], [121.617717, 25.066665], [121.617748, 25.066625], [121.617776, 25.066582], [121.617801, 25.066538], [121.617822, 25.066492], [121.617839, 25.066445], [121.617846, 25.066421]]]]}, "properties": {"name": "公園", "area": 0}}, {"type": "Feature", "geometry": {"type": "MultiPolygon", "coordinates": [[[[121.617856, 25.054706], [121.617921, 25.054768], [121.617974, 25.054825], [121.618587, 25.05472], [121.618992, 25.054651], [121.619115, 25.054632], [121.619208, 25.054619], [121.619304, 25.05461], [121.619415, 25.054601], [121.619532, 25.054596], [121.619698, 25.054594], [121.61989, 25.054602], [121.619792, 25.054574], [121.61737, 25.054473], [121.61748, 25.054499], [121.617556, 25.054527], [121.61766, 25.054574], [121.617713, 25.054604], [121.61775, 25.054629], [121.617797, 25.054661], [121.617856, 25.054706]]]]}, "properties": {"name": "公園", "area": 0}}, {"type": "Feature", "geometry": {"type": "MultiPolygon", "coordinates": [[[[121.6181, 25.070203], [121.617945, 25.070247], [121.61778, 25.070294], [121.617775, 25.070297], [121.617772, 25.0703], [121.617769, 25.070304], [121.617765, 25.07031], [121.617765, 25.070318], [121.617767, 25.070323], [121.617768, 25.070328], [121.617774, 25.070335], [121.617781, 25.070341], [121.617788, 25.07035], [121.617794, 25.070358], [121.617803, 25.070371], [121.617811, 25.070386], [121.617815, 25.070398], [121.61782, 25.070415], [121.617824, 25.070442], [121.617855, 25.070652], [121.617857, 25.07067], [121.617858, 25.070676], [121.617859, 25.070683], [121.617862, 25.070694], [121.617869, 25.070705], [121.61788, 25.070712], [121.617892, 25.070717], [121.617905, 25.070718], [121.617905, 25.070718], [121.618219, 25.070703], [121.618231, 25.070699], [121.618242, 25.070691], [121.618249, 25.070681], [121.618253, 25.07067], [121.618253, 25.070658], [121.618251, 25.070649], [121.618228, 25.070545], [121.618201, 25.070442], [121.61817, 25.070339], [121.618135, 25.070237], [121.618128, 25.070216], [121.618123, 25.070209], [121.618115, 25.070204], [121.618105, 25.070202], [121.6181, 25.070203]]]]}, "properties": {"name": "公園", "area": 0}}, {"type": "Feature", "geometry": {"type": "MultiPolygon", "coordinates": [[[[121.618729, 25.074325], [121.618939, 25.073977], [121.618942, 25.073967], [121.618942, 25.073957], [121.618938, 25.073947], [121.618931, 25.073939], [121.618921, 25.073934], [121.618909, 25.073933], [121.618907, 25.073933], [121.618568, 25.07396], [121.618493, 25.074016], [121.618417, 25.074073], [121.61841, 25.074081], [121.618406, 25.074091], [121.618406, 25.074101], [121.61841, 25.07411], [121.618417, 25.074118], [121.618417, 25.074118], [121.618682, 25.074332], [121.618691, 25.074338], [121.618702, 25.074339], [121.618713, 25.074338], [121.618722, 25.074333], [121.618729, 25.074325]]]]}, "properties": {"name": "公園", "area": 0}}, {"type": "Feature", "geometry": {"type": "MultiPolygon", "coordinates": [[[[121.620555, 25.041047], [121.619861, 25.041351], [121.619853, 25.041357], [121.619847, 25.041365], [121.619845, 25.041374], [121.619846, 25.041384], [121.619852, 25.041393], [121.619853, 25.041393], [121.620255, 25.041784], [121.620263, 25.04179], [121.620274, 25.041793], [121.620284, 25.041792], [121.620294, 25.041787], [121.620301, 25.04178], [121.620302, 25.041779], [121.620665, 25.041204], [121.620669, 25.041194], [121.62067, 25.041182], [121.620667, 25.041171], [121.620667, 25.041171], [121.620617, 25.041067], [121.62061, 25.041057], [121.620599, 25.041049], [121.620587, 25.041044], [121.620573, 25.041043], [121.62056, 25.041046], [121.620555, 25.041047]]]]}, "properties": {"name": "公園", "area": 0}}, {"type": "Feature", "geometry": {"type": "MultiPolygon", "coordinates": [[[[121.620557, 25.057925], [121.620944, 25.057564], [121.620486, 25.057202], [121.620511, 25.057266], [121.620533, 25.057331], [121.620551, 25.057397], [121.620565, 25.057464], [121.620576, 25.057531], [121.620582, 25.057599], [121.620584, 25.057667], [121.620583, 25.057736], [121.620577, 25.057804], [121.620568, 25.057871], [121.620557, 25.057925]]]]}, "properties": {"name": "公園", "area": 0}}, {"type": "Feature", "geometry": {"type": "MultiPolygon", "coordinates": [[[[121.620592, 25.069936], [121.620582, 25.069934], [121.620572, 25.069936], [121.620563, 25.069941], [121.620558, 25.069949], [121.620555, 25.069958], [121.620555, 25.06996], [121.620561, 25.07004], [121.620567, 25.070139], [121.62057, 25.070149], [121.620576, 25.070158], [121.620585, 25.070165], [121.620596, 25.070169], [121.620605, 25.070169], [121.621093, 25.070144], [121.621101, 25.070141], [121.621107, 25.070138], [121.621111, 25.070134], [121.621114, 25.070128], [121.621114, 25.070125], [121.621113, 25.070121], [121.621109, 25.070115], [121.621105, 25.070112], [121.621097, 25.070109], [121.620592, 25.069936]]]]}, "properties": {"name": "公園", "area": 0}}, {"type": "Feature", "geometry": {"type": "MultiPolygon", "coordinates": [[[[121.62077, 25.069295], [121.620679, 25.06925], [121.619753, 25.068628], [121.619457, 25.068429], [121.6192, 25.068257], [121.619109, 25.068195], [121.619064, 25.068166], [121.619018, 25.068139], [121.618979, 25.06812], [121.618929, 25.0681], [121.618919, 25.068096], [121.61883, 25.068078], [121.618731, 25.068051], [121.617917, 25.067943], [121.617969, 25.06797], [121.618019, 25.068], [121.618067, 25.068032], [121.618112, 25.068067], [121.618154, 25.068106], [121.618194, 25.068146], [121.61823, 25.068189], [121.618263, 25.068234], [121.618293, 25.068281], [121.61832, 25.068329], [121.618342, 25.068379], [121.618345, 25.068385], [121.619083, 25.068537], [121.61931, 25.068981], [121.620403, 25.069352], [121.620543, 25.069835], [121.6212, 25.070063], [121.621189, 25.070173], [121.621301, 25.070167], [121.621298, 25.070079], [121.621298, 25.070043], [121.621294, 25.070007], [121.621287, 25.069972], [121.621276, 25.06994], [121.621266, 25.069908], [121.62125, 25.069847], [121.62123, 25.069788], [121.621206, 25.069729], [121.621178, 25.069672], [121.62116, 25.069639], [121.621122, 25.069588], [121.62108, 25.069539], [121.621035, 25.069492], [121.620988, 25.069447], [121.620937, 25.069405], [121.620884, 25.069366], [121.620873, 25.069358], [121.620817, 25.069322], [121.62077, 25.069295]]]]}, "properties": {"name": "公園", "area": 0}}, {"type": "Feature", "geometry": {"type": "MultiPolygon", "coordinates": [[[[121.621855, 25.039625], [121.621619, 25.039759], [121.621351, 25.039911], [121.621341, 25.039919], [121.621333, 25.03993], [121.621329, 25.039942], [121.621329, 25.039954], [121.621333, 25.039967], [121.621336, 25.039971], [121.621458, 25.040152], [121.621468, 25.040159], [121.62148, 25.040163], [121.621493, 25.040163], [121.621505, 25.04016], [121.621515, 25.040153], [121.621516, 25.040153], [121.621561, 25.040114], [121.621607, 25.040079], [121.62165, 25.040048], [121.621695, 25.040018], [121.621757, 25.039981], [121.621809, 25.039954], [121.621863, 25.039927], [121.621925, 25.0399], [121.621991, 25.039875], [121.622003, 25.039869], [121.622013, 25.03986], [121.622019, 25.039849], [121.622022, 25.039837], [121.622021, 25.039824], [121.622017, 25.039814], [121.621919, 25.039641], [121.621911, 25.039631], [121.621901, 25.039623], [121.621888, 25.039619], [121.621875, 25.039619], [121.621862, 25.039621], [121.621855, 25.039625]]]]}, "properties": {"name": "公園", "area": 0}}, {"type": "Feature", "geometry": {"type": "MultiPolygon", "coordinates": [[[[121.624545, 25.038086], [121.624629, 25.03788], [121.624735, 25.037716], [121.624736, 25.037702], [121.624275, 25.038201], [121.623582, 25.038629], [121.623679, 25.0387], [121.623907, 25.03879], [121.623918, 25.038798], [121.623924, 25.038808], [121.623925, 25.038819], [121.623922, 25.038826], [121.623916, 25.038835], [121.62426, 25.038535], [121.624225, 25.038502], [121.624276, 25.038458], [121.624322, 25.038415], [121.624366, 25.038369], [121.624406, 25.038322], [121.624443, 25.038272], [121.624477, 25.038221], [121.624507, 25.038167], [121.624534, 25.038112], [121.624545, 25.038086]]]]}, "properties": {"name": "公園", "area": 0}}]}